symbol,company,side,page,row_top
A,AGILENT TECHNOLOGIES INC,right,1,3425
AA,ALCOA CORPORATION,left,2,1242
AAL,AMERICAN AIRLINES GROUP,right,2,1679
AAN,AARONS INC,left,1,2202
AAOI,APPLIED OPTOELECTRONICS,left,3,3687
AAON,AAON INC,left,1,2028
AAP,ADVANCE AUTO PARTS INC,right,1,1416
AAPL,APPLE INC,left,3,3425
AAT,AMERICAN ASSETS TRST INC,right,2,1766
AAWW,ATLAS AIR WORLDWIDE HLDG,right,3,5084
AAXN,AXON ENTERPRISE INC,left,4,3687
ABBV,ABBVIE INC,left,1,2377
ABC,AMERISOURCEBERGEN CORP,right,2,4210
ABCB,AMERIS BANCORP,right,2,4036
ABEO,ABEONA THERAPEUTICS INC,left,1,2464
ABG,ASBURY AUTOMOTIVE GROUP,right,3,2901
ABM,ABM INDUSTRIES INC,left,1,2726
ABMD,ABIOMED INC,left,1,2639
ABT,ABBOTT LABORATORIES,left,1,2290
ABTX,ALLEGIANCE BANCSHARES,left,2,2464
AC,ASSOCIATED CAPITAL GROUP,right,3,3687
ACAD,ACADIA PHARMACEUTICALS,left,1,3163
ACBI,ATLANTIC CAPITAL INC,right,3,4822
ACC,AMERICAN CAMPUS COMMUN,right,2,1940
ACCO,ACCO BRANDS CORP,left,1,3599
ACER,ACER THERAPEUTICS INC,left,1,3861
ACGL,ARCH CAP GROUP LTD,left,3,4560
ACHC,ACADIA HEALTHCARE CO,left,1,3076
ACHN,ACHILLION PHARM,left,1,3948
ACIA,ACACIA COMMUNICATIONS,left,1,2901
ACIW,ACI WORLDWIDE INC,left,1,4036
ACLS,AXCELIS TECHNOLOGIES INC,left,4,3337
ACN,ACCENTURE PLC IRELAND,left,1,3512
ACNB,ACNB CORP,left,1,4210
ACOR,ACORDA THERAPEUTICS INC,left,1,4298
ACRE,ARES COML REAL ESTATE,left,4,1329
ACRS,ACLARIS THERAPEUTICS,left,1,4123
ACRX,ACELRX PHARMACEUTICALS,left,1,3774
ACTG,ACACIA RESEARCH CORP,left,1,2988
ADBE,ADOBE INC,left,1,5171
ADC,AGREE REALTY CORP,right,1,3774
ADES,ADVANCED EMISSIONS SLTNS,right,1,1679
ADI,ANALOG DEVICES INC,right,2,5258
ADM,ARCHER DANIELS MIDLAND,left,3,4734
ADMA,ADMA BIOLOGICS INC,left,1,5084
ADMS,ADAMAS PHARMACEUTICALS,left,1,4734
ADNT,ADIENT PLC,left,1,4996
ADP,AUTOMATIC DATA PROCESS,left,4,1591
ADRO,ADURO BIOTECH INC,right,1,1329
ADS,ALLIANCE DATA SYSTEMS,left,2,2901
ADSK,AUTODESK INC,left,4,1504
ADSW,ADVANCED DISPOSAL SVCS,right,1,1504
ADT,ADT INC,left,1,5258
ADTN,ADTRAN INC,right,1,1242
ADUS,ADDUS HOMECARE CORP,left,1,4822
ADVM,ADVERUM BIOTECH INC,right,1,2028
AEE,AMEREN CORP,right,2,1504
AEGN,AEGION CORP,right,1,2202
AEIS,ADVANCED ENERGY INDS INC,right,1,1766
AEL,AMERICAN EWUITY INVST,right,2,2202
AEO,AMERICAN EAGLE OUTFITTER,right,2,2028
AEP,AMERICAN ELECTRIC POWER,right,2,2115
AERI,AERIE PHARMACEUTICALS,right,1,2377
AES,AES CORP,right,1,2726
AFG,AMERICAN FINANCIAL GROUP,right,2,2464
AFI,ARMSTRONG FLOORING INC,right,3,2028
AFIN,AMERICAN FINANCE TRUST,right,2,2377
AFL,AFLAC INC,right,1,2988
AFMD,AFFIMED NV,right,1,2901
AGCO,AGCO CORP,right,1,3163
AGE,AGEX THERAPEUTICS INC,right,1,3337
AGEN,AGENUS INC,right,1,3250
AGIO,AGIOS PHARMACEUTICALS,right,1,3599
AGLE,AEGLEA BIOTHERAPEUTICS,right,1,2290
AGM,FEDERAL AGRIC MTG CO,right,11,3948
AGN,ALLERGAN PLC,left,2,2726
AGNC,AGNC INVESTMENT,right,1,3687
AGO,ASSURED GUARANTY LTD,right,3,3861
AGR,AVANGRID INC,left,4,2115
AGS,PLAYAGS INC,left,23,4298
AGX,ARGAN INC,right,3,1416
AGYS,AGILYSYS INC,right,1,3512
AHH,ARMADA HOFFLER PPTYS INC,right,3,1853
AHT,ASHFORD HOSPITALITY,right,3,3163
AI,ARLINGTON ASSET INVT,right,3,1679
AIG,AMERICAN INTL GROUP,right,2,2639
AIMC,ALTRA INDUSTRIAL MOTION,left,2,4385
AIMT,AIMMUNE THERAPEUTICS INC,right,1,3861
AIN,ALBANY INTERNATIONAL,right,1,5171
AIR,AAR CORP,left,1,2115
AIRG,AIRGAIN INC,right,1,4298
AIT,APPLIED INDUSTRIAL TECH,left,3,3512
AIV,APARTMENT INVT & MGMT,left,3,2639
AIZ,ASSURANT INC,right,3,3774
AJG,GALLAGHER ARTHUR J & CO,right,13,1766
AJRD,AEROJET ROCKETDYNE HLDGS,right,1,2551
AJX,GREAT AJAX CORP,right,13,4647
AKAM,AKAMAI TECHNOLOGIES,right,1,4473
AKBA,AKEBIA THERAPEUTICS INC,right,1,4647
AKCA,AKCEA THERAPEUTICS,right,1,4560
AKR,ACADIA REALTY TRUST,left,1,3250
AKRX,AKORN INC,right,1,4734
AKS,AK STEEL HOLDING CORP,right,1,4385
AKTS,AKOUSTIS TECHNOLOGIES,right,1,4822
AL,AIR LEASE CORP,right,1,3948
ALB,ALBEMARLE CORP,right,1,5258
ALBO,ALBIREO PHARMA INC,right,1,5345
ALCO,ALICO INC,left,2,1940
ALDR,ALDER BIOPHARMACEUTICALS,left,2,1329
ALDX,ALDEYRA THERAPEUTICS INC,left,2,1416
ALE,ALLETE INC,left,2,2813
ALEX,ALEXANDER & BALDWIN INC,left,2,1591
ALG,ALAMO GROUP INC,right,1,4909
ALGN,ALIGN TECHNOLOGY INC,left,2,2028
ALGT,ALLEGIANT TRAVEL CO,left,2,2551
ALK,ALASKA AIR GROUP INC,right,1,5084
ALKS,ALKERMES PLC,left,2,2115
ALL,ALLSTATE CORP,left,2,3425
ALLE,ALLEGION PLC,left,2,2639
ALLK,ALLAKOS INC,left,2,2202
ALLO,ALLOGENE THERAPEUTICS,left,2,3250
ALLY,ALLY FINL INC,left,2,3512
ALNY,ALNYLAM PHARMACEUTICALS,left,2,3599
ALOT,ASTRONOVA INC,right,3,4123
ALRM,ALARM.COM HOLDINGS INC,right,1,4996
ALSN,ALLISON TRANSMISSION,left,2,3163
ALTM,ALTUS MIDSTREAM CO,left,2,4560
ALTR,ALTAIR ENGINEERING INC,left,2,4036
ALX,ALEXANDERS INC,left,2,1679
ALXN,ALEXION PHARMACEUTICALS,left,2,1853
AM,ANTERO MIDSTREAM CORP,left,3,2115
AMAG,AMAG PHARMACEUTICALS INC,left,2,4647
AMAL,AMALGAMATED BANK,left,2,4734
AMAT,APPLIED MATLS INC,left,3,3599
AMBA,AMBARELLA INC,left,2,4996
AMBC,AMBAC FINL GROUP INC,left,2,4909
AMBR,AMBER RD INC,left,2,5084
AMC,AMC ENTERTAINMENT,left,2,5171
AMCX,AMC NETWORKS INC,left,2,5258
AMD,ADVANCED MICRO DEVICES,right,1,1853
AME,AMETEK INC,right,2,4385
AMED,AMEDISYS INC,left,3,1242
AMEH,APOLLO MEDICAL HOLDINGS,left,3,3076
AMG,AFFILIATED MANAGERS GRP,right,1,2813
AMGN,AMGEN INC,right,2,4473
AMH,AMERICAN HOMES 0 RENT,right,2,2551
AMKR,AMKOR TECHNOLOGY INC,right,2,4647
AMN,AMN HEALTHCARE SERVICES,right,2,4734
AMNB,AMERICAN NATL BANKSHARES,right,2,2813
AMOT,ALLIED MOTION TECH,left,2,3076
AMP,AMERIPRISE FINANCIAL INC,right,2,3948
AMPH,AMPHASTAR PHARMA INC,right,2,4909
AMRC,AMERESCO INC,right,2,1591
AMRS,AMYRIS INC,right,2,5084
AMRX,AMNEAL PHARMACEUTICALS,right,2,4822
AMSC,AMERICAN SUPERCONDUCTOR,right,2,3337
AMSF,AMERISAFE INC,right,2,4123
AMSWA,AMERICAN SOFTWARE INC,right,2,3163
AMT,AMERICAN TOWER CORP,right,2,3425
AMTB,AMERANT BANCORP INC (A),right,2,1329
AMTD,TD AMERITRADE HOLDING,right,28,1940
AMWD,AMERICAN WOODMARK CORP,right,2,3599
AMZN,AMAZON COM INC,left,2,4822
AN,AUTONATION INC,left,4,1679
ANAB,ANAPTYS BIO INC,right,3,1242
ANAT,AMERICAN NATIONAL INS CO,right,2,2726
ANDE,ANDERSONS INC,left,3,1416
ANET,ARISTA NETWORKS INC,right,3,1591
ANF,ABERCROMBIE & FITCH,left,1,2551
ANGO,ANGIODYNAMICS INC,left,3,1504
ANH,ANWORTH MORTGAGE ASSET,left,3,2377
ANIK,ANIKA THERAPEUTICS INC,left,3,1679
ANIP,ANI PHARMACEUTICALS INC,left,3,1591
ANSS,ANSYS INC,left,3,1940
ANTM,ANTHEM INC,left,3,2290
AOBC,AMERICAN OUTDOOR BRANDS,right,2,2901
AON,AON PLC,left,3,2464
AOS,SMITH A O CORP,left,27,2901
AOSL,ALPHA & OMEGA SEMICON,left,2,3687
APA,APACHE CORP,left,3,2551
APAM,ARTISAN PARTNERS ASSET,right,3,2726
APC,ANADARKO PETROLEUM CORP,right,2,5171
APD,AIR PRODS & CHEMS INC,right,1,4036
APEI,AMER PUBLIC EDUCATION,right,2,1242
APH,AMPHENOL CORP,right,2,4996
APLE,APPLE HOSPITALITY REIT,left,3,3337
APLS,APELLIS PHARMACEUTICALS,left,3,2726
APOG,APOGEE ENTERPRISES INC,left,3,2901
APPF,APPFOLIO INC,left,3,3163
APPS,DIGITAL TURBINE INC,right,9,3250
APTS,PREFERRED APT CMNTYS INC,left,24,2202
APTV,APTIV PLC,left,3,3861
APY,APERGY CORPORATION,left,3,2813
APYX,APYX MEDICAL INC,left,3,3948
AR,ANTERO RESOURCES CO,left,3,2202
ARA,AMERICAN RENAL ASSOC HLD,right,2,2988
ARAY,ACCURAY INC,left,1,3687
ARCB,ARCBEST CORPORATION,left,3,4473
ARCH,ARCH COAL INC,left,3,4647
ARD,ARDAGH GROUP SA,left,3,5171
ARDX,ARDELYX INC,left,3,5258
ARE,ALEXANDRIA REAL ESTATE,left,2,1766
ARES,ARES MANAGEMENT CORP,right,3,1329
ARGO,ARGO GROUP INTL,right,3,1504
ARI,APOLLO COMMERCIAL RE,left,3,2988
ARL,AMERICAN RLTY INVS INC,right,2,3076
ARLO,ARLO TECHNOLOGIES INC,right,3,1766
ARNA,ARENA PHARMACEUTICALS,left,4,1242
ARNC,ARCONIC INC,left,3,4909
AROC,ARCHROCK INC,left,3,4822
AROW,ARROW FINANCIAL CORP,right,3,2464
ARR,ARMOUR RESIDENTIAL REIT,right,3,1940
ARRY,ARRAY BIOPHARMA INC,right,3,2290
ARTNA,ARTESIAN RESOURCES CORP,right,3,2639
ARVN,ARVINAS HOLDING,right,3,2813
ARW,ARROW ELECTRONICS INC,right,3,2377
ARWL,ARWULE INC,right,3,2202
ARWR,ARROWHEAD PHARMACEUTICAL,right,3,2551
ASB,ASSOCIATED BANC CORP,right,3,3599
ASC,ARDMORE SHIPPING CORP,left,3,5345
ASGN,ASGN INCORPORATED,right,3,3076
ASH,ASHLAND GLOBAL HOLDINGS,right,3,3250
ASMB,ASSEMBLY BIOSCIENCES INC,right,3,3425
ASNA,ASCENA RETAIL GROUP INC,right,3,2988
ASPS,ALTISOURCE PORTFOLIO,left,2,4298
ASRT,ASSERTIO THERAPEUTICS,right,3,3512
ASTE,ASTEC INDUSTRIES INC,right,3,3948
AT,ATLANTIC PWR CORP,right,3,4909
ATEC,ALPHATEC HOLDINGS,left,2,3948
ATEN,A10 NETWORKS INC,left,1,1940
ATEX,PDVWIRELESS INC,right,22,4036
ATGE,ADTALEM GLOBAL EDUCATION,left,1,5345
ATH,ATHENE HOLDING LTD,right,3,4473
ATHX,ATHERSYS INC,right,3,4647
ATI,ALLEGHENY TECHNOLOGIES,left,2,2377
ATKR,ATKORE INTL GROUP INC,right,3,4734
ATLO,AMES NATL CORP,right,2,4298
ATNI,ATN INTERNATIONAL INC,right,3,5345
ATO,ATMOS ENERGY CORP,right,3,5258
ATR,APTARGROUP INC,left,3,3774
ATRA,ATARA BIOTHERAPEUTICS,right,3,4385
ATRC,ATRICURE INC,right,4,1242
ATRI,ATRION CORP,right,4,1329
ATRO,ASTRONICS CORP,right,3,4036
ATRS,ANTARES PHARMA INC,left,3,2028
ATSG,AIR TRANSPORT SERVICES,right,1,4123
ATU,ACTUANT CORP,left,1,4473
ATUS,ALTICE USA,left,2,4210
ATVI,ACTIVISION BLIZZARD INC,left,1,4385
AUB,ATLANTIC UNION BANKSHARE,right,3,4996
AVA,AVISTA CORP,left,4,2813
AVAV,AEROVIRONMENT INC,right,1,2639
AVB,AVALONBAY CMNTYS INC,left,4,2028
AVCO,AVALON GLOBOCARE CORP,left,4,1940
AVD,AMERICAN VANGUARD CORP,right,2,3512
AVGO,BROADCOM INC,right,5,2290
AVID,AVID TECHNOLOGY INC,left,4,2639
AVLR,AVALARA INC,left,4,1853
AVNS,AVANOS MEDICAL INC,left,4,2202
AVRO,AVROBIO INC,left,4,2988
AVT,AVNET INC,left,4,2901
AVX,AVX CORP,left,4,3076
AVXL,ANAVEX LIFE SCIENCES,left,3,1329
AVY,AVERY DENNISON CORP,left,4,2464
AVYA,AVAYA HOLDINGS CORP,left,4,2290
AW,AWUANTICA CORP,left,3,4123
AWI,ARMSTRONG WORLD INDS INC,right,3,2115
AWK,AMERICAN WTR WKS CO INC,right,2,3687
AWR,AMERICAN STATES WATER CO,right,2,3250
AWUA,EVOWUA WATER TECH,left,11,5171
AX,AXOS FINANCIAL INC,left,4,3861
AXAS,ABRAXAS PETE CORP,left,1,2813
AXDX,ACCELERATE DIAGNOSTICS,left,1,3337
AXE,ANIXTER INTERNATIONAL,left,3,1766
AXGN,AXOGEN INC,left,4,3599
AXL,AMERICAN AXLE & MFG,right,2,1853
AXLA,AXCELLA HEALTH,left,4,3425
AXNX,AXONICS MODULATION TECH,left,4,3774
AXP,AMERICAN EXPRESS CO,right,2,2290
AXS,AXIS CAPITAL HOLDINGS,left,4,3512
AXSM,AXSOME THERAPEUTICS INC,left,4,3948
AXTA,AXALTA COATING SYSTEMS,left,4,3250
AXTI,AXT INC,left,4,4036
AYI,ACUITY BRANDS INC,left,1,4560
AYR,AIRCASTLE LTD,right,1,4210
AYX,ALTERYX INC,left,2,4123
AZO,AUTOZONE INC,left,4,1766
AZPN,ASPEN TECHNOLOGY INC,right,3,3337
AZZ,AZZ INC,left,4,4123
B,BARNES GROUP INC,right,4,2464
BA,BOEING CO,left,5,3599
BABY,NATUS MEDICAL INC,left,21,2551
BAC,BANK OF AMERICA CORP,left,5,1242
BAH,BOOZ ALLEN HAMILTON HLDG,left,5,4210
BANC,BANC OF CALIFORNIA INC,left,4,4734
BAND,BANDWIDTH CLASS A,left,4,5171
BANF,BANCFIRST CORP,left,4,4822
BANR,BANNER CORP,right,4,2115
BATRA,LIBERTY BRAVES SERIES A,right,17,4123
BATRK,LIBERTY BRAVES SERIES C,right,17,4210
BAX,BAXTER INTERNATIONAL INC,right,4,2726
BBBY,BED BATH & BEYOND INC,right,4,3425
BBCP,CONCRETE PUMPING,left,8,4036
BBSI,BARRETT BUSINESS SERVICE,right,4,2551
BBT,BB&T CORP,right,4,2901
BBX,BBX CAPITAL CORP,right,4,2988
BBY,BEST BUY INC,right,4,4298
BC,BRUNSWICK CORP,right,5,3250
BCBP,BCB BANCORP INC,right,4,3076
BCC,BOISE CASCADE COMPANY,left,5,3774
BCEI,BONANZA CREEK ENER INC,left,5,3948
BCML,BAYCOM CORPORATION,right,4,2813
BCO,BRINKS CO,right,5,2028
BCOR,BLUCORA INC,left,5,2901
BCOV,BRIGHTCOVE INC,right,5,1591
BCPC,BALCHEM CORP,left,4,4560
BCRX,BIOCRYST PHARMACEUTICALS,right,4,4909
BDC,BELDEN INC,right,4,3599
BDGE,BRIDGE BANCORP INC,left,5,5345
BDN,BRANDYWINE REALTY TRUST,left,5,5258
BDSI,BIODELIVERY SCIENCES,right,4,4996
BDX,BECTON DICKINSON & CO,right,4,3337
BE,BLOOM ENERGY,left,5,2726
BEAT,BIOTELEMETRY INC,left,5,1679
BECN,BEACON ROOFING SUPPLY,right,4,3163
BELFB,BEL FUSE INC,right,4,3512
BEN,FRANKLIN RESOURCES INC,right,12,4123
BERY,BERRY GLOBAL GROUP,right,4,4123
BF.A,BROWN FORMAN CORP CL A,right,5,2901
BF.B,BROWN FORMAN CORP CL B,right,5,2988
BFAM,BRIGHT HORIZON FAMILY,right,5,1504
BFC,BANK FIRST NATIONAL,left,4,5345
BFIN,BANKFINANCIAL CORP,right,4,1853
BFS,SAUL CENTERS INC,left,26,3076
BFST,BUSINESS FIRST BANCSHARE,right,5,3774
BG,BUNGE LIMITED,right,5,3599
BGCP,BGC PARTNERS INC,right,4,4647
BGG,BRIGGS & STRATTON CO,left,6,1416
BGS,B & G FOODS INC,left,4,4210
BGSF,BG STAFFING INC,right,4,4560
BH,BIGLARI HOLDINGS B,right,4,4822
BHB,BAR HBR BANKSHARES,right,4,2202
BHE,BENCHMARK ELECTRONICS,right,4,3687
BHF,BRIGHTHOUSE FINANCIAL,right,5,1679
BHGE,BAKER HUGHES GE,left,4,4473
BHLB,BERKSHIRE HILLS BANCORP,right,4,4036
BHR,BRAEMAR HOTELS & RESORTS,left,5,5171
BHVN,BIOHAVEN PHARMACEUTICAL,right,4,5171
BIG,BIG LOTS INC,right,4,4734
BIIB,BIOGEN INC,right,4,5084
BIO,BIO-RAD LABORATORIES INC,right,5,1242
BIOS,BIOSCRIP INC,right,5,1329
BJ,BJ'S WHOLESALE CLUB HDLG,left,5,2028
BJRI,BJS RESTAURANTS INC,left,5,1940
BK,BANK OF NEW YORK MELLON,right,4,1416
BKD,BROOKDALE SENIOR LIVING,right,5,2464
BKE,BUCKLE INC,right,5,3425
BKH,BLACK HILLS CORP,left,5,2115
BKI,BLACK KNIGHT,left,5,2202
BKNG,BOOKING HOLDINGS INC,left,5,4036
BKS,BARNES & NOBLE INC,right,4,2377
BKU,BANKUNITED INC,right,4,1940
BL,BLACKLINE INC,left,5,2377
BLBD,BLUE BIRD CORP,left,5,2988
BLD,TOPBUILD CORP,right,28,3599
BLDR,BUILDERS FIRSTSOURCE INC,right,5,3512
BLFS,BIOLIFE SOLUTIONS INC,right,4,5258
BLK,BLACKROCK INC,left,5,2464
BLKB,BLACKBAUD INC,left,5,2290
BLL,BALL CORP,left,4,4647
BLMN,BLOOMIN' BRANDS INC,left,5,2813
BLUE,BLUEBIRD BIO INC,left,5,3076
BLX,BANCO LATINOAMERICANO,left,4,4909
BMCH,BMC STOCK HOLDINGS INC,left,5,3512
BMI,BADGER METER INC,left,4,4385
BMRC,BANK OF MARIN BANCORP,left,5,1416
BMRN,BIOMARIN PHARMACEUTICAL,right,4,5345
BMTC,BRYN MAWR BANK CORP,right,5,3337
BMY,BRISTOL MYERS SWUIBB,right,5,2115
BNED,BARNES & NOBLE EDUCATION,right,4,2290
BNFT,BENEFITFOCUS INC,right,4,3774
BOCH,BANK COMM HLDGS,left,4,5258
BOH,BANK OF HAWAII CORP,left,5,1329
BOKF,BOK FINANCIAL CORP,left,5,3861
BOLD,AUDENTES THERAPEUTICS,left,4,1416
BOMN,BOSTON OMAHA,left,5,4473
BOOM,DMC GLOBAL INC,right,9,4210
BOOT,BOOT BARN HOLDINGS,left,5,4123
BOX,BOX INC,left,5,4909
BPFH,BOSTON PRIVATE FINANCIAL,left,5,4560
BPMC,BLUEPRINT MEDICINES CORP,left,5,3337
BPOP,POPULAR INC,left,23,5171
BPR,BROOKFIELD PROPERTY REIT,right,5,2551
BPRN,BANK OF PRINCETON,right,4,1591
BR,BROADRIDGE FINANCIAL INC,right,5,2377
BRC,BRADY CORP,left,5,5084
BREW,CRAFT BREW ALLIANCE,right,8,4560
BRG,BLUEROCK RESIDENT REIT,left,5,3425
BRID,BRIDGFORD FOODS CORP,left,6,1329
BRK.B,BERKSHIRE HATHAWAY INC,right,4,3948
BRKL,BROOKLINE BANCORP INC,right,5,2639
BRKR,BRUKER CORP,right,5,3163
BRKS,BROOKS AUTOMATION INC,right,5,2726
BRO,BROWN & BROWN INC,right,5,2813
BRSS,GLOBAL BRASS & COPPR HLD,left,14,1679
BRT,BRT APARTMENTS CORP,right,5,3076
BRX,BRIXMOR PROPERTY GROUP,right,5,2202
BRY,BERRY PETROLEUM,right,4,4210
BSET,BASSETT FURNITURE INDS,right,4,2639
BSGM,BIOSIG TECHNOLOGIES INC,left,5,1504
BSIG,BRIGHTSPHERE INVESTMENT,right,5,1766
BSRR,SIERRA BANCORP,left,26,4298
BSTC,BIOSPECIFICS TECHNO CORP,left,5,1591
BSVN,BANK5 CORP,right,4,1766
BSX,BOSTON SCIENTIFIC CO,left,5,4734
BTAI,BIOXCEL THERAPEUTICS,left,5,1853
BTU,PEABODY ENERGY CORP,right,22,4123
BTX,BIOTIME INC,left,5,1766
BURL,BURLINGTON STORES INC,right,5,3687
BUSE,FIRST BUSEY CORP,right,12,1766
BV,BRIGHTVIEW HOLDINGS INC,right,5,1853
BWA,BORG WARNER INC,left,5,4298
BWB,BRIDGEWATER BANCSHARES,left,6,1242
BWFG,BANKWELL FINL GROUP INC,right,4,2028
BWXT,BWX TECHNOLOGIES INC,right,5,3861
BXC,BLUELINX HOLDINGS INC,left,5,3250
BXG,BLUEGREEN VACATIONS CORP,left,5,3163
BXMT,BLACKSTONE MORTGAGE TRST,left,5,2551
BXP,BOSTON PROPERTIES INC,left,5,4647
BXS,BANCORPSOUTH BANK,left,4,5084
BY,BYLINE BANCORP,right,5,3948
BYD,BOYD GAMING CORP,left,5,4996
BYND,BEYOND MEAT,right,4,4385
BZH,BEAZER HOMES USA INC,right,4,3250
C,CITIGROUP INC,left,8,1679
CABO,CABLE ONE INC,right,5,4298
CAC,CAMDEN NATIONAL CORP,left,6,2290
CACC,CREDIT ACCEP CORP MICH,right,8,4909
CACI,CACI INTERNATIONAL INC,right,5,4647
CADE,CADENCE BANCORP,right,5,4822
CAG,CONAGRA BRANDS INC,left,8,3774
CAH,CARDINAL HEALTH INC,left,6,3687
CAI,CAI INTERNATIONAL INC,right,5,5258
CAKE,CHEESECAKE FACTORY INC,left,7,2377
CAL,CALERES INC,right,6,1416
CALA,CALITHERA BIOSCIENCES,left,6,1679
CALM,CAL MAINE FOODS INC,right,5,5345
CALX,CALIX INC,left,6,1766
CAMP,CALAMP CORP,right,6,1242
CAR,AVIS BUDGET GROUP INC,left,4,2726
CARA,CARA THERAPEUTICS INC,left,6,3425
CARB,CARBONITE INC,left,6,3599
CARE,CARTER BANK & TRUST,left,6,5258
CARG,CARGURUS INC,left,6,4385
CARO,CAROLINA FINL CORP,left,6,4734
CASA,CASA SYSTEMS INC,left,7,1329
CASH,META FINANCIAL GROUP INC,left,20,1416
CASI,CASI PHARMACEUTICALS INC,left,7,1591
CASS,CASS INFORMATION SYSTEMS,right,6,1591
CASY,CASEYS GENERAL STORES,left,7,1504
CAT,CATERPILLAR INC,right,6,2115
CATC,CAMBRIDGE BANCORP,left,6,2202
CATM,CARDTRONICS PLC,left,6,3948
CATO,CATO CORP,right,6,2290
CATS,CATASYS INC,right,6,1940
CATY,CATHAY GENERAL BANCORP,right,6,2202
CB,CHUBB LIMITED,left,7,4210
CBAN,COLONY BANKCORP INC,right,8,1329
CBAY,CYMABAY THERAPEUTICS INC,left,9,3250
CBB,CINCINNATI BELL INC,left,7,4996
CBL,CBL & ASSOC PPTYS INC,right,6,2639
CBLK,CARBON BLACK,left,6,3512
CBM,CAMBREX CORP,left,6,2115
CBMG,CELLULAR BIOMEDICINE GRP,right,6,3687
CBNK,CAPITAL BANCORP INC,left,6,2813
CBOE,CBOE GLOBAL MARKETS INC,right,6,2726
CBPX,CONTINENTAL BLDG PRODS,left,9,1242
CBRE,CBRE GROUP INC,right,6,2813
CBRL,CRACKER BARREL STORE,right,8,4473
CBS,CBS CORPORATION,right,6,2901
CBSH,COMMERCE BANCSHARES INC,left,8,2290
CBT,CABOT CORP,right,5,4385
CBTX,CBTX INC,right,6,2988
CBU,COMMUNITY BANK SYSTEMS,left,8,2639
CBZ,CBIZ INC,right,6,2551
CC,THE CHEMOURS COMPANY,left,28,5258
CCB,COASTAL FINANCIAL CORP,right,7,3948
CCBG,CAPITAL CITY BANK GROUP,left,6,2901
CCF,CHASE CORP,left,7,2115
CCI,CROWN CASTLE INTL CORP,right,8,5345
CCK,CROWN HOLDINGS INC,right,9,1242
CCL,CARNIVAL CORP,left,6,4647
CCMP,CABOT MICROELECTRONICS,right,5,4473
CCNE,CNB FINL CORP PA,right,7,3687
CCO,CLEAR CHANNEL OUTDOOR,right,7,2551
CCOI,COGENT COMM HOLDINGS,right,7,4560
CCRN,CROSS COUNTRY HEALTHCARE,right,8,5258
CCS,CENTURY COMMUNITIES INC,right,6,5084
CCXI,CHEMOCENTRYX INC,left,7,2813
CDAY,CERIDIAN HCM HOLDING,right,6,5345
CDE,COEUR MINING INC,right,7,4473
CDEV,CENTENNIAL RESOURCE DEV,right,6,4036
CDK,CDK GLOBAL INC,right,6,3076
CDLX,CARDLYTICS INC,left,6,3861
CDMO,AVID BIOSERVICES INC,left,4,2551
CDNA,CAREDX INC,left,6,4123
CDNS,CADENCE DESIGN SYSTEMS,right,5,4909
CDR,CEDAR REALTY TRUST INC,right,6,3337
CDW,CDW CORPORATION,right,6,3163
CDXC,CHROMADEX CORP,left,7,4123
CDXS,CODEXIS INC,right,7,4298
CDZI,CADIZ INC,right,5,4996
CE,CELANESE CORP,right,6,3425
CECE,CECO ENVIRONMENTAL CORP,right,6,3250
CECO,CAREER EDUCATION CORP,left,6,4210
CEIX,CONSOL ENERGY INC,left,8,4734
CELG,CELGENE CORP,right,6,3599
CELH,CELSIUS HOLDINGS INC,right,6,3861
CENT,CENTRAL GARDEN & PET CO,right,6,4385
CENTA,CENTRAL GARDEN & PET CO,right,6,4473
CENX,CENTURY ALUMINUM CO,right,6,4822
CERC,CERECOR INC,right,6,5258
CERN,CERNER CORP,right,7,1242
CERS,CERUS CORP,right,7,1329
CETV,CENTRAL EUROPEAN MEDIA,right,6,4298
CEVA,CEVA INC,right,7,1416
CF,CF INDUSTRIES HOLDINGS,right,7,1504
CFFI,C & F FINANCIAL CORP,right,5,4036
CFFN,CAPITOL FEDERAL FINL INC,left,6,3076
CFG,CITIZENS FINANCIAL INC,right,7,1766
CFMS,CONFORMIS INC,left,8,4210
CFR,CULLEN FROST BANKERS,left,9,2115
CFX,COLFAX CORP,right,7,5171
CGNX,COGNEX CORP,right,7,4647
CHAP,CHAPARRAL ENERGY INC,left,7,1679
CHCO,CITY HOLDING CO,right,7,2028
CHCT,COMMUNITY HEALTHCARE TR,left,8,2988
CHD,CHURCH & DWIGHT INC,left,7,4298
CHDN,CHURCHILL DOWNS INC,left,7,4385
CHE,CHEMED CORPORATION,left,7,2639
CHEF,CHEFS' WHAREHOUSE INC,left,7,2464
CHFC,CHEMICAL FINANCIAL CORP,left,7,2726
CHGG,CHEGG INC,left,7,2551
CHH,CHOICE HOTELS INTL INC,left,7,4036
CHK,CHESAPEAKE ENERGY CORP,left,7,3163
CHMA,CHIASMA INC,left,7,3512
CHMG,CHEMUNG FINL CORP,left,7,2901
CHMI,CHERRY HILL MORTGAGE INV,left,7,3076
CHRA,CHARAH SOLUTIONS INC,left,7,1766
CHRS,COHERUS BIOSCIENCES,right,7,4996
CHRW,C H ROBINSON WORLDWIDE,right,5,4123
CHS,CHICOS FAS INC,left,7,3599
CHSP,CHESAPEAKE LODGING TRUST,left,7,3250
CHTR,CHARTER COMM INC,left,7,2028
CHUY,CHUY'S HOLDINGS INC,left,7,4473
CI,CIGNA CORP,left,7,4647
CIA,CITIZENS INC,right,7,1853
CIEN,CIENA CORP,left,7,4560
CIM,CHIMERA INVESTMENT CORP,left,7,3774
CINF,CINCINNATI FINANCIAL,left,7,5084
CIO,CITY OFFICE REIT INC,right,7,2115
CIR,CIRCOR INTERNATIONAL INC,left,7,5345
CIT,CIT GROUP INC,left,8,1504
CIVB,CIVISTA BANCSHARES INC,right,7,2202
CIX,COMPX INTERNATIONAL INC,left,8,3425
CJ,C&J ENERGY SERVICES INC,right,5,4210
CKH,SEACOR HOLDINGS INC,right,25,4822
CKPT,CHECKPOINT THERAPEUTICS,left,7,2290
CL,COLGATE PALMOLIVE CO,right,7,5258
CLAR,CLARUS CORPORATION,right,7,2290
CLBK,COLUMBIA FINANCIAL INC,right,8,1679
CLCT,COLLECTORS UNIVERSE INC,right,7,5345
CLDR,CLOUDERA INC,right,7,3250
CLDT,CHATHAM LODGING TR,left,7,2202
CLF,CLEVELAND-CLIFFS INC,right,7,2988
CLFD,CLEARFIELD INC,right,7,2639
CLGX,CORELOGIC INC,right,8,2290
CLH,CLEAN HARBORS INC,right,7,2464
CLI,MACK CALI REALTY CORP,left,19,1416
CLNC,COLONY CR RE INC (A),right,8,1504
CLNE,CLEAN ENERGY FUELS CORP,right,7,2377
CLNY,COLONY CAPITAL INC,right,8,1416
CLPR,CLIPPER REALTY INC,right,7,3076
CLR,CONTINENTAL RESOURCES,left,9,1329
CLVS,CLOVIS ONCOLOGY INC,right,7,3337
CLW,CLEARWATER PAPER CORP,right,7,2726
CLX,CLOROX CO,right,7,3163
CMA,COMERICA INC,left,8,2115
CMC,COMMERCIAL METALS CO,left,8,2377
CMCO,COLUMBUS MCKINNON CORP,left,8,1940
CMCSA,COMCAST CORP CL A,left,8,2028
CMCT,CIM COMMERCIAL TRUST,left,7,4734
CMD,CANTEL MEDICAL CORP,left,6,2726
CME,CME GROUP INC,right,7,3425
CMG,CHIPOTLE MEXICAN GRILL,left,7,3948
CMI,CUMMINS INC,left,9,2290
CMLS,CUMULUS MEDIA INC,left,9,2377
CMO,CAPSTEAD MORTGAGE CORP,left,6,3337
CMP,COMPASS MINERALS INTL,left,8,3250
CMPR,CIMPRESS NV,left,7,4909
CMRE,COSTAMARE INC,right,8,3425
CMRX,CHIMERIX INC,left,7,3861
CMS,CMS ENERGY CORP,right,7,3512
CMTL,COMTECH TELECOMM,left,8,3687
CNA,CNA FINANCIAL CORP,right,7,3599
CNBKA,CENTURY BANCORP INC,right,6,4909
CNC,CENTENE CORP,right,6,3948
CNCE,CONCERT PHARMACEUTICALS,left,8,3861
CNDT,CONDUENT INC,left,8,4123
CNK,CINEMARK HOLDINGS INC,left,7,5171
CNMD,CONMED CORP,left,8,4298
CNNE,CANNAE HOLDINGS INC,left,6,2639
CNO,CNO FINANCIAL GROUP,right,7,3774
CNOB,CONNECTONE BANCORP INC,left,8,4473
CNP,CENTERPOINT ENERGY INC,right,6,4123
CNR,CORNERSTONE BUILDING,right,8,2813
CNS,COHEN & STEERS INC,right,7,4822
CNSL,CONSOLIDATED COMM,left,8,4822
CNST,CONSTELLATION PHARMA,left,8,5258
CNTY,CENTURY CASINOS INC,right,6,4996
CNX,CNX RESOURCES CORP,right,7,3861
CNXN,P C CONNECTION,left,22,4210
CODA,CODA OCTOPUS GROUP INC,right,7,4210
COF,CAPITAL ONE FINANCIAL,left,6,2988
COG,CABOT OIL & GAS CORP,right,5,4560
COHR,COHERENT INC,right,7,4909
COHU,COHU INC,right,7,5084
COKE,COCA-COLA CONSOLIDATED,right,7,4123
COLB,COLUMBIA BKG SYSTEM INC,right,8,1591
COLD,AMERICOLD REALTY TRUST,right,2,3861
COLL,COLLEGIUM PHARMACEUTICAL,right,8,1242
COLM,COLUMBIA SPORTSWEAR CO,left,8,1853
COMM,COMMSCOPE HOLDING CO,left,8,2551
CONE,CYRUSONE INC,left,9,3425
CONN,CONNS INC,left,8,4560
COO,COOPER COMPANIES INC,left,9,1591
COOP,MR. COOPER GROUP INC,right,20,2551
COR,CORESITE REALTY CORP,right,8,2551
CORE,CORE MARK HOLDING CO INC,right,8,2115
CORR,CORENERGY INFRASTRUCT,right,8,2377
CORT,CORCEPT THERAPEUTICS INC,right,8,2028
COST,COSTCO WHOLESALE CORP,right,8,3599
COTY,COTY INC,right,8,3687
COUP,COUPA SOFTWARE INC,right,8,3774
COWN,COWEN INC,right,8,4298
CPA,COPA HOLDINGS SA,right,8,1766
CPB,CAMPBELL SOUP CO,left,6,2464
CPE,CALLON PETROLEUM CO,left,6,1940
CPF,CENTRAL PACIFIC FINL,right,6,4560
CPK,CHESAPEAKE UTILITIES,left,7,3337
CPLG,COREPOINT LODGINGS INC,right,8,2464
CPRI,CAPRI HOLDINGS LIMITED,left,6,3163
CPRT,COPART INC,right,8,1853
CPRX,CATALYST PHARMACEUTICALS,right,6,1853
CPS,COOPER STD HLDGS INC,left,9,1679
CPSI,COMPUTER PROGRAMS & SYS,left,8,3337
CPT,CAMDEN PROPERTY TRUST,left,6,2377
CR,CRANE CO,right,8,4647
CRAI,CRA INTERNATIONAL INC,right,8,4385
CRAY,CRAY INC,right,8,4822
CRBP,CORBUS PHARMACEUTICALS,right,8,1940
CRC,CALIFORNIA RESOURCES,right,6,1504
CRCM,CARE.COM INC,left,6,4036
CRD.A,CRAWFORD & CO CL A,right,8,4734
CREE,CREE INC,right,8,4996
CRI,CARTER INC,left,6,5345
CRK,COMSTOCK RESOURCES INC,left,8,3599
CRL,CHARLES RIVER LABS INTL,left,7,1853
CRM,SALESFORCE COM INC,left,26,2202
CRMD,CORMEDIX INC,right,8,2726
CRMT,AMERICAS CAR-MART INC,right,2,3774
CRNX,CRINETICS PHARMACEUTICAL,right,8,5084
CROX,CROCS INC,right,8,5171
CRS,CARPENTER TECHNOLOGY,left,6,4822
CRUS,CIRRUS LOGIC INC,left,8,1242
CRVL,CORVEL CORP,right,8,3337
CRY,CRYOLIFE INC,right,9,1329
CRZO,CARRIZO OIL & GAS INC,left,6,4996
CSCO,CISCO SYSTEMS INC,left,8,1329
CSFL,CENTERSTATE BANK CORP,right,6,4210
CSGP,COSTAR GROUP INC,right,8,3512
CSGS,CSG SYSTEMS INTL INC,right,9,1504
CSII,CARDIOVASCULAR SYS INC,left,6,3774
CSL,CARLISLE COS INC,left,6,4473
CSLT,CASTLIGHT HEALTH INC,right,6,1679
CSOD,CORNERSTONE ONDEMAND INC,right,8,2901
CSTE,CAESARSTONE LTD,right,5,5171
CSTR,CAPSTAR FINANCIAL HLDG,left,6,3250
CSV,CARRIAGE SERVICES INC,left,6,4909
CSWI,CSW INDUSTRIALS INC,right,9,1591
CSX,CSX CORP,right,9,1679
CTAS,CINTAS CORP,left,7,5258
CTB,COOPER TIRE & RUBBER CO,left,9,1766
CTBI,COMMUNITY TRUST BANCORP,left,8,3076
CTL,CENTURYLINK INC,right,6,5171
CTLT,CATALENT INC,right,6,1766
CTMX,CYTOMX THERAPEUTICS INC,left,9,3599
CTO,CONSOLIDATED TOMOKA LAND,left,8,4996
CTRA,CONTURA ENERGY,left,9,1504
CTRC,CENTRIC BRANDS INC,right,6,4734
CTRE,CARETRUST REIT INC,left,6,4298
CTRL,CONTROL0 CORPORATION,left,9,1416
CTRN,CITI TRENDS INC,left,8,1591
CTS,CTS CORP,right,9,1766
CTSH,COGNIZANT TECH SOLUTIONS,right,7,4734
CTSO,CYTOSORBENTS CORP,left,9,3687
CTT,CATCHMARK TIMBER TRUST,right,6,2028
CTWS,CONNECTICUT WATER SVC,left,8,4385
CTXS,CITRIX SYSTEMS INC,right,7,1940
CUB,CUBIC CORP,left,9,1940
CUBI,CUSTOMERS BANCORP INC,left,9,2726
CUE,CUE BIOPHARMA INC,left,9,2028
CULP,CULP INC,left,9,2202
CURO,CURO GROUP HOLDINGS CORP,left,9,2464
CUTR,CUTERA INC,left,9,2813
CUZ,COUSINS PROPERTIES INC,right,8,3861
CVA,COVANTA HOLDING CORP,right,8,3948
CVBF,CVB FINANCIAL CORP,left,9,2901
CVCO,CAVCO INDUSTRIES INC,right,6,2377
CVCY,CENTRAL VALLEY CMNTY,right,6,4647
CVET,COVETRUS INC,right,8,4123
CVGI,COMMERCIAL VEH GROUP INC,left,8,2464
CVGW,CALAVO GROWERS INC,right,6,1329
CVI,CVR ENERGY INC,left,9,2988
CVIA,COVIA HOLDINGS CORP,right,8,4210
CVLT,COMMVAULT SYSTEMS INC,left,8,3163
CVLY,CODORUS VY BANCORP INC,right,7,4385
CVM,CEL-SCI CORP,right,6,3774
CVNA,CARVANA CO,left,7,1242
CVRS,CORINDUS VASC ROBOTICS,right,8,2639
CVS,CVS HEALTH CORPORATION,left,9,3076
CVTI,COVENANT TRANS GRP INC,right,8,4036
CVX,CHEVRON CORP,left,7,3425
CW,CURTISS WRIGHT CORP,left,9,2551
CWCO,CONSOLIDATED WATER CO,left,8,5084
CWEN,CLEARWAY ENERGY (C),right,7,2901
CWEN.A,CLEARWAY ENERGY,right,7,2813
CWH,CAMPING WORLD HOLDINGS,left,6,2551
CWK,CUSHMAN & WAKEFIELD PLC,left,9,2639
CWST,CASELLA WASTE SYSTEMS,left,7,1416
CWT,CALIFORNIA WTR SVC GRP,left,6,1591
CXO,CONCHO RESOURCES INC,left,8,3948
CXP,COLUMBIA PPTY TR INC,left,8,1766
CXW,CORECIVIC INC,right,8,2202
CY,CYPRESS SEMICONDUCTOR,left,9,3337
CYCN,CYCLERION THERAPEUTICS,left,9,3163
CYH,COMMUNITY HEALTH SYSTEMS,left,8,2901
CYRX,CRYOPORT INC,right,9,1416
CYTK,CYTOKINETICS INC,left,9,3512
CZNC,CITIZENS & NORTHERN CORP,right,7,1679
CZR,CAESARS ENTMT CORP,right,5,5084
D,DOMINION ENERGY INC,right,9,4734
DAKT,DAKTRONICS INC,left,9,3948
DAL,DELTA AIR LINES INC,left,10,1242
DAN,DANA INCORPORATED,left,9,4036
DAR,DARLING INGREDIENTS INC,left,9,4298
DATA,TABLEAU SOFTWARE INC,right,27,4734
DBD,DIEBOLD NIXDORF,right,9,2901
DBI,DESIGNER BRANDS INC,right,9,1853
DCI,DONALDSON INC,right,9,5084
DCO,DUCOMMUN INC,left,10,2290
DCOM,DIME CMNTY BANCSHARES,right,9,3425
DCPH,DECIPHERA PHARMACEUTICAL,left,9,4822
DD,DUPONT DE NEMOURS INC,left,10,2726
DDD,3D SYSTEMS CORP,left,1,1679
DDS,DILLARDS INC,right,9,3337
DE,DEERE & CO,left,9,4996
DEA,EASTERLY GOVERNMENT PPTY,left,10,3861
DECK,DECKERS OUTDOOR CORP,left,9,4909
DEI,DOUGLAS EMMETT INC,right,10,1504
DELL,DELL TECHNOLOGIES,left,9,5345
DENN,DENNYS CORP,left,10,1679
DERM,DERMIRA INC,left,10,1853
DF,DEAN FOODS COMPANY,left,9,4734
DFIN,DONNELLEY FINANCIAL,right,9,5258
DFRG,DEL FRISCOS RESTAURANT,left,9,5084
DFS,DISCOVER FINANCIAL SRVC,right,9,3774
DG,DOLLAR GENERAL CORP,right,9,4560
DGICA,DONEGAL GROUP INC,right,9,5171
DGII,DIGI INTL INC,right,9,2988
DGX,WUEST DIAGNOSTICS INC,left,24,3599
DHI,D R HORTON INC,left,9,3774
DHIL,DIAMOND HILL INVESTMENT,right,9,2290
DHR,DANAHER CORP,left,9,4123
DHT,DHT HOLDINGS INC,right,9,2202
DHX,DHI GROUP INC,right,9,2115
DIN,DINE BRANDS GLOBAL INC,right,9,3512
DIOD,DIODES INC,right,9,3599
DIS,DISNEY WALT CO,right,9,4123
DISCA,DISCOVERY INC SERIES A,right,9,3861
DISCK,DISCOVERY INC SERIES C,right,9,3948
DISH,DISH NETWORK CORP,right,9,4036
DJCO,DAILY JOURNAL CORP,left,9,3861
DK,DELEK US HLDGS INC,left,9,5258
DKS,DICKS SPORTING GOODS INC,right,9,2813
DLA,DELTA APPAREL INC,left,10,1329
DLB,DOLBY LABORATORIES INC,right,9,4473
DLR,DIGITAL REALTY TRUST INC,right,9,3163
DLTH,DULUTH HOLDINGS INC,left,10,2551
DLTR,DOLLAR TREE INC,right,9,4647
DLX,DELUXE CORP,left,10,1416
DMRC,DIGIMARC CORPORATION,right,9,3076
DNBF,DNB FINL CORP,right,9,4298
DNKN,DUNKIN BRANDS GROUP INC,left,10,2639
DNLI,DENALI THERAPEUTICS INC,left,10,1504
DNOW,NOW INC,left,21,5258
DNR,DENBURY RESOURCES INC,left,10,1591
DO,DIAMOND OFFSHR DRILLING,right,9,2377
DOC,PHYSICIANS REALTY TRUST,left,23,3163
DOMO,DOMO INC,right,9,4909
DOOR,MASONITE INTL CORP,right,18,5171
DORM,DORMAN PRODUCTS INC,right,10,1329
DOV,DOVER CORP,right,10,1679
DOVA,DOVA PHARMACEUTICALS,right,10,1591
DOW,DOW INC,right,10,1766
DOX,AMDOCS LTD,left,2,5345
DPLO,DIPLOMAT PHARMACY INC,right,9,3687
DPZ,DOMINOS PIZZA INC,right,9,4822
DRE,DUKE REALTY CORP,left,10,2464
DRH,DIAMONDROCK HOSPITALITY,right,9,2639
DRI,DARDEN RESTAURANTS INC,left,9,4210
DRNA,DICERNA PHARMACEUTICALS,right,9,2726
DRW,DRIL-WUIP INC,right,10,1853
DS,DRIVE SHACK,left,10,1940
DSKE,DASEKE INC,left,9,4473
DSPG,DSP GROUP INC,left,10,2115
DSSI,DIAMOND S SHIPPING,right,9,2464
DTE,DTE ENERGY CO,left,10,2202
DTIL,PRECISION BIOSCIENCES,left,24,2115
DUK,DUKE ENERGY CORP,left,10,2377
DVA,DAVITA INC,left,9,4647
DVAX,DYNAVAX TECHNOLOGIES,left,10,3076
DVN,DEVON ENERGY CORP,right,9,1940
DX,DYNEX CAPITAL INC,left,10,3163
DXC,DXC TECHNOLOGY COMPANY,left,10,2813
DXCM,DEXCOM INC,right,9,2028
DXPE,DXP ENTERPRISES INC,left,10,2901
DY,DYCOM INDUSTRIES INC,left,10,2988
DZSI,DASAN ZHONE SOLUTIONS,left,9,4385
EA,ELECTRONIC ARTS INC,left,11,1853
EAF,GRAFTECH INTERNATIONAL,right,13,3861
EAT,BRINKER INTERNATIONAL,right,5,1940
EBAY,EBAY INC,left,10,4385
EBF,ENNIS INC,right,10,4036
EBIX,EBIX INC,left,10,4473
EBS,EMERGENT BIOSOLUTIONS,right,10,2639
EBSB,MERIDIAN BANCORP INC,left,19,4909
EBTC,ENTERPRISE BANCORP INC,right,10,4996
ECHO,ECHO GLOBAL LOGISTICS,left,10,4560
ECL,ECOLAB INC,left,10,4734
ECOL,US ECOLOGY INC,right,30,1766
ECOM,CHANNELADVISOR CORP,right,7,1591
ECOR,ELECTROCORE INC,left,11,1766
ECPG,ENCORE CAPITAL GROUP INC,right,10,3250
ED,CONSOLIDATED EDISON INC,left,8,4909
EDIT,EDITAS MEDICINE INC,left,10,4996
EE,EL PASO ELECTRIC CO,left,11,1329
EEFT,EURONET WORLDWIDE INC,left,11,3599
EEX,EMERALD EXPOSITIONS,right,10,2551
EFC,ELLINGTON FINANCIAL,right,10,2202
EFII,ELECTRONICS FOR IMAGING,left,11,1940
EFSC,ENTERPRISE FINL SERVICES,right,10,5084
EFX,EWUIFAX INC,right,11,1766
EGAN,EGAIN CORPORATION,left,10,5171
EGBN,EAGLE BANCORP INC,left,10,3337
EGHT,8X8 INC NEW,left,1,1853
EGLE,EAGLE BULK SHIPPING INC,left,10,3425
EGOV,NIC INC,right,21,2202
EGP,EASTGROUP PROPERTIES INC,left,10,4036
EGRX,EAGLE PHARMACEUTICALS,left,10,3599
EHC,ENCOMPASS HEALTH CORP,right,10,3163
EHTH,EHEALTH INC,left,10,5258
EIDX,EIDOS THERAPEUTICS,left,10,5345
EIG,EMPLOYERS HOLDINGS INC,right,10,2988
EIGI,ENDURANCE INTERNATIONAL,right,10,3512
EIGR,EIGER BIOPHARMACEUTICALS,left,11,1242
EIX,EDISON INTERNATIONAL,left,10,4909
EL,ESTEE LAUDER COMPANIES,left,11,3337
ELAN,ELANCO ANIMAL HEALTH,left,11,1504
ELF,ELF BEAUTY INC,right,10,2115
ELOX,ELOXX PHARMACEUTICALS,right,10,2290
ELS,EWUITY LIFESTYLE PROP,left,11,2202
ELVT,ELEVATE CREDIT INC,right,10,2028
ELY,CALLAWAY GOLF CO,left,6,1853
EMCI,EMC INS GROUP INC,right,10,2377
EME,EMCOR GROUP INC,right,10,2464
EML,EASTERN CO,left,10,3948
EMN,EASTMAN CHEMICAL CO,left,10,4123
EMR,EMERSON ELECTRIC CO,right,10,2726
ENDP,ENDO INTERNATIONAL PLC,right,10,3425
ENFC,ENTEGRA FINANCIAL CORP,right,10,4647
ENOB,ENOCHIAN BIOSCIENCES,right,10,4123
ENPH,ENPHASE ENERGY INC,right,10,4298
ENR,ENERGIZER HOLDINGS INC,right,10,3599
ENS,ENERSYS INC,right,10,3948
ENSG,ENSIGN GROUP INC,right,10,4473
ENTA,ENANTA PHARMACEUTICALS,right,10,3076
ENTG,ENTEGRIS INC,right,10,4734
ENV,ENVESTNET INC,right,10,5258
ENVA,ENOVA INTERNATIONAL INC,right,10,4210
ENZ,ENZO BIOCHEM INC,right,10,5345
EOG,EOG RESOURCES INC,right,11,1242
EOLS,EVOLUS INC,left,11,4996
EPAM,EPAM SYSTEMS INC,right,11,1329
EPAY,BOTTOMLINE TECHNOLOGIES,left,5,4822
EPC,EDGEWELL PERSONAL CARE,left,10,4822
EPM,EVOLUTION PETROLEUM CORP,left,11,5084
EPR,EPR PROPERTIES,right,11,1591
EPRT,ESSENTIAL PROPERTIES,left,11,3163
EPZM,EPIZYME INC,right,11,1416
ERA,ERA GROUP INC,left,11,2377
ERI,ELDORADO RESORTS INC,left,11,1679
ERIE,ERIE INDEMNITY CO,left,11,2464
ERII,ENERGY RECOVERY INC,right,10,3861
EROS,EROS INTL PLC,left,11,2551
ES,EVERSOURCE ENERGY,left,11,4473
ESCA,ESCALADE INC,left,11,2639
ESE,ESCO TECHNOLOGIES INC,left,11,2726
ESGR,ENSTAR GROUP LIMITED,right,10,4560
ESI,ELEMENT SOLUTIONS INC.,right,10,1940
ESNT,ESSENT GROUP LTD,left,11,3076
ESPR,ESPERION THERAPEUTICS,left,11,2813
ESRT,EMPIRE STATE REALTY,right,10,2901
ESS,ESSEX PROPERTY TRUST INC,left,11,3250
ESSA,ESSA BANCORP INC,left,11,2988
ESTC,ELASTIC N.V.,left,11,1591
ESTE,EARTHSTONE ENERGY INC,left,10,3687
ESW,ESWUIRE FINANCIAL HLDGS,left,11,2901
ESXB,COMMUNITY BANKERS TRUST,left,8,2726
ETFC,E TRADE FINANCIAL CORP,left,10,3250
ETH,ETHAN ALLEN INTERIORS,left,11,3425
ETM,ENTERCOM COMMUNICATIONS,right,10,4822
ETN,EATON CORP PLC,left,10,4210
ETR,ENTERGY CORP,right,10,4909
ETRN,EWUITRANS MIDSTREAM CORP,right,11,1940
ETSY,ETSY INC,left,11,3512
EV,EATON VANCE CORP,left,10,4298
EVBG,EVERBRIDGE INC,left,11,3948
EVBN,EVANS BANCORP INC,left,11,3687
EVC,ENTRAVISION COMM,right,10,5171
EVFM,EVOFEM BIOSCIENCES INC,left,11,4822
EVH,EVOLENT HEALTH INC,left,11,4909
EVI,EVI INDUSTRIES,left,11,4647
EVLO,EVELO BIOSCIENCES,left,11,3774
EVOP,EVO PAYMENTS INC,left,11,4734
EVR,EVERCORE INC,left,11,4036
EVRG,EVERGY INC,left,11,4210
EVRI,EVERI HOLDINGS INC,left,11,4298
EVTC,EVERTEC INC,left,11,4560
EW,EDWARDS LIFESCIENCES,left,10,5084
EWBC,EAST WEST BANCORP INC,left,10,3774
EWBK,EWUITY BANCSHARE INC,left,11,2028
EWC,EWUITY COMMONWEALTH,left,11,2115
EWH,AXA EWUITABLE HOLDINGS,left,4,3163
EWIX,EWUINIX INC,right,11,1853
EWR,EWUITY RESIDENTIAL,left,11,2290
EWT,EWT CORPORATION,right,11,1679
EXAS,EXACT SCIENCES CORP,left,11,5258
EXC,EXELON CORP,left,12,1416
EXEL,EXELIXIS INC,left,12,1329
EXLS,EXLSERVICE HOLDINGS INC,left,12,1504
EXP,EAGLE MATERIALS INC,left,10,3512
EXPD,EXPEDITORS INTL OF WASH,left,12,1766
EXPE,EXPEDIA GROUP INC,left,12,1679
EXPI,EXP WORLD HOLDINGS,left,12,1591
EXPO,EXPONENT INC,left,12,1853
EXPR,EXPRESS INC,left,12,1940
EXR,EXTRA SPACE STORAGE INC,right,11,2115
EXTN,EXTERRAN CORPORATION,right,11,2028
EXTR,EXTREME NETWORKS INC,right,11,2290
EYE,NATIONAL VISION HOLDINGS,left,21,2115
EYPT,EYEPOINT PHARMACEUTICALS,right,11,2464
EZPW,EZCORP INC,right,11,2551
F,FORD MOTOR CO,right,12,2115
FAF,FIRST AMERICAN FINL CORP,right,12,1242
FANG,DIAMONDBACK ENERGY INC,right,9,2551
FARM,FARMER BROS CO,right,11,3163
FARO,FARO TECHNOLOGIES INC,right,11,3512
FAST,FASTENAL CO,right,11,3599
FATE,FATE THERAPEUTICS INC,right,11,3687
FB,FACEBOOK INC,right,11,2813
FBC,FLAGSTAR BANCORP INC,left,12,4734
FBHS,FORTUNE BRDS HOME & SEC,right,12,2813
FBIZ,FIRST BUSINESS FINL SVCS,right,12,1853
FBK,FB FINANCIAL CORP,right,11,3774
FBM,FOUNDATION BLDG MATERIAL,right,12,3337
FBMS,FIRST BANCSHARES INC MS,right,12,1591
FBNC,FIRST BANCORP NC,right,12,1416
FBP,FIRST BANCORP PR,right,12,1504
FC,FRANKLIN COVEY CO,right,12,3774
FCAP,FIRST CAPITAL INC,right,12,1940
FCBC,FIRST CMNTY BANCSHAR,left,12,2202
FCBP,FIRST CHOICE BANCORP,right,12,2028
FCCY,1ST CONSTITUTION BANCORP,left,1,1329
FCF,FIRST COMMONWLTH FINL,left,12,2290
FCFS,FIRSTCASH INC,left,12,4123
FCN,FTI CONSULTING INC,right,12,5084
FCNCA,FIRST CITIZENS BANCSHRS,left,12,2115
FCPT,FOUR CORNERS PPTY TRUST,right,12,3425
FCX,FREEPORT-MCMORAN INC,right,12,4385
FDBC,FIDELITY D&D BANCORP INC,right,11,4734
FDC,FIRST DATA CORPORATION,left,12,2377
FDEF,FIRST DEFIANCE FINANCIAL,left,12,2464
FDP,FRESH DEL MONTE PRODUCE,right,12,4473
FDS,FACTSET RESEARCH SYSTEMS,right,11,2901
FDX,FEDEX CORP,right,11,4298
FE,FIRSTENERGY CORP,left,12,4210
FELE,FRANKLIN ELECTRIC CO,right,12,3861
FET,FORUM ENERGY TECH,right,12,2988
FEYE,FIREEYE INC,right,11,5345
FF,FUTUREFUEL CORPORATION,right,13,1242
FFBC,FIRST FINANCIAL BANCORP,left,12,2551
FFG,FBL FINANCIAL GROUP INC,right,11,3861
FFIC,FLUSHING FINANCIAL CORP,left,13,1591
FFIN,FIRST FINL BANKSHARES,left,12,2726
FFIV,F= NETWORKS INC,right,11,2639
FFNW,FIRST FINL NORTHWEST,left,12,2813
FFWM,FIRST FNDTN INC,left,12,2901
FG,FGL HOLDINGS,right,11,4560
FGBI,FIRST GUARANTY BANCSHARE,left,12,2988
FGEN,FIBROGEN INC,right,11,4647
FHB,FIRST HAWAIIAN INC,left,12,3076
FHN,FIRST HORIZON NATL CORP,left,12,3163
FI,FRANK'S INTERNATIONAL,right,12,4298
FIBK,FIRST INTST BANCSYSTEM,left,12,3425
FICO,FAIR ISAAC CORP,right,11,2988
FII,FEDERATED INVESTORS INC,right,11,4210
FIS,FIDELITY NATL INFO SVCS,right,11,4822
FISI,FINANCIAL INSTNS INC,right,11,5171
FISV,FISERV INC,left,12,4298
FIT,FITBIT INC,left,12,4385
FITB,FIFTH THIRD BANCORP,right,11,5084
FIVE,FIVE BELOW,left,12,4473
FIVN,FIVE> INC,left,12,4647
FIX,COMFORT SYSTEMS USA INC,left,8,2202
FIXX,HOMOLOGY MEDICINES,right,15,2202
FIZZ,NATIONAL BEVERAGE CORP,left,20,5171
FL,FOOT LOCKER INC,left,13,2115
FLDM,FLUIDIGM CORP,left,13,1416
FLIC,FIRST LONG ISLAND CORP,left,12,3512
FLIR,FLIR SYSTEMS INC,left,12,5084
FLMN,FALCON MINERALS CORP (A),right,11,3076
FLNT,FLUENT INC,left,13,1329
FLO,FLOWERS FOODS INC,left,12,5345
FLOW,SPX FLOW INC,right,27,2813
FLR,FLUOR CORP,left,13,1504
FLS,FLOWSERVE CORP,left,13,1242
FLT,FLEETCOR TECHNOLOGIES,left,12,4822
FLWS,1-800 FLOWERS COM,left,1,1242
FLXN,FLEXION THERAPEUTICS INC,left,12,4909
FLXS,FLEXSTEEL INDUSTRIES INC,left,12,4996
FMAO,FARMERS & MERCHANTS BNCP,right,11,3250
FMBH,FIRST MID BANCSHARES INC,left,12,3687
FMBI,FIRST MIDWEST BANCORP,left,12,3774
FMC,FMC CORP,left,13,1679
FMNB,FARMERS NATL BANC CORP,right,11,3337
FNB,FNB CORP,left,13,1766
FNCB,FNCB BANCORP INC,left,13,1853
FND,FLOOR & DECOR HOLDINGS,left,12,5171
FNF,FNF GROUP,left,13,1940
FNHC,FEDNAT HOLDING COMPANY,right,11,4385
FNKO,FUNKO CLASS A,right,12,5345
FNLC,FIRST BANCORP INC,right,12,1329
FNSR,FINISAR CORP,right,11,5258
FNWB,FIRST NORTHWEST BANCORP,left,12,3861
FOCS,FOCUS FINANCIAL PARTNERS,left,13,2028
FOE,FERRO CORP,right,11,4473
FOLD,AMICUS THERAPEUTICS INC,right,2,4560
FOR,FORESTAR GROUP INC,right,12,2290
FORM,FORMFACTOR INC,right,12,2377
FORR,FORRESTER RESEARCH INC,right,12,2464
FOSL,FOSSIL GROUP INC,right,12,3163
FOX,FOX CORPORATION CLASS B,right,12,3599
FOXA,FOX CORPORATION CLASS A,right,12,3512
FOXF,FOX FACTORY HOLDING CORP,right,12,3687
FPI,FARMLAND PARTNERS INC,right,11,3425
FPRX,FIVE PRIME THERAPEUTICS,left,12,4560
FR,FIRST INDUSTRIAL RLTY TR,left,12,3250
FRAC,KEANE GROUP INC,right,16,4822
FRAF,FRANKLIN FINANCIAL SERV,right,12,4036
FRBA,FIRST BANK WILLIAMSTOWN,right,12,1679
FRBK,REPUBLIC FIRST BANCORP,right,24,4298
FRC,FIRST REP BK SAN FRAN,left,12,3948
FRGI,FIESTA RESTAURANT GROUP,right,11,4996
FRME,FIRST MERCHANTS CORP,left,12,3599
FRPH,FRP HOLDINGS INC,right,12,4909
FRPT,FRESHPET INC,right,12,4560
FRT,FEDERAL REALTY INVT,right,11,4036
FRTA,FORTERRA INC,right,12,2551
FSB,FRANKLIN FINANCIAL NTWK,right,12,3948
FSBW,FS BANCORP INC,right,12,4996
FSCT,FORESCOUT TECHNOLOGIES,right,12,2202
FSLR,FIRST SOLAR INC,left,12,4036
FSP,FRANKLIN STREET PPTYS CO,right,12,4210
FSS,FEDERAL SIGNAL CORP,right,11,4123
FSTR,FOSTER L B CO,right,12,3250
FTDR,FRONTDOOR INC,right,12,4734
FTK,FLOTEK INDUSTRIES INC,left,12,5258
FTNT,FORTINET INC,right,12,2639
FTR,FRONTIER COMMUNICATIONS,right,12,4822
FTSI,FTS INTERNATIONAL INC,right,12,5171
FTSV,FORTY SEVEN INC,right,12,2901
FTV,FORTIVE CORPORATION,right,12,2726
FUL,HB FULLER COMPANY,left,15,1416
FULT,FULTON FINANCIAL CORP,right,12,5258
FVCB,FVCBANKCORP INC,right,13,1329
FWONA,LIBERTY FORMULA 1 SER A,right,17,4560
FWONK,LIBERTY FORMULA 1 SER C,right,17,4647
FWRD,FORWARD AIR CORP,right,12,3076
G,GENPACT LTD,left,13,4298
GABC,GERMAN AMERICAN BANCORP,left,13,4909
GAIA,GAIA INC,right,13,1504
GALT,GALECTIN THERAPEUTICS,right,13,1679
GATX,GATX CORP,left,13,2813
GBCI,GLACIER BANCORP INC,left,13,5345
GBL,GAMCO INVESTORS INC,right,13,1853
GBLI,GLOBAL INDEMNITY LTD,left,14,1766
GBT,GLOBAL BLOOD THERA,left,14,1591
GBX,GREENBRIER COMPANIES INC,right,13,5258
GCAP,GAIN CAPITAL HLDNGS INC,right,13,1591
GCBC,GREENE COUNTY BANCORP,right,13,5345
GCI,GANNETT CO INC,left,13,2202
GCO,GENESCO INC,left,13,3774
GCP,GCP APPLIED TECHNOLOGIES,left,13,2988
GD,GENERAL DYNAMICS CORP,left,13,3337
GDDY,GODADDY INC,right,13,2551
GDEN,GOLDEN ENTERTAINMENT INC,right,13,2901
GDI,GARDNER DENVER HOLDINGS,left,13,2377
GDOT,GREEN DOT CORP,right,13,5084
GDP,GOODRICH PETROLEUM CORP,right,13,3076
GE,GENERAL ELECTRIC CO,left,13,3425
GEF,GREIF INC,right,14,1504
GEF.B,GREIF INC,right,14,1591
GEN,GENESIS HEALTHCARE INC,left,13,3948
GENC,GENCOR INDUSTRIES INC,left,13,3163
GEO,GEO GROUP INC,left,13,4734
GEOS,GEOSPACE TECHNOLOGIES,left,13,4822
GERN,GERON CORP,left,13,4996
GES,GUESS INC,left,14,2639
GFF,GRIFFON CORP,right,14,1766
GFN,GENERAL FINANCE CORP,left,13,3512
GGG,GRACO INC,right,13,3774
GH,GUARDANT HEALTH,left,14,2551
GHC,GRAHAM HOLDINGS COMPANY,right,13,4036
GHDX,GENOMIC HEALTH INC,left,13,4210
GHL,GREENHILL & CO INC,right,14,1242
GHM,GRAHAM CORP,right,13,3948
GIII,G-III APPAREL GROUP LTD,right,13,2115
GILD,GILEAD SCIENCES INC,left,13,5258
GIS,GENERAL MILLS INC,left,13,3599
GKOS,GLAUKOS CORPORATION,left,14,1504
GLDD,GREAT LAKES DREDGE & DOC,right,13,4734
GLIBA,GCI LIBERTY INC,left,13,2901
GLNG,GOLAR LNG LTD BERMUDA,right,13,2726
GLOG,GASLOG LTD,left,13,2639
GLPI,GAMING AND LEISURE PPTYS,right,13,2028
GLRE,GREENLIGHT CAPITAL RE LT,right,14,1416
GLUU,GLU MOBILE INC,right,13,2202
GLW,CORNING INC,right,8,2988
GLYC,GLYCOMIMETICS INC,right,13,2290
GM,GENERAL MTRS CO,left,13,3687
GME,GAMESTOP CORP,right,13,1940
GMED,GLOBUS MEDICAL INC,left,14,2202
GMRE,GLOBAL MEDICAL REIT INC,left,14,1853
GMS,GMS INC,right,13,2377
GNC,GNC HLDGS INC,right,13,2464
GNE,GENIE ENERGY LTD,left,13,4036
GNK,GENCO SHIPPING & TRADING,left,13,3076
GNL,GLOBAL NET LEASE INC,left,14,1940
GNLN,GREENLANE HOLDINGS,right,14,1329
GNMK,GENMARK DIAGNOSTICS INC,left,13,4123
GNRC,GENERAC HOLDINGS INC,left,13,3250
GNTX,GENTEX CORP,left,13,4385
GNTY,GUARANTY BANCSHARES INC,left,14,2464
GNW,GENWORTH FINANCIAL INC,left,13,4647
GOGO,GOGO INC,right,13,2639
GOLF,ACUSHNET HOLDINGS CORP,left,1,4647
GOOD,GLADSTONE COMMERCIAL,left,14,1242
GOOG,ALPHABET INC CL C,left,2,3861
GOOGL,ALPHABET INC CL A,left,2,3774
GORO,GOLD RESOURCE CORP,right,13,2813
GOSS,GOSSAMER BIO,right,13,3512
GPC,GENUINE PARTS CO,left,13,4560
GPI,GROUP 1 AUTOMOTIVE INC,right,14,1940
GPK,GRAPHIC PACKAGING HLDG,right,13,4473
GPMT,GRANITE POINT MORTGAGE,right,13,4385
GPN,GLOBAL PAYMENTS INC,left,14,2028
GPOR,GULFPORT ENERGY CORP,left,14,2813
GPRE,GREEN PLAINS INC,right,13,5171
GPRO,GOPRO INC,right,13,3337
GPS,GAP INC,left,13,2290
GPX,GP STRATEGIES CORP,right,13,3599
GRA,GRACE W R & CO,right,13,3687
GRBK,GREEN BRICK PARTNERS INC,right,13,4996
GRC,GORMAN RUPP CO,right,13,3425
GRIF,GRIFFIN INDUSTRIAL RLTY,right,14,1679
GRMN,GARMIN LTD,left,13,2464
GRPN,GROUPON INC,right,14,2028
GRTS,GRITSTONE ONCOLOGY,right,14,1853
GRUB,GRUBHUB INC,right,14,2115
GS,GOLDMAN SACHS GROUP INC,right,13,2988
GSBC,GREAT SOUTHERN BANCORP,right,13,4822
GSHD,GOOSEHEAD INSURANCE,right,13,3250
GSIT,GSI TECHNOLOGY,right,14,2202
GT,GOODYEAR TIRE & RUBBER,right,13,3163
GTES,GATES INDUSTRIAL CORP,left,13,2726
GTHX,G1 THERAPEUTICS,right,13,1416
GTLS,CHART INDUSTRIES INC,left,7,1940
GTN,GRAY TELEVISION INC,right,13,4560
GTS,TRIPLE-S MANAGEMENT CORP,right,29,2377
GTT,GTT COMMUNICATIONS INC,left,14,2290
GTY,GETTY REALTY CORP,left,13,5084
GTYH,GTY TECHNOLOGY HOLDINGS,left,14,2377
GVA,GRANITE CONSTR INC,right,13,4298
GWB,GREAT WESTERN BANCORP,right,13,4909
GWGH,GWG HLDGS INC,left,14,2901
GWR,GENESEE & WYOMING INC,left,13,3861
GWRE,GUIDEWIRE SOFTWARE INC,left,14,2726
GWRS,GLOBAL WATER RESOURCES,left,14,2115
GWW,GRAINGER WW INC,right,13,4123
H,HYATT HOTELS CORP,left,15,4647
HA,HAWAIIAN HOLDINGS INC,left,14,5258
HABT,HABIT RESTAURANTS,left,14,3076
HAE,HAEMONETICS CORP,left,14,3250
HAFC,HANMI FINANCIAL CORP,left,14,4210
HAIN,HAIN CELESTIAL GROUP,left,14,3337
HAL,HALLIBURTON CO,left,14,3512
HALL,HALLMARK FINL SVCS INC,left,14,3599
HALO,HALOZYME THERAPEUTICS,left,14,3687
HARP,HARPOON THERAPEUTICS,left,14,4734
HAS,HASBRO INC,left,14,4996
HASI,HANNON ARMSTRONG SUSTAIN,left,14,4298
HAYN,HAYNES INTERNATIONAL INC,left,15,1329
HBAN,HUNTINGTON BANCSHARES,left,15,4210
HBB,HAMILTON BEACH BRANDS,left,14,3774
HBCP,HOME BANCORP INC,right,15,1766
HBI,HANESBRAND INC,left,14,4036
HBMD,HOWARD BANCORP INC,left,15,3425
HBNC,HORIZON BANCORP INC,left,15,2726
HCA,HCA HEALTHCARE INC,left,15,1504
HCC,WARRIOR MET COAL INC,right,30,4560
HCCI,HERITAGE CRYL CLEAN INC,right,14,3599
HCI,HCI GROUP INC,left,15,1591
HCKT,HACKETT GROUP INC,left,14,3163
HCP,HCP INC,left,15,1679
HCSG,HEALTHCARE SVCS GRP INC,left,15,2028
HD,HOME DEPOT INC,right,15,1940
HDS,HD SUPPLY HOLDINGS INC,left,15,1766
HE,HAWAIIAN ELECTRIC INDS,left,14,5171
HEES,H&E EWUIPMENT SERVICES,left,14,2988
HEI,HEICO CORP COMMON,right,14,2639
HEI.A,HEICO CORP CL A,right,14,2551
HELE,HELEN OF TROY LTD,right,14,2813
HES,HESS CORP,right,14,4385
HF,HFF INC,right,14,4734
HFC,HOLLYFRONTIER CORP,right,15,1591
HFFG,HF FOODS GROUP INC,right,14,4647
HFWA,HERITAGE FINANCIAL CORP,right,14,3687
HGV,HILTON GRAND VACATIONS,right,14,5345
HHC,HOWARD HUGHES CORP,left,15,3512
HI,HILLENBRAND INC,right,14,5084
HIBB,HIBBETT SPORTS INC,right,14,4822
HIFS,HINGHAM INSTN SVGS MASS,right,15,1329
HIG,HARTFORD FINL SVCS GRP,left,14,4909
HII,HUNTINGTON INGALLS IND,left,15,4298
HIIW,HEALTH INS INNOVATIONS,left,15,1853
HIVE,AEROHIVE NETWORKS INC,right,1,2464
HIW,HIGHWOODS PROPERTIES INC,right,14,4996
HL,HECLA MINING CO,right,14,2464
HLF,HERBALIFE NUTRITION LTD,right,14,3337
HLI,HOULIHAN LOKEY INC,left,15,3337
HLIO,HELIOS TECHNOLOGIES INC,right,14,2901
HLIT,HARMONIC INC,left,14,4647
HLNE,HAMILTON LANE INC,left,14,3861
HLT,HILTON WORLDWIDE HOLDING,right,15,1242
HLX,HELIX ENERGY SOLUTIONS,right,14,2988
HMHC,HOUGHTON MIFFLIN HARCOUR,left,15,3250
HMN,HORACE MANN EDUCATORS,left,15,2639
HMST,HOMESTREET INC,right,15,2028
HMSY,HMS HOLDINGS CORP,right,15,1416
HMTV,HEMISPHERE MEDIA GROUP,right,14,3163
HNGR,HANGER INC,left,14,4123
HNI,HNI CORPORATION,right,15,1504
HNRG,HALLADOR ENERGY CO,left,14,3425
HOFT,HOOKER FURNITURE CORP,left,15,2377
HOG,HARLEY DAVIDSON INC,left,14,4560
HOLX,HOLOGIC INC,right,15,1679
HOMB,HOME BANCSHARES INC,right,15,1853
HOME,AT HOME GROUP INC,right,3,4210
HON,HONEYWELL INTERNATIONAL,right,15,2290
HONE,HARBORONE BANCORP INC,left,14,4473
HOOK,HOOKIPA PHARMA,left,15,2464
HOPE,HOPE BANCORP INC,left,15,2551
HP,HELMERICH & PAYNE INC,right,14,3076
HPE,HEWLETT PACKARD ENT,right,14,4473
HPP,HUDSON PAC PPTYS INC,left,15,4036
HPR,HIGH POINT RESOURCES,right,14,4909
HPT,HOSPITALITY PPTYS TRUST,left,15,2988
HPW,HP INC,left,15,3599
HR,HEALTHCARE REALTY TRUST,left,15,1940
HRB,BLOCK H & R INC,left,5,2639
HRC,HILL-ROM HOLDINGS INC,right,14,5171
HRI,HERC HOLDING INC,right,14,3425
HRL,HORMEL FOODS CORP,left,15,2901
HRTG,HERITAGE INS HLDGS INC,right,14,3774
HRTX,HERON THERAPEUTICS INC,right,14,3948
HSC,HARSCO CORP,left,14,4822
HSIC,SCHEIN HENRY INC,right,25,3425
HSII,HEIDRICK & STRUGGLES,right,14,2726
HSKA,HESKA CORP,right,14,4298
HST,HOST HOTELS & RESORTS,left,15,3076
HSTM,HEALTHSTREAM INC,left,15,2290
HSY,HERSHEY COMPANY,right,14,4123
HT,HERSHA HOSPITALITY TRUST,right,14,4036
HTA,HEALTHCARE TR AMER INC,left,15,2115
HTBI,HOMETRUST BANCSHARES INC,right,15,2115
HTBK,HERITAGE COMMERCE CORP,right,14,3512
HTH,HILLTOP HOLDINGS INC,right,14,5258
HTLD,HEARTLAND EXPRESS INC,right,14,2290
HTLF,HEARTLAND FINANCIAL USA,right,14,2377
HTZ,HERTZ GLOBAL HOLDINGS,right,14,4210
HUBB,HUBBELL INC,left,15,3774
HUBG,HUB GROUP INC,left,15,3687
HUBS,HUBSPOT INC,left,15,3861
HUD,HUDSON LTD,left,15,3948
HUM,HUMANA INC,left,15,4123
HUN,HUNTSMAN CORP,left,15,4385
HURC,HURCO COMPANIES INC,left,15,4473
HURN,HURON CONSULTING GROUP,left,15,4560
HVT,HAVERTY FURNITURE INC,left,14,5084
HWBK,HAWTHORN BANCSHARES INC,left,15,1242
HWC,HANCOCK WHITNEY CORP,left,14,3948
HWKN,HAWKINS INC,left,14,5345
HWY,HEALTHEWUITY INC,left,15,2202
HXL,HEXCEL CORP,right,14,4560
HY,HYSTER-YALE MATERIALS,left,15,4734
HZNP,HORIZON THERAPEUTICS PLC,left,15,2813
HZO,MARINEMAX INC,right,18,3861
I,INTELSAT SA,right,16,1591
IAC,IAC INTERACTIVECORP,left,15,4996
IART,INTEGRA LIFESCIENCES,right,16,1242
IBCP,INDEPENDENT BANK CORP,right,15,2813
IBKC,IBERIABANK CORP,left,15,5084
IBKR,INTERACTIVE BROKERS GRP,right,16,1766
IBM,INTL BUSINESS MACHINES,left,16,2901
IBOC,INTERNATIONAL BANCSHARES,right,16,2202
IBP,INSTALLED BLDNG PRODUCTS,right,15,4996
IBTX,INDEPENDENT BK GROUP INC,right,15,2988
ICD,IND CONTRACT DRILLING,right,15,2551
ICE,INTERCONTINENTAL EXCH,right,16,1940
ICFI,ICF INTERNATIONAL INC,left,15,5171
ICHR,ICHOR HOLDINGS INC,left,15,5258
ICPT,INTERCEPT PHARMA INC,right,16,1853
ICUI,ICU MEDICAL INC,left,15,5345
IDA,IDACORP INC,left,16,1242
IDCC,INTERDIGITAL INC,right,16,2028
IDEX,IDEANOMICS INC,left,16,1329
IDT,IDT CORP,left,16,1591
IDXX,IDEXX LABS INC,left,16,1504
IESC,IES HOLDINGS INC,left,16,1679
IEX,IDEX CORP,left,16,1416
IFF,INTL FLAVORS & FRAGRANCE,left,16,3076
IGT,INTERNATIONAL GAME TECH,right,16,2290
IHC,INDEPENDENCE HOLDING CO,right,15,2639
III,INFORMATION SERVICES GRP,right,15,3250
IIIN,INSTEEL INDUSTRIES INC,right,15,5084
IIIV,I3 VERTICALS INC,left,15,4822
IIN,INTRICON CORP,left,16,3425
IIPR,INNOVATIVE INDUSTRIAL,right,15,3948
IIVI,II VI INC,left,16,1853
ILMN,ILLUMINA INC,left,16,2028
ILPT,INDUSTRIAL LOGISTICS,right,15,3076
IMAX,IMAX CORP,left,16,2115
IMGN,IMMUNOGEN INC,left,16,2290
IMKTA,INGLES MARKETS INC,right,15,3512
IMMR,IMMERSION CORP,left,16,2202
IMMU,IMMUNOMEDICS INC,left,16,2377
IMXI,INTERNATIONAL MONEY EXP,right,16,2377
INBK,FIRST INTERNET BANCORP,left,12,3337
INCY,INCYTE CORP,right,15,2464
INDB,INDEPENDENT BANK MA,right,15,2901
INFN,INFINERA CORP,right,15,3163
INFO,IHS MARKIT LTD,left,16,1766
INGN,INOGEN INC,right,15,4123
INGR,INGREDION INC,right,15,3599
INN,SUMMIT HOTEL PPTYS,left,28,1940
INO,INOVIO PHARMACEUTICALS,right,15,4298
INOV,INOVALON HOLDINGS INC,right,15,4210
INS,INTELLIGENT SYSTEMS CORP,right,16,1504
INSE,INSPIRED ENTERTAINMENT,right,15,4909
INSG,INSEEGO CORP,right,15,4473
INSM,INSMED INC,right,15,4647
INSP,INSPIRE MEDICAL SYSTEMS,right,15,4822
INST,INSTRUCTURE INC,right,15,5171
INSW,INTERNATIONAL SEAWAYS,left,16,2551
INT,WORLD FUEL SVCS CORP,left,32,1766
INTC,INTEL CORP,right,16,1329
INTL,INTL FCSTONE INC,left,16,2988
INVA,INNOVIVA INC,right,15,4036
INVH,INVITATION HOMES INC,left,16,4385
INWK,INNERWORKINGS INC,right,15,3687
IONS,IONIS PHARMACEUTICALS,left,16,4473
IOSP,INNOSPEC INC,right,15,3861
IOTS,ADESTO TECHNOLOGIES CORP,left,1,4909
IOVA,IOVANCE BIOTHERAPEUTICS,left,16,4560
IP,INTERNATIONAL PAPER CO,left,16,2464
IPAR,INTER PARFUMS INC,right,16,1679
IPG,INTERPUBLIC GROUP OF COS,left,16,2726
IPGP,IPG PHOTONICS CORP,left,16,4647
IPHI,INPHI CORP,right,15,4385
IPHS,INNOPHOS HOLDINGS INC,right,15,3774
IPI,INTREPID POTASH INC,left,16,3250
IR,INGERSOLL-RAND PLC,right,15,3337
IRBT,IROBOT CORP,left,16,5084
IRDM,IRIDIUM COMMUNICATIONS,left,16,4996
IRET,INVESTORS REAL ESTATE TR,left,16,4123
IRM,IRON MOUNTAIN INC,left,16,5171
IRMD,IRADIMED CORPORATION,left,16,4822
IRT,INDEPENDENCE RLTY TRUST,right,15,2726
IRTC,IRHYTHM TECHNOLOGIES INC,left,16,4909
IRWD,IRONWOOD PHARMACEUTICALS,left,16,5258
ISBC,INVESTORS BANCORP INC,left,16,4036
ISCA,INTERNATIONAL SPEEDWAY,left,16,2639
ISRG,INTUITIVE SURGICAL INC,left,16,3599
ISRL,ISRAMCO INC,left,16,5345
ISTR,INVESTAR HOLDING CORP,left,16,3948
IT,GARTNER INC,left,13,2551
ITCI,INTRA CELLULAR THERAPIES,left,16,3163
ITGR,INTEGER HOLDINGS CORP,right,15,5345
ITI,ITERIS INC,left,17,1329
ITIC,INVESTORS TITLE CO,left,16,4210
ITRI,ITRON INC,left,17,1416
ITT,ITT INC,left,17,1504
ITW,ILLINOIS TOOL WORKS INC,left,16,1940
IVC,INVACARE CORP,left,16,3687
IVR,INVESCO MORTGAGE CAP,left,16,3861
IVZ,INVESCO LTD,left,16,3774
IWV,IWVIA HOLDINGS INC,left,16,4734
JACK,JACK IN THE BOX INC,left,17,1940
JAG,JAGGED PEAK ENERGY INC,left,17,2115
JAX,J ALEXANDERS HOLDINGS,left,17,1679
JAZZ,JAZZ PHARMACEUTICALS PLC,left,17,2377
JBGS,JBG SMITH PROPERTIES,right,16,2464
JBHT,JB HUNT TRANS SVCS INC,left,17,2464
JBL,JABIL INC,left,17,1853
JBLU,JETBLUE AIRWAYS CORP,right,16,2813
JBSS,SANFILIPPO JOHN B & SON,left,26,2639
JBT,JOHN BEAN TECH CORP,right,16,2988
JCAP,JERNIGAN CAP INC,right,16,2726
JCI,JOHNSON CONTROLS INTNL,right,16,3163
JCOM,J2 GLOBAL INC,left,17,1766
JCP,PENNEY J C INC,right,22,4647
JEC,JACOBS ENGINEERING GRP,left,17,2028
JEF,JEFFERIES FINANCIAL GRP,right,16,2551
JELD,JELD-WEN HOLDING INC,right,16,2639
JHG,JANUS HENDERSON GROUP,left,17,2290
JILL,JJILL INC,right,16,2901
JJSF,J & J SNACK FOODS CO,left,17,1591
JKHY,HENRY JACK & ASSOCIATES,right,14,3250
JLL,JONES LANG LASALLE INC,right,16,3337
JNCE,JOUNCE THERAPEUTICS INC,right,16,3425
JNJ,JOHNSON & JOHNSON,right,16,3076
JNPR,JUNIPER NETWORKS INC,right,16,3599
JOE,ST JOE CO,right,27,3163
JOUT,JOHNSON OUTDOORS INC,right,16,3250
JPM,JPMORGAN CHASE & CO,right,16,3512
JRVR,JAMES RIVER GROUP HLDG,left,17,2202
JW.A,WILEY JOHN & SONS INC,left,31,4385
JWN,NORDSTROM INC,left,21,3599
JYNT,THE JOINT CORP,left,29,1242
K,KELLOGG CO,right,16,4996
KAI,KADANT INC,right,16,3774
KALA,KALA PHARMACEUTICALS,right,16,4036
KALU,KAISER ALUMINUM CORP,right,16,3948
KALV,KALVISTA PHARMACEUTICALS,right,16,4210
KAMN,KAMAN CORP,right,16,4298
KAR,KAR AUCTION SERVICES INC,right,16,4473
KBAL,KIMBALL INTERNATIONAL,right,17,1940
KBH,KB HOME,right,16,4647
KBR,KBR INC,right,16,4734
KDMN,KADMON HOLIDINGS INC,right,16,3861
KDP,KEURIG DR PEPPER INC,right,17,1329
KE,KIMBALL ELECTRONICS INC,right,17,1853
KELYA,KELLY SERVICES INC,right,16,5084
KEM,KEMET CORP,right,16,5171
KEX,KIRBY CORP,left,17,2551
KEYS,KEYSIGHT TECHNOLOGIES,right,17,1504
KFRC,KFORCE INC,right,17,1679
KFY,KORN FERRY,left,17,3599
KHC,THE KRAFT HEINZ COMPANY,left,29,1329
KIDS,ORTHOPEDIATRICS CORP,left,22,3076
KIM,KIMCO REALTY CORP,right,17,2115
KIN,KINDRED BIOSCIENCES INC,right,17,2290
KLAC,KLA-TENCOR CORP,left,17,2813
KLDO,KALEIDO BIOSCIENCES,right,16,4123
KLXE,KLX ENERGY SERVICES,left,17,2901
KMB,KIMBERLY CLARK CORP,right,17,2028
KMI,KINDER MORGAN INC,right,17,2202
KMPR,KEMPER CORPORATION,right,16,5258
KMT,KENNAMETAL INC,right,16,5345
KMX,CARMAX INC,left,6,4560
KN,KNOWLES CORPORATION,left,17,3163
KNL,KNOLL INC,left,17,3076
KNSA,KINIKSA PHARMACEUTICALS,right,17,2377
KNSL,KINSALE CAPITAL GROUP,right,17,2464
KNX,KNIGHT-SWIFT TRANSPORT,left,17,2988
KO,COCA COLA CO,right,7,4036
KOD,KODIAK SCIENCES,left,17,3250
KOP,KOPPERS HOLDINGS INC,left,17,3512
KOS,KOSMOS ENERGY LTD,left,17,3687
KPTI,KARYOPHARM THERAPEUTICS,right,16,4560
KR,KROGER CO,left,17,3948
KRA,KRATON CORPORATION,left,17,3774
KRC,KILROY REALTY CORP,right,17,1766
KREF,KKR REAL ESTATE FINANCE,left,17,2726
KRG,KITE REALTY GROUP TRUST,left,17,2639
KRNY,KEARNY FINANCIAL CORP,right,16,4909
KRO,KRONOS WORLDWIDE INC,left,17,4036
KRYS,KRYSTAL BIOTECH,left,17,4123
KSS,KOHLS CORP,left,17,3337
KSU,KANSAS CITY SOUTHERN,right,16,4385
KTB,KONTOOR BRANDS,left,17,3425
KTOS,KRATOS DEFENSE & SEC SOL,left,17,3861
KURA,KURA ONCOLOGY INC,left,17,4210
KVHI,KVH INDUSTRIES INC,left,17,4298
KW,KENNEDY-WILSON HLDGS INC,right,17,1242
KWR,WUAKER CHEMICAL CORP,right,24,3076
KZR,KEZAR LIFE SCIENCES,right,17,1591
L,LOEWS CORP,left,18,3512
LABL,MULTI COLOR CORP,left,20,3337
LAD,LITHIA MOTORS INC,right,18,2551
LADR,LADDER CAPITAL CORP,left,17,4909
LAMR,LAMAR ADVERTISING CO,left,17,5345
LANC,LANCASTER COLONY CORP,left,18,1329
LAND,GLADSTONE LAND INC,left,14,1329
LAUR,LAUREATE EDUCATION INC,left,18,2115
LAWS,LAWSON PRODUCTS INC,left,18,2202
LAZ,LAZARD LTD,left,18,2290
LB,L BRANDS INC,left,17,4385
LBAI,LAKELAND BANCORP INC,left,17,5084
LBC,LUTHER BURBANK CORP,left,18,4822
LBRDA,LIBERTY BROADBAND CL A,right,17,4298
LBRDK,LIBERTY BROADBAND CL C,right,17,4385
LBRT,LIBERTY OILFIELD SERVICE,right,17,4909
LC,LENDINGCLUB CORPORATION,right,17,3250
LCI,LANNETT CO INC,left,18,1679
LCII,LCI INDUSTRIES,left,18,2377
LCNB,LCNB CORP,left,18,2464
LCUT,LIFETIME BRANDS INC,right,18,1242
LDL,LYDALL INC,left,18,4996
LDOS,LEIDOS HOLDINGS INC,right,17,3076
LE,LANDS END INC,left,18,1504
LEA,LEAR CORP,right,17,2551
LEAF,LEAF GROUP LTD,left,18,2551
LECO,LINCOLN ELECTRIC HLDGS,right,18,1766
LEE,LEE ENTERPRISES INC,right,17,2639
LEG,LEGGETT & PLATT INC,right,17,2988
LEGH,LEGACY HOUSING CORP,right,17,2726
LEN,LENNAR CORP CL A,right,17,3425
LEN.B,LENNAR CORP CL B,right,17,3512
LEVL,LEVEL ONE BANCORP INC,right,17,3687
LEXEA,LIBERTY EXPEDIA HOLDINGS,right,17,4473
LFUS,LITTELFUSE INC,left,18,2639
LFVN,LIFEVANTAGE CORP,right,18,1329
LGF.A,LIONS GATE ENT CLASS A,right,18,2202
LGF.B,LIONS GATE ENT CLASS B,right,18,2290
LGIH,LGI HOMES INC,right,17,3948
LGND,LIGAND PHARMACEUTICALS,right,18,1416
LH,LABORATORY CORP OF AMER,left,17,4822
LHCG,LHC GROUP INC,right,17,4036
LHX,L3HARRIS TECHNOLOGIES,left,17,4560
LII,LENNOX INTERNATIONAL INC,right,17,3599
LILA,LIBERTY LATIN AMERICA A,right,17,4734
LILAK,LIBERTY LATIN AMERICA C,right,17,4822
LIN,LINDE PLC,right,18,2028
LIND,LINDBLAD EXPEDITIONS INC,right,18,1940
LION,FIDELITY SOUTHERN CORP,right,11,4909
LITE,LUMENTUM HOLDINGS INC,left,18,4647
LIVN,LIVANOVA PLC,left,18,2726
LIVX,LIVEXLIVE MEDIA,left,18,3250
LJPC,LA JOLLA PHARMACEUTICAL,left,17,4647
LKFN,LAKELAND FINANCIAL CORP,left,17,5171
LKSD,LSC COMMUNICATIONS,left,18,4298
LKW,LKW CORP,left,18,3337
LL,LUMBER LIWUIDATORS HLDGS,left,18,4560
LLL,L3 TECHNOLOGIES,left,17,4473
LLNW,LIMELIGHT NETWORKS INC,right,18,1591
LLY,LILLY ELI & CO,right,18,1504
LM,LEGG MASON INC,right,17,2901
LMAT,LEMAITRE VASCULAR INC,right,17,3163
LMNR,LIMONEIRA CO,right,18,1679
LMNX,LUMINEX CORP,left,18,4734
LMT,LOCKHEED MARTIN CORP,left,18,3425
LNC,LINCOLN NATIONAL CORP,right,18,1853
LNDC,LANDEC CORP,left,18,1416
LNG,CHENIERE ENERGY INC,left,7,2988
LNN,LINDSAY CORP,right,18,2115
LNT,ALLIANT ENERGY CORP,left,2,2988
LNTH,LANTHEUS HOLDINGS INC,left,18,1766
LOB,LIVE OAK BANCSHARES INC,left,18,2901
LOCO,EL POLLO LOCO HLDGS INC,left,11,1416
LOGC,LOGICBIO THERAPEUTICS,left,18,3599
LOGM,LOGMEIN INC,left,18,3687
LOPE,GRAND CANYON EDUCATION,right,13,4210
LORL,LORAL SPACE & COMM,left,18,3774
LOVE,LOVESAC CO,left,18,3948
LOW,LOWES COS INC,left,18,4036
LPG,DORIAN LPG LTD,right,10,1242
LPI,LAREDO PETROLEUM INC,left,18,1853
LPLA,LPL FINANCIAL HOLDINGS,left,18,4123
LPSN,LIVEPERSON INC,left,18,3076
LPT,LIBERTY PROPERTY TRUST,right,17,4996
LPX,LOUISIANA PACIFIC CORP,left,18,3861
LRCX,LAM RESEARCH CORP,left,17,5258
LRN,K12 INC,right,16,3687
LSCC,LATTICE SEMICONDUCTOR,left,18,2028
LSI,LIFE STORAGE INC,right,17,5345
LSTR,LANDSTAR SYSTEMS INC,left,18,1591
LSXMA,LIBERTY SIRIUSXM SER A,right,17,5084
LSXMK,LIBERTY SIRIUSXM SER C,right,17,5171
LTC,LTC PROPERTIES INC,left,18,4385
LTRPA,LIBERTY TRIPADVISOR HLDG,right,17,5258
LTS,LADENBURG THALMAN FIN,left,17,4996
LTXB,LEGACYTEXAS FIN GROUP,right,17,2813
LULU,LULULEMON ATHLETICA INC,left,18,4473
LUV,SOUTHWEST AIRLINES CO,right,26,4734
LVS,LAS VEGAS SANDS CORP,left,18,1940
LW,LAMB WESTON HOLDINGS,left,18,1242
LWDA,LIWUIDA TECHNOLOGIES INC,right,18,2377
LWDT,LIWUIDITY SERVICES INC,right,18,2464
LXFR,LUXFER HOLDINGS,left,18,4909
LXP,LEXINGTON REALTY TRUST,right,17,3861
LXRX,LEXICON PHARMACEUTICALS,right,17,3774
LXU,LSB INDUSTRIES INC,left,18,4210
LYB,LYONDELLBASELL INDS,left,18,5171
LYV,LIVE NATION ENT INC,left,18,2813
LZB,LA Z BOY INC,left,17,4734
M,MACYS INC,left,19,1853
MA,MASTERCARD INC,right,18,5345
MAA,MID-AMER APT CMNTYS,right,19,2726
MAC,MACERICH CO,left,19,1329
MANH,MANHATTAN ASSOCS INC,right,18,2901
MANT,MANTECH INTERNATIONAL,right,18,3250
MAR,MARRIOTT INTL INC,right,18,4385
MAS,MASCO CORP,right,18,4996
MASI,MASIMO CORPORATION,right,18,5084
MAT,MATTEL INC,right,19,1766
MATW,MATTHEWS INTERNATIONAL,right,19,1853
MATX,MATSON INC,right,19,1679
MAXR,MAXAR TECHNOLOGIES INC,right,19,2028
MBI,MBIA INC,right,19,2464
MBII,MARRONE BIO INNOVATIONS,right,18,4560
MBIN,MERCHANTS BANCORP,left,19,4473
MBIO,MUSTANG BIO,left,20,3599
MBTF,MBT FINL CORP,right,19,2551
MBUU,MALIBU BOATS INC,left,19,2639
MBWM,MERCANTILE BANK CORP,left,19,4385
MC,MOELIS & CO,right,19,4734
MCB,METROPOLITAN BANK HOLDIN,left,20,1679
MCBC,MACATAWA BANK CORP,left,19,1242
MCD,MCDONALDS CORP,left,19,2813
MCFT,MASTERCRAFT BOAT HOLDING,right,19,1242
MCHP,MICROCHIP TECHNOLOGY,left,20,2377
MCHX,MARCHEX INC,right,18,3512
MCK,MCKESSON CORP,left,19,2988
MCO,MOODYS CORP,right,20,1853
MCRB,SERES THERAPEUTICS INC,right,26,2551
MCRI,MONARCH CASINO & RESORT,right,19,5258
MCRN,MILACRON HOLDINGS CORP,right,19,3337
MCS,MARCUS CORP,right,18,3687
MCY,MERCURY GENERAL CORP,left,19,4647
MD,MEDNAX INC,left,19,3861
MDC,MDC HOLDINGS INC,left,19,3163
MDCA,MDC CORP,left,19,3076
MDCO,MEDICINES CO,left,19,3512
MDGL,MADRIGAL PHARMACEUTICALS,left,19,2115
MDLZ,MONDELEZ INTERNATIONAL,right,19,5345
MDP,MEREDITH CORP,left,19,4822
MDR,MCDERMOTT INTL INC,left,19,2726
MDRX,ALLSCRIPTS HEALTHCARE,left,2,3337
MDSO,MEDIDATA SOLUTIONS INC,left,19,3687
MDT,MEDTRONIC PLC,left,19,4036
MDU,MDU RESOURCES GROUP INC,left,19,3250
MEC,MAYVILLE ENGINEERING,right,19,2377
MED,MEDIFAST INC,left,19,3774
MEDP,MEDPACE HOLDINGS INC,left,19,3948
MEET,THE MEET GROUP,left,29,1416
MEI,METHODE ELECTRS INC,left,20,1504
MEIP,MEI PHARMA INC,left,19,4123
MESA,MESA AIR GROUP INC,left,20,1242
MET,METLIFE INC,left,20,1591
METC,RAMACO RESOURCES INC,left,24,4734
MFA,MFA FINANCIAL INC,left,20,1853
MFIN,MEDALLION FINANCIAL,left,19,3337
MFNC,MACKINAC FINL CORP,left,19,1504
MFSF,MUTUALFIRST FINL INC,left,20,3687
MG,MISTRAS GROUP INC,right,19,3948
MGEE,MGE ENERGY INC,left,20,1940
MGLN,MAGELLAN HEALTH INC,left,19,2202
MGM,MGM RESORTS INTL,left,20,2115
MGNX,MACROGENICS INC,left,19,1766
MGPI,MGP INGREDIENTS INC,left,20,2202
MGRC,MCGRATH RENTCORP,left,19,2901
MGTA,MAGENTA THERAPEUTICS INC,left,19,2290
MGTX,MEIRAGTX HOLDINGS PLC,left,19,4210
MGY,MAGNOLIA OIL & GAS (A),left,19,2377
MHK,MOHAWK INDUSTRIES INC,right,19,4822
MHO,M/I HOMES INC,left,18,5345
MIC,MACWUARIE INFRASTRUCTURE,left,19,1679
MIDD,MIDDLEBY CORP,right,19,2813
MIK,MICHAELS COS INC/THE,left,20,2290
MINI,MOBILE MINI INC,right,19,4298
MITK,MITEK SYS INC,right,19,4036
MITT,AG MORTGAGE INVT TR INC,right,1,3076
MKC,MCCORMICK & CO INC,right,19,2639
MKL,MARKEL CORP,right,18,4036
MKSI,MKS INSTRUMENTS INC,right,19,4123
MKTX,MARKETAXESS HOLDINGS INC,right,18,4210
MLAB,MESA LABS INC,left,20,1329
MLHR,HERMAN MILLER INC,right,14,3861
MLI,MUELLER INDUSTRIES INC,left,20,3163
MLM,MARTIN MARIETTA MTLS,right,18,4822
MLND,MILLENDO THERAPEUTICS,right,19,3425
MLP,MAUI LAND & PINEAPPLE CO,right,19,1940
MLR,MILLER INDUSTRIES INC,right,19,3512
MLVF,MALVERN BANCORP INC,right,18,2726
MMAC,MMA CAPITAL HOLDINGS INC,right,19,4210
MMC,MARSH & MCLENNAN COS,right,18,4647
MMI,MARCUS & MILLICHAP,right,18,3599
MMM,3M CO,left,1,1766
MMS,MAXIMUS INC,right,19,2202
MMSI,MERIT MED SYSTEMS INC,left,19,5084
MNK,MALLINCKRODT PLC,right,18,2639
MNKD,MANNKIND CORP,right,18,3076
MNLO,MENLO THERAPEUTICS INC,left,19,4298
MNOV,MEDICINOVA INC,left,19,3599
MNR,MONMOUTH REAL ESTATE,right,20,1329
MNRL,BRIGHAM MINERALS,left,6,1504
MNRO,MONRO INC,right,20,1591
MNSB,MAINSTREET BANCSHARES,left,19,2464
MNST,MONSTER BEVERAGE CORP,right,20,1679
MNTA,MOMENTA PHARMACEUTICALS,right,19,5171
MO,ALTRIA GROUP INC,left,2,4473
MOBL,MOBILEIRON INC,right,19,4385
MOD,MODINE MANUFACTURING CO,right,19,4647
MODN,MODEL N INC,right,19,4473
MOFG,MIDWESTONE FINL GROUP,right,19,3250
MOG.A,MOOG INC,right,20,1940
MOH,MOLINA HEALTHCARE INC,right,19,4996
MORN,MORNINGSTAR INC,right,20,2115
MOS,MOSAIC COMPANY,right,20,2202
MOV,MOVADO GROUP INC,right,20,2464
MPAA,MOTORCAR PTS AMERICA INC,right,20,2290
MPB,MID PENN BANCORP INC,left,20,2726
MPC,MARATHON PETROLEUM CORP,right,18,3425
MPO,MIDSTATES PETROLEUM CO,right,19,3163
MPW,MEDICAL PROPERTIES TRUST,left,19,3425
MPWR,MONOLITHIC POWER SYSTEMS,right,20,1416
MPX,MARINE PRODUCTS CORP,right,18,3774
MR,MONTAGE RESOURCES CORP,right,20,1766
MRC,MRC GLOBAL INC,right,20,2639
MRCY,MERCURY SYSTEMS INC,left,19,4734
MRK,MERCK & CO INC,left,19,4560
MRKR,MARKER THERAPEUTICS INC,right,18,4123
MRLN,MARLIN BUSINESS SVCS,right,18,4298
MRNS,MARINUS PHARMACEUTICALS,right,18,3948
MRO,MARATHON OIL CORP,right,18,3337
MRSN,MERSANA THERAPEUTICS,left,19,5345
MRTN,MARTEN TRANS LTD,right,18,4734
MRTX,MIRATI THERAPEUTICS INC,right,19,3774
MRVL,MARVELL TECHNOLOGY GROUP,right,18,4909
MS,MORGAN STANLEY,right,20,2028
MSA,MSA SAFETY INC,right,20,2726
MSBI,MIDLAND STATES BANCORP,right,19,2988
MSCI,MSCI INC,left,20,2901
MSEX,MIDDLESEX WATER CO,right,19,2901
MSFT,MICROSOFT CORP,left,20,2551
MSG,MADISON SWUARE GARDEN CO,left,19,2028
MSGN,MSG NETWORKS INC,left,20,2988
MSI,MOTOROLA SOLUTIONS INC,right,20,2377
MSL,MIDSOUTH BANCORP INC,right,19,3076
MSM,MSC INDL DIRECT INC,left,20,2813
MSON,MISONIX INC,right,19,3861
MSTR,MICROSTRATEGY INC,left,20,2639
MTB,M & T BANK CORP,left,18,5258
MTCH,MATCH GROUP INC,right,19,1416
MTD,METTLER TOLEDO INTL INC,left,20,1766
MTDR,MATADOR RES CO,right,19,1329
MTEM,MOLECULAR TEMPLATES,right,19,4909
MTG,MGIC INVESTMENT CORP,left,20,2028
MTH,MERITAGE HOMES CORP,left,19,5171
MTN,VAIL RESORTS INC,right,30,2377
MTOR,MERITOR INC,left,19,5258
MTRN,MATERION CORPORATION,right,19,1504
MTRX,MATRIX SERVICE CO,right,19,1591
MTSC,MTS SYSTEMS CORP,left,20,3076
MTSI,MACOM TECH SOLUTIONS,left,19,1591
MTW,MANITOWOC CO INC,right,18,2988
MTX,MINERALS TECHNOLOGIES,right,19,3599
MTZ,MASTEC INC,right,18,5258
MU,MICRON TECHNOLOGY INC,left,20,2464
MUR,MURPHY OIL CORP,left,20,3425
MUSA,MURPHY USA INC,left,20,3512
MVBF,MVB FINANCIAL CORP,left,20,3774
MWA,MUELLER WTR PRODS INC,left,20,3250
MXIM,MAXIM INTEGRATED PRODS,right,19,2115
MXL,MAXLINEAR INC,right,19,2290
MYE,MYERS INDUSTRIES INC,left,20,3861
MYGN,MYRIAD GENETICS INC,left,20,4210
MYL,MYLAN NV,left,20,3948
MYOK,MYOKARDIA INC,left,20,4036
MYRG,MYR GROUP INC,left,20,4123
NANO,NANOMETRICS INC,left,20,4473
NAT,NORDIC AMERICAN TANKER,left,21,3425
NATH,NATHANS FAMOUS INC,left,20,4909
NATI,NATIONAL INSTRS CORP,left,21,1591
NATR,NATURES SUNSHINE PRODS,left,21,2464
NAV,NAVISTAR INTL CORP,left,21,2813
NAVI,NAVIENT CORPORATION,left,21,2639
NBEV,NEW AGE BEVERAGES CORP,right,20,4298
NBHC,NATIONAL BANK HOLDINGS,left,20,4996
NBIX,NEUROCRINE BIOSCIENCES,right,20,4036
NBL,NOBLE ENERGY INC,left,21,3250
NBN,NORTHEAST BANK,left,21,3774
NBR,NABORS INDUSTRIES LTD,left,20,4298
NBTB,NBT BANCORP INC,right,20,2813
NC,NACCO INDUSTRIES INC,left,20,4385
NCBS,NICOLET BANKSHARES INC,right,21,2290
NCI,NAVIGANT CONSULTING INC,left,21,2726
NCLH,NORWEGIAN CRUISE LINE,left,21,4734
NCMI,NATIONAL CINEMEDIA INC,left,20,5258
NCR,NCR CORP,right,20,2901
NCSM,NCS MULTISTAGE HOLD,right,20,2988
NDAW,NASDAW INC,left,20,4734
NDLS,NOODLES & COMPANY,left,21,3337
NDSN,NORDSON CORP,left,21,3512
NE,NOBLE CORPORATION PLC,left,21,3163
NEE,NEXTERA ENERGY INC,right,21,1853
NEM,NEWMONT GOLDCORP CORP,right,20,5345
NEO,NEOGENOMICS INC,right,20,3425
NEOG,NEOGEN CORP,right,20,3337
NERV,MINERVA NEUROSCIENCES,right,19,3687
NESR,NATIONAL ENERGY SERVICES,left,20,5345
NEU,NEWMARKET CORPORATION,right,20,5258
NEWM,NEW MEDIA INVT GROUP INC,right,20,4473
NEWR,NEW RELIC INC,right,20,4560
NFBK,NORTHFIELD BANCORP INC,left,21,4036
NFG,NATIONAL FUEL GAS CO,left,21,1242
NFLX,NETFLIX INC,right,20,3774
NG,NOVAGOLD RESOURCES INC,left,21,4909
NGHC,NATIONAL GEN HLDGS CORP,left,21,1329
NGM,NGM BIOPHARMACEUTICALS,right,21,2028
NGS,NATURAL GAS SERVICES GRP,left,21,2290
NGVC,NATURAL GROCERS VITA CTG,left,21,2377
NGVT,INGEVITY CORPORATION,right,15,3425
NHC,NATIONAL HEALTHCARE CORP,left,21,1504
NHI,NATIONAL HEALTH INVS INC,left,21,1416
NI,NISOURCE INC,right,21,2726
NIHD,NII HOLDINGS INC,right,21,2464
NINE,NINE ENERGY SERVICE INC,right,21,2639
NJR,NEW JERSEY RESOURCES,right,20,4385
NKE,NIKE INC,right,21,2551
NKSH,NATIONAL BANKSHARES INC,left,20,5084
NKTR,NEKTAR THERAPEUTICS,right,20,3163
NL,NL INDUSTRIES INC,right,21,2813
NLSN,NIELSEN HOLDINGS PLC,right,21,2377
NLY,ANNALY CAPITAL MGMT INC,left,3,1853
NMIH,NMI HLDGS INC,left,21,2988
NMRK,NEWMARK GROUP INC,right,20,5171
NNBR,NN INC,left,21,3076
NNI,NELNET INC,right,20,3250
NNN,NATIONAL RETAIL PPTYS,left,21,1940
NOC,NORTHROP GRUMMAN CORP,left,21,4210
NODK,NI HOLDINGS INC,right,21,2115
NOG,NORTHERN OIL & GAS INC,left,21,3861
NOV,NATIONAL OILWELL VARCO,left,21,1679
NOVT,NOVANTA INC,left,21,4996
NOW,SERVICENOW INC,right,26,2901
NP,NEENAH INC,right,20,3076
NPK,NATIONAL PRESTO INDS INC,left,21,1766
NPO,ENPRO INDUSTRIES INC,right,10,4385
NPTN,NEOPHOTONICS CORP,right,20,3599
NR,NEWPARK RESOURCES INC,right,21,1242
NRC,NATIONAL RESEARCH CORP,left,21,1853
NRCG,NRC GROUP HOLDINGS CORP,left,21,5345
NRE,NORTHSTAR REALTY EUROPE,left,21,4298
NRG,NRG ENERGY INC,left,22,1242
NRIM,NORTHRIM BANCORP INC,left,21,4123
NRZ,NEW RESIDENTIAL INVT,right,20,4647
NSA,NATIONAL STORAGE AFFIL,left,21,2028
NSC,NORFOLK SOUTHERN CORP,left,21,3687
NSIT,INSIGHT ENTERPRISES INC,right,15,4560
NSP,INSPERITY INC,right,15,4734
NSSC,NAPCO SEC TECHNOLOGIES,left,20,4647
NSTG,NANOSTRING TECH INC,left,20,4560
NTAP,NETAPP INC,right,20,3687
NTB,BANK OF NT BUTTERFIELD,right,4,1504
NTCT,NETSCOUT SYSTEMS INC,right,20,3948
NTGN,NEON THERAPEUTICS,right,20,3512
NTGR,NETGEAR INC,right,20,3861
NTLA,INTELLA THERAPEUTICS INC,right,16,1416
NTNX,NUTANIX INC,left,22,1591
NTRA,NATERA INC,left,20,4822
NTRS,NORTHERN TRUST CORP,left,21,3948
NUAN,NUANCE COMMUNICATIONS,left,22,1416
NUE,NUCOR CORP,left,22,1504
NUS,NU SKIN ENTERPRISES,left,22,1329
NUVA,NUVASIVE INC,left,22,1679
NVAX,NOVAVAX INC,left,21,5084
NVCR,NOVOCURE LTD,left,21,5171
NVDA,NVIDIA CORP,left,22,2028
NVEC,NVE CORP,left,22,1853
NVEE,NV= GLOBAL INC,left,22,1766
NVR,NVR INC,left,22,2115
NVRO,NEVRO CORP,right,20,4210
NVT,NVENT ELECTRIC PLC,left,22,1940
NVTA,INVITAE CORPORATION,left,16,4298
NWBI,NORTHWEST BANCSHARES INC,left,21,4385
NWE,NORTHWESTERN CORP,left,21,4647
NWFL,NORWOOD FINANCIAL CORP,left,21,4822
NWL,NEWELL BRANDS INC,right,20,5084
NWLI,NATIONAL WESTERN LIFE,left,21,2202
NWN,NORTHWEST NATURAL HLDG,left,21,4473
NWPX,NORTHWEST PIPE CO,left,21,4560
NWS,NEWS CORP CL B,right,21,1416
NWSA,NEWS CORP CL A,right,21,1329
NX,WUANEX BUILDING PRODUCTS,left,24,3337
NXGN,NEXTGEN HEALTHCARE INC,right,21,1940
NXRT,NEXPOINT RESIDENTIAL TR,right,21,1504
NXST,NEXSTAR MEDIA GROUP INC,right,21,1591
NYCB,NEW YORK CMNTY BANCORP,right,20,4822
NYMT,NEW YORK MTG TR INC,right,20,4909
NYNY,EMPIRE RESORTS INC,right,10,2813
NYT,NEW YORK TIMES CO,right,20,4996
O,REALTY INCOME CORP,left,25,2028
OAS,OASIS PETE INC,left,22,2377
OBNK,ORIGIN BANCORP,right,22,2551
OC,OWENS CORNING,left,22,3861
OCFC,OCEANFIRST FINANCIAL,left,22,2639
OCN,OCWEN FINANCIAL CORP,left,22,2901
OCUL,OCULAR THERAPEUTIX INC,left,22,2813
OCX,ONCOCYTE CORPORATION,right,21,5084
ODC,OIL DRI CORP OF AMERICA,right,21,3425
ODFL,OLD DOMINION FREIGHT,right,21,3687
ODP,OFFICE DEPOT INC,right,21,2988
ODT,ODONATE THERAPEUTICS INC,right,21,2901
OEC,ORION ENGINEERED CARBONS,right,22,2639
OFC,CORPORATE OFFICE PPTYS,right,8,3076
OFG,OFG BANCORP,right,21,3163
OFIX,ORTHOFIX MEDICAL INC,left,22,2988
OFLX,OMEGA FLEX INC,right,21,4385
OGE,OGE ENERGY CORP,right,21,3250
OGS,ONE GAS INC,right,21,5171
OHI,OMEGA HEALTHCARE INVS,right,21,4473
OI,OWENS ILLINOIS INC,left,22,3948
OII,OCEANEERING INTL INC,left,22,2551
OIS,OIL STATES INTERNATIONAL,right,21,3512
OKE,ONEOK INC,right,22,1242
OKTA,OKTA INC,right,21,3599
OLBK,OLD LINE BANCSHARES INC,right,21,3774
OLED,UNIVERSAL DISPLAY CORP,right,29,4473
OLLI,OLLIES BARGAIN OUTLET,right,21,4210
OLN,OLIN CORP,right,21,4123
OLP,ONE LIBERTY PROPERTIES,right,21,5258
OMC,OMNICOM GROUP INC,right,21,4734
OMCL,OMNICELL INC,right,21,4647
OMER,OMEROS CORP,right,21,4560
OMF,ONEMAIN HOLDINGS INC,right,21,5345
OMI,OWENS & MINOR INC,left,22,3774
OMN,OMNOVA SOLUTIONS INC,right,21,4822
ON,ON SEMICONDUCTOR CORP,right,21,4996
ONB,OLD NATIONAL BANCORP,right,21,3861
ONCE,SPARK THERAPEUTICS INC,right,26,5171
ONDK,ON DECK CAPITAL INC,right,21,4909
OOMA,OOMA INC,right,22,1504
OPB,OPUS BK IRVINE CALIF,right,22,2028
OPBK,OP BANCORP,right,22,1591
OPI,OFFICE PPTY INCOME TRUST,right,21,3076
OPK,OPKO HEALTH INC,right,22,1679
OPRX,OPTIMIZERX CORP,right,22,1853
OPTN,OPTINOSE INC,right,22,1940
OPY,OPPENHEIMER HOLDINGS INC,right,22,1766
ORA,ORMAT TECHNOLOGIES INC,right,22,2813
ORBC,ORBCOMM INC,right,22,2290
ORC,ORCHID ISLAND CAPITAL,right,22,2377
ORCL,ORACLE CORP,right,22,2115
ORI,OLD REPUBLIC INTL CORP,right,21,3948
ORIT,ORITANI FINANCIAL CORP,right,22,2726
ORLY,O REILLY AUTOMOTIVE INC,left,22,2202
ORRF,ORRSTOWN FINL SVCS INC,right,22,2901
OSBC,OLD SECOND BANCORP INC,right,21,4036
OSG,OVERSEAS SHIPHOLDING INC,left,22,3599
OSIS,OSI SYSTEMS INC,left,22,3250
OSK,OSHKOSH CORP,left,22,3163
OSMT,OSMOTICA PHARMACEUTICALS,left,22,3337
OSPN,ONESPAN INC,right,22,1329
OSTK,OVERSTOCK COM INC,left,22,3687
OSUR,ORASURE TECHNOLOGIES INC,right,22,2202
OSW,ONESPAWORLD HOLDINGS,right,22,1416
OTTR,OTTER TAIL CORP,left,22,3425
OUT,OUTFRONT MEDIA INC,left,22,3512
OVBC,OHIO VY BANC CORP,right,21,3337
OVLY,OAK VALLEY BANCORP,left,22,2290
OXM,OXFORD INDUSTRIES INC,left,22,4036
OXY,OCCIDENTAL PETE CORP,left,22,2464
OZK,BANK OZK,right,4,1679
OZM,OCH-ZIFF CAPITAL MGMT,left,22,2726
PACB,PACIFIC BIOSCIENCES CA,left,22,4385
PACD,PACIFIC DRILLING LTD,left,22,4560
PACW,PACWEST BANCORP,left,22,4996
PAG,PENSKE AUTOMOTIVE GROUP,right,22,5084
PAHC,PHIBRO ANIMAL HEALTH,right,23,2726
PANW,PALO ALTO NETWORKS INC,left,22,5258
PAR,PAR TECHNOLOGY CORP,left,23,1504
PARR,PAR PACIFIC HOLDINGS INC,left,23,1416
PATK,PATRICK INDS INC,left,23,2726
PAYC,PAYCOM SOFTWARE INC,right,22,3076
PAYS,PAYSIGN INC,right,22,3337
PAYX,PAYCHEX INC,right,22,2988
PB,PROSPERITY BANCSHARES,right,23,4385
PBCT,PEOPLES UNITED FINANCIAL,right,23,1416
PBF,PBF ENERGY INC,right,22,3425
PBH,PRESTIGE CONSUMER HEALTH,left,24,2726
PBI,PITNEY BOWES INC,left,23,3948
PBIP,PRUDENTIAL BANCORP INC,right,23,5171
PBPB,POTBELLY CORPORATION,left,24,1329
PBYI,PUMA BIOTECHNOLOGY INC,right,24,1766
PCAR,PACCAR INC,left,22,4298
PCB,PACIFIC CITY FINANCIAL,left,22,4473
PCG,PG&E CORP,right,23,2464
PCH,POTLATCHDELTIC CORP,left,24,1416
PCMI,PCM INC,right,22,3512
PCRX,PACIRA BIOSCIENCES,left,22,4822
PCSB,PCSB FINANCIAL CORP,right,22,3599
PCTY,PAYLOCITY HLDG CORP,right,22,3163
PCYO,PURECYCLE CORP,right,24,1940
PDCE,PDC ENERGY INC,right,22,3687
PDCO,PATTERSON COS INC,left,23,2901
PDFS,PDF SOLUTIONS INC,right,22,3774
PDLB,PDL COMMUNITY BANCORP,right,22,3948
PDLI,PDL BIOPHARMA INC,right,22,3861
PDM,PIEDMONT OFFICE RLTY TR,left,23,3337
PE,PARSLEY ENERGY INC,left,23,2464
PEB,PEBBLEBROOK HOTEL TRUST,right,22,4298
PEBK,PEOPLES BANCORP N C INC,right,23,1242
PEBO,PEOPLES BANCORP INC,right,22,5345
PEG,PUBLIC SVC ENTERPRISE,right,24,1504
PEGA,PEGASYSTEMS INC,right,22,4385
PEGI,PATTERN ENERGY GROUP INC,left,23,2813
PEI,PENNSYLVANIA REAL ESTATE,right,22,4822
PEN,PENUMBRA INC,right,22,5258
PENN,PENN NATIONAL GAMING INC,right,22,4473
PEP,PEPSICO INC,right,23,1591
PETS,PETMED EXPRESS INC,right,23,2202
PETX,ARATANA THERAPEUTICS INC,left,3,4385
PFBC,PREFERRED BANK,left,24,2290
PFBI,PREMIER FINL BANCORP INC,left,24,2464
PFE,PFIZER INC,right,23,2377
PFG,PRINCIPAL FINANCIAL GRP,right,23,3337
PFGC,PERFORMANCE FOOD GROUP,right,23,1766
PFIS,PEOPLES FINL SVCS CORP,right,23,1329
PFNX,PFENEX INC,right,23,2290
PFPT,PROOFPOINT INC,right,23,4123
PFS,PROVIDENT FINANCIAL SVCS,right,23,4996
PFSI,PENNYMAC FINL SVCS INC,right,22,4909
PG,PROCTER & GAMBLE CO,right,23,3687
PGC,PEAPACK-GLADSTONE FINL,right,22,4210
PGNX,PROGENICS PHARMACEUTICAL,right,23,3774
PGR,PROGRESSIVE CORP,right,23,3948
PGRE,PARAMOUNT GROUP INC,left,23,1591
PGTI,PGT INNOVATIONS INC,right,23,2551
PH,PARKER HANNIFIN CORP,left,23,2377
PHAS,PHASEBIO PHARMACEUTICALS,right,23,2639
PHM,PULTEGROUP INC,right,24,1679
PHUN,PHUNWARE INC,left,23,3076
PHX,PANHANDLE OIL AND GAS,left,23,1242
PI,IMPINJ INC,right,15,2377
PICO,PICO HOLDINGS INC,left,23,3250
PII,POLARIS INDUSTRIES INC,left,23,4822
PINC,PREMIER INC,left,24,2551
PIRS,PIERIS PHARMACEUTICALS,left,23,3425
PJC,PIPER JAFFRAY COMPANIES,left,23,3861
PJT,PJT PARTNERS INC,left,23,4036
PK,PARK HOTELS & RESORTS,left,23,1940
PKBK,PARKE BANCORP INC,left,23,2202
PKD,PARKER DRILLING ORD,left,23,2290
PKE,PARK ELECTROCHEMICAL,left,23,1853
PKG,PACKAGING CORP OF AMER,left,22,4909
PKI,PERKINELMER INC,right,23,1853
PKOH,PARK OHIO HOLDINGS CORP,left,23,2115
PLAB,PHOTRONICS INC,right,23,2988
PLAY,DAVE & BUSTERS ENTMT INC,left,9,4560
PLCE,CHILDRENS PLACE INC,left,7,3687
PLD,PROLOGIS INC,right,23,4036
PLMR,PALOMAR HOLDINGS,left,22,5345
PLNT,PLANET FITNESS INC,left,23,4123
PLOW,DOUGLAS DYNAMICS INC,right,10,1416
PLPC,PREFORMED LINE PRODUCTS,left,24,2377
PLSE,PULSE BIOSCIENCES INC,right,24,1591
PLT,PLANTRONICS INC,left,23,4210
PLUG,PLUG POWER INC,left,23,4473
PLUS,EPLUS INC,right,11,1504
PLXS,PLEXUS CORP,left,23,4385
PM,PHILIP MORRIS INTL,right,23,2813
PMBC,PACIFIC MERCANTILE BANCO,left,22,4647
PMT,PENNYMAC MORTGAGE INV,right,22,4996
PNC,PNC FINANCIAL SVCS GROUP,left,23,4647
PNFP,PINNACLE FINANCIAL,left,23,3599
PNM,PNM RESOURCES INC,left,23,4734
PNR,PENTAIR PLC,right,22,5171
PNRG,PRIMEENERGY RESOURCES,left,24,3076
PNW,PINNACLE WEST CAPITAL CO,left,23,3687
PODD,INSULET CORP,right,15,5258
POL,POLYONE CORP,left,23,4996
POOL,POOL CORP,left,23,5084
POR,PORTLAND GEN ELEC CO,left,23,5258
POST,POST HOLDINGS INC,left,24,1242
POWI,POWER INTEGRATIONS INC,left,24,1591
POWL,POWELL INDUSTRIES INC,left,24,1504
PPBI,PACIFIC PREMIER BANCORP,left,22,4734
PPC,PILGRIMS PRIDE CORP,left,23,3512
PPG,PPG INDUSTRIES INC,left,24,1679
PPL,PPL CORP,left,24,1766
PRA,PROASSURANCE CORP,right,23,3599
PRAA,PRA GROUP INC,left,24,1940
PRAH,PRA HEALTH SCIENCES INC,left,24,2028
PRFT,PERFICIENT INC,right,23,1679
PRGO,PERRIGO CO PLC,right,23,1940
PRGS,PROGRESS SOFTWARE CORP,right,23,3861
PRGX,PRGX GLOBAL INC,left,24,2813
PRI,PRIMERICA INC,right,23,3076
PRIM,PRIMORIS SVCS CORP,right,23,3250
PRK,PARK NATIONAL CORP,left,23,2028
PRLB,PROTO LABS INC,right,23,4734
PRMW,PRIMO WTR CORP,right,23,3163
PRNB,PRINCIPIA BIOPHARMA,right,23,3425
PRO,PROS HOLDINGS INC,right,23,4298
PROV,PROVIDENT FINL HLDGS INC,right,23,5084
PRPL,PURPLE INNOVATION INC,right,24,2028
PRSC,PROVIDENCE SERVICE CORP,right,23,4822
PRTA,PROTHENA CORP PLC,right,23,4647
PRTH,PRIORITY TECHNOLOGY,right,23,3512
PRTK,PARATEK PHARMACEUTICALS,left,23,1679
PRTY,PARTY CITY HOLDCO INC,left,23,2639
PRU,PRUDENTIAL FINANCIAL INC,right,23,5258
PS,PLURALSIGHT INC,left,23,4560
PSA,PUBLIC STORAGE INC,right,24,1416
PSB,PS BUSINESS PARKS INC,right,23,5345
PSDO,PRESIDIO INC,left,24,2639
PSMT,PRICESMART INC,left,24,2988
PSTG,PURE STORAGE INC,right,24,1853
PSX,PHILLIPS 33,right,23,2901
PTC,PTC INC,right,24,1242
PTCT,PTC THERAPEUTICS INC,right,24,1329
PTE,POLARITYTE INC,left,23,4909
PTEN,PATTERSON UTI ENERGY,left,23,2988
PTGX,PROTAGONIST THERAPEUTICS,right,23,4473
PTLA,PORTOLA PHARMACEUTICALS,left,23,5345
PTN,PALATIN TECHNOLOGIES INC,left,22,5171
PTSI,P A M TRANSN SVCS INC,left,22,4123
PTVCB,PROTECTIVE INSURANCE (B),right,23,4560
PUB,PEOPLES UTAH BANCORP,right,23,1504
PUMP,PROPETRO HOLDING CO,right,23,4210
PVAC,PENN VIRGINIA CORP,right,22,4560
PVBC,PROVIDENT BANCORP INC,right,23,4909
PVH,PVH CORP,right,24,2115
PWG,PW GROUP HOLDINGS INC,left,24,1853
PWOD,PENNS WOODS BANCORP INC,right,22,4734
PWR,WUANTA SERVICES INC,left,24,3425
PXD,PIONEER NAT RESOURCES CO,left,23,3774
PYPL,PAYPAL HOLDINGS INC,right,22,3250
PYX,PYXUS INTERNATIONAL INC,right,24,2202
PZN,PZENA INVESTMENT MGMT,right,24,2290
PZZA,PAPA JOHNS INTERNATIONAL,left,23,1329
R,RYDER SYSTEM INC,left,25,5084
RAD,RITE AID CORP,right,25,2290
RAMP,LIVERAMP HOLDINGS INC,left,18,3163
RARE,ULTRAGENYX PHARMA,left,30,1504
RARX,RA PHARMACEUTICALS INC,left,24,4123
RAVN,RAVEN INDUSTRIES INC,left,24,5084
RBB,RBB BANCORP,left,25,1329
RBBN,RIBBON COMMUNICATIONS,right,25,1766
RBC,REGAL BELOIT CORP,left,25,2901
RBCAA,REPUBLIC BANCORP INC KY,right,24,4210
RBNC,RELIANT BANCORP INC,right,24,3599
RC,READY CAPITAL CORP,left,25,1766
RCII,RENT A CENTER INC,right,24,3948
RCKT,ROCKET PHARMACEUTICALS,right,25,2988
RCKY,ROCKY BRANDS INC,left,25,3250
RCL,ROYAL CARIBBEAN CRUISES,left,25,3948
RCM,R1 RCM INC,left,24,4036
RCUS,ARCUS BIOSCIENCES,left,3,5084
RDFN,REDFIN CORP,left,25,2726
RDI,READING INTERNATIONAL,left,25,1679
RDN,RADIAN GROUP INC,left,24,4210
RDNT,RADNET INC,left,24,4473
RDUS,RADIUS HEALTH INC,left,24,4385
RE,EVEREST RE GROUP LTD,left,11,4123
RECN,RESOURCES CONNECTION,right,24,4647
REG,REGENCY CENTERS CORP,left,25,2988
REGI,RENEWABLE ENER GROUP INC,right,24,3861
REGN,REGENERON PHARMACEUTICAL,left,25,3076
REI,RING ENERGY INC,right,25,2115
REPH,RECRO PHARMA INC,left,25,2202
REPL,REPLIMUNE GROUP INC,right,24,4123
RES,RPC INC,left,25,4123
RESI,FRONT YARD RESIDENTIAL,right,12,4647
RETA,REATE PHARMACEUTICALS,left,25,2115
REV,REVLON INC,right,24,5345
REVG,REV GROUP INC,right,24,5171
REX,REX AMERICAN RESOURCES,right,25,1242
REXR,REXFORD INDUSTRIAL RLTY,right,25,1329
REZI,RESIDEO TECHNOLOGIES,right,24,4473
RF,REGIONS FINANCIAL CORP,right,24,3250
RFL,RAFAEL HOLDINGS,left,24,4560
RGA,REINSURANCE GRP OF AMER,right,24,3425
RGCO,RGC RES INC,right,25,1504
RGEN,REPLIGEN CORP,right,24,4036
RGLD,ROYAL GOLD INC,left,25,4036
RGNX,REGENXBIO INC,left,25,3163
RGR,STURM RUGER & CO INC,left,28,1766
RGS,REGIS CORP,right,24,3337
RHI,ROBERT HALF INTL INC,right,25,2901
RHP,RYMAN HOSPITALITY PPTYS,left,25,5258
RHT,RED HAT INC,left,25,2290
RICK,RCI HOSPITALITY HLDGS,left,25,1504
RIG,TRANSOCEAN LTD,right,28,4909
RIGL,RIGEL PHARMACEUTICALS,right,25,1853
RILY,B. RILEY FINANCIAL INC,left,4,4298
RJF,RAYMOND JAMES FINANCIAL,left,24,5171
RL,RALPH LAUREN CORP,left,24,4647
RLGT,RADIANT LOGISTICS INC,left,24,4298
RLGY,REALOGY HOLDINGS CORP,left,25,1853
RLH,RED LION HOTELS CORP,left,25,2377
RLI,RLI CORP,right,25,2464
RLJ,RLJ LODGING TR,right,25,2551
RM,REGIONAL MGMT CORP,right,24,3163
RMAX,RE/MAX HOLDINGS INC,left,25,1591
RMBS,RAMBUS INC,left,24,4822
RMD,RESMED INC,right,24,4560
RMNI,RIMINI STREET INC,right,25,2028
RMR,RMR GROUP INC,right,25,2639
RMTI,ROCKWELL MEDICAL INC,right,25,3163
RNET,RIGNET INC,right,25,1940
RNG,RINGCENTRAL INC,right,25,2202
RNR,RENAISSANCERE HOLDINGS,right,24,3687
RNST,RENASANT CORP,right,24,3774
ROAD,CONSTRUCTION PARTNERS,left,8,5345
ROAN,ROAN RESOURCES,right,25,2813
ROCK,GIBRALTAR INDUSTRIES INC,left,13,5171
ROG,ROGERS CORP,left,25,3337
ROIC,RETAIL OPPORTUNITY INVTS,right,24,4822
ROK,ROCKWELL AUTOMATION INC,right,25,3076
ROKU,ROKU INC,left,25,3425
ROL,ROLLINS INC,left,25,3512
ROLL,RBC BEARINGS INC,left,25,1416
ROP,ROPER TECHNOLOGIES INC,left,25,3599
ROSE,ROSEHILL RESOURCES INC,left,25,3687
ROST,ROSS STORES INC,left,25,3861
RP,REALPAGE INC,left,25,1940
RPAI,RETAIL PPTYS AMER INC,right,24,4909
RPD,RAPID5 INC,left,24,4996
RPM,RPM INTERNATIONAL INC,left,25,4210
RPT,RPT REALTY,left,25,4298
RRBI,RED RIVER BANCSHARES,left,25,2464
RRC,RANGE RESOURCES CORP,left,24,4909
RRD,DONNELLEY R R & SONS CO,right,9,5345
RRGB,RED ROBIN GOURMET BURGER,left,25,2551
RRR,RED ROCKS RESORTS INC,left,25,2639
RRTS,ROADRUNNER TRNSN SVCS,right,25,2726
RS,RELIANCE STEEL & ALUM,right,24,3512
RSG,REPUBLIC SERVICES INC,right,24,4385
RST,ROSETTA STONE INC,left,25,3774
RTEC,RUDOLPH TECHNOLOGIES INC,left,25,4734
RTIX,RTI SURGICAL HOLDINGS,left,25,4385
RTN,RAYTHEON CO,left,25,1242
RTRX,RETROPHIN INC,right,24,5084
RTW,RTW RETAILWINDS INC,left,25,4473
RUBI,RUBICON PROJ INC,left,25,4560
RUBY,RUBIUS THERAPEUTICS,left,25,4647
RUN,SUNRUN INC,left,28,2377
RUSHA,RUSH ENTERPRISES INC,left,25,4822
RUSHB,RUSH ENTERPRISES INC,left,25,4909
RUTH,RUTH'S HOSPITALITY GROUP,left,25,4996
RVI,RETAIL VALUE INC,right,24,4996
RVNC,REVANCE THERAPEUTICS INC,right,24,5258
RVSB,RIVERVIEW BANCORP INC,right,25,2377
RWT,REDWOOD TRUST INC,left,25,2813
RXN,REXNORD CORP,right,25,1416
RYAM,RAYONIER ADV MATERIALS,left,24,5258
RYI,RYERSON HOLDING CORP,left,25,5171
RYN,RAYONIER INC,left,24,5345
RYTM,RHYTHM PHARMACEUTICALS,right,25,1679
S,SPRINT CORP,right,27,2464
SABR,SABRE CORP,left,26,1416
SAFE,SAFEHOLD INC,left,26,1679
SAFM,SANDERSON FARMS INC,left,26,2377
SAFT,SAFETY INSURANCE GRP INC,left,26,1766
SAGE,SAGE THERAPEUTICS INC,left,26,1940
SAH,SONIC AUTOMOTIVE INC,right,26,3425
SAIA,SAIA INC,left,26,2028
SAIC,SCIENCE APPLICATIONS INT,right,25,4123
SAIL,SAILPOINT TECHNOLOGIES,left,26,2115
SALT,SCORPIO BULKERS INC,right,25,4298
SAM,BOSTON BEER INC,left,5,4385
SAMG,SILVERCREST ASSET MNGMT,left,26,4996
SANM,SANMINA CORPORATION,left,26,2813
SASR,SANDY SPRING BANCORP,left,26,2551
SATS,ECHOSTAR CORP,left,10,4647
SAVE,SPIRIT AIRLS INC,right,27,1766
SB,SAFE BULKERS INC,left,26,1504
SBAC,SBA COMMUNICATIONS CORP,right,25,3250
SBBP,STRONGBRIDGE BIOPHARMA,left,28,1591
SBBX,SB ONE BANCORP,left,26,3250
SBCF,SEACOAST BANKING CORP FL,right,25,4734
SBGI,SINCLAIR BROADCAST GROUP,left,27,1329
SBH,SALLY BEAUTY HOLDINGS,left,26,2290
SBNY,SIGNATURE BANK,left,26,4473
SBOW,SILVERBOW RESOURCES,left,26,4909
SBRA,SABRA HEALTH CARE REIT,left,26,1329
SBSI,SOUTHSIDE BANCSHARES INC,right,26,4647
SBT,STERLING BANCORP INC,left,27,4822
SBUX,STARBUCKS CORP,left,27,3774
SC,SANTANDER CNSMR USA HLDG,left,26,2901
SCCO,SOUTHERN COPPER CORP,right,26,4298
SCHL,SCHOLASTIC CORP,right,25,3861
SCHN,SCHNITZER STEEL INDS,right,25,3687
SCHW,SCHWAB CHARLES CORP,right,25,3948
SCI,SERVICE CORP INTL,right,26,2726
SCL,STEPAN CO,left,27,4473
SCOR,COMSCORE INC,left,8,3512
SCS,STEELCASE INC,left,27,4298
SCSC,SCANSOURCE INC,right,25,3337
SCVL,SHOE CARNIVAL INC,left,26,3599
SCWX,SECUREWORKS CORP,right,26,1242
SD,SANDRIDGE ENERGY INC,left,26,2464
SDRL,SEADRILL LIMITED,right,25,4996
SEAS,SEAWORLD ENTMT INC,right,25,5345
SEB,SEABOARD CORP,right,25,4647
SEE,SEALED AIR CORP,right,25,5084
SEIC,SEI INVESTMENTS CO,right,26,1329
SEM,SELECT MEDICAL HOLDINGS,right,26,1679
SEMG,SEMGROUP CORP,right,26,1853
SENEA,SENECA FOODS CORP,right,26,2115
SENS,SENSEONICS HOLDINGS INC,right,26,2377
SERV,SERVICEMASTER GLOBAL,right,26,2813
SF,STIFEL FINANCIAL CORP,left,27,5084
SFBS,SERVISFIRST BANCSHARES,right,26,2988
SFE,SAFEGUARD SCIENTIFICS,left,26,1591
SFIX,STITCH FIX CLASS A,left,27,5171
SFL,SHIP FINANCE INTL,left,26,3425
SFLY,SHUTTERFLY INC,left,26,3861
SFM,SPROUTS FRMRS MKT INC,right,27,2551
SFNC,SIMMONS FIRST NATIONAL,left,26,5084
SFST,SOUTHERN FIRST BANCSHARE,right,26,4385
SGA,SAGA COMMUNICATIONS INC,left,26,1853
SGC,SUPERIOR GROUP OF CO,left,28,2726
SGEN,SEATTLE GENETICS INC,right,25,5258
SGH,SMART GLOBAL HOLDINGS,left,27,2551
SGMO,SANGAMO THERAPEUTICS INC,left,26,2726
SGMS,SCIENTIFIC GAMES CORP,right,25,4210
SGRY,SURGERY PARTNERS INC,left,28,2901
SHAK,SHAKE SHACK INC,right,26,3076
SHBI,SHORE BANCSHARES INC,left,26,3687
SHEN,SHENANDOAH TELECOMM CO,right,26,3250
SHO,SUNSTONE HOTEL INVS INC,left,28,2464
SHOO,MADDEN STEVEN LTD,left,19,1940
SHSP,SHARPSPRING INC,right,26,3163
SHW,SHERWIN WILLIAMS CO,left,26,3337
SIC,SELECT INTERIOR CONCEPTS,right,26,1591
SIEB,SIEBERT FINANCIAL CORP,left,26,4123
SIEN,SIENTRA INC,left,26,4210
SIG,SIGNET JEWELERS LTD,left,26,4560
SIGA,SIGA TECHNOLOGIES INC,left,26,4385
SIGI,SELECTIVE INSURANCE GRP,right,26,1766
SILK,SILK ROAD MEDICAL,left,26,4822
SIRI,SIRIUS XM HOLDINGS INC,left,27,1416
SITC,SITE CENTERS CORPORATION,left,27,1504
SITE,SITEONE LANDSCAPE SUPPLY,left,27,1591
SIVB,SVB FINANCIAL GROUP,left,28,3163
SIX,SIX FLAGS ENTMT CORP,left,27,1679
SJI,SOUTH JERSEY INDUSTRIES,right,26,3948
SJM,SMUCKER J M CO,left,27,2988
SJW,SJW GROUP,left,27,1766
SKT,TANGER FACTORY OUTLET,right,27,5345
SKX,SKECHERS USA INC,left,27,1853
SKY,SKYLINE CHAMPION CORP,left,27,1940
SKYW,SKYWEST INC,left,27,2028
SLAB,SILICON LABORATORIES INC,left,26,4734
SLB,SCHLUMBERGER LTD,right,25,3512
SLCA,U S SILICA HLDGS INC,left,29,4909
SLCT,SELECT BANCORP INC,right,26,1416
SLDB,SOLID BIOSCIENCES INC,left,27,3337
SLG,SL GREEN REALTY CORP,left,27,2202
SLGN,SILGAN HOLDINGS INC,left,26,4647
SLM,SLM CORP,left,27,2377
SLP,SIMULATIONS PLUS INC,left,27,1242
SM,SM ENERGY CO,left,27,2464
SMBC,SOUTHERN MO BANCORP INC,right,26,4473
SMBK,SMARTFINANCIAL INC,left,27,2726
SMG,SCOTTS MIRACLE-GRO CO,right,25,4473
SMHI,SEACOR MARINE HOLDINGS,right,25,4909
SMMF,SUMMIT FINANCIAL GROUP,left,28,1853
SMP,STANDARD MOTOR PRODUCTS,left,27,3512
SMPL,SIMPLY GOOD FOODS,left,26,5258
SMTA,SPIRIT MTA REIT,right,27,1853
SMTC,SEMTECH CORP,right,26,2028
SNA,SNAP ON INC,left,27,3076
SNBR,SLEEP NUMBER CORPORATION,left,27,2290
SNCR,SYNCHRONOSS TECHNOLOGY,right,27,3687
SND,SMART SAND INC,left,27,2639
SNDR,SCHNEIDER NATIONAL INC,right,25,3599
SNDX,SYNDAX PHARMACEUTICALS,right,27,3861
SNH,SENIOR HOUSING PPTYS TR,right,26,2202
SNPS,SYNOPSYS INC,right,27,4210
SNR,NEW SR INVT GROUP INC,right,20,4734
SNV,SYNOVUS FINANCIAL CORP,right,27,4298
SNX,SYNNEX CORP,right,27,4123
SO,SOUTHERN CO,right,26,4210
SOI,SOLARIS OILFIELD,left,27,3163
SOLY,SOLITON INC,right,26,3337
SON,SONOCO PRODUCTS CO,right,26,3599
SONA,SOUTHERN NATL BANCORP,right,26,4560
SONM,SONIM TECHNOLOGIES,right,26,3512
SONO,SONOS INC,right,26,3687
SP,SP PLUS CORPORATION,right,26,4996
SPAR,SPARTAN MOTORS INC,right,26,5258
SPB,SPECTRUM BRANDS HOLDINGS,right,27,1242
SPFI,SOUTH PLAINS FINANCIAL,right,26,4036
SPG,SIMON PROPERTY GROUP INC,left,26,5171
SPGI,S&P GLOBAL INC,left,26,1242
SPKE,SPARK ENERGY INC,right,26,5084
SPLK,SPLUNK INC,right,27,2115
SPN,SUPERIOR ENERGY SERVICES,left,28,2639
SPNE,SEASPINE HOLDINGS CORP,right,25,5171
SPOK,SPOK HOLDINGS INC,right,27,2202
SPOT,SPOTIFY TECHNOLOGY SA,right,27,2377
SPPI,SPECTRUM PHARMACEUTICALS,right,27,1329
SPR,SPIRIT AEROSYSTEMS,right,27,1679
SPRO,SPERO THERAPEUTICS INC,right,27,1504
SPSC,SPS COMM INC,right,27,2639
SPTN,SPARTANNASH COMPANY,right,26,5345
SPWH,SPORTSMANS WHSE HLDGS,right,27,2290
SPWR,SUNPOWER CORP,left,28,2290
SPXC,SPX CORP,right,27,2726
SR,SPIRE INC,right,27,1591
SRC,SPIRIT RLTY CAP INC,right,27,2028
SRCE,1ST SOURCE CORP,left,1,1416
SRCI,SRC ENERGY INC,right,27,2988
SRCL,STERICYCLE INC,left,27,4560
SRDX,SURMODICS INC,left,28,2988
SRE,SEMPRA ENERGY,right,26,1940
SRG,SERITAGE GROWTH PROP,right,26,2639
SRI,STONERIDGE INC,left,27,5345
SRNE,SORRENTO THERAPEUTICS,right,26,3774
SRPT,SAREPTA THERAPEUTICS INC,left,26,2988
SRRK,SCHOLAR ROCK HOLDING,right,25,3774
SRT,STARTEK INC,left,27,3861
SSB,SOUTH STATE CORPORATION,right,26,4123
SSD,SIMPSON MANUFACTURING,left,26,5345
SSNC,SS&C TECHNOLOGIES HLDGS,right,27,3076
SSP,SCRIPPS E W CO,right,25,4560
SSTK,SHUTTERSTOCK INC,left,26,3948
SSYS,STRATASYS LTD,left,28,1329
ST,SENSATA TECHNOLOGIES,right,26,2290
STAA,STAAR SURGICAL CO,right,27,3250
STAG,STAG INDL INC,right,27,3337
STAR,ISTAR INC,left,17,1242
STAY,EXTENDED STAY AMERICA,left,12,2028
STBA,S & T BANCORP INC,left,25,5345
STC,STEWART INFORMATION,left,27,4996
STE,STERIS PLC,left,27,4647
STFC,STATE AUTO FINANCIAL,left,27,4036
STI,SUNTRUST BANKS INC,left,28,2551
STIM,NEURONETICS INC,right,20,4123
STL,STERLING BANCORP,left,27,4734
STLD,STEEL DYNAMICS INC,left,27,4210
STML,STEMLINE THERAPEUTICS,left,27,4385
STMP,STAMPS COM INC,left,27,3425
STNG,SCORPIO TANKERS INC,right,25,4385
STOR,STORE CAPITAL CORP,left,28,1242
STRA,STRATEGIC EDUCATION INC,left,28,1416
STRL,STERLING CONSTRUCTION CO,left,27,4909
STRO,SUTRO BIOPHARMA,left,28,3076
STRS,STRATUS PPTYS INC,left,28,1504
STT,STATE STREET CORP,left,27,4123
STWD,STARWOOD PPTY TRUST INC,left,27,3948
STXB,SPIRIT OF TEXAS BNCSHRES,right,27,1940
STZ,CONSTELLATION BRANDS,left,8,5171
SUI,SUN COMMUNITIES INC,left,28,2115
SUM,SUMMIT MATLS INC,left,28,2028
SUPN,SUPERNUS PHARMACEUTICALS,left,28,2813
SVRA,SAVARA INC,left,26,3163
SW,SWUARE INC,right,27,2901
SWAV,SHOCKWAVE MEDICAL,left,26,3512
SWCH,SWITCH INC,left,28,3337
SWK,STANLEY BLACK & DECKER,left,27,3687
SWKS,SKYWORKS SOLUTIONS INC,left,27,2115
SWM,SCHWEITZER-MAUDUIT INTL,right,25,4036
SWN,SOUTHWESTERN ENERGY CO,right,26,4909
SWX,SOUTHWEST GAS HOLDINGS,right,26,4822
SXC,SUNCOKE ENERGY INC,left,28,2202
SXI,STANDEX INTERNATIONAL,left,27,3599
SXT,SENSIENT TECHNOLOGIES,right,26,2464
SYBT,STOCK YARDS BANCORP INC,left,27,5258
SYBX,SYNLOGIC INC,right,27,4036
SYF,SYNCHRONY FINANCIAL,right,27,3774
SYK,STRYKER CORP,left,28,1679
SYKE,SYKES ENTERPRISES INC,left,28,3425
SYMC,SYMANTEC CORP,right,27,3425
SYNA,SYNAPTICS INC,right,27,3599
SYNH,SYNEOS HEALTH INC,right,27,3948
SYNL,SYNALLOY CORP,right,27,3512
SYRS,SYROS PHARMACEUTICALS,right,27,4473
SYX,SYSTEMAX INC,right,27,4647
SYY,SYSCO CORP,right,27,4560
T,AT&T INC,right,3,4298
TACO,DEL TACO RESTAURANTS INC,left,9,5171
TALO,TALOS ENERGY INC,right,27,5171
TAP,MOLSON COORS BREWING CO,right,19,5084
TAST,CARROLS RESTAURANT GRP,left,6,5084
TBBK,BANCORP INC,left,4,4996
TBI,TRUEBLUE INC,right,29,2901
TBIO,TRANSLATE BIO INC,right,28,4734
TBK,TRIUMPH BANCORP INC,right,29,2639
TBNK,TERRITORIAL BANCORP INC,left,28,4210
TBPH,THERAVANCE BIOPHARMA INC,left,29,1766
TCBI,TEXAS CAPITAL BANCSHARES,left,28,4647
TCBK,TRICO BANCSHARES,right,29,1766
TCDA,TRICIDA INC,right,29,1679
TCF,TCF FINANCIAL CORP,right,28,1766
TCFC,COMMUNITY FINL CORP MD,left,8,2813
TCI,TRANSCONTINENTAL REALTY,right,28,4473
TCMD,TACTILE SYSTEMS TECH,right,27,4909
TCO,TAUBMAN CENTERS INC,right,28,1591
TCRR,TCR2 THERAPEUTICS,right,28,1853
TCS,THE CONTAINER STORE GRP,left,28,5345
TCX,TUCOWS INC,right,29,3512
TDC,TERADATA CORP,left,28,3774
TDG,TRANSDIGM GROUP INC,right,28,4560
TDOC,TELADOC HEALTH INC,right,28,2639
TDS,TELEPHONE & DATA SYSTEMS,right,28,3076
TDW,TIDEWATER INC,left,29,2202
TDY,TELEDYNE TECHNOLOGIES,right,28,2813
TEAM,ATLASSIAN CORP PLC,right,3,5171
TECD,TECH DATA CORP,right,28,2115
TECH,BIO-TECHNE CORP,right,5,1416
TELL,TELLURIAN INC,right,28,3163
TEN,TENNECO INC,left,28,3687
TENB,TENABLE HOLDINGS,right,28,3337
TER,TERADYNE INC,left,28,3861
TERP,TERRAFORM POWER INC,left,28,4036
TESS,TESSCO TECHNOLOGIES INC,left,28,4385
TEX,TEREX CORP,left,28,3948
TFSL,TFS FINL CORP,left,28,5084
TFX,TELEFLEX INC,right,28,2901
TG,TREDEGAR CORP,right,28,5345
TGH,TEXTAINER GROUP HLDGS,left,28,4909
TGI,TRIUMPH GROUP INC,right,29,2726
TGNA,TEGNA INC,right,28,2464
TGT,TARGET CORP,right,28,1416
TGTX,TG THERAPEUTICS INC,left,28,5171
TH,TARGET HOSPITALITY (A),right,28,1504
THC,TENET HEALTHCARE CORP,left,28,3512
THFF,FIRST FINANCIAL CORP,left,12,2639
THG,HANOVER INSURANCE GROUP,left,14,4385
THO,THOR INDUSTRIES INC,left,29,2115
THR,THERMON GROUP HLDGS INC,left,29,1940
THRM,GENTHERM INC,left,13,4473
THS,TREEHOUSE FOODS INC,right,29,1242
TIF,TIFFANY & CO,left,29,2290
TILE,INTERFACE INC,right,16,2115
TIPT,TIPTREE INC,left,29,2813
TISI,TEAM INC,right,28,2028
TITN,TITAN MACHINERY INC,left,29,2988
TIVO,TIVO CORPORATION,left,29,3163
TJX,TJX COMPANIES INC,left,29,3250
TK,TEEKAY CORP,right,28,2290
TKR,TIMKEN CO,left,29,2639
TLRA,TELARIA INC,right,28,2726
TLRD,TAILORED BRANDS INC,right,27,4996
TLYS,TILLYS INC,left,29,2464
TMDX,TRANSMEDICS GROUP,right,28,4822
TMHC,TAYLOR MORRISON HOME II,right,28,1679
TMK,TORCHMARK CORP,right,28,3687
TMO,THERMO FISHER SCIENTIFIC,left,29,1853
TMP,TOMPKINS FINANCIAL CORP,left,29,3512
TMST,TIMKENSTEEL CORPORATION,left,29,2726
TMUS,T-MOBILE US INC,right,28,3425
TNAV,TELENAV INC,right,28,2988
TNC,TENNANT CO,left,28,3599
TNDM,TANDEM DIABETES CARE INC,right,27,5258
TNET,TRINET GROUP INC,right,29,2028
TNK,TEEKAY TANKERS LTD,right,28,2377
TOCA,TOCAGEN INC,left,29,3337
TOL,TOLL BROTHERS INC,left,29,3425
TORC,RESTORBIO INC,right,24,4734
TOWN,TOWNEBANK PORTSMOUTH VA,right,28,4036
TOWR,TOWER INTERNATIONAL INC,right,28,3948
TPB,TURNING POINT BRANDS INC,left,29,3687
TPC,TUTOR PERINI CORP,left,29,3861
TPCO,TRIBUNE PUBLISHING CO,right,29,1591
TPH,TRI POINTE GROUP INC,right,29,1416
TPIC,TPI COMPOSITES INC,right,28,4210
TPR,TAPESTRY INC,right,28,1242
TPRE,THIRD POINT REINSURANCE,left,29,2028
TPTX,TURNING PT THERAPEUTICS,left,29,3774
TPX,TEMPUR SEALY INTL INC,right,28,3250
TR,TOOTSIE ROLL INDUSTRIES,right,28,3512
TRC,TEJON RANCH CO,right,28,2551
TRCO,TRIBUNE MEDIA CO,right,29,1504
TREC,TRECORA RESOURCES,right,28,5258
TREE,LENDINGTREE INC,right,17,3337
TREX,TREX INC,right,29,1329
TRGP,TARGA RESOURCES INC,right,28,1329
TRHC,TABULA RASA HEALTHCARE,right,27,4822
TRIP,TRIPADVISOR INC,right,29,2290
TRK,SPEEDWAY MOTORSPORTS INC,right,27,1416
TRMB,TRIMBLE INC,right,29,1940
TRMK,TRUSTMARK CORP,right,29,3250
TRN,TRINITY INDUSTRIES INC,right,29,2115
TRNO,TERRENO REALTY CORP,left,28,4123
TRNS,TRANSCAT INC,right,28,4385
TROW,PRICE T ROWE GROUP INC,left,24,2901
TROX,TRONOX HOLDINGS PLC,right,29,2813
TRS,TRIMAS CORP,right,29,1853
TRST,TRUSTCO BANK CORP NY,right,29,3163
TRTN,TRITON INTERNATIONAL LTD,right,29,2551
TRTX,TPG RE FINANCE TRUST,right,28,4123
TRUE,TRUECAR INC,right,29,2988
TRUP,TRUPANION INC,right,29,3076
TRV,TRAVELERS COS INC,right,28,5084
TRWH,TWIN RIVER WORLDWIDE,left,29,4123
TRXC,TRANSENTERIX INC,right,28,4647
TSBK,TIMBERLAND BANCORP INC,left,29,2551
TSC,TRISTATE CAP HLDGS INC,right,29,2464
TSCO,TRACTOR SUPPLY CO,right,28,4298
TSE,TRINSEO SA,right,29,2202
TSLA,TESLA INC,left,28,4298
TSN,TYSON FOODS INC,left,29,4647
TSS,TOTAL SYSTEM SERVICES,right,28,3861
TTC,TORO CO,right,28,3774
TTD,THE TRADE DESK INC,left,29,1504
TTEC,TTEC HOLDINGS INC,right,29,3337
TTEK,TETRA TECH INC,left,28,4473
TTGT,TECHTARGET INC,right,28,2202
TTI,TETRA TECHNOLOGIES INC,left,28,4560
TTMI,TTM TECHNOLOGIES INC,right,29,3425
TTS,TILE SHOP HLDGS INC,left,29,2377
TTWO,TAKE-TWO INTERACTIVE,right,27,5084
TUP,TUPPERWARE BRANDS CORP,left,29,3599
TUSK,MAMMOTH ENERGY SERVICES,right,18,2813
TVTY,TIVITY HEALTH INC,left,29,3076
TWI,TITAN INTERNATIONAL INC,left,29,2901
TWIN,TWIN DISC INC,left,29,4036
TWLO,TWILIO INC,left,29,3948
TWNK,HOSTESS BRANDS INC,left,15,3163
TWO,TWO HBRS INVT CORP,left,29,4385
TWOU,2U INC,left,1,1591
TWST,TWIST BIOSCIENCE,left,29,4210
TWTR,TWITTER INC,left,29,4298
TXMD,THERAPEUTICSMD INC,left,29,1679
TXN,TEXAS INSTRUMENTS INC,left,28,4734
TXRH,TEXAS ROADHOUSE INC,left,28,4822
TXT,TEXTRON INC,left,28,4996
TYL,TYLER TECHNOLOGIES INC,left,29,4473
TYPE,MONOTYPE IMAGING HLDG,right,20,1504
UA,UNDER ARMOUR CLASS C,left,30,1940
UAA,UNDER ARMOUR CLASS A,left,30,1853
UAL,UNITED AIRLINES HOLDINGS,left,30,2551
UBA,URSTADT BIDDLE PPTYS INS,right,30,1591
UBER,UBER TECHNOLOGIES,left,29,5084
UBFO,UNITED SECURITY BANC,left,30,3425
UBNK,UNITED FINANCIAL BANCORP,left,30,2901
UBNT,UBIWUITI NETWORKS INC,left,29,5171
UBSI,UNITED BANKSHARES INC,left,30,2639
UBX,UNITY BIOTECHNOLOGY,right,29,4210
UCBI,UNITED COMMUNITY BANKS,left,30,2813
UCFC,UNITED CMNTY FINL CO,left,30,2726
UCTT,ULTRA CLEAN HOLDINGS INC,left,30,1416
UDR,UDR INC,left,29,5258
UE,URBAN EDGE PROPERTIES,right,30,1329
UEC,URANIUM ENERGY CORP,right,30,1242
UEIC,UNIVERSAL ELECTRONICS,right,29,4560
UFCS,UNITED FIRE GROUP INC,left,30,2988
UFI,UNIFI INC,left,30,2028
UFPI,UNIVERSAL FOREST PRODS,right,29,4647
UFPT,UFP TECHNOLOGIES INC,left,29,5345
UFS,DOMTAR CORPORATION,right,9,4996
UGI,UGI CORP,left,30,1242
UHS,UNIVERSAL HEALTH SVCS,right,29,4822
UHT,UNIVERSAL HEALTH REALTY,right,29,4734
UIHC,UNITED INS HLDGS CORP,left,30,3076
UIS,UNISYS CORP,left,30,2377
ULH,UNIVERSAL LOGISTICS HLDG,right,29,4996
ULTA,ULTA BEAUTY INC,left,30,1329
UMBF,UMB FINANCIAL CORP,left,30,1591
UMH,UMH PROPERTIES INC,left,30,1679
UMPW,UMPWUA HOLDINGS CORP,left,30,1766
UNB,UNION BANKSHARES INC,left,30,2202
UNF,UNIFIRST CORP MASS,left,30,2115
UNFI,UNITED NATURAL FOODS INC,left,30,3163
UNH,UNITEDHEALTH GROUP INC,right,29,3861
UNIT,UNITI GROUP INC,right,29,3948
UNM,UNUM GROUP,right,29,5171
UNP,UNION PACIFIC CORP,left,30,2290
UNT,UNIT CORP,left,30,2464
UNTY,UNITY BANCORP INC,right,29,4123
UNVR,UNIVAR INC,right,29,4298
UPLD,UPLAND SOFTWARE INC,right,29,5258
UPS,UNITED PARCEL SERVICE,left,30,3250
URBN,URBAN OUTFITTERS INC,right,30,1416
URGN,UROGEN PHARMA,right,30,1504
URI,UNITED RENTALS INC,left,30,3337
USAT,USA TECHNOLOGIES INC,right,30,2028
USB,US BANCORP,right,30,1679
USCR,U S CONCRETE INC,left,29,4734
USFD,US FOODS HOLDING CORP,right,30,1853
USLM,UNITED STATES LIME & MIN,left,30,3599
USM,UNITED STATES CELLULAR,left,30,3512
USNA,USANA HEALTH SCIENCES,right,30,2115
USPH,U S PHYSICAL THERAPY INC,left,29,4822
USWS,U.S. WELL SERVICES,left,29,4996
USX,US XPRESS ENTERPRISES,right,30,1940
UTHR,UNITED THERAPEUTICS,right,29,3774
UTL,UNITIL CORP,right,29,4036
UTMD,UTAH MED PRODS INC,right,30,2202
UTX,UNITED TECHNOLOGIES,right,29,3687
UUUU,ENERGY FUELS INC,right,10,3774
UVE,UNIVERSAL INSURANCE,right,29,4909
UVSP,UNIVEST FINANCIAL CORPOR,right,29,5084
UVV,UNIVERSAL CORP,right,29,4385
V,VISA INC,left,31,2377
VAC,MARRIOTT VAC WORLD CORP,right,18,4473
VALU,VALUE LINE INC,right,30,2813
VAR,VARIAN MEDICAL SYSTEMS,right,30,3250
VBIV,VBI VACCINES INC,right,30,3425
VBTX,VERITEX HOLDINGS,left,30,4560
VC,VISTEON CORP,left,31,2726
VCEL,VERICEL CORP,left,30,4210
VCRA,VOCERA COMMUNICATIONS,left,31,3076
VCYT,VERACYTE INC,left,30,4036
VEC,VECTRUS INC,right,30,3599
VECO,VEECO INSTRUMENTS INC,left,30,3687
VEEV,VEEVA SYSTEMS INC,left,30,3774
VER,VEREIT INC,left,30,4123
VFC,V F CORP,right,30,2290
VG,VONAGE HLDGS CORP,left,31,3163
VGR,VECTOR GROUP LTD,right,30,3512
VHC,VIRNETX HOLDING CORP,left,31,2028
VHI,VALHI INC,right,30,2551
VIA,VIACOM INC CL A,left,30,5258
VIAB,VIACOM INC CL B,left,30,5345
VIAV,VIAVI SOLUTIONS INC,left,31,1416
VICI,VICI PROPERTIES INC,left,31,1504
VICR,VICOR CORP,left,31,1591
VIRT,VIRTU FINL INC,left,31,2115
VIVO,MERIDIAN BIOSCIENCE INC,left,19,4996
VKTX,VIKING THERAPEUTICS INC,left,31,1766
VLGEA,VILLAGE SUPER MARKET INC,left,31,1853
VLO,VALERO ENERGY CORP,right,30,2464
VLY,VALLEY NATIONAL BANCORP,right,30,2639
VMC,VULCAN MATERIALS CO,left,31,3599
VMI,VALMONT INDUSTRIES INC,right,30,2726
VMW,VMWARE INC,left,31,2988
VNCE,VINCE HOLDING CORP,left,31,1940
VNDA,VANDA PHARMACEUTICALS,right,30,2988
VNO,VORNADO REALTY TRUST,left,31,3250
VOYA,VOYA FINANCIAL INC,left,31,3337
VPG,VISHAY PRECISION GROUP,left,31,2551
VRA,VERA BRADLEY INC,left,30,3948
VRAY,VIEWRAY INC,left,31,1679
VRCA,VERRICA PHARMACEUTICALS,left,30,4909
VREX,VAREX IMAGING,right,30,3163
VRNS,VARONIS SYSTEMS INC,right,30,3337
VRNT,VERINT SYS INC,left,30,4298
VRRM,VERRA MOBILITY CORP,left,30,4822
VRS,VERSO CORPORATION,left,30,4996
VRSK,VERISK ANALYTICS INC,left,30,4473
VRSN,VERISIGN INC,left,30,4385
VRTS,VIRTUS INVESTMENT PTNRS,left,31,2202
VRTU,VIRTUSA CORP,left,31,2290
VRTV,VERITIV CORPORATION,left,30,4647
VRTX,VERTEX PHARMACEUTICALS,left,30,5171
VSAT,VIASAT INC,left,31,1329
VSEC,VSE CORP,left,31,3512
VSH,VISHAY INTERTECHNOLOGY,left,31,2464
VSLR,VIVINT SOLAR INC,left,31,2901
VSM,VERSUM MATERIALS,left,30,5084
VST,VISTRA ENERGY CORP,left,31,2813
VSTO,VISTA OUTDOOR INC,left,31,2639
VTR,VENTAS INC,left,30,3861
VVI,VIAD CORP,left,31,1242
VVV,VALVOLINE INC,right,30,2901
VYGR,VOYAGER THERAPEUTICS INC,left,31,3425
VZ,VERIZON COMMUNICATIONS,left,30,4734
W,WAYFAIR INC,right,31,1416
WAAS,AWUAVENTURE HOLDINGS LTD,left,3,4210
WAB,WABTEC CORP,right,30,3948
WABC,WESTAMERICA BANCORP,right,31,2901
WADA,WAD INC,right,24,2464
WAFD,WASHINGTON FED INC,right,30,4647
WAGE,WAGEWORKS INC,right,30,4123
WAIR,WESCO AIRCRAFT HLDGS INC,right,31,2551
WAL,WESTERN ALLIANCE BANCORP,right,31,2988
WASH,WASHINGTON TRUST BANCORP,right,30,4909
WAT,WATERS CORP,right,30,5084
WATT,ENERGOUS CORP,right,10,3687
WBA,WALGREENS BOOTS ALLIANCE,right,30,4298
WBC,WABCO HOLDINGS INC,right,30,3861
WBS,WEBSTER FINANCIAL CORP,right,31,1591
WCC,WESCO INTERNATIONAL INC,right,31,2639
WCG,WELLCARE HEALTH PLANS,right,31,2115
WCOM,WUALCOMM INC,left,24,3163
WCRH,WCR HOLDINGS INC,right,24,2551
WD,WALKER & DUNLOP INC,right,30,4385
WDAY,WORKDAY INC,left,32,1504
WDC,WESTERN DIGITAL CORP,right,31,3163
WDEL,WUIDEL CORP,left,24,3687
WDFC,WD-00 CO,right,31,1504
WDR,WADDELL & REED FINANCIAL,right,30,4036
WEC,WEC ENERGY GROUP INC,right,31,1679
WELL,WELLTOWER INC,right,31,2290
WEN,THE WENDY'S COMPANY,left,29,1591
WEP,WEP RESOURCES INC,right,24,2639
WERN,WERNER ENTERPRISES INC,right,31,2377
WETF,WISDOMTREE INVTS INC,left,32,1242
WEX,WEX INC,right,31,3687
WEYS,WEYCO GROUP INC,left,31,3774
WFC,WELLS FARGO & CO,right,31,2202
WGEN,WIAGEN NV,right,24,2726
WGO,WINNEBAGO INDUSTRIES INC,left,31,5258
WH,WYNDHAM HOTELS & RESORTS,left,32,2551
WHD,CACTUS INC,right,5,4734
WHG,WESTWOOD HOLDINGS GROUP,right,31,3599
WHR,WHIRLPOOL CORP,left,31,3948
WIFI,BOINGO WIRELESS INC,left,5,3687
WINA,WINMARK CORP,left,31,5171
WING,WINGSTOP INC,left,31,5084
WIRE,ENCORE WIRE CORP,right,10,3337
WK,WORKIVA INC,left,32,1591
WLDN,WILLDAN GROUP INC,left,31,4473
WLFC,WILLIS LEASE FINANCE,left,31,4822
WLH,WILLIAM LYON HOMES,left,31,4560
WLK,WESTLAKE CHEMICAL CORP,right,31,3425
WLL,WHITING PETROLEUM CORP,left,31,4210
WLTW,WILLIS TOWERS WATSON PLC,left,31,4909
WLYS,WUALYS INC,left,24,3250
WM,WASTE MGMT INC,right,30,4996
WMB,WILLIAMS COMPANIES INC,left,31,4647
WMC,WESTERN ASSET MTG CAP,right,31,3076
WMGI,WRIGHT MEDICAL GROUP N V,left,32,2290
WMK,WEIS MARKETS INC,right,31,1940
WMS,ADVANCED DRAINAGE SYSTEM,right,1,1591
WMT,WALMART INC,right,30,4473
WNC,WABASH NATIONAL CORP,right,30,3774
WNEB,WESTERN NEW ENGLAND,right,31,3250
WNST,WUINSTREET INC,left,24,3774
WOR,WORTHINGTON INDUSTRIES,left,32,2028
WP,WORLDPAY INC,left,32,1940
WPC,W P CAREY INC,left,31,3687
WPG,WASHINGTON PRIME GROUP,right,30,4734
WPX,WPX ENERGY INC,left,32,2115
WRB,BERKLEY W R CORP,right,4,3861
WRE,WASHINGTON REAL ESTATE,right,30,4822
WRI,WEINGARTEN RLTY INVS,right,31,1853
WRK,WESTROCK CO,right,31,3512
WRLD,WORLD ACCEPTANCE CORP,left,32,1679
WRTC,WRAP TECHNOLOGIES,left,32,2202
WRTEA,WURATE RETAIL INC,left,24,3948
WRVO,WORVO INC,right,24,2813
WSBC,WESBANCO INC,right,31,2464
WSBF,WATERSTONE FINANCIAL INC,right,30,5171
WSC,WILLSCOT CORPORATION,left,31,4996
WSFS,WSFS FINANCIAL CORP,left,32,2377
WSM,WILLIAMS SONOMA INC,left,31,4734
WSO,WATSCO INC,right,30,5345
WSR,WHITESTONE REIT,left,31,4123
WST,WEST PHARMACEUTICAL SVCS,right,31,2813
WTBA,WEST BANCORPORATION INC,right,31,2726
WTFC,WINTRUST FINANCIAL CORP,left,31,5345
WTI,W&T OFFSHORE INC,right,30,3687
WTM,WHITE MTNS INS GROUP LTD,left,31,4036
WTR,AWUA AMERICA INC,left,3,4036
WTRE,WATFORD HOLDINGS,right,30,5258
WTRH,WAITR HOLDINGS INC,right,30,4210
WTRX,WUANTERIX CORPORATION,left,24,3512
WTS,WTS REALTY TRUST INC,right,24,2901
WTTR,SELECT ENERGY SERVICES,right,26,1504
WTWO,W2 HLDGS INC,right,24,2377
WU,WESTERN UNION CO,right,31,3337
WUAD,WUAD / GRAPHICS INC,right,24,2988
WUOT,WUOTIENT TECHNOLOGY INC,left,24,3861
WVE,WAVE LIFE SCIENCES LTD,right,31,1329
WW,WEIGHT WATCHERS INTL INC,right,31,1766
WWD,WOODWARD INC,left,32,1416
WWE,WORLD WRESTLING ENTMNT,left,32,1853
WWW,WOLVERINE WORLD WIDE,left,32,1329
WY,WEYERHAEUSER CO,left,31,3861
WYND,WYNDHAM DESTINATIONS INC,left,32,2464
WYNN,WYNN RESORTS LTD,left,32,2639
X,UNITED STATES STEEL CORP,right,29,3599
XAN,EXANTAS CAPITAL CORP,left,11,5345
XBIT,XBIOTECH INC,left,32,2813
XEC,CIMAREX ENERGY CO,left,7,4822
XEL,XCEL ENERGY INC,left,32,2901
XELA,EXELA TECHNOLOGIES,left,12,1242
XENT,INTERSECT ENT INC,left,16,2813
XERS,XERIS PHARMACEUTICALS,left,32,3163
XFOR,X0 PHARMACEUTICALS INC,left,32,2726
XHR,XENIA HOTELS & RESORTS,left,32,3076
XLNX,XILINX INC,left,32,3337
XLRN,ACCELERON PHARMA INC,left,1,3425
XNCR,XENCOR INC,left,32,2988
XOG,EXTRACTION OIL & GAS INC,right,11,2202
XOM,EXXON MOBIL CORP,right,11,2377
XON,INTREXON CORP,left,16,3337
XPER,XPERI CORPORATION,left,32,3425
XPO,XPO LOGISTICS INC,left,32,3512
XRAY,DENTSPLY SIRONA INC,left,10,1766
XRX,XEROX CORP,left,32,3250
XXII,22ND CENTURY GROUP INC,left,1,1504
XYL,XYLEM INC,left,32,3599
Y,ALLEGHANY CORP,left,2,2290
YCBD,CBDMD INC,right,6,2464
YELP,YELP INC,left,32,3687
YETI,YETI HOLDINGS,right,31,3774
YEXT,YEXT INC,right,31,3861
YGYI,YOUNGEVITY INTERNATIONAL,right,31,4036
YMAB,Y-MABS THERAPEUTICS,left,32,3774
YORW,YORK WATER COMPANY,right,31,3948
YRCW,YRC WORLDWIDE INC,right,31,4123
YUM,YUM! BRANDS INC,right,31,4298
YUMC,YUM CHINA HOLDINGS INC,right,31,4210
Z,ZILLOW GROUP INC CLASS C,right,31,4822
ZAGG,ZAGG INC,right,31,4385
ZAYO,ZAYO GROUP HOLDINGS INC,right,31,4473
ZBH,ZIMMER BIOMET HOLDINGS,right,31,4909
ZBRA,ZEBRA TECHNOLOGIES CORP,right,31,4560
ZEN,ZENDESK INC,right,31,4647
ZEUS,OLYMPIC STEEL INC,right,21,4298
ZG,ZILLOW GROUP INC CLASS A,right,31,4734
ZGNX,ZOGENIX INC,right,31,5345
ZION,ZION BANCORPORATION NA,right,31,4996
ZIOP,ZIOPHARM ONCOLOGY INC,right,31,5084
ZIXI,ZIX CORP,right,31,5171
ZNGA,ZYNGA INC,right,32,1679
ZTS,ZOETIS INC,right,31,5258
ZUMZ,ZUMIEZ INC,right,32,1329
ZYNE,ZYNERBA PHARMACEUTICALS,right,32,1504
