symbol,company,side,page,row_top
A,AGILENT TECHNOLOGIES INC,right,1,3687
AA,ALCOA CORPORATION,left,2,1416
AAC,AAC HOLDINGS INC,left,1,2115
AAL,AMERICAN AIRLINES GROUP,right,2,1416
AAN,AARONS INC,left,1,2377
AAOI,APPLIED OPTOELECTRONICS,left,3,2901
AAON,AAON INC,left,1,2202
AAP,ADVANCE AUTO PARTS INC,right,1,1766
AAPL,APPLE INC,left,3,2639
AAT,AMERICAN ASSETS TRST INC,right,2,1504
AAWW,ATLAS AIR WORLDWIDE HLDG,right,3,4036
AAXN,AXON ENTERPRISE INC,left,4,2115
ABAX,ABAXIS INC,left,1,2464
ABBV,ABBVIE INC,left,1,2639
ABC,AMERISOURCEBERGEN CORP,right,2,3687
ABCB,AMERIS BANCORP,right,2,3512
ABCD,CAMBIUM LEARNING GRP INC,right,5,5084
ABCO,ADVISORY BOARD CO,right,1,2464
ABEO,ABEONA THERAPEUTICS INC,left,1,2726
ABG,ASBURY AUTOMOTIVE GROUP,right,3,1766
ABM,ABM INDUSTRIES INC,left,1,2988
ABMD,ABIOMED INC,left,1,2901
ABT,ABBOTT LABORATORIES,left,1,2551
ABTX,ALLEGIANCE BANCSHARES,left,2,2464
AC,ASSOCIATED CAPITAL GROUP,right,3,2639
ACAD,ACADIA PHARMACEUTICALS,left,1,3425
ACBI,ATLANTIC CAPITAL INC,right,3,3861
ACC,AMERICAN CAMPUS COMMUN,right,2,1679
ACCO,ACCO BRANDS CORP,left,1,3948
ACET,ACETO CORP,left,1,4123
ACGL,ARCH CAP GROUP LTD,left,3,3861
ACHC,ACADIA HEALTHCARE CO,left,1,3337
ACHN,ACHILLION PHARM,left,1,4298
ACIA,ACACIA COMMUNICATIONS,left,1,3163
ACIW,ACI WORLDWIDE INC,left,1,4385
ACLS,AXCELIS TECHNOLOGIES INC,left,4,1853
ACN,ACCENTURE PLC IRELAND,left,1,3774
ACNB,ACNB CORP,left,1,4560
ACOR,ACORDA THERAPEUTICS INC,left,1,4647
ACRE,ARES COML REAL ESTATE,left,3,4647
ACRS,ACLARIS THERAPEUTICS,left,1,4473
ACTA,ACTUA CORPORATION,left,1,4822
ACTG,ACACIA RESEARCH CORP,left,1,3250
ACXM,ACXIOM CORP,left,1,5171
ADBE,ADOBE SYSTEMS INC,right,1,1416
ADC,AGREE REALTY CORP,right,1,4036
ADES,ADVANCED EMISSIONS SLTNS,right,1,2028
ADI,ANALOG DEVICES INC,right,2,4822
ADM,ARCHER DANIELS MIDLAND,left,3,4036
ADMS,ADAMAS PHARMACEUTICALS,left,1,5258
ADNT,ADIENT PLC,right,1,1329
ADP,AUTOMATIC DATA PROCESS,right,3,4909
ADRO,ADURO BIOTECH INC,right,1,1679
ADS,ALLIANCE DATA SYSTEMS,left,2,2901
ADSK,AUTODESK INC,right,3,4822
ADSW,ADVANCED DISPOSAL SVCS,right,1,1853
ADTN,ADTRAN INC,right,1,1591
ADUS,ADDUS HOMECARE CORP,right,1,1242
ADXS,ADVAXIS INC,right,1,2377
AE,ADAMS RESOURCES & ENERGY,left,1,5345
AEE,AMEREN CORP,right,2,1242
AEGN,AEGION CORP,right,1,2639
AEIS,ADVANCED ENERGY INDS INC,right,1,2115
AEL,AMERICAN EQUITY INVST,right,2,1940
AEO,AMERICAN EAGLE OUTFITTER,right,2,1766
AEP,AMERICAN ELECTRIC POWER,right,2,1853
AERI,AERIE PHARMACEUTICALS,right,1,2726
AES,AES CORP,right,1,3076
AET,AETNA INC,right,1,3163
AF,ASTORIA FINANCIAL CORP,right,3,3076
AFAM,ALMOST FAMILY INC,left,2,3599
AFG,AMERICAN FINANCIAL GROUP,right,2,2115
AFH,ATLAS FINANCIAL HOLDINGS,right,3,4123
AFI,ARMSTRONG FLOORING INC,left,3,5258
AFL,AFLAC INC,right,1,3337
AFSI,AMTRUST FINL SVCS,right,2,4647
AGCO,AGCO CORP,right,1,3512
AGEN,AGENUS INC,right,1,3599
AGFS,AGROFRESH SOLUTIONS INC,right,1,4123
AGII,ARGO GROUP INTL,left,3,4822
AGIO,AGIOS PHARMACEUTICALS,right,1,3861
AGM,FEDERAL AGRIC MTG CO,left,12,1591
AGN,ALLERGAN PLC,left,2,2726
AGNC,AGNC INVESTMENT,right,1,3948
AGO,ASSURED GUARANTY LTD,right,3,2813
AGR,AVANGRID INC,right,3,5258
AGX,ARGAN INC,left,3,4734
AGYS,AGILYSYS INC,right,1,3774
AHH,ARMADA HOFFLER PPTYS INC,left,3,5084
AHL,ASPEN INSURANCE HOLDINGS,right,3,2290
AHP,ASHFORD HOSP PRIME,right,3,2028
AHT,ASHFORD HOSPITALITY,right,3,2115
AI,ARLINGTON ASSET INVT,left,3,4996
AIG,AMERICAN INTL GROUP,right,2,2290
AIMC,ALTRA INDUSTRIAL MOTION,left,2,4385
AIMT,AIMMUNE THERAPEUTICS INC,right,1,4210
AIN,ALBANY INTERNATIONAL,right,1,5345
AIR,AAR CORP,left,1,2290
AIT,APPLIED INDUSTRIAL TECH,left,3,2726
AIV,APARTMENT INVT & MGMT,left,3,2202
AIZ,ASSURANT INC,right,3,2726
AKAM,AKAMAI TECHNOLOGIES,right,1,4734
AKAO,ACHAOGEN INC,left,1,4210
AKBA,AKEBIA THERAPEUTICS INC,right,1,4822
AKR,ACADIA REALTY TRUST,left,1,3512
AKRX,AKORN INC,right,1,4909
AKS,AK STEEL HOLDING CORP,right,1,4647
AKTS,AKOUSTIS TECHNOLOGIES,right,1,4996
AL,AIR LEASE CORP,right,1,4298
ALB,ALBEMARLE CORP,left,2,1329
ALCO,ALICO INC,left,2,2028
ALDR,ALDER BIOPHARMACEUTICALS,left,2,1504
ALE,ALLETE INC,left,2,2813
ALEX,ALEXANDER & BALDWIN INC,left,2,1679
ALG,ALAMO GROUP INC,right,1,5084
ALGN,ALIGN TECHNOLOGY INC,left,2,2115
ALGT,ALLEGIANT TRAVEL CO,left,2,2551
ALK,ALASKA AIR GROUP INC,right,1,5258
ALKS,ALKERMES PLC,left,2,2202
ALL,ALLSTATE CORP,left,2,3425
ALLE,ALLEGION PLC,left,2,2639
ALLY,ALLY FINL INC,left,2,3512
ALNY,ALNYLAM PHARMACEUTICALS,left,2,3687
ALOG,ANALOGIC CORP,right,2,4909
ALR,ALERE INC,left,2,1591
ALRD,AEROLET ROCKETDYNE HLDGS,right,1,2901
ALRM,ALARM.COM HOLDINGS INC,right,1,5171
ALSN,ALLISON TRANSMISSION,left,2,3250
ALX,ALEXANDERS INC,left,2,1766
ALXN,ALEXION PHARMACEUTICALS,left,2,1940
AMAG,AMAG PHARMACEUTICALS INC,left,2,4560
AMAT,APPLIED MATLS INC,left,3,2813
AMBA,AMBARELLA INC,left,2,4822
AMBC,AMBAC FINL GROUP INC,left,2,4734
AMBR,AMBER RD INC,left,2,4909
AMC,AMC ENTERTAINMENT,left,2,4996
AMCX,AMC NETWORKS INC,left,2,5084
AMD,ADVANCED MICRO DEVICES,right,1,2202
AME,AMETEK INC,right,2,3861
AMED,AMEDISYS INC,left,2,5258
AMG,AFFILIATED MANAGERS GRP,right,1,3250
AMGN,AMGEN INC,right,2,3948
AMH,AMERICAN HOMES : RENT,right,2,2202
AMKR,AMKOR TECHNOLOGY INC,right,2,4123
AMN,AMN HEALTHCARE SERVICES,right,2,4210
AMNB,AMERICAN NATL BANKSHARES,right,2,2464
AMOT,ALLIED MOTION TECH,left,2,3076
AMP,AMERIPRISE FINANCIAL INC,right,2,3425
AMPH,AMPHASTAR PHARMA INC,right,2,4385
AMRC,AMERESCO INC,right,2,1329
AMRI,ALBANY MOLECULAR RESRCH,left,2,1242
AMSF,AMERISAFE INC,right,2,3599
AMSWA,AMERICAN SOFTWARE INC,right,2,2813
AMT,AMERICAN TOWER CORP,right,2,2988
AMTD,TD AMERITRADE HOLDING,right,27,4473
AMWD,AMERICAN WOODMARK CORP,right,2,3163
AMZN,AMAZON COM INC,left,2,4647
AN,AUTONATION INC,right,3,4996
ANAB,ANAPTYS BIO INC,right,2,4996
ANAT,AMERICAN NATIONAL INS CO,right,2,2377
ANCX,ACCESS NATL CORP,left,1,3861
ANDE,ANDERSONS INC,right,2,5171
ANET,ARISTA NETWORKS INC,left,3,4909
ANF,ABERCROMBIE & FITCH,left,1,2813
ANGI,ANGIES LIST INC,right,2,5258
ANGO,ANGIODYNAMICS INC,right,2,5345
ANH,ANWORTH MORTGAGE ASSET,left,3,1940
ANIK,ANIKA THERAPEUTICS INC,left,3,1329
ANIP,ANI PHARMACEUTICALS INC,right,3,1242
ANSS,ANSYS INC,left,3,1591
ANTM,ANTHEM INC,left,3,1853
AOBC,AMERICAN OUTDOOR BRANDS,right,2,2551
AON,AON PLC,left,3,2028
AOS,SMITH A O CORP,left,26,5345
AOSL,ALPHA & OMEGA SEMICON,left,2,3861
AP,AMPCO-PITTSBURGH CORP,right,2,4298
APA,APACHE CORP,left,3,2115
APAM,ARTISAN PARTNERS ASSET,right,3,1591
APC,ANADARKO PETROLEUM CORP,right,2,4734
APD,AIR PRODS & CHEMS INC,right,1,4385
APEI,AMER PUBLIC EDUCATION,left,2,5345
APH,AMPHENOL CORP,right,2,4473
APLE,APPLE HOSPITALITY REIT,left,3,2551
APOG,APOGEE ENTERPRISES INC,left,3,2290
APPF,APPFOLIO INC,left,3,2464
APTI,APPTIO INC,left,3,3076
APTS,PREFERRED APT CMNTYS INC,left,24,1329
AQMS,AQUA METALS INC,left,3,3337
AR,ANTERO RESOURCES CO,left,3,1766
ARA,AMERICAN RENAL ASSOC HLD,right,2,2726
ARAY,ACCURAY INC,left,1,4036
ARC,ARC DOCUMENT SOLUTIONS,left,3,3687
ARCB,ARCBEST CORPORATION,left,3,3774
ARCH,ARCH COAL INC,left,3,3948
ARD,ARDAGH GROUP SA,left,3,4298
ARDX,ARDELYX INC,left,3,4385
ARE,ALEXANDRIA REAL ESTATE,left,2,1853
AREX,APPROACH RESOURCES INC,left,3,2988
ARI,APOLLO COMMERCIAL RE,left,3,2377
ARII,AMERICAN RAILCAR IND,right,2,2639
ARNA,ARENA PHARMACEUTICALS,left,3,4560
ARNC,ARCONIC INC,left,3,4210
AROC,ARCHROCK INC,left,3,4123
AROW,ARROW FINANCIAL CORP,right,3,1416
ARR,ARMOUR RESIDENTIAL REIT,left,3,5171
ARRS,ARRIS INTERNATIONAL PLC,left,4,1329
ARRY,ARRAY BIOPHARMA INC,left,4,1242
ARTNA,ARTESIAN RESOURCES CORP,right,3,1504
ARW,ARROW ELECTRONICS INC,right,3,1329
ASB,ASSOCIATED BANC CORP,right,3,2551
ASBB,ASB BANCORP INC NC,right,3,1679
ASC,ARDMORE SHIPPING CORP,left,3,4473
ASCMA,ASCENT CAPITAL GROUP INC,right,3,1940
ASGN,ON ASSIGNMENT INC,right,21,3861
ASH,ASHLAND GLOBAL HOLDINGS,right,3,2202
ASMB,ASSEMBLY BIOSCIENCES INC,right,3,2464
ASNA,ASCENA RETAIL GROUP INC,right,3,1853
ASPS,ALTISOURCE PORTFOLIO,left,2,4210
AST,ASTERIAS BIOTHERAPEUTICS,right,3,2988
ASTE,ASTEC INDUSTRIES INC,right,3,2901
AT,ATLANTIC PWR CORP,right,3,3948
ATEN,A10 NETWORKS INC,left,1,2028
ATGE,ADTALEM GLOBAL EDUCATION,right,1,1504
ATH,ATHENE HOLDING LTD,right,3,3599
ATHN,ATHENAHEALTH INC,right,3,3512
ATHX,ATHERSYS INC,right,3,3687
ATI,ALLEGHENY TECHNOLOGIES,left,2,2377
ATKR,ATKORE INTL GROUP INC,right,3,3774
ATLO,AMES NATL CORP,right,2,3774
ATNI,ATN INTERNATIONAL INC,right,3,4385
ATO,ATMOS ENERGY CORP,right,3,4298
ATR,APTARGROUP INC,left,3,3163
ATRA,ATARA BIOTHERAPEUTICS,right,3,3425
ATRC,ATRICURE INC,right,3,4473
ATRI,ATRION CORP,right,3,4560
ATRO,ASTRONICS CORP,right,3,3163
ATRS,ANTARES PHARMA INC,left,3,1679
ATSG,AIR TRANSPORT SERVICES,right,1,4473
ATU,ACTUANT CORP,left,1,4909
ATVI,ACTIVISION BLIZZARD INC,left,1,4734
ATW,ATWOOD OCEANICS INC,right,3,4647
AVA,AVISTA CORP,left,4,1504
AVAV,AEROVIRONMENT INC,right,1,2988
AVB,AVALONBAY CMNTYS INC,right,3,5171
AVD,AMERICAN VANGUARD CORP,right,2,3076
AVGO,BROADCOM LIMITED,left,5,4734
AVHI,A V HOMES INC,left,1,1940
AVID,AVID TECHNOLOGY INC,right,4,1329
AVT,AVNET INC,left,4,1591
AVX,AVX CORP,left,4,1679
AVXL,ANAVEX LIFE SCIENCES,right,2,5084
AVXS,AVEXIS INC,right,4,1242
AVY,AVERY DENNISON CORP,right,3,5345
AWH,ALLIED WRLD ASSUR COM,left,2,3163
AWI,ARMSTRONG WORLD INDS INC,left,3,5345
AWK,AMERICAN WTR WKS CO INC,right,2,3250
AWR,AMERICAN STATES WATER CO,right,2,2901
AXAS,ABRAXAS PETE CORP,left,1,3076
AXDX,ACCELERATE DIAGNOSTICS,left,1,3599
AXE,ANIXTER INTERNATIONAL,left,3,1416
AXGN,AXOGEN INC,left,4,2028
AXL,AMERICAN AXLE & MFG,right,2,1591
AXON,AXOVANT SCIENCES LTD,left,4,2202
AXP,AMERICAN EXPRESS CO,right,2,2028
AXS,AXIS CAPITAL HOLDINGS,left,4,1940
AXTA,AXALTA COATING SYSTEMS,left,4,1766
AXTI,AXT INC,left,4,2290
AYI,ACUITY BRANDS INC,left,1,4996
AYR,AIRCASTLE LTD,right,1,4560
AYX,ALTERYX INC,left,2,4123
AZO,AUTOZONE INC,right,3,5084
AZPN,ASPEN TECHNOLOGY INC,right,3,2377
AZZ,AZZ INC,left,4,2377
B,BARNES GROUP INC,left,4,4996
BA,BOEING CO,left,5,2202
BABY,NATUS MEDICAL INC,left,20,4822
BAC,BANK OF AMERICA CORP,left,4,3774
BAH,BOOZ ALLEN HAMILTON HLDG,left,5,2901
BANC,BANC OF CALIFORNIA INC,left,4,3163
BANF,BANCFIRST CORP,left,4,3250
BANR,BANNER CORP,left,4,4647
BAS,BASIC ENERGY SERVICES,left,4,5258
BATRA,LIBERTY BRAVES SERIES A,right,17,3163
BATRK,LIBERTY BRAVES SERIES C,right,17,3250
BAX,BAXTER INTERNATIONAL INC,left,5,1242
BBBY,BED BATH & BEYOND INC,right,4,1940
BBG,BILL BARRETT CORP,right,4,3599
BBGI,BEASLEY BROADCAST GROUP,right,4,1679
BBSI,BARRETT BUSINESS SERVICE,left,4,5171
BBT,BB&T CORP,left,5,1416
BBW,BUILD A BEAR WORKSHOP,right,5,1853
BBY,BEST BUY INC,right,4,3076
BC,BRUNSWICK CORP,left,6,1504
BCBP,BCB BANCORP INC,right,4,1416
BCC,BOISE CASCADE COMPANY,left,5,2464
BCEI,BONANZA CREEK ENER INC,left,5,2726
BCO,BRINKS CO,left,5,4385
BCOR,BLUCORA INC,right,5,1329
BCOV,BRIGHTCOVE INC,left,5,4210
BCPC,BALCHEM CORP,left,4,2901
BCR,CR BARD INC,right,8,1853
BCRH,BLUE CAPITAL REINSURANCE,left,5,1591
BCRX,BIOCRYST PHARMACEUTICALS,right,4,3687
BDC,BELDEN INC,right,4,2115
BDE,BLACK DIAMOND INC,right,4,4734
BDGE,BRIDGE BANCORP INC,left,5,3861
BDN,BRANDYWINE REALTY TRUST,left,5,3774
BDX,BECTON DICKINSON & CO,right,4,1853
BEAT,BIOTELEMETRY INC,right,4,4385
BECN,BEACON ROOFING SUPPLY,right,4,1504
BEL,BELMOND LTD,right,4,2290
BELFB,BEL FUSE INC,right,4,2028
BEN,FRANKLIN RESOURCES INC,left,13,2028
BERY,BERRY GLOBAL GROUP,right,4,2988
BETR,AMPLIFY SNACK BRANDS INC,right,2,4560
BF.A,BROWN FORMAN CORP CL A,left,6,1242
BF.B,BROWN FORMAN CORP CL B,left,6,1329
BFAM,BRIGHT HORIZON FAMILY,left,5,4123
BFIN,BANKFINANCIAL CORP,left,4,4298
BFS,SAUL CENTERS INC,left,26,1766
BG,BUNGE LIMITED,right,5,2028
BGC,GENERAL CABLE CORP,right,12,4909
BGCP,BGC PARTNERS INC,right,4,3250
BGFV,BIG 2 SPORTING GOODS,right,4,3337
BGG,BRIGGS & STRATTON CO,left,5,4036
BGS,B & G FOODS INC,left,4,2464
BGSF,BG STAFFING INC,right,4,3163
BH,BIGLARI HOLDINGS INC,right,4,3512
BHB,BAR HBR BANKSHARES,left,4,4734
BHBK,BLUE HILLS BANCORP INC,left,5,1679
BHE,BENCHMARK ELECTRONICS,right,4,2464
BHI,BAKER HUGHES INC,left,4,2813
BHLB,BERKSHIRE HILLS BANCORP,right,4,2901
BHVN,BIOHAVEN PHARMACEUTICAL,right,4,3861
BIG,BIG LOTS INC,right,4,3425
BIIB,BIOGEN INC,right,4,3774
BIO,BIO-RAD LABORATORIES INC,right,4,4036
BIOS,BIOSCRIP INC,right,4,4123
BK,BANK OF NEW YORK MELLON,left,4,4036
BKD,BROOKDALE SENIOR LIVING,left,5,5084
BKE,BUCKLE INC,right,5,1679
BKFS,BLACK KNIGHT FINL SVCS,right,4,4909
BKH,BLACK HILLS CORP,right,4,4822
BKMU,BANK MUTUAL CORP,left,4,3687
BKS,BARNES & NOBLE INC,left,4,4909
BKU,BANKUNITED INC,left,4,4473
BL,BLACKLINE INC,right,4,5171
BLBD,BLUE BIRD CORP,right,5,1416
BLCM,BELLICUM PHARMACEUTICALS,right,4,2202
BLD,TOPBUILD CORP,left,29,2464
BLDR,BUILDERS FIRSTSOURCE INC,right,5,1940
BLK,BLACKROCK INC,right,4,5258
BLKB,BLACKBAUD INC,right,4,4996
BLL,BALL CORP,left,4,3076
BLMN,BLOOMIN' BRANDS INC,right,5,1242
BLMT,BSB BANCORP INC MD,right,5,1591
BLRI,BLS RESTAURANTS INC,right,4,4647
BLUE,BLUEBIRD BIO INC,left,5,1766
BLX,BANCO LATINOAMERICANO,left,4,3337
BMCH,BMC STOCK HOLDINGS INC,left,5,2028
BMI,BADGER METER INC,left,4,2726
BMRC,BANK OF MARIN BANCORP,left,4,3948
BMRN,BIOMARIN PHARMACEUTICAL,right,4,3948
BMS,BEMIS INC,right,4,2377
BMTC,BRYN MAWR BANK CORP,right,5,1504
BMY,BRISTOL MYERS SQUIBB,left,5,4473
BNCL,BENEFICIAL BANCORP INC,right,4,2551
BNED,BARNES & NOBLE EDUCATION,left,4,4822
BNFT,BENEFITFOCUS INC,right,4,2639
BOBE,BOB EVANS FARMS INC,left,5,2115
BOCH,BANK COMM HLDGS,left,4,3599
BOFI,BOFI HLDG INC,left,5,2290
BOH,BANK OF HAWAII CORP,left,4,3861
BOKF,BOK FINANCIAL CORP,left,5,2639
BOLA,BOLANGLES INC,left,5,2551
BOLD,AUDENTES THERAPEUTICS,right,3,4734
BOOM,DMC GLOBAL INC,left,10,1679
BOOT,BOOT BARN HOLDINGS,left,5,2813
BOX,BOX INC,left,5,3512
BPFH,BOSTON PRIVATE FINANCIAL,left,5,3163
BPI,BRIDGEPOINT ED INC,left,5,3948
BPMC,BLUEPRINT MEDICINES CORP,left,5,1853
BPOP,POPULAR INC,left,23,4385
BR,BROADRIDGE FINANCIAL INC,left,5,4822
BRC,BRADY CORP,left,5,3687
BRCD,BROCADE COMMUNICATIONS,left,5,4996
BREW,CRAFT BREW ALLIANCE,right,8,2115
BRG,BLUEROCK RESIDENT REIT,left,5,1940
BRK.B,BERKSHIRE HATHAWAY INC,right,4,2813
BRKL,BROOKLINE BANCORP INC,left,5,5171
BRKR,BRUKER CORP,left,6,1416
BRKS,BROOKS AUTOMATION INC,left,5,5258
BRO,BROWN & BROWN INC,left,5,5345
BRS,BRISTOW GROUP INC,left,5,4560
BRSS,GLOBAL BRASS & COPPR HLD,left,13,3599
BRX,BRIXMOR PROPERTY GROUP,left,5,4647
BSET,BASSETT FURNITURE INDS,left,4,5345
BSF,BEAR STATE FINL INC,right,4,1591
BSFT,BROADSOFT INC,left,5,4909
BSRR,SIERRA BANCORP,right,26,2988
BSTC,BIOSPECIFICS TECHNO CORP,right,4,4210
BSX,BOSTON SCIENTIFIC CO,left,5,3337
BTU,PEABODY ENERGY CORP,right,22,2988
BTX,BIOTIME INC,right,4,4473
BUFF,BLUE BUFFALO PET PROD,left,5,1504
BURL,BURLINGTON STORES INC,right,5,2115
BUSE,FIRST BUSEY CORP,right,11,3687
BV,BAZAARVOICE INC,left,5,1329
BW,BABCOCK & WILCOX ENT,left,4,2639
BWA,BORG WARNER INC,left,5,2988
BWFG,BANKWELL FINL GROUP INC,left,4,4560
BWINB,BALDWIN & LYONS INC,left,4,2988
BWLD,BUFFALO WILD WINGS INC,right,5,1766
BWXT,BWX TECHNOLOGIES INC,right,5,2202
BXP,BOSTON PROPERTIES INC,left,5,3250
BXS,BANCORPSOUTH INC,left,4,3512
BYD,BOYD GAMING CORP,left,5,3599
BZH,BEAZER HOMES USA INC,right,4,1766
C,CITIGROUP INC,left,7,3425
CA,CA INC,right,5,2551
CAA,CALATLANTIC GROUP INC,right,5,3948
CAB,CABELAS INC,right,5,2639
CABO,CABLE ONE INC,right,5,2726
CAC,CAMDEN NATIONAL CORP,right,5,5258
CACC,CREDIT ACCEP CORP MICH,right,8,2464
CACI,CACI INTERNATIONAL INC,right,5,3076
CACQ,CAESARS ACQUISITION CO,right,5,3425
CADE,CADENCE BANCORP,right,5,3163
CAG,CONAGRA BRANDS INC,right,8,1416
CAH,CARDINAL HEALTH INC,left,6,2551
CAI,CAI INTERNATIONAL INC,right,5,3687
CAKE,CHEESECAKE FACTORY INC,right,6,4385
CAL,CALERES INC,right,5,4123
CALA,CALITHERA BIOSCIENCES,right,5,4560
CALD,CALLIDUS SOFTWARE INC,right,5,4822
CALM,CAL MAINE FOODS INC,right,5,3774
CALX,CALIX INC,right,5,4647
CAMP,CALAMP CORP,right,5,3861
CAR,AVIS BUDGET GROUP INC,left,4,1416
CARA,CARA THERAPEUTICS INC,left,6,2202
CARB,CARBONITE INC,left,6,2377
CARO,CAROLINA FINL CORP,left,6,3425
CASC,CASCADIAN THERAPEUTICS,left,6,4123
CASH,META FINANCIAL GROUP INC,left,19,3512
CASS,CASS INFORMATION SYSTEMS,left,6,4385
CASY,CASEYS GENERAL STORES,left,6,4298
CAT,CATERPILLAR INC,left,6,4909
CATM,CARDTRONICS PLC,left,6,2726
CATO,CATO CORP,left,6,5084
CATY,CATHAY GENERAL BANCORP,left,6,4996
CAVM,CAVIUM INC,left,6,5258
CB,CHUBB LIMITED,left,7,1940
CBB,CINCINNATI BELL INC,left,7,2639
CBF,CAPITAL BANK FINANCIAL,left,6,1591
CBG,CBRE GROUP INC,left,7,1416
CBI,CHICAGO BRIDGE & IRON,right,7,1329
CBL,CBL & ASSOC PPTYS INC,left,7,1242
CBM,CAMBREX CORP,right,5,5171
CBOE,CBOE HLDGS INC,left,7,1329
CBPX,CONTINENTAL BLDG PRODS,left,8,2988
CBRL,CRACKER BARREL STORE,right,8,2028
CBS,CBS CORPORATION,left,7,1504
CBSH,COMMERCE BANCSHARES INC,right,7,4036
CBT,CABOT CORP,right,5,2813
CBU,COMMUNITY BANK SYSTEMS,right,7,4647
CBZ,CBIZ INC,left,6,5345
CC,THE CHEMOURS COMPANY,left,28,3774
CCBG,CAPITAL CITY BANK GROUP,left,6,1679
CCC,CALGON CARBON CORP,right,5,4210
CCF,CHASE CORP,right,6,4210
CCI,CROWN CASTLE INTL CORP,right,8,2813
CCK,CROWN HOLDINGS INC,right,8,2901
CCL,CARNIVAL CORP,left,6,3337
CCMP,CABOT MICROELECTRONICS,right,5,2901
CCN,CARDCONNECT CORP,left,6,2464
CCNE,CNB FINL CORP PA,left,8,1504
CCO,CLEAR CHANNEL OUTDOOR,left,7,4385
CCOI,COGENT COMM HOLDINGS,right,7,2202
CCP,CARE CAPITAL PROPERTIES,left,6,2813
CCRN,CROSS COUNTRY HEALTHCARE,right,8,2726
CCS,CENTURY COMMUNITIES INC,right,6,3250
CCXI,CHEMOCENTRYX INC,right,6,4822
CDE,COEUR MINING INC,right,7,2115
CDEV,CENTENNIAL RESOURCE DEV,right,6,2290
CDK,CDK GLOBAL INC,left,7,1591
CDNS,CADENCE DESIGN SYSTEMS,right,5,3250
CDR,CEDAR REALTY TRUST INC,right,6,1766
CDW,CDW CORPORATION,right,6,1591
CDXS,CODEXIS INC,right,7,1940
CDZI,CADIZ INC,right,5,3337
CE,CELANESE CORP,right,6,1853
CECE,CECO ENVIRONMENTAL CORP,right,6,1679
CECO,CAREER EDUCATION CORP,left,6,2988
CELG,CELGENE CORP,right,6,1940
CEMP,CEMPRA INC,right,6,2115
CENT,CENTRAL GARDEN & PET CO,right,6,2639
CENTA,CENTRAL GARDEN & PET CO,right,6,2726
CENX,CENTURY ALUMINUM CO,right,6,2988
CERN,CERNER CORP,right,6,3425
CERS,CERUS CORP,right,6,3512
CETV,CENTRAL EUROPEAN MEDIA,right,6,2551
CEVA,CEVA INC,right,6,3599
CF,CF INDUSTRIES HOLDINGS,right,6,3687
CFFI,C & F FINANCIAL CORP,right,5,2290
CFFN,CAPITOL FEDERAL FINL INC,left,6,1940
CFG,CITIZENS FINANCIAL INC,left,7,3599
CFI,CULP INC,right,8,4036
CFMS,CONFORMIS INC,left,8,1853
CFNB,CALIFORNIA FIRST NATL,right,5,4298
CFR,CULLEN FROST BANKERS,right,8,3948
CFX,COLFAX CORP,right,7,2901
CGNX,COGNEX CORP,right,7,2377
CHCO,CITY HOLDING CO,left,7,3861
CHCT,COMMUNITY HEALTHCARE TR,right,7,4996
CHD,CHURCH & DWIGHT INC,left,7,2028
CHDN,CHURCHILL DOWNS INC,left,7,2115
CHE,CHEMED CORPORATION,right,6,4647
CHEF,CHEFS' WHAREHOUSE INC,right,6,4473
CHFC,CHEMICAL FINANCIAL CORP,right,6,4734
CHFN,CHARTER FINL CORP WEST,right,6,4123
CHGG,CHEGG INC,right,6,4560
CHH,CHOICE HOTELS INTL INC,left,7,1853
CHK,CHESAPEAKE ENERGY CORP,right,6,5171
CHMG,CHEMUNG FINL CORP,right,6,4909
CHMI,CHERRY HILL MORTGAGE INV,right,6,5084
CHRS,COHERUS BIOSCIENCES,right,7,2726
CHRW,C H ROBINSON WORLDWIDE,right,5,2377
CHS,CHICOS FAS INC,right,7,1416
CHSP,CHESAPEAKE LODGING TRUST,right,6,5258
CHTR,CHARTER COMM INC,right,6,4036
CHUBA,COMMERCEHUB INC SERIES A,right,7,4210
CHUBK,COMMERCEHUB INC SERIES C,right,7,4298
CHUY,CHUY'S HOLDINGS INC,left,7,2202
CI,CIGNA CORP,left,7,2377
CIA,CITIZENS INC,left,7,3687
CIEN,CIENA CORP,left,7,2290
CIM,CHIMERA INVESTMENT CORP,right,7,1591
CINF,CINCINNATI FINANCIAL,left,7,2726
CIO,CITY OFFICE REIT INC,left,7,3948
CIR,CIRCOR INTERNATIONAL INC,left,7,2988
CIT,CIT GROUP INC,left,7,3250
CIVB,CIVISTA BANCSHARES INC,left,7,4036
CIVI,CIVITAS SOLUTIONS,left,7,4123
CIX,COMPX INTERNATIONAL INC,right,8,1242
CKH,SEACOR HOLDINGS INC,right,25,3599
CL,C&L ENERGY SERVICES INC,right,5,2464
CLCT,COLLECTORS UNIVERSE INC,right,7,3076
CLD,CLOUD PEAK ENERGY INC,left,7,5084
CLDR,CLOUDERA INC,left,7,5171
CLDT,CHATHAM LODGING TR,right,6,4298
CLDX,CELLDEX THERAPEUTICS INC,right,6,2028
CLF,CLIFFS NATURAL RESOURCES,left,7,4734
CLFD,CLEARFIELD INC,left,7,4473
CLGX,CORELOGIC INC,left,8,4210
CLH,CLEAN HARBORS INC,left,7,4298
CLI,MACK CALI REALTY CORP,left,18,4385
CLNE,CLEAN ENERGY FUELS CORP,left,7,4210
CLNS,COLONY NORTHSTAR INC,right,7,3250
CLPR,CLIPPER REALTY INC,left,7,4909
CLR,CONTINENTAL RESOURCES,left,8,3076
CLSD,CLEARSIDE BIOMEDICAL INC,left,7,4560
CLVS,CLOVIS ONCOLOGY INC,left,7,5258
CLW,CLEARWATER PAPER CORP,left,7,4647
CLX,CLOROX CO,left,7,4996
CMA,COMERICA INC,right,7,3861
CMC,COMMERCIAL METALS CO,right,7,4385
CMCO,COLUMBUS MCKINNON CORP,right,7,3687
CMCSA,COMCAST CORP CL A,right,7,3774
CMD,CANTEL MEDICAL CORP,right,6,1416
CME,CME GROUP INC,left,8,1242
CMG,CHIPOTLE MEXICAN GRILL,left,7,1766
CMI,CUMMINS INC,right,8,4123
CMO,CAPSTEAD MORTGAGE CORP,left,6,2115
CMP,COMPASS MINERALS INTL,right,7,5258
CMPR,CIMPRESS NV,left,7,2551
CMRE,COSTAMARE INC,left,8,5084
CMRX,CHIMERIX INC,left,7,1679
CMS,CMS ENERGY CORP,left,8,1329
CMT,CORE MOLDING TECHN,left,8,4036
CMTL,COMTECH TELECOMM,right,8,1329
CNA,CNA FINANCIAL CORP,left,8,1416
CNAT,CONATUS PHARMACEUTICALS,right,8,1504
CNBKA,CENTURY BANCORP INC,right,6,3076
CNC,CENTENE CORP,right,6,2202
CNCE,CONCERT PHARMACEUTICALS,right,8,1591
CNDT,CONDUENT INC,left,8,1766
CNK,CINEMARK HOLDINGS INC,left,7,2813
CNMD,CONMED CORP,left,8,1940
CNO,CNO FINANCIAL GROUP,left,8,1591
CNOB,CONNECTONE BANCORP INC,left,8,2115
CNP,CENTERPOINT ENERGY INC,right,6,2377
CNS,COHEN & STEERS INC,right,7,2551
CNSL,CONSOLIDATED COMM,left,8,2464
CNTY,CENTURY CASINOS INC,right,6,3163
CNX,CONSOL ENERGY INC,left,8,2377
CNXN,P C CONNECTION,left,22,3076
COBZ,COBIZ FINANCIAL INC,right,7,1679
COF,CAPITAL ONE FINANCIAL,left,6,1766
COG,CABOT OIL & GAS CORP,right,5,2988
COGT,COGINT INC,right,7,2290
COH,COACH INC,left,8,1679
COHR,COHERENT INC,right,7,2639
COHU,COHU INC,right,7,2813
COKE,COCA COLA BOTTLING,right,7,1766
COL,ROCKWELL COLLINS INC,right,25,1853
COLB,COLUMBIA BKG SYSTEM INC,right,7,3425
COLL,COLLEGIUM PHARMACEUTICAL,right,7,3163
COLM,COLUMBIA SPORTSWEAR CO,right,7,3599
COMM,COMMSCOPE HOLDING CO,right,7,4560
CONE,CYRUSONE INC,right,8,4996
CONN,CONNS INC,left,8,2202
COO,COOPER COMPANIES INC,left,8,3337
COR,CORESITE REALTY CORP,left,8,4385
CORE,CORE MARK HOLDING CO INC,left,8,3948
CORI,CORIUM INTL INC,left,8,4560
CORR,CORENERGY INFRASTRUCT,left,8,4298
CORT,CORCEPT THERAPEUTICS INC,left,8,3861
COST,COSTCO WHOLESALE CORP,left,8,5258
COTV,COTIVITI HOLDINGS INC,left,8,5345
COTY,COTY INC,left,9,1242
COUP,COUPA SOFTWARE INC,left,9,1416
COWN,COWEN INC,left,9,1766
CPA,COPA HOLDINGS SA,left,8,3599
CPB,CAMPBELL SOUP CO,right,6,1242
CPE,CALLON PETROLEUM CO,right,5,4909
CPF,CENTRAL PACIFIC FINL,right,6,2813
CPK,CHESAPEAKE UTILITIES,right,6,5345
CPLA,CAPELLA EDUCATION CO,right,6,1504
CPN,CALPINE CORP,right,5,4996
CPRT,COPART INC,left,8,3687
CPRX,CATALYST PHARMACEUTICALS,left,6,4734
CPS,COOPER STD HLDGS INC,left,8,3425
CPSI,COMPUTER PROGRAMS & SYS,right,7,5345
CPT,CAMDEN PROPERTY TRUST,right,5,5345
CR,CRANE CO,right,8,2202
CRAI,CRA INTERNATIONAL INC,right,8,1940
CRAY,CRAY INC,right,8,2377
CRBP,CORBUS PHARMACEUTICALS,left,8,3774
CRC,CALIFORNIA RESOURCES,right,5,4385
CRCM,CARE.COM INC,left,6,2901
CRD.B,CRAWFORD & CO,right,8,2290
CREE,CREE INC,right,8,2551
CRI,CARTER INC,left,6,3948
CRIS,CURIS INC,right,8,4210
CRL,CHARLES RIVER LABS INTL,right,6,3861
CRM,SALESFORCE COM INC,left,25,4996
CRMT,AMERICAS CAR-MART INC,right,2,3337
CROX,CROCS INC,right,8,2639
CRR,CARBO CERAMICS INC,left,6,2290
CRS,CARPENTER TECHNOLOGY,left,6,3512
CRUS,CIRRUS LOGIC INC,left,7,3076
CRVL,CORVEL CORP,left,8,4909
CRVS,CORVUS PHARMACEUTICALS,left,8,4996
CRY,CRYOLIFE INC,right,8,2988
CRZO,CARRIZO OIL & GAS INC,left,6,3687
CSBK,CLIFTON BANCORP INC,left,7,4822
CSCO,CISCO SYSTEMS INC,left,7,3163
CSFL,CENTERSTATE BANKS INC,right,6,2464
CSGP,COSTAR GROUP INC,left,8,5171
CSGS,CSG SYSTEMS INTL INC,right,8,3076
CSII,CARDIOVASCULAR SYS INC,left,6,2639
CSL,CARLISLE COS INC,left,6,3163
CSLT,CASTLIGHT HEALTH INC,left,6,4560
CSOD,CORNERSTONE ONDEMAND INC,left,8,4647
CSRA,CSRA INC,right,8,3163
CSS,CSS INDUSTRIES INC,right,8,3250
CST,CST BRANDS INC,right,8,3337
CSTE,CAESARSTONE LTD,right,5,3599
CSTR,CAPSTAR FINANCIAL HLDG,left,6,2028
CSU,CAPITAL SENIOR LIVING,left,6,1853
CSV,CARRIAGE SERVICES INC,left,6,3599
CSWI,CSW INDUSTRIALS INC,right,8,3425
CSX,CSX CORP,right,8,3512
CTAS,CINTAS CORP,left,7,2901
CTB,COOPER TIRE & RUBBER CO,left,8,3512
CTBI,COMMUNITY TRUST BANCORP,right,7,5084
CTL,CENTURYLINK INC,right,6,3337
CTLT,CATALENT INC,left,6,4647
CTMX,CYTOMX THERAPEUTICS INC,right,8,5258
CTO,CONSOLIDATED TOMOKA LAND,left,8,2639
CTRE,CARETRUST REIT INC,left,6,3076
CTRL,CONTROL: CORPORATION,left,8,3163
CTRN,CITI TRENDS INC,left,7,3337
CTS,CTS CORP,right,8,3599
CTSH,COGNIZANT TECH SOLUTIONS,right,7,2464
CTT,CATCHMARK TIMBER TRUST,left,6,4822
CTWS,CONNECTICUT WATER SVC,left,8,2028
CTXS,CITRIX SYSTEMS INC,left,7,3774
CUB,CUBIC CORP,right,8,3861
CUBI,CUSTOMERS BANCORP INC,right,8,4385
CUBN,COMMERCE UNION BANCSHARE,right,7,4123
CUDA,BARRACUDA NETWORKS INC,left,4,5084
CUNB,CU BANCORP CALIF,right,8,3687
CUTR,CUTERA INC,right,8,4473
CUZ,COUSINS PROPERTIES INC,left,9,1504
CVA,COVANTA HOLDING CORP,left,9,1591
CVBF,CVB FINANCIAL CORP,right,8,4560
CVCO,CAVCO INDUSTRIES INC,left,6,5171
CVCY,CENTRAL VALLEY CMNTY,right,6,2901
CVG,CONVERGYS CORP,left,8,3250
CVGI,COMMERCIAL VEH GROUP INC,right,7,4473
CVGW,CALAVO GROWERS INC,right,5,4036
CVI,CVR ENERGY INC,right,8,4647
CVLT,COMMVAULT SYSTEMS INC,right,7,5171
CVLY,CODORUS VY BANCORP INC,right,7,2028
CVNA,CARVANA CO,left,6,4036
CVRS,CORINDUS VASC ROBOTICS,left,8,4473
CVS,CVS HEALTH CORPORATION,right,8,4734
CVTI,COVENANT TRANS GRP INC,left,9,1679
CVX,CHEVRON CORP,right,7,1242
CW,CURTISS WRIGHT CORP,right,8,4298
CWCO,CONSOLIDATED WATER CO,left,8,2726
CWH,CAMPING WORLD HOLDINGS,right,6,1329
CWST,CASELLA WASTE SYSTEMS,left,6,4210
CWT,CALIFORNIA WTR SVC GRP,right,5,4473
CXO,CONCHO RESOURCES INC,right,8,1679
CXP,COLUMBIA PPTY TR INC,right,7,3512
CXW,CORECIVIC INC,left,8,4123
CY,CYPRESS SEMICONDUCTOR,right,8,4909
CYBE,CYBEROPTICS CORP,right,8,4822
CYH,COMMUNITY HEALTH SYSTEMS,right,7,4909
CYS,CYS INVESTMENTS INC,right,8,5084
CYTK,CYTOKINETICS INC,right,8,5171
CZNC,CITIZENS & NORTHERN CORP,left,7,3512
CZR,CAESARS ENTMT CORP,right,5,3512
D,DOMINION ENERGY INC,right,9,2028
DAKT,DAKTRONICS INC,right,9,1329
DAL,DELTA AIR LINES INC,left,9,2901
DAN,DANA INCORPORATED,right,9,1416
DAR,DARLING INGREDIENTS INC,right,9,1679
DATA,TABLEAU SOFTWARE INC,right,27,3425
DBD,DIEBOLD NIXDORF,left,9,4560
DCI,DONALDSON INC,right,9,2290
DCO,DUCOMMUN INC,right,9,3861
DCOM,DIME CMNTY BANCSHARES,left,9,5084
DCT,DCT INDUSTRIAL TRUST INC,left,9,2028
DD,DU PONT E I DE NEMOURS,right,9,3774
DDD,3D SYSTEMS CORP,left,1,1679
DDR,DDR CORP,left,9,2115
DDS,DILLARDS INC,left,9,4996
DE,DEERE & CO,left,9,2377
DEA,EASTERLY GOVERNMENT PPTY,right,10,1504
DECK,DECKERS OUTDOOR CORP,left,9,2290
DEI,DOUGLAS EMMETT INC,right,9,2901
DEL,DELTIC TIMBER CORP,left,9,3163
DENN,DENNYS CORP,left,9,3425
DEPO,DEPOMED INC,left,9,3599
DERM,DERMIRA INC,left,9,3687
DF,DEAN FOODS COMPANY,left,9,2202
DFIN,DONNELLEY FINANCIAL,right,9,2464
DFRG,DEL FRISCOS RESTAURANT,left,9,2464
DFS,DISCOVER FINANCIAL SRVC,left,10,1242
DFT,DUPONT FABROS TECHNOLOGY,right,9,4385
DG,DOLLAR GENERAL CORP,right,9,1853
DGAS,DELTA NATURAL GAS INC,left,9,3076
DGI,DIGITALGLOBE INC,left,9,4909
DGICA,DONEGAL GROUP INC,right,9,2377
DGII,DIGI INTL INC,left,9,4647
DGX,QUEST DIAGNOSTICS INC,right,24,2377
DHI,D R HORTON INC,right,8,5345
DHIL,DIAMOND HILL INVESTMENT,left,9,4123
DHR,DANAHER CORP,right,9,1504
DHT,DHT HOLDINGS INC,left,9,4036
DHX,DHI GROUP INC,left,9,3948
DIN,DINEEQUITY INC,left,9,5171
DIOD,DIODES INC,left,9,5258
DIS,DISNEY WALT CO,left,10,1591
DISCA,DISCOVERY COMM CL A,left,10,1329
DISCK,DISCOVERY COMM CL C,left,10,1416
DISH,DISH NETWORK CORP,left,10,1504
DK,DELEK US HLDGS INC,left,9,2639
DKS,DICKS SPORTING GOODS INC,left,9,4473
DLA,DELTA APPAREL INC,left,9,2988
DLB,DOLBY LABORATORIES INC,left,10,1853
DLCO,DAILY LOURNAL CORP,right,9,1242
DLPH,DELPHI AUTOMOTIVE PLC,left,9,2813
DLR,DIGITAL REALTY TRUST INC,left,9,4822
DLTH,DULUTH HOLDINGS INC,right,9,4123
DLTR,DOLLAR TREE INC,right,9,1940
DLX,DELUXE CORP,left,9,3250
DMRC,DIGIMARC CORPORATION,left,9,4734
DNB,DUN & BRADSTREET CORP,right,9,4210
DNBF,DNB FINL CORP,left,10,1766
DNKN,DUNKIN BRANDS GROUP INC,right,9,4298
DNOW,NOW INC,left,21,3512
DNR,DENBURY RESOURCES INC,left,9,3337
DO,DIAMOND OFFSHR DRILLING,left,9,4210
DOC,PHYSICIANS REALTY TRUST,right,23,1940
DOOR,MASONITE INTL CORP,right,18,3337
DORM,DORMAN PRODUCTS INC,right,9,2726
DOV,DOVER CORP,right,9,2988
DOW,DOW CHEMICAL CO,right,9,3076
DOX,AMDOCS LTD,left,2,5171
DPLO,DIPLOMAT PHARMACY INC,left,9,5345
DPS,DR PEPPER SNAPPLE GROUP,right,9,3163
DPZ,DOMINOS PIZZA INC,right,9,2115
DRE,DUKE REALTY CORP,right,9,4036
DRH,DIAMONDROCK HOSPITALITY,left,9,4385
DRI,DARDEN RESTAURANTS INC,right,9,1591
DRQ,DRIL-QUIP INC,right,9,3250
DRRX,DURECT CORP,right,9,4473
DS,DRIVE SHACK,right,9,3337
DSKE,DASEKE INC,right,9,1766
DSPG,DSP GROUP INC,right,9,3425
DST,DST SYSTEMS INC,right,9,3512
DSW,DSW INC,right,9,3599
DTE,DTE ENERGY CO,right,9,3687
DUK,DUKE ENERGY CORP,right,9,3948
DVA,DAVITA INC,left,9,1940
DVAX,DYNAVAX TECHNOLOGIES,right,9,4822
DVMT,DELL TECHNOLOGIES,left,9,2726
DVN,DEVON ENERGY CORP,left,9,3774
DX,DYNEX CAPITAL INC,right,9,4996
DXC,DXC TECHNOLOGY COMPANY,right,9,4560
DXCM,DEXCOM INC,left,9,3861
DXPE,DXP ENTERPRISES INC,right,9,4647
DY,DYCOM INDUSTRIES INC,right,9,4734
DYN,DYNEGY INC,right,9,4909
EA,ELECTRONIC ARTS INC,left,10,3599
EARN,ELLINGTON RESIDENTIAL,left,10,4036
EAT,BRINKER INTERNATIONAL,left,5,4298
EBAY,EBAY INC,left,10,2115
EBF,ENNIS INC,right,10,1940
EBIX,EBIX INC,left,10,2202
EBS,EMERGENT BIOSOLUTIONS,left,10,4560
EBSB,MERIDIAN BANCORP INC,left,19,2901
EBTC,ENTERPRISE BANCORP INC,right,10,2901
ECHO,ECHO GLOBAL LOGISTICS,left,10,2290
ECL,ECOLAB INC,left,10,2551
ECOL,US ECOLOGY INC,right,29,4123
ECOM,CHANNELADVISOR CORP,right,6,3774
ECPG,ENCORE CAPITAL GROUP INC,left,10,5084
ECR,ECLIPSE RESOURCES CORP,left,10,2464
ED,CONSOLIDATED EDISON INC,left,8,2551
EDGE,EDGE THERAPEUTICS INC,left,10,2639
EDIT,EDITAS MEDICINE INC,left,10,2901
EDR,EDUCATION REALTY TRUST,left,10,2988
EE,EL PASO ELECTRIC CO,left,10,3250
EEFT,EURONET WORLDWIDE INC,right,11,1679
EEX,EMERALD EXPOSITIONS,left,10,4473
EFII,ELECTRONICS FOR IMAGING,left,10,3687
EFSC,ENTERPRISE FINL SERVICES,right,10,2988
EFX,EQUIFAX INC,right,10,4123
EGBN,EAGLE BANCORP INC,right,9,5171
EGHT,8X8 INC NEW,left,1,1853
EGL,ENGILITY HOLDINGS INC,left,11,1940
EGLE,EAGLE BULK SHIPPING INC,right,9,5258
EGN,ENERGEN CORP,left,11,1329
EGOV,NIC INC,right,20,4996
EGP,EASTGROUP PROPERTIES INC,right,10,1679
EGRX,EAGLE PHARMACEUTICALS,right,10,1242
EHTH,EHEALTH INC,left,10,3163
EIG,EMPLOYERS HOLDINGS INC,left,10,4909
EIGI,ENDURANCE INTERNATIONAL,left,11,1242
EIX,EDISON INTERNATIONAL,left,10,2813
EL,ESTEE LAUDER COMPANIES,right,11,1329
ELF,ELF BEAUTY INC,left,10,3861
ELGX,ENDOLOGIX INC,left,10,5345
ELLI,ELLIE MAE INC,left,10,3948
ELS,EQUITY LIFESTYLE PROP,right,10,4473
ELVT,ELEVATE CREDIT INC,left,10,3774
ELY,CALLAWAY GOLF CO,right,5,4734
EMCI,EMC INS GROUP INC,left,10,4210
EME,EMCOR GROUP INC,left,10,4298
EMKR,EMCORE CORP,left,10,4385
EML,EASTERN CO,right,10,1591
EMN,EASTMAN CHEMICAL CO,right,10,1766
EMR,EMERSON ELECTRIC CO,left,10,4647
ENDP,ENDO INTERNATIONAL PLC,left,10,5258
ENFC,ENTEGRA FINANCIAL CORP,right,10,2464
ENOC,ENERNOC INC,left,11,1766
ENR,ENERGIZER HOLDINGS INC,left,11,1416
ENS,ENERSYS INC,left,11,1853
ENSG,ENSIGN GROUP INC,right,10,2290
ENT,GLOBAL EAGLE ENTMT INC,left,13,3687
ENTA,ENANTA PHARMACEUTICALS,left,10,4996
ENTG,ENTEGRIS INC,right,10,2551
ENTL,ENTELLUS MEDICAL INC,right,10,2639
ENV,ENVESTNET INC,right,10,3163
ENVA,ENOVA INTERNATIONAL INC,right,10,2028
ENZ,ENZO BIOCHEM INC,right,10,3425
EOG,EOG RESOURCES INC,right,10,3512
EPAM,EPAM SYSTEMS INC,right,10,3687
EPAY,BOTTOMLINE TECHNOLOGIES,left,5,3425
EPC,EDGEWELL PERSONAL CARE,left,10,2726
EPE,EP ENERGY CORPORATION,right,10,3599
EPM,EVOLUTION PETROLEUM CORP,left,11,2464
EPR,EPR PROPERTIES,right,10,3948
EPZM,EPIZYME INC,right,10,3774
EQBK,EQUITY BANCSHARE INC,right,10,4298
EQC,EQUITY COMMONWEALTH,right,10,4385
EQIX,EQUINIX INC,right,10,4210
EQR,EQUITY RESIDENTIAL,right,10,4560
EQT,EQT CORPORATION,right,10,4036
ERA,ERA GROUP INC,right,10,4647
ERI,ELDORADO RESORTS INC,left,10,3425
ERIE,ERIE INDEMNITY CO,right,10,4734
ERII,ENERGY RECOVERY INC,left,11,1591
EROS,EROS INTL PLC,right,10,4822
ES,EVERSOURCE ENERGY,left,11,2202
ESCA,ESCALADE INC,right,10,4909
ESE,ESCO TECHNOLOGIES INC,right,10,4996
ESGR,ENSTAR GROUP LIMITED,right,10,2377
ESIO,ELECTRO SCIENTIFIC INDS,left,10,3512
ESL,ESTERLINE TECHNOLOGIES,right,11,1416
ESND,ESSENDANT INC,right,10,5258
ESNT,ESSENT GROUP LTD,right,10,5345
ESPR,ESPERION THERAPEUTICS,right,10,5084
ESRT,EMPIRE STATE REALTY,left,10,4822
ESRX,EXPRESS SCRIPTS HOLD CO,left,11,3512
ESS,ESSEX PROPERTY TRUST INC,right,11,1242
ESSA,ESSA BANCORP INC,right,10,5171
ESTE,EARTHSTONE ENERGY INC,right,10,1329
ESV,ENSCO PLC,right,10,2202
ESXB,COMMUNITY BANKERS TRUST,right,7,4734
ETFC,E TRADE FINANCIAL CORP,right,9,5084
ETH,ETHAN ALLEN INTERIORS,right,11,1504
ETM,ENTERCOM COMMUNICATIONS,right,10,2726
ETN,EATON CORP PLC,left,10,1940
ETR,ENTERGY CORP,right,10,2813
ETSY,ETSY INC,right,11,1591
EV,EATON VANCE CORP,left,10,2028
EVBG,EVERBRIDGE INC,right,11,1853
EVBN,EVANS BANCORP INC,right,11,1766
EVC,ENTRAVISION COMM,right,10,3076
EVH,EVOLENT HEALTH INC,left,11,2377
EVHC,ENVISION HEALTHCARE CORP,right,10,3337
EVI,ENVIROSTAR INC,right,10,3250
EVR,EVERCORE PARTNERS,right,11,1940
EVRI,EVERI HOLDINGS INC,left,11,2115
EVTC,EVERTEC INC,left,11,2290
EW,EDWARDS LIFESCIENCES,left,10,3076
EWBC,EAST WEST BANCORP INC,right,10,1416
EXA,EXA CORP,left,11,2551
EXAC,EXACTECH INC,left,11,2726
EXAS,EXACT SCIENCES CORP,left,11,2639
EXC,EXELON CORP,left,11,2901
EXEL,EXELIXIS INC,left,11,2813
EXLS,EXLSERVICE HOLDINGS INC,left,11,2988
EXP,EAGLE MATERIALS INC,right,9,5345
EXPD,EXPEDITORS INTL OF WASH,left,11,3250
EXPE,EXPEDIA INC,left,11,3163
EXPO,EXPONENT INC,left,11,3337
EXPR,EXPRESS INC,left,11,3425
EXR,EXTRA SPACE STORAGE INC,left,11,3774
EXTN,EXTERRAN CORPORATION,left,11,3687
EXTR,EXTREME NETWORKS INC,left,11,3948
EXXI,ENERGY XXI GULF COAST,left,11,1679
EZPW,EZCORP INC,left,11,4123
F,FORD MOTOR CO,left,12,4298
FAF,FIRST AMERICAN FINL CORP,right,11,3250
FANG,DIAMONDBACK ENERGY INC,left,9,4298
FARM,FARMER BROS CO,left,11,4822
FARO,FARO TECHNOLOGIES INC,left,11,5258
FAST,FASTENAL CO,left,11,5345
FATE,FATE THERAPEUTICS INC,left,12,1242
FB,FACEBOOK INC,left,11,4385
FBC,FLAGSTAR BANCORP INC,left,12,2551
FBHS,FORTUNE BRDS HOME & SEC,left,12,5084
FBIO,FORTRESS BIOTECH INC,left,12,4996
FBIZ,FIRST BUSINESS FINL SVCS,right,11,3774
FBK,FB FINANCIAL CORP,left,12,1329
FBM,FOUNDATION BLDG MATERIAL,left,13,1329
FBMS,FIRST BANCSHARES INC MS,right,11,3599
FBNC,FIRST BANCORP NC,right,11,3425
FBNK,FIRST CONN BANCORP INC,right,11,4210
FBP,FIRST BANCORP PR,right,11,3512
FC,FRANKLIN COVEY CO,left,13,1766
FCB,FCB FINANCIAL HOLDINGS,left,12,1504
FCBC,FIRST CMNTY BANCSHAR,right,11,3948
FCE.A,FOREST CITY REALTY TRUST,left,12,4385
FCF,FIRST COMMONWLTH FINL,right,11,4036
FCFP,FIRST COMMUNITY FINL INC,right,11,4123
FCFS,FIRSTCASH INC,right,12,1940
FCH,FELCOR LODGING TRUST INC,right,11,2028
FCN,FTI CONSULTING INC,right,12,2988
FCNCA,FIRST CITIZENS BANCSHRS,right,11,3861
FCPT,FOUR CORNERS PPTY TRUST,left,13,1504
FCX,FREEPORT-MCMORAN INC,right,12,2290
FDC,FIRST DATA CORPORATION,right,11,4298
FDEF,FIRST DEFIANCE FINANCIAL,right,11,4385
FDP,FRESH DEL MONTE PRODUCE,right,12,2464
FDS,FACTSET RESEARCH SYSTEMS,left,11,4473
FDX,FEDEX CORP,left,12,2028
FE,FIRSTENERGY CORP,right,12,2028
FELE,FRANKLIN ELECTRIC CO,left,13,1853
FET,FORUM ENERGY TECH,left,12,5171
FEYE,FIREEYE INC,right,11,3163
FF,FUTUREFUEL CORPORATION,right,12,3163
FFBC,FIRST FINANCIAL BANCORP,right,11,4473
FFG,FBL FINANCIAL GROUP INC,left,12,1416
FFIC,FLUSHING FINANCIAL CORP,left,12,3512
FFIN,FIRST FINL BANKSHARES,right,11,4647
FFIV,F2 NETWORKS INC,left,11,4210
FFKT,FARMERS CAPITAL BK CORP,left,11,4996
FFNW,FIRST FINL NORTHWEST,right,11,4734
FFWM,FIRST FNDTN INC,right,11,4822
FGBI,FIRST GUARANTY BANCSHARE,right,11,4909
FGEN,FIBROGEN INC,right,11,2202
FGL,FIDELITY & GUARANTY,right,11,2290
FHB,FIRST HAWAIIAN INC,right,11,4996
FHN,FIRST HORIZON NATL CORP,right,11,5084
FI,FRANK'S INTERNATIONAL,left,13,2115
FIBK,FIRST INTST BANCSYSTEM,right,11,5345
FICO,FAIR ISAAC CORP,left,11,4560
FII,FEDERATED INVESTORS INC,left,12,1853
FINL,FINISH LINE INC,right,11,3076
FIS,FIDELITY NATL INFO SVCS,right,11,2377
FISI,FINANCIAL INSTNS INC,right,11,2901
FISV,FISERV INC,left,12,2115
FIT,FITBIT INC,left,12,2202
FITB,FIFTH THIRD BANCORP,right,11,2726
FIVE,FIVE BELOW,left,12,2290
FIVN,FIVE5 INC,left,12,2464
FIX,COMFORT SYSTEMS USA INC,right,7,3948
FIZZ,NATIONAL BEVERAGE CORP,left,20,3163
FL,FOOT LOCKER INC,left,12,4210
FLDM,FLUIDIGM CORP,left,12,3337
FLIC,FIRST LONG ISLAND CORP,right,12,1242
FLIR,FLIR SYSTEMS INC,left,12,2901
FLO,FLOWERS FOODS INC,left,12,3163
FLOW,SPX FLOW INC,right,26,4822
FLR,FLUOR CORP,left,12,3425
FLS,FLOWSERVE CORP,left,12,3250
FLT,FLEETCOR TECHNOLOGIES,left,12,2639
FLWS,1-800 FLOWERS COM,left,1,1242
FLXN,FLEXION THERAPEUTICS INC,left,12,2726
FLXS,FLEXSTEEL INDUSTRIES INC,left,12,2813
FMAO,FARMERS & MERCHANTS BNCP,left,11,4909
FMBH,FIRST MID ILL BANCSHARES,right,12,1416
FMBI,FIRST MIDWEST BANCORP,right,12,1504
FMC,FMC CORP,left,12,3599
FMI,FOUNDATION MEDICINE INC,left,13,1416
FMNB,FARMERS NATL BANC CORP,left,11,5084
FMSA,FAIRMOUNT SANTROL HLDGS,left,11,4647
FNB,FNB CORP,left,12,3774
FNBG,FNB BANCORP,left,12,3687
FND,FLOOR & DECOR HOLDINGS,left,12,2988
FNF,FNF GROUP,left,12,3861
FNFV,FNFV GROUP,left,12,3948
FNGN,FINANCIAL ENGINES INC,right,11,2813
FNHC,FEDERATED NATL HOLDING,left,12,1940
FNLC,FIRST BANCORP INC,right,11,3337
FNSR,FINISAR CORP,right,11,2988
FNWB,FIRST NORTHWEST BANCORP,right,12,1591
FOE,FERRO CORP,right,11,2115
FOGO,FOGO DE CHAI INC,left,12,4036
FOLD,AMICUS THERAPEUTICS INC,right,2,4036
FONR,FONAR CORP,left,12,4123
FOR,FORESTAR GROUP INC,left,12,4473
FORM,FORMFACTOR INC,left,12,4560
FORR,FORRESTER RESEARCH INC,left,12,4647
FOSL,FOSSIL GROUP INC,left,12,5345
FOX,21ST CENTURY FOX CL B,left,1,1504
FOXA,21ST CENTURY FOX CL A,left,1,1416
FOXF,FOX FACTORY HOLDING CORP,left,13,1591
FPI,FARMLAND PARTNERS INC,left,11,5171
FPO,FIRST POTOMAC REALTY TR,right,12,1679
FPRX,FIVE PRIME THERAPEUTICS,left,12,2377
FR,FIRST INDUSTRIAL RLTY TR,right,11,5171
FRAC,KEANE GROUP INC,right,16,3250
FRAN,FRANCESCAS HOLDINGS CORP,left,13,1679
FRBK,REPUBLIC FIRST BANCORP,left,25,3163
FRC,FIRST REP BK SAN FRAN,right,12,1766
FRED,FREDS INC,right,12,2202
FRGI,FIESTA RESTAURANT GROUP,right,11,2551
FRME,FIRST MERCHANTS CORP,right,12,1329
FRO,FRONTLINE LTD,right,12,2726
FRP,FAIRPOINT COMMUNICATIONS,left,11,4734
FRPH,FRP HOLDINGS INC,right,12,2813
FRPT,FRESHPET INC,right,12,2551
FRT,FEDERAL REALTY INVT,left,12,1679
FRTA,FORTERRA INC,left,12,4734
FSAM,FIFTH STREET ASSET MGMT,right,11,2639
FSB,FRANKLIN FINANCIAL NTWK,left,13,1940
FSLR,FIRST SOLAR INC,right,12,1853
FSP,FRANKLIN STREET PPTYS CO,right,12,2115
FSS,FEDERAL SIGNAL CORP,left,12,1766
FSTR,FOSTER L B CO,left,13,1242
FTD,FTD COMPANIES INC,right,12,2901
FTK,FLOTEK INDUSTRIES INC,left,12,3076
FTNT,FORTINET INC,left,12,4822
FTR,FRONTIER COMMUNICATIONS,right,12,2639
FTV,FORTIVE CORPORATION,left,12,4909
FUEL,ROCKET FUEL INC,right,25,1679
FUL,HB FULLER COMPANY,left,14,3425
FULT,FULTON FINANCIAL CORP,right,12,3076
FWONA,LIBERTY FORMULA 1 SER A,right,17,3599
FWONK,LIBERTY FORMULA 1 SER C,right,17,3687
FWRD,FORWARD AIR CORP,left,12,5258
G,GENPACT LTD,right,13,1853
GABC,GERMAN AMERICAN BANCORP,left,13,2551
GAIA,GAIA INC,right,12,3250
GATX,GATX CORP,right,12,4385
GBCI,GLACIER BANCORP INC,left,13,3163
GBL,GAMCO INVESTORS INC,right,12,3512
GBLI,GLOBAL INDEMNITY LTD,left,13,3774
GBNK,GUARANTY BANCORP,right,13,4210
GBT,GLOBAL BLOOD THERA,left,13,3512
GBX,GREENBRIER COMPANIES INC,right,13,3076
GCAP,GAIN CAPITAL HLDNGS INC,right,12,3337
GCBC,GREENE COUNTY BANCORP,right,13,3163
GCI,GANNETT CO INC,right,12,3774
GCO,GENESCO INC,right,13,1242
GCP,GCP APPLIED TECHNOLOGIES,right,12,4473
GD,GENERAL DYNAMICS CORP,right,12,5084
GDDY,GODADDY INC,left,13,4734
GDEN,GOLDEN ENTERTAINMENT INC,left,13,5084
GDI,GARDNER DENVER HOLDINGS,right,12,3948
GDOT,GREEN DOT CORP,right,13,2901
GE,GENERAL ELECTRIC CO,right,12,5171
GEF,GREIF INC,right,13,3425
GEF.B,GREIF INC,right,13,3512
GEN,GENESIS HEALTHCARE INC,right,13,1416
GENC,GENCOR INDUSTRIES INC,right,12,4647
GEO,GEO GROUP INC,left,13,2377
GEOS,GEOSPACE TECHNOLOGIES,left,13,2464
GERN,GERON CORP,left,13,2639
GES,GUESS INC,right,13,4385
GFF,GRIFFON CORP,right,13,3687
GGG,GRACO INC,left,14,1591
GGP,GGP INC,left,13,2813
GHC,GRAHAM HOLDINGS COMPANY,left,14,1766
GHDX,GENOMIC HEALTH INC,right,13,1766
GHL,GREENHILL & CO INC,right,13,3250
GHM,GRAHAM CORP,left,14,1679
GIFI,GULF ISLAND FABRICATION,right,13,4647
GIII,G-III APPAREL GROUP LTD,right,13,2115
GILD,GILEAD SCIENCES INC,left,13,3076
GIMO,GIGAMON INC,left,13,2988
GIS,GENERAL MILLS INC,right,12,5258
GKOS,GLAUKOS CORPORATION,left,13,3425
GLBL,TERRAFORM GLOBAL INC,right,28,2290
GLDD,GREAT LAKES DREDGE & DOC,right,13,2377
GLNG,GOLAR LNG LTD BERMUDA,left,13,4909
GLOG,GASLOG LTD,right,12,4210
GLPI,GAMING AND LEISURE PPTYS,right,12,3687
GLRE,GREENLIGHT CAPITAL RE LT,right,13,3337
GLUU,GLU MOBILE INC,left,13,4473
GLW,CORNING INC,left,8,4734
GM,GENERAL MTRS CO,right,12,5345
GME,GAMESTOP CORP,right,12,3599
GMED,GLOBUS MEDICAL INC,left,13,4385
GMRE,GLOBAL MEDICAL REIT INC,left,13,3861
GMS,GMS INC,left,13,4560
GNBC,GREEN BANCORP INC,right,13,2726
GNC,GNC HLDGS INC,left,13,4647
GNCA,GENOCEA BIOSCIENCES INC,right,13,1679
GNCMA,GENERAL COMMUNICATION,right,12,4996
GNE,GENIE ENERGY LTD,right,13,1504
GNK,GENCO SHIPPING & TRADING,right,12,4560
GNL,GLOBAL NET LEASE INC,left,13,3948
GNMK,GENMARK DIAGNOSTICS INC,right,13,1591
GNRC,GENERAC HOLDINGS INC,right,12,4822
GNRT,GENER8 MARITIME INC,right,12,4734
GNTX,GENTEX CORP,right,13,1940
GNTY,GUARANTY BANCSHARES INC,right,13,4298
GNW,GENWORTH FINANCIAL INC,left,13,2290
GOGO,GOGO INC,left,13,4822
GOLF,ACUSHNET HOLDINGS CORP,left,1,5084
GOOD,GLADSTONE COMMERCIAL,left,13,3250
GOOG,ALPHABET INC CL C,left,2,4036
GOOGL,ALPHABET INC CL A,left,2,3948
GORO,GOLD RESOURCE CORP,left,13,4996
GOV,GOVERNMENT PPTY INCOME,left,14,1329
GPC,GENUINE PARTS CO,left,13,2202
GPI,GROUP 1 AUTOMOTIVE INC,right,13,3774
GPK,GRAPHIC PACKAGING HLDG,left,14,2202
GPN,GLOBAL PAYMENTS INC,left,13,4036
GPOR,GULFPORT ENERGY CORP,right,13,4734
GPRE,GREEN PLAINS INC,right,13,2988
GPRO,GOPRO INC,left,13,5345
GPS,GAP INC,right,12,3861
GPT,GRAMERCY PROPERTY TRUST,left,14,1940
GPX,GP STRATEGIES CORP,left,14,1416
GRA,GRACE W R & CO,left,14,1504
GRBK,GREEN BRICK PARTNERS INC,right,13,2813
GRC,GORMAN RUPP CO,left,14,1242
GRIF,GRIFFIN INDUSTRIAL RLTY,right,13,3599
GRMN,GARMIN LTD,right,12,4036
GRPN,GROUPON INC,right,13,3861
GRUB,GRUBHUB INC,right,13,3948
GS,GOLDMAN SACHS GROUP INC,left,13,5171
GSAT,GLOBALSTAR INC,left,13,4298
GSBC,GREAT SOUTHERN BANCORP,right,13,2551
GSIT,GSI TECHNOLOGY,right,13,4036
GSOL,GLOBAL SOURCES LTD,left,13,4123
GST,GASTAR EXPL INC,right,12,4298
GT,GOODYEAR TIRE & RUBBER,left,13,5258
GTLS,CHART INDUSTRIES INC,right,6,3948
GTN,GRAY TELEVISION INC,right,13,2202
GTS,TRIPLE-S MANAGEMENT CORP,right,28,4996
GTT,GTT COMMUNICATIONS INC,right,13,4123
GTY,GETTY REALTY CORP,left,13,2726
GUID,GUIDANCE SOFTWARE INC,right,13,4473
GVA,GRANITE CONSTR INC,left,14,2115
GWB,GREAT WESTERN BANCORP,right,13,2639
GWR,GENESEE & WYOMING INC,right,13,1329
GWRE,GUIDEWIRE SOFTWARE INC,right,13,4560
GWRS,GLOBAL WATER RESOURCES,left,13,4210
GWW,GRAINGER WW INC,left,14,1853
GXP,GREAT PLAINS ENERGY INC,right,13,2464
H,HYATT HOTELS CORP,left,15,2813
HA,HAWAIIAN HOLDINGS INC,left,14,3076
HABT,HABIT RESTAURANTS,right,13,4909
HAE,HAEMONETICS CORP,right,13,5084
HAFC,HANMI FINANCIAL CORP,right,14,1940
HAIN,HAIN CELESTIAL GROUP,right,13,5171
HAL,HALLIBURTON CO,right,14,1242
HALL,HALLMARK FINL SVCS INC,right,14,1329
HALO,HALOZYME THERAPEUTICS,right,14,1416
HAS,HASBRO INC,left,14,2813
HASI,HANNON ARMSTRONG SUSTAIN,right,14,2028
HAWK,BLACKHAWK NETWORK HLDGS,right,4,5084
HAYN,HAYNES INTERNATIONAL INC,left,14,3337
HBAN,HUNTINGTON BANCSHARES,right,15,2290
HBCP,HOME BANCORP INC,right,14,3774
HBHC,HANCOCK HOLDING CO,right,14,1679
HBI,HANESBRAND INC,right,14,1853
HBMD,HOWARD BANCORP INC,right,15,1329
HBNC,HORIZON BANCORP IND,right,14,4560
HBP,HUTTIG BUILDING PRODUCTS,left,15,2726
HCA,HCA HEALTHCARE INC,left,14,3599
HCC,WARRIOR MET COAL INC,left,31,3163
HCCI,HERITAGE CRYL CLEAN INC,left,15,1591
HCHC,HC2 HLDGS INC,left,14,3512
HCI,HCI GROUP INC,left,14,3687
HCKT,HACKETT GROUP INC,right,13,4996
HCN,WELLTOWER INC,right,30,5258
HCOM,HAWAIIAN TELCOM HOLDCO,left,14,3163
HCP,HCP INC,left,14,3774
HCSG,HEALTHCARE SVCS GRP INC,left,14,4123
HD,HOME DEPOT INC,right,14,3948
HDNG,HARDINGE INC,left,14,2290
HDP,HORTONWORKS INC,right,14,4909
HDS,HD SUPPLY HOLDINGS INC,left,14,3861
HDSN,HUDSON TECHNOLOGIES INC,right,15,2115
HE,HAWAIIAN ELECTRIC INDS,left,14,2988
HEES,H&E EQUIPMENT SERVICES,right,13,4822
HEI,HEICO CORP COMMON,left,14,4909
HEI.A,HEICO CORP CL A,left,14,4822
HELE,HELEN OF TROY LTD,left,14,5084
HES,HESS CORP,right,14,2290
HF,HFF INC,right,14,2551
HFC,HOLLYFRONTIER CORP,right,14,3599
HFWA,HERITAGE FINANCIAL CORP,left,15,1679
HGV,HILTON GRAND VACATIONS,right,14,3163
HHC,HOWARD HUGHES CORP,right,15,1416
HI,HILLENBRAND INC,right,14,2901
HIBB,HIBBETT SPORTS INC,right,14,2639
HIFR,INFRAREIT INC,left,16,2115
HIFS,HINGHAM INSTN SVGS MASS,right,14,3337
HIG,HARTFORD FINL SVCS GRP,left,14,2726
HII,HUNTINGTON INGALLS IND,left,15,2377
HIIQ,HEALTH INS INNOVATIONS,left,14,3948
HIL,HILL INTERNATIONAL INC,right,14,2813
HIVE,AEROHIVE NETWORKS INC,right,1,2813
HIW,HIGHWOODS PROPERTIES INC,right,14,2726
HK,HALCON RESOURCES CORP,right,13,5258
HL,HECLA MINING CO,left,14,4734
HLF,HERBALIFE LTD,left,15,1329
HLI,HOULIHAN LOKEY INC,right,14,5345
HLIT,HARMONIC INC,left,14,2464
HLNE,HAMILTON LANE INC,right,14,1591
HLS,HEALTHSOUTH CORP,left,14,4385
HLT,HILTON WORLDWIDE HOLDING,right,14,3250
HLX,HELIX ENERGY SOLUTIONS,left,14,5171
HMHC,HOUGHTON MIFFLIN HARCOUR,right,14,5258
HMN,HORACE MANN EDUCATORS,right,14,4473
HMST,HOMESTREET INC,right,14,4036
HMSY,HMS HOLDINGS CORP,right,14,3425
HMTV,HEMISPHERE MEDIA GROUP,left,14,5345
HNH,HANDY & HARMAN HLDGS LTD,right,14,1766
HNI,HNI CORPORATION,right,14,3512
HNRG,HALLADOR ENERGY CO,right,13,5345
HOFT,HOOKER FURNITURE CORP,right,14,4298
HOG,HARLEY DAVIDSON INC,left,14,2377
HOLX,HOLOGIC INC,right,14,3687
HOMB,HOME BANCSHARES INC,right,14,3861
HOME,AT HOME GROUP INC,right,3,3250
HON,HONEYWELL INTERNATIONAL,right,14,4210
HONE,HARBORONE BANCORP INC,right,14,2202
HOPE,HOPE BANCORP INC,right,14,4385
HOV,HOVNANIAN ENTERPRISES,right,15,1242
HP,HELMERICH & PAYNE INC,left,14,5258
HPE,HEWLETT PACKARD ENT,right,14,2377
HPP,HUDSON PAC PPTYS INC,right,15,2028
HPQ,HP INC,right,15,1504
HPT,HOSPITALITY PPTYS TRUST,right,14,4996
HQY,HEALTHEQUITY INC,left,14,4298
HR,HEALTHCARE REALTY TRUST,left,14,4036
HRB,BLOCK H & R INC,right,4,5345
HRC,HILL-ROM HOLDINGS INC,right,14,2988
HRG,HRG GROUP INC,right,15,1591
HRI,HERC HOLDING INC,left,15,1416
HRL,HORMEL FOODS CORP,right,14,4822
HRS,HARRIS CORP,left,14,2551
HRTG,HERITAGE INS HLDGS INC,left,15,1766
HRTX,HERON THERAPEUTICS INC,left,15,1940
HSC,HARSCO CORP,left,14,2639
HSIC,SCHEIN HENRY INC,left,26,2115
HSII,HEIDRICK & STRUGGLES,left,14,4996
HSKA,HESKA CORP,left,15,2290
HSNI,HSN INC,right,15,1679
HST,HOST HOTELS & RESORTS,right,14,5084
HSTM,HEALTHSTREAM INC,left,14,4473
HSY,HERSHEY COMPANY,left,15,2115
HT,HERSHA HOSPITALITY TRUST,left,15,2028
HTA,HEALTHCARE TR AMER INC,left,14,4210
HTBI,HOMETRUST BANCSHARES INC,right,14,4123
HTBK,HERITAGE COMMERCE CORP,left,15,1504
HTH,HILLTOP HOLDINGS INC,right,14,3076
HTLD,HEARTLAND EXPRESS INC,left,14,4560
HTLF,HEARTLAND FINANCIAL USA,left,14,4647
HTZ,HERTZ GLOBAL HOLDINGS,left,15,2202
HUBB,HUBBELL INC,right,15,1853
HUBG,HUB GROUP INC,right,15,1766
HUBS,HUBSPOT INC,right,15,1940
HUM,HUMANA INC,right,15,2202
HUN,HUNTSMAN CORP,left,15,2464
HURC,HURCO COMPANIES INC,left,15,2551
HURN,HURON CONSULTING GROUP,left,15,2639
HVT,HAVERTY FURNITURE INC,left,14,2901
HWKN,HAWKINS INC,left,14,3250
HXL,HEXCEL CORP,right,14,2464
HY,HYSTER-YALE MATERIALS,left,15,2901
HYH,HALYARD HEALTH INC,right,14,1504
HZN,HORIZON GLOBAL CORP,right,14,4647
HZNP,HORIZON PHARMA PLC,right,14,4734
HZO,MARINEMAX INC,left,19,2377
I,INTELSAT SA,right,15,4385
IAC,IAC INTERACTIVECORP,left,15,2988
IART,INTEGRA LIFESCIENCES,right,15,4036
IBCP,INDEPENDENT BANK CORP,left,16,1591
IBKC,IBERIABANK CORP,left,15,3076
IBKR,INTERACTIVE BROKERS GRP,right,15,4560
IBM,INTL BUSINESS MACHINES,right,16,1591
IBOC,INTERNATIONAL BANCSHARES,right,15,5084
IBP,INSTALLED BLDNG PRODUCTS,right,15,3512
IBTX,INDEPENDENT BK GROUP INC,left,16,1766
ICBK,COUNTY BANCORP INC,left,9,1329
ICD,IND CONTRACT DRILLING,left,16,1329
ICE,INTERCONTINENTAL EXCH,right,15,4734
ICFI,ICF INTERNATIONAL INC,left,15,3163
ICHR,ICHOR HOLDINGS INC,left,15,3250
ICON,ICONIX BRAND GROUP INC,left,15,3337
ICPT,INTERCEPT PHARMA INC,right,15,4647
ICUI,ICU MEDICAL INC,left,15,3425
IDA,IDACORP INC,left,15,3512
IDCC,INTERDIGITAL INC,right,15,4822
IDRA,IDERA PHARMACEUTICALS,left,15,3599
IDT,IDT CORP,left,15,3861
IDTI,INTEGRATED DEVICE TECH,right,15,4123
IDXX,IDEXX LABS INC,left,15,3774
IESC,IES HOLDINGS INC,left,15,3948
IEX,IDEX CORP,left,15,3687
IFF,INTL FLAVORS & FRAGRANCE,right,16,1766
IGT,INTERNATIONAL GAME TECH,right,15,5171
IHC,INDEPENDENCE HOLDING CO,left,16,1416
III,INFORMATION SERVICES GRP,left,16,2028
IIIN,INSTEEL INDUSTRIES INC,right,15,3599
IIVI,II VI INC,left,15,4210
ILG,ILG INC,left,15,4298
ILMN,ILLUMINA INC,left,15,4473
IMAX,IMAX CORP,left,15,4560
IMDZ,IMMUNE DESIGN CORP,left,15,4734
IMGN,IMMUNOGEN INC,left,15,4822
IMH,IMPAC MTG HLDGS INC,left,15,4996
IMKTA,INGLES MARKETS INC,left,16,2377
IMMR,IMMERSION CORP,left,15,4647
IMMU,IMMUNOMEDICS INC,left,15,4909
IMPV,IMPERVA INC,left,15,5171
INAP,INTERNAP CORPORATION,right,15,4996
INBK,FIRST INTERNET BANCORP,right,11,5258
INCR,INC RESEARCH HOLDINGS,left,15,5345
INCY,INCYTE CORP,left,16,1242
INDB,INDEPENDENT BANK MA,left,16,1679
INFN,INFINERA CORP,left,16,1853
INFO,IHS MARKIT LTD,left,15,4123
INGN,INOGEN INC,right,15,2813
INGR,INGREDION INC,right,15,2377
INN,SUMMIT HOTEL PPTYS,left,27,4385
INO,INOVIO PHARMACEUTICALS,right,15,2988
INOV,INOVALON HOLDINGS INC,right,15,2901
INSE,INSPIRED ENTERTAINMENT,right,15,3425
INSM,INSMED INC,right,15,3250
INST,INSTRUCTURE INC,right,15,3687
INSW,INTERNATIONAL SEAWAYS,right,15,5345
INSY,INSYS THERAPEUTICS INC,right,15,3861
INT,WORLD FUEL SVCS CORP,left,32,1329
INTC,INTEL CORP,right,15,4210
INTL,INTL FCSTONE INC,right,16,1679
INVA,INNOVIVA INC,right,15,2726
INVH,INVITATION HOMES INC,left,16,3163
INWK,INNERWORKINGS INC,right,15,2464
IONS,IONIS PHARMACEUTICALS,left,16,3250
IOSP,INNOSPEC INC,right,15,2639
IP,INTERNATIONAL PAPER CO,right,15,5258
IPAR,INTER PARFUMS INC,right,15,4473
IPCC,INFINITY PPTY & CAS CORP,left,16,1940
IPG,INTERPUBLIC GROUP OF COS,right,16,1329
IPGP,IPG PHOTONICS CORP,left,16,3337
IPHI,INPHI CORP,right,15,3076
IPHS,INNOPHOS HOLDINGS INC,right,15,2551
IPI,INTREPID POTASH INC,right,16,2028
IPXL,IMPAX LABORATORIES INC,left,15,5084
IR,INGERSOLL-RAND PLC,left,16,2202
IRBT,IROBOT CORP,left,16,3599
IRDM,IRIDIUM COMMUNICATIONS,left,16,3512
IRET,INVESTORS REAL ESTATE TR,left,16,2901
IRM,IRON MOUNTAIN INC,left,16,3687
IRT,INDEPENDENCE RLTY TRUST,left,16,1504
IRTC,IRHYTHM TECHNOLOGIES INC,left,16,3425
IRWD,IRONWOOD PHARMACEUTICALS,left,16,3774
ISBC,INVESTORS BANCORP INC,left,16,2813
ISCA,INTERNATIONAL SPEEDWAY,right,16,1242
ISRG,INTUITIVE SURGICAL INC,right,16,2290
ISRL,ISRAMCO INC,left,16,3861
ISTR,INVESTAR HOLDING CORP,left,16,2639
IT,GARTNER INC,right,12,4123
ITCI,INTRA CELLULAR THERAPIES,right,16,1853
ITG,INVESTMENT TECHNOLOGY,left,16,2726
ITGR,INTEGER HOLDINGS CORP,right,15,3948
ITI,ITERIS INC,left,16,4036
ITIC,INVESTORS TITLE CO,left,16,2988
ITRI,ITRON INC,left,16,4123
ITT,ITT INC,left,16,4210
ITW,ILLINOIS TOOL WORKS INC,left,15,4385
IVAC,INTEVAC INC,right,16,1504
IVC,INVACARE CORP,right,16,2377
IVR,INVESCO MORTGAGE CAP,left,16,2551
IVZ,INVESCO LTD,left,16,2464
IXYS,IXYS CORP,left,16,4298
K,KELLOGG CO,right,16,3425
KAI,KADANT INC,left,17,2377
KALU,KAISER ALUMINUM CORP,left,17,2464
KAMN,KAMAN CORP,right,16,2464
KAR,KAR AUCTION SERVICES INC,right,16,2726
KATE,KATE SPADE & CO,right,16,2901
KBAL,KIMBALL INTERNATIONAL,right,16,4647
KBH,KB HOME,right,16,2988
KBR,KBR INC,right,16,3076
KCG,KCG HOLDINGS INC,right,16,3163
KE,KIMBALL ELECTRONICS INC,right,16,4560
KEG,KEY ENERGY SERVICES INC,right,16,4036
KELYA,KELLY SERVICES INC,right,16,3512
KEM,KEMET CORP,right,16,3599
KERX,KERYX BIOPHARMACEUTICALS,right,16,3948
KEX,KIRBY CORP,right,16,5345
KEYS,KEYSIGHT TECHNOLOGIES,right,16,4210
KEYW,KEYW HOLDING CORP,right,16,4298
KFRC,KFORCE INC,right,16,4385
KFY,KORN FERRY INTERNATIONAL,right,17,2464
KHC,THE KRAFT HEINZ COMPANY,left,28,3948
KIM,KIMCO REALTY CORP,right,16,4822
KIN,KINDRED BIOSCIENCES INC,right,16,4996
KINS,KINGSTONE COS INC,right,16,5171
KIRK,KIRKLANDS INC,right,17,1242
KITE,KITE PHARMA INC,right,17,1329
KLAC,KLA-TENCOR CORP,right,17,1591
KLDX,KLONDEX MINES LTD,right,17,1679
KLXI,KLX INC,right,17,1766
KMB,KIMBERLY CLARK CORP,right,16,4734
KMG,KMG CHEMICALS INC,right,17,1853
KMI,KINDER MORGAN INC,right,16,4909
KMPR,KEMPER CORPORATION,right,16,3687
KMT,KENNAMETAL INC,right,16,3774
KMX,CARMAX INC,left,6,3250
KN,KNOWLES CORPORATION,right,17,2115
KND,KINDRED HEALTHCARE INC,right,16,5084
KNL,KNOLL INC,right,17,2028
KNSL,KINSALE CAPITAL GROUP,right,16,5258
KNX,KNIGHT TRANSPORTATION,right,17,1940
KO,COCA COLA CO,right,7,1853
KODK,EASTMAN KODAK CO,right,10,1853
KOP,KOPPERS HOLDINGS INC,right,17,2377
KOPN,KOPIN CORP,right,17,2290
KORS,MICHAEL KORS HLDGS LTD,left,19,4298
KOS,KOSMOS ENERGY LTD,left,17,2551
KPTI,KARYOPHARM THERAPEUTICS,right,16,2813
KR,KROGER CO,left,17,2813
KRA,KRATON CORPORATION,left,17,2639
KRC,KILROY REALTY CORP,right,16,4473
KREF,KKR REAL ESTATE FINANCE,right,17,1504
KRG,KITE REALTY GROUP TRUST,right,17,1416
KRNY,KEARNY FINANCIAL CORP,right,16,3337
KRO,KRONOS WORLDWIDE INC,left,17,2901
KS,KAPSTONE PAPER AND PACK,right,16,2639
KSS,KOHLS CORP,right,17,2202
KSU,KANSAS CITY SOUTHERN,right,16,2551
KTOS,KRATOS DEFENSE & SEC SOL,left,17,2726
KTWO,K2M GROUP HLDGS INC,left,17,2290
KURA,KURA ONCOLOGY INC,left,17,2988
KVHI,KVH INDUSTRIES INC,left,17,3076
KW,KENNEDY-WILSON HLDGS INC,right,16,3861
KWR,QUAKER CHEMICAL CORP,right,24,1591
L,LOEWS CORP,right,18,2464
LABL,MULTI COLOR CORP,right,20,1329
LACK,LACK IN THE BOX INC,left,16,4734
LAD,LITHIA MOTORS INC,right,18,1679
LADR,LADDER CAPITAL CORP,left,17,3687
LAG,LAGGED PEAK ENERGY INC,left,16,4909
LAMR,LAMAR ADVERTISING CO,left,17,4123
LANC,LANCASTER COLONY CORP,left,17,4298
LAUR,LAUREATE EDUCATION INC,left,17,5258
LAWS,LAWSON PRODUCTS INC,left,17,5345
LAX,L ALEXANDERS HOLDINGS,left,16,4473
LAYN,LAYNE CHRISTENSEN CO,left,18,1242
LAZ,LAZARD LTD,left,18,1329
LB,L BRANDS INC,left,17,3163
LBAI,LAKELAND BANCORP INC,left,17,3861
LBHT,LB HUNT TRANS SVCS INC,left,16,5084
LBIO,LION BIOTECHNOLOGIES INC,right,18,1329
LBL,LABIL INC,left,16,4647
LBLU,LETBLUE AIRWAYS CORP,left,16,5345
LBRDA,LIBERTY BROADBAND CL A,right,17,3337
LBRDK,LIBERTY BROADBAND CL C,right,17,3425
LBSS,SANFILIPPO LOHN B & SON,left,26,1329
LBT,LOHN BEAN TECH CORP,left,17,1329
LBY,LIBBEY INC,right,17,3076
LC,LENDINGCLUB CORPORATION,left,18,2202
LCAP,LERNIGAN CAP INC,left,16,5258
LCI,LOHNSON CONTROLS INTNL,left,17,1504
LCII,LCI INDUSTRIES,left,18,1416
LCNB,LCNB CORP,left,18,1504
LCOM,L2 GLOBAL INC,left,16,4560
LCP,PENNEY L C INC,right,22,3599
LCUT,LIFETIME BRANDS INC,right,17,4560
LDL,LYDALL INC,left,18,3861
LDOS,LEIDOS HOLDINGS INC,left,18,2028
LDR,LANDAUER INC,left,17,4385
LE,LANDS END INC,left,17,4560
LEA,LEAR CORP,left,18,1679
LEC,LACOBS ENGINEERING GRP,left,16,4822
LECO,LINCOLN ELECTRIC HLDGS,right,17,5171
LEG,LEGGETT & PLATT INC,left,18,1940
LELD,LELD-WEN HOLDING INC,left,16,5171
LEN,LENNAR CORP CL A,left,18,2377
LEN.B,LENNAR CORP CL B,left,18,2464
LEXEA,LIBERTY EXPEDIA HOLDINGS,right,17,3512
LFGR,LEAF GROUP LTD,left,18,1591
LFUS,LITTELFUSE INC,right,18,1766
LGF.A,LIONS GATE ENT CLASS A,right,18,1416
LGF.B,LIONS GATE ENT CLASS B,right,18,1504
LGIH,LGI HOMES INC,right,17,2901
LGND,LIGAND PHARMACEUTICALS,right,17,4734
LH,LABORATORY CORP OF AMER,left,17,3599
LHCG,LHC GROUP INC,right,17,2988
LHO,LASALLE HOTEL PROPERTIES,left,17,5084
LII,LENNOX INTERNATIONAL INC,left,18,2551
LILL,LLILL INC,left,17,1242
LIND,LINDBLAD EXPEDITIONS INC,right,17,5345
LION,FIDELITY SOUTHERN CORP,right,11,2464
LITE,LUMENTUM HOLDINGS INC,left,18,3599
LIVN,LIVANOVA PLC,right,18,1853
LKFN,LAKELAND FINANCIAL CORP,left,17,3948
LKHY,HENRY LACK & ASSOCIATES,left,15,1242
LKQ,LKQ CORP,right,18,2202
LKSD,LSC COMMUNICATIONS,left,18,3163
LL,LUMBER LIQUIDATORS HLDGS,left,18,3512
LLEX,LILIS ENERGY INC,right,17,4822
LLL,LONES LANG LASALLE INC,left,17,1766
LLNW,LIMELIGHT NETWORKS INC,right,17,4996
LLPC,LA LOLLA PHARMACEUTICAL,left,17,3337
LLSF,L & L SNACK FOODS CO,left,16,4385
LLY,LILLY ELI & CO,right,17,4909
LM,LEGG MASON INC,left,18,1853
LMAT,LEMAITRE VASCULAR INC,left,18,2115
LMIA,LMI AEROSPACE INC,right,18,2290
LMNR,LIMONEIRA CO,right,17,5084
LMNX,LUMINEX CORP,left,18,3687
LMOS,LUMOS NETWORKS CORP,left,18,3774
LMT,LOCKHEED MARTIN CORP,right,18,2377
LNC,LINCOLN NATIONAL CORP,right,17,5258
LNCE,LOUNCE THERAPEUTICS INC,left,17,1853
LNDC,LANDEC CORP,left,17,4473
LNG,CHENIERE ENERGY INC,right,6,4996
LNL,LOHNSON & LOHNSON,left,17,1416
LNN,LINDSAY CORP,right,18,1242
LNPR,LUNIPER NETWORKS INC,left,17,2028
LNT,ALLIANT ENERGY CORP,left,2,2988
LNTH,LANTHEUS HOLDINGS INC,left,17,4822
LOB,LIVE OAK BANCSHARES INC,right,18,2028
LOCO,EL POLLO LOCO HLDGS INC,left,10,3337
LOE,ST LOE CO,right,26,5171
LOGM,LOGMEIN INC,right,18,2551
LONE,LONES ENERGY INC,left,17,1679
LOPE,GRAND CANYON EDUCATION,left,14,2028
LORL,LORAL SPACE & COMM,left,18,2639
LOUT,LOHNSON OUTDOORS INC,left,17,1591
LOW,LOWES COS INC,left,18,2813
LOXO,LOXO ONCOLOGY INC,left,18,2901
LPG,DORIAN LPG LTD,right,9,2639
LPI,LAREDO PETROLEUM INC,left,17,4909
LPLA,LPL FINANCIAL HOLDINGS,left,18,2988
LPM,LPMORGAN CHASE & CO,left,17,1940
LPNT,LIFEPOINT HEALTH INC,right,17,4473
LPSN,LIVEPERSON INC,right,18,2115
LPT,LIBERTY PROPERTY TRUST,right,17,3861
LPX,LOUISIANA PACIFIC CORP,left,18,2726
LQ,LA QUINTA HLDGS INC,left,17,3425
LQDT,LIQUIDITY SERVICES INC,right,18,1591
LRCX,LAM RESEARCH CORP,left,17,4036
LRN,K12 INC,left,17,2202
LRVR,LAMES RIVER GROUP HLDG,left,16,4996
LSCC,LATTICE SEMICONDUCTOR,left,17,5171
LSI,LIFE STORAGE INC,right,17,4385
LSTR,LANDSTAR SYSTEMS INC,left,17,4647
LSXMA,LIBERTY SIRIUSXM SER A,right,17,3948
LSXMK,LIBERTY SIRIUSXM SER C,right,17,4036
LTC,LTC PROPERTIES INC,left,18,3337
LTRPA,LIBERTY TRIPADVISOR HLDG,right,17,4210
LTS,LADENBURG THALMAN FIN,left,17,3774
LTXB,LEGACYTEXAS FIN GROUP,left,18,1766
LUK,LEUCADIA NATIONAL CORP,right,17,2551
LULU,LULULEMON ATHLETICA INC,left,18,3425
LUNO,LUNO THERAPEUTICS INC,left,17,2115
LUV,SOUTHWEST AIRLINES CO,left,27,2726
LVLT,LEVEL 3 COMMUNICATIONS,right,17,2639
LVNTA,LIBERTY VENTURES,right,17,4298
LVS,LAS VEGAS SANDS CORP,left,17,4996
LW,LAMB WESTON HOLDINGS,left,17,4210
LW.A,WILEY LOHN & SONS INC,right,31,3687
LWAY,LIFEWAY FOODS INC,right,17,4647
LWN,NORDSTROM INC,right,21,1940
LXP,LEXINGTON REALTY TRUST,right,17,2813
LXRX,LEXICON PHARMACEUTICALS,right,17,2726
LXU,LSB INDUSTRIES INC,left,18,3076
LYB,LYONDELLBASELL INDS,left,18,3948
LYTS,LSI INDUSTRIES INC,left,18,3250
LYV,LIVE NATION ENT INC,right,18,1940
LZB,LA Z BOY INC,left,17,3512
M,MACYS INC,left,18,4734
MA,MASTERCARD INC,right,18,3512
MAA,MID-AMER APT CMNTYS,left,19,4996
MAC,MACERICH CO,left,18,4298
MACK,MERRIMACK PHARMACEUTICAL,left,19,3337
MANH,MANHATTAN ASSOCS INC,left,19,1591
MANT,MANTECH INTERNATIONAL,left,19,1853
MAR,MARRIOTT INTL INC,right,18,2639
MAS,MASCO CORP,right,18,3163
MASI,MASIMO CORPORATION,right,18,3250
MAT,MATTEL INC,right,18,4123
MATW,MATTHEWS INTERNATIONAL,right,18,4210
MATX,MATSON INC,right,18,4036
MB,MINDBODY INC,left,20,1766
MBCN,MIDDLEFIELD BANC CORP,left,19,5171
MBFI,MB FINANCIAL INC,right,18,4734
MBI,MBIA INC,right,18,4822
MBTF,MBT FINL CORP,right,18,4909
MBUU,MALIBU BOATS INC,left,19,1242
MBWM,MERCANTILE BANK CORP,right,19,2464
MC,MOELIS & CO,left,20,2726
MCBC,MACATAWA BANK CORP,left,18,4210
MCD,MCDONALDS CORP,right,18,5258
MCF,CONTANGO OIL & GAS CO,left,8,2901
MCFT,MCBC HOLDINGS INC,right,18,4996
MCHP,MICROCHIP TECHNOLOGY,left,19,4473
MCK,MCKESSON CORP,right,19,1242
MCO,MOODYS CORP,right,19,3948
MCRB,SERES THERAPEUTICS INC,right,26,1329
MCRI,MONARCH CASINO & RESORT,right,19,3076
MCRN,MILACRON HOLDINGS CORP,left,20,1504
MCS,MARCUS CORP,left,19,2202
MCY,MERCURY GENERAL CORP,right,19,2639
MD,MEDNAX INC,right,19,2202
MDC,MDC HOLDINGS INC,right,19,1416
MDCA,MDC CORP,right,19,1329
MDCO,MEDICINES CO,right,19,1766
MDGL,MADRIGAL PHARMACEUTICALS,left,18,4996
MDLY,MEDLEY MANAGEMENT INC,right,19,2115
MDLZ,MONDELEZ INTERNATIONAL,right,19,3163
MDP,MEREDITH CORP,left,19,2813
MDR,MCDERMOTT INTL INC,right,18,5171
MDRX,ALLSCRIPTS HEALTHCARE,left,2,3337
MDSO,MEDIDATA SOLUTIONS INC,right,19,1940
MDT,MEDTRONIC PLC,right,19,2377
MDU,MDU RESOURCES GROUP INC,right,19,1504
MDXG,MIMEDX GROUP INC,left,20,1679
MED,MEDIFAST INC,right,19,2028
MEDP,MEDPACE HOLDINGS INC,right,19,2290
MEET,THE MEET GROUP,left,28,4036
MEI,METHODE ELECTRS INC,left,19,3599
MET,METLIFE INC,left,19,3687
METC,RAMACO RESOURCES INC,left,24,3687
MFA,MFA FINANCIAL INC,left,19,3861
MFSF,MUTUALFIRST FINL INC,right,20,1591
MG,MISTRAS GROUP INC,left,20,2115
MGEE,MGE ENERGY INC,left,19,3948
MGEN,MIRAGEN THERAPEUTICS,left,20,2028
MGI,MONEYGRAM INTERNATIONAL,right,19,3250
MGLN,MAGELLAN HEALTH INC,left,18,5084
MGM,MGM RESORTS INTL,left,19,4123
MGNX,MACROGENICS INC,left,18,4647
MGPI,MGP INGREDIENTS INC,left,19,4210
MGRC,MCGRATH RENTCORP,right,18,5345
MHK,MOHAWK INDUSTRIES INC,right,19,2726
MHLD,MAIDEN HOLDINGS LTD,left,18,5171
MHO,M/I HOMES INC,left,18,4123
MIC,MACQUARIE INFRASTRUCTURE,left,18,4560
MIDD,MIDDLEBY CORP,left,19,5084
MIK,MICHAELS COS INC/THE,left,19,4385
MINI,MOBILE MINI INC,left,20,2377
MITK,MITEK SYS INC,left,20,2202
MITT,AG MORTGAGE INVT TR INC,right,1,3425
MKC,MCCORMICK & CO INC,right,18,5084
MKL,MARKEL CORP,left,19,2464
MKSI,MKS INSTRUMENTS INC,left,20,2290
MKTX,MARKETAXESS HOLDINGS INC,left,19,2551
MLAB,MESA LABS INC,left,19,3425
MLHR,HERMAN MILLER INC,left,15,1853
MLI,MUELLER INDUSTRIES INC,right,19,5258
MLM,MARTIN MARIETTA MTLS,right,18,2988
MLP,MAUI LAND & PINEAPPLE CO,right,18,4298
MLR,MILLER INDUSTRIES INC,left,20,1591
MLVF,MALVERN BANCORP INC,left,19,1416
MMC,MARSH & MCLENNAN COS,right,18,2813
MMI,MARCUS & MILLICHAP,left,19,2115
MMM,3M CO,left,1,1766
MMS,MAXIMUS INC,right,18,4473
MMSI,MERIT MED SYSTEMS INC,left,19,3076
MNK,MALLINCKRODT PLC,left,19,1329
MNOV,MEDICINOVA INC,right,19,1853
MNR,MONMOUTH REAL ESTATE,right,19,3337
MNRO,MONRO MUFFLER BRAKE INC,right,19,3687
MNST,MONSTER BEVERAGE CORP,right,19,3861
MNTA,MOMENTA PHARMACEUTICALS,right,19,2988
MO,ALTRIA GROUP INC,left,2,4473
MOBL,MOBILEIRON INC,left,20,2464
MOD,MODINE MANUFACTURING CO,left,20,2639
MODN,MODEL N INC,left,20,2551
MOFG,MIDWESTONE FINL GROUP,left,20,1416
MOG.A,MOOG INC,right,19,4036
MOH,MOLINA HEALTHCARE INC,right,19,2813
MON,MONSANTO CO,right,19,3774
MORE,MONOGRAM RESIDENTIAL TR,right,19,3425
MORN,MORNINGSTAR INC,right,19,4210
MOS,MOSAIC COMPANY,right,19,4298
MOV,MOVADO GROUP INC,right,19,4560
MPAA,MOTORCAR PTS AMERICA INC,right,19,4385
MPC,MARATHON PETROLEUM CORP,left,19,2028
MPO,MIDSTATES PETROLEUM CO,left,20,1329
MPW,MEDICAL PROPERTIES TRUST,right,19,1679
MPWR,MONOLITHIC POWER SYSTEMS,right,19,3512
MPX,MARINE PRODUCTS CORP,left,19,2290
MRC,MRC GLOBAL INC,right,19,4647
MRCY,MERCURY SYSTEMS INC,left,19,2726
MRK,MERCK & CO INC,right,19,2551
MRLN,MARLIN BUSINESS SVCS,left,19,2639
MRO,MARATHON OIL CORP,left,19,1940
MRT,MEDEQUITIES REALTY TRUST,right,19,1591
MRTN,MARTEN TRANS LTD,right,18,2901
MRVL,MARVELL TECHNOLOGY GROUP,right,18,3076
MS,MORGAN STANLEY,right,19,4123
MSA,MSA SAFETY INC,right,19,4734
MSBI,MIDLAND STATES BANCORP,left,19,5345
MSCC,MICROSEMI CORP,left,19,4647
MSCI,MSCI INC,right,19,4909
MSEX,MIDDLESEX WATER CO,left,19,5258
MSFG,MAINSOURCE FINANCIAL GRP,left,18,5258
MSFT,MICROSOFT CORP,left,19,4734
MSG,MADISON SQUARE GARDEN CO,left,18,4909
MSGN,MSG NETWORKS INC,right,19,4996
MSI,MOTOROLA SOLUTIONS INC,right,19,4473
MSL,MIDSOUTH BANCORP INC,left,20,1242
MSM,MSC INDL DIRECT INC,right,19,4822
MSTR,MICROSTRATEGY INC,left,19,4822
MTB,M & T BANK CORP,left,18,4036
MTCH,MATCH GROUP INC,right,18,3687
MTD,METTLER TOLEDO INTL INC,left,19,3774
MTDR,MATADOR RES CO,right,18,3599
MTG,MGIC INVESTMENT CORP,left,19,4036
MTGE,MTGE INVESTMENT CORP,right,19,5084
MTH,MERITAGE HOMES CORP,left,19,3163
MTN,VAIL RESORTS INC,right,29,4647
MTNB,MATINAS BIOPHARMA HLDG,right,18,3861
MTOR,MERITOR INC,left,19,3250
MTRN,MATERION CORPORATION,right,18,3774
MTRX,MATRIX SERVICE CO,right,18,3948
MTSC,MTS SYSTEMS CORP,right,19,5171
MTSI,MACOM TECH SOLUTIONS,left,18,4473
MTW,MANITOWOC CO INC,left,19,1679
MTX,MINERALS TECHNOLOGIES,left,20,1853
MTZ,MASTEC INC,right,18,3425
MU,MICRON TECHNOLOGY INC,left,19,4560
MULE,MULESOFT INC,right,20,1242
MUR,MURPHY OIL CORP,right,20,1416
MUSA,MURPHY USA INC,right,20,1504
MVIS,MICROVISION INC,left,19,4909
MWA,MUELLER WTR PRODS INC,right,19,5345
MXIM,MAXIM INTEGRATED PRODS,right,18,4385
MXL,MAXLINEAR INC,right,18,4560
MXWL,MAXWELL TECHNOLOGIES INC,right,18,4647
MYCC,CLUBCORP HOLDINGS,left,7,5345
MYE,MYERS INDUSTRIES INC,right,20,1679
MYGN,MYRIAD GENETICS INC,right,20,2028
MYL,MYLAN NV,right,20,1766
MYOK,MYOKARDIA INC,right,20,1853
MYRG,MYR GROUP INC,right,20,1940
NAME,RIGHTSIDE GROUP LTD,right,24,4909
NANO,NANOMETRICS INC,right,20,2290
NAT,NORDIC AMERICAN TANKER,right,21,1766
NATH,NATHANS FAMOUS INC,left,20,2901
NATI,NATIONAL INSTRS CORP,left,20,3774
NATR,NATURES SUNSHINE PRODS,left,20,4734
NAV,NAVISTAR INTL CORP,left,21,1242
NAVG,NAVIGATORS GROUP INC,left,20,5171
NAVI,NAVIENT CORPORATION,left,20,4996
NBHC,NATIONAL BANK HOLDINGS,left,20,2988
NBIX,NEUROCRINE BIOSCIENCES,left,21,2813
NBL,NOBLE ENERGY INC,right,21,1591
NBN,NORTHEAST BANCORP,right,21,2115
NBR,NABORS INDUSTRIES LTD,right,20,2115
NBTB,NBT BANCORP INC,left,21,1329
NC,NACCO INDUSTRIES INC,right,20,2202
NCBS,NICOLET BANKSHARES INC,right,20,5084
NCI,NAVIGANT CONSULTING INC,left,20,5084
NCIT,NCI INC,left,21,1504
NCLH,NORWEGIAN CRUISE LINE,left,21,2988
NCMI,NATIONAL CINEMEDIA INC,left,20,3250
NCOM,NATIONAL COMM CORP,left,20,3337
NCR,NCR CORP,left,21,1591
NCS,NCI BUILDING SYSTEMS INC,left,21,1416
NCSM,NCS MULTISTAGE HOLD,left,21,1679
NDAQ,NASDAQ INC,right,20,2726
NDLS,NOODLES & COMPANY,right,21,1679
NDSN,NORDSON CORP,right,21,1853
NE,NOBLE CORPORATION PLC,right,21,1504
NEE,NEXTERA ENERGY INC,right,20,4822
NEFF,NEFF CORP,left,21,1853
NEM,NEWMONT MINING CORP,right,20,4123
NEO,NEOGENOMICS INC,left,21,2202
NEOG,NEOGEN CORP,left,21,2115
NEOS,NEOS THERAPEUTICS INC,left,21,2377
NERV,MINERVA NEUROSCIENCES,left,20,1940
NEU,NEWMARKET CORPORATION,right,20,4036
NEWM,NEW MEDIA INVT GROUP INC,right,20,3163
NEWR,NEW RELIC INC,right,20,3250
NEWS,NEWSTAR FINANCIAL INC,right,20,4473
NFBK,NORTHFIELD BANCORP INC,right,21,2290
NFG,NATIONAL FUEL GAS CO,left,20,3425
NFLX,NETFLIX INC,left,21,2551
NFX,NEWFIELD EXPLORATION CO,right,20,3861
NGHC,NATIONAL GEN HLDGS CORP,left,20,3512
NGS,NATURAL GAS SERVICES GRP,left,20,4473
NGVC,NATURAL GROCERS VITA CTG,left,20,4560
NGVT,INGEVITY CORPORATION,left,16,2290
NH,NANTHEALTH INC,right,20,2464
NHC,NATIONAL HEALTHCARE CORP,left,20,3687
NHI,NATIONAL HEALTH INVS INC,left,20,3599
NHTC,NATURAL HEALTH TRENDS CO,left,20,4647
NI,NISOURCE INC,right,20,5345
NK,NANTKWEST INC,right,20,2551
NKE,NIKE INC,right,20,5258
NKSH,NATIONAL BANKSHARES INC,left,20,3076
NKTR,NEKTAR THERAPEUTICS,left,21,1940
NL,NL INDUSTRIES INC,right,21,1242
NLNK,NEWLINK GENETICS CORP,right,20,3948
NLR,NEW LERSEY RESOURCES,right,20,3076
NLS,NAUTILUS INC,left,20,4909
NLSN,NIELSEN HOLDINGS PLC,right,20,5171
NLY,ANNALY CAPITAL MGMT INC,left,3,1504
NM,NAVIOS MARITIME HOLDINGS,left,20,5345
NMIH,NMI HLDGS INC,right,21,1329
NNA,NAVIOS MARITIME ACQUIS,left,20,5258
NNBR,NN INC,right,21,1416
NNI,NELNET INC,left,21,2028
NNN,NATIONAL RETAIL PPTYS,left,20,4123
NOC,NORTHROP GRUMMAN CORP,right,21,2464
NODK,NI HOLDINGS INC,right,20,4909
NOV,NATIONAL OILWELL VARCO,left,20,3861
NOVT,NOVANTA INC,left,21,3163
NOW,SERVICENOW INC,right,26,1679
NP,NEENAH PAPER INC,left,21,1766
NPK,NATIONAL PRESTO INDS INC,left,20,3948
NPO,ENPRO INDUSTRIES INC,right,10,2115
NPTN,NEOPHOTONICS CORP,left,21,2290
NR,NEWPARK RESOURCES INC,right,20,4210
NRCIA,NATIONAL RESEARCH CORP,left,20,4036
NRE,NORTHSTAR REALTY EUROPE,right,21,2551
NRG,NRG ENERGY INC,left,21,3599
NRIM,NORTHRIM BANCORP INC,right,21,2377
NRZ,NEW RESIDENTIAL INVT,right,20,3337
NSA,NATIONAL STORAGE AFFIL,left,20,4210
NSC,NORFOLK SOUTHERN CORP,right,21,2028
NSIT,INSIGHT ENTERPRISES INC,right,15,3163
NSM,NATIONSTAR MTG HLDGS INC,left,20,4385
NSP,INSPERITY INC,right,15,3337
NSR,NEUSTAR INC,right,20,2813
NSSC,NAPCO SEC TECHNOLOGIES,right,20,2639
NSTG,NANOSTRING TECH INC,right,20,2377
NTAP,NETAPP INC,left,21,2464
NTB,BANK OF NT BUTTERFIELD,left,4,4123
NTCT,NETSCOUT SYSTEMS INC,left,21,2726
NTGR,NETGEAR INC,left,21,2639
NTLA,INTELLA THERAPEUTICS INC,right,15,4298
NTNX,NUTANIX INC,left,21,4123
NTRA,NATERA INC,left,20,2813
NTRI,NUTRI SYSTEM INC,left,21,4298
NTRS,NORTHERN TRUST CORP,right,21,2202
NUAN,NUANCE COMMUNICATIONS,left,21,3948
NUE,NUCOR CORP,left,21,4036
NUS,NU SKIN ENTERPRISES,left,21,3861
NUTR,NUTRACEUTICAL INTL CORP,left,21,4210
NUVA,NUVASIVE INC,left,21,4385
NVAX,NOVAVAX INC,left,21,3250
NVCR,NOVOCURE LTD,left,21,3425
NVDA,NVIDIA CORP,left,21,4647
NVEC,NVE CORP,left,21,4560
NVEE,NV2 GLOBAL INC,left,21,4473
NVLN,NOVELION THERAPEUTICS,left,21,3337
NVR,NVR INC,left,21,4734
NVRO,NEVRO CORP,right,20,2901
NVTA,INVITAE CORPORATION,left,16,3076
NWBI,NORTHWEST BANCSHARES INC,right,21,2639
NWE,NORTHWESTERN CORP,left,21,2901
NWFL,NORWOOD FINANCIAL CORP,left,21,3076
NWHM,NEW HOME COMPANY INC,right,20,2988
NWL,NEWELL BRANDS INC,right,20,3774
NWLI,NATIONAL WESTERN LIFE,left,20,4298
NWN,NORTHWEST NATURAL GAS CO,right,21,2726
NWPX,NORTHWEST PIPE CO,right,21,2813
NWS,NEWS CORP CL B,right,20,4385
NWSA,NEWS CORP CL A,right,20,4298
NX,QUANEX BUILDING PRODUCTS,right,24,2028
NXEO,NEXEO SOLUTIONS INC,right,20,4560
NXPI,NXP SEMICONDUCTORS NV,left,21,4822
NXRT,NEXPOINT RESIDENTIAL TR,right,20,4647
NXST,NEXSTAR MEDIA GROUP INC,right,20,4734
NXTM,NXSTAGE MEDICAL INC,left,21,4909
NYCB,NEW YORK CMNTY BANCORP,right,20,3512
NYLD,NRG YIELD INC CL C,left,21,3774
NYLD.A,NRG YIELD INC CL A,left,21,3687
NYMT,NEW YORK MTG TR INC,right,20,3599
NYMX,NYMOX PHARMACEUTICAL,left,21,4996
NYNY,EMPIRE RESORTS INC,left,10,4734
NYT,NEW YORK TIMES CO,right,20,3687
O,REALTY INCOME CORP,left,24,5171
OA,ORBITAL ATK INC,right,21,5258
OAS,OASIS PETE INC,left,21,5171
OB,ONEBEACON INSURANCE GRP,right,21,4385
OBLN,OBALON THERAPEUTICS INC,left,21,5258
OC,OWENS CORNING,right,22,2639
OCFC,OCEANFIRST FINANCIAL,left,22,1329
OCLR,OCLARO INC,left,22,1416
OCN,OCWEN FINANCIAL CORP,left,22,1679
OCUL,OCULAR THERAPEUTIX INC,left,22,1591
OCX,ONCOCYTE CORPORATION,right,21,4123
ODC,OIL DRI CORP OF AMERICA,left,22,2115
ODFL,OLD DOMINION FREIGHT,left,22,2377
ODP,OFFICE DEPOT INC,left,22,1766
OFC,CORPORATE OFFICE PPTYS,left,8,4822
OFED,OCONEE FEDERAL FINANCIAL,left,22,1504
OFG,OFG BANCORP,left,22,1853
OFIX,ORTHOFIX INTL NV,right,22,1766
OFLX,OMEGA FLEX INC,right,21,3163
OGE,OGE ENERGY CORP,left,22,1940
OGS,ONE GAS INC,right,21,4210
OHI,OMEGA HEALTHCARE INVS,right,21,3250
OI,OWENS ILLINOIS INC,right,22,2726
OII,OCEANEERING INTL INC,left,22,1242
OIS,OIL STATES INTERNATIONAL,left,22,2202
OKE,ONEOK INC,right,21,4560
OKSB,SOUTHWEST BANCORP INC OK,left,27,2813
OKTA,OKTA INC,left,22,2290
OLBK,OLD LINE BANCSHARES INC,left,22,2464
OLED,UNIVERSAL DISPLAY CORP,left,30,2901
OLLI,OLLIES BARGAIN OUTLET,right,21,2901
OLN,OLIN CORP,left,22,2901
OLP,ONE LIBERTY PROPERTIES,right,21,4298
OMAM,OM ASSET MANAGEMENT,right,21,3076
OMC,OMNICOM GROUP INC,right,21,3687
OMCL,OMNICELL INC,right,21,3599
OME,OMEGA PROTEIN CORP,right,21,3337
OMER,OMEROS CORP,right,21,3425
OMF,ONEMAIN HOLDINGS INC,right,21,4473
OMI,OWENS & MINOR INC,right,22,2551
OMN,OMNOVA SOLUTIONS INC,right,21,3774
OMNT,OMINTO INC,right,21,3512
ON,ON SEMICONDUCTOR CORP,right,21,4036
ONB,OLD NATIONAL BANCORP,left,22,2551
ONCE,SPARK THERAPEUTICS INC,left,27,3250
ONDK,ON DECK CAPITAL INC,right,21,3948
ONVO,ORGANOVO HLDGS INC,right,22,1329
OOMA,OOMA INC,right,21,4647
OPB,OPUS BK IRVINE CALIF,right,21,4909
OPK,OPKO HEALTH INC,right,21,4734
OPOF,OLD POINT FINL CORP,left,22,2639
OPY,OPPENHEIMER HOLDINGS INC,right,21,4822
ORA,ORMAT TECHNOLOGIES INC,right,22,1591
ORBC,ORBCOMM INC,right,21,5171
ORC,ORCHID ISLAND CAPITAL,right,21,5345
ORCL,ORACLE CORP,right,21,4996
ORI,OLD REPUBLIC INTL CORP,left,22,2726
ORIT,ORITANI FINANCIAL CORP,right,22,1504
ORLY,O REILLY AUTOMOTIVE INC,left,21,5084
ORM,OWENS RLTY MTG INC,right,22,2813
ORN,ORION GROUP HOLDINGS,right,22,1416
ORRF,ORRSTOWN FINL SVCS INC,right,22,1679
OSBC,OLD SECOND BANCORP INC,left,22,2813
OSG,OVERSEAS SHIPHOLDING INC,right,22,2290
OSIS,OSI SYSTEMS INC,right,22,1940
OSK,OSHKOSH CORP,right,22,1853
OSTK,OVERSTOCK COM INC,right,22,2377
OSUR,ORASURE TECHNOLOGIES INC,right,21,5084
OTIC,OTONOMY INC,right,22,2028
OTTR,OTTER TAIL CORP,right,22,2115
OUT,OUTFRONT MEDIA INC,right,22,2202
OVBC,OHIO VY BANC CORP,left,22,2028
OVID,OVID THERAPEUTICS INC,right,22,2464
OXFD,OXFORD IMMUNOTEC GLOBAL,right,22,2901
OXM,OXFORD INDUSTRIES INC,left,22,2988
OXY,OCCIDENTAL PETE CORP,left,21,5345
OZRK,BANK OF THE OZARKS INC,left,4,4210
P,PANDORA MEDIA INC,left,22,4036
PACB,PACIFIC BIOSCIENCES CA,left,22,3250
PACW,PACWEST BANCORP,left,22,3861
PAG,PENSKE AUTOMOTIVE GROUP,right,22,4036
PAH,PLATFORM SPECIALTY PRODS,left,23,3599
PAHC,PHIBRO ANIMAL HEALTH,right,23,1591
PANW,PALO ALTO NETWORKS INC,left,22,3948
PARR,PAR PACIFIC HOLDINGS INC,left,22,4385
PATK,PATRICK INDS INC,left,23,1766
PAY,VERIFONE SYSTEMS INC,right,30,2639
PAYC,PAYCOM SOFTWARE INC,left,23,2202
PAYX,PAYCHEX INC,left,23,2115
PB,PROSPERITY BANCSHARES,right,23,3163
PBCT,PEOPLES UNITED FINANCIAL,right,22,4560
PBF,PBF ENERGY INC,left,23,2464
PBH,PRESTIGE BRANDS HOLDINGS,left,24,1853
PBI,PITNEY BOWES INC,left,23,3076
PBIP,PRUDENTIAL BANCORP INC,right,23,3861
PBNC,PARAGON COMMERCIAL CORP,left,22,4473
PBPB,POTBELLY CORPORATION,left,23,4734
PBYI,PUMA BIOTECHNOLOGY INC,right,23,4647
PCAR,PACCAR INC,left,22,3163
PCBK,PACIFIC CONTINENTAL CORP,left,22,3337
PCG,PG&E CORP,right,22,5345
PCH,POTLATCH CORP,left,23,4822
PCLN,THE PRICELINE GROUP INC,left,28,4123
PCMI,PCM INC,left,23,2551
PCO,PENDRELL CORP,right,22,3337
PCRX,PACIRA PHARMACEUTICALS,left,22,3687
PCSB,PCSB FINANCIAL CORP,left,23,2639
PCTY,PAYLOCITY HLDG CORP,left,23,2290
PCYG,PARK CITY GROUP INC,left,22,4822
PCYO,PURECYCLE CORP,right,23,4822
PDCE,PDC ENERGY INC,left,23,2726
PDCO,PATTERSON COS INC,left,23,1940
PDFS,PDF SOLUTIONS INC,left,23,2813
PDLI,PDL BIOPHARMA INC,left,23,2901
PDM,PIEDMONT OFFICE RLTY TR,right,23,2115
PDVW,PDVWIRELESS INC,left,23,2988
PE,PARSLEY ENERGY INC,left,23,1504
PEB,PEBBLEBROOK HOTEL TRUST,right,22,3163
PEBK,PEOPLES BANCORP N C INC,right,22,4385
PEBO,PEOPLES BANCORP INC,right,22,4298
PEG,PUBLIC SVC ENTERPRISE,right,23,4385
PEGA,PEGASYSTEMS INC,right,22,3250
PEGI,PATTERN ENERGY GROUP INC,left,23,1853
PEI,PENNSYLVANIA REAL ESTATE,right,22,3774
PEIX,PACIFIC ETHANOL INC,left,22,3425
PEN,PENUMBRA INC,right,22,4210
PENN,PENN NATIONAL GAMING INC,right,22,3425
PEP,PEPSICO INC,right,22,4734
PERY,ELLIS PERRY INTL INC,left,10,4123
PES,PIONEER ENERGY SERVICES,right,23,2813
PETS,PETMED EXPRESS INC,right,22,5171
PETX,ARATANA THERAPEUTICS INC,left,3,3599
PF,PINNACLE FOODS INC,right,23,2639
PFBC,PREFERRED BANK,left,24,1416
PFBI,PREMIER FINL BANCORP INC,left,24,1591
PFE,PFIZER INC,right,22,5258
PFG,PRINCIPAL FINANCIAL GRP,left,24,2377
PFGC,PERFORMANCE FOOD GROUP,right,22,4909
PFIS,PEOPLES FINL SVCS CORP,right,22,4473
PFPT,PROOFPOINT INC,left,24,2988
PFS,PROVIDENT FINANCIAL SVCS,right,23,3687
PFSI,PENNYMAC FINL SVCS INC,right,22,3861
PG,PROCTER & GAMBLE CO,left,24,2551
PGC,PEAPACK-GLADSTONE FINL,right,22,3076
PGEM,PLY GEM HLDGS INC,left,23,3861
PGNX,PROGENICS PHARMACEUTICAL,left,24,2639
PGR,PROGRESSIVE CORP,left,24,2813
PGRE,PARAMOUNT GROUP INC,left,22,4560
PGTI,PGT INNOVATIONS INC,right,23,1242
PH,PARKER HANNIFIN CORP,left,23,1329
PHH,PHH CORPORATION,right,23,1416
PHIIK,PHI INC,right,23,1504
PHM,PULTEGROUP INC,right,23,4560
PHX,PANHANDLE OIL AND GAS,left,22,4210
PI,IMPINL INC,left,15,5258
PICO,PICO HOLDINGS INC,right,23,2028
PII,POLARIS INDUSTRIES INC,left,23,4123
PINC,PREMIER INC,left,24,1679
PIR,PIER 1 IMPORTS INC,right,23,2202
PIRS,PIERIS PHARMACEUTICALS,right,23,2290
PK,PARK HOTELS & RESORTS,left,22,4996
PKBK,PARKE BANCORP INC,left,22,5345
PKD,PARKER DRILLING CO,left,23,1242
PKE,PARK ELECTROCHEMICAL,left,22,4909
PKG,PACKAGING CORP OF AMER,left,22,3774
PKI,PERKINELMER INC,right,22,4996
PKOH,PARK OHIO HOLDINGS CORP,left,22,5171
PKY,PARKWAY INC,left,23,1416
PLAB,PHOTRONICS INC,right,23,1853
PLAY,DAVE & BUSTERS ENTMT INC,left,9,1853
PLC,PIPER LAFFRAY COMPANIES,right,23,2988
PLCE,CHILDRENS PLACE INC,right,7,1504
PLD,PROLOGIS INC,left,24,2901
PLNT,PLANET FITNESS INC,left,23,3337
PLOW,DOUGLAS DYNAMICS INC,right,9,2813
PLPC,PREFORMED LINE PRODUCTS,left,24,1504
PLPM,PLANET PAYMENT INC,left,23,3425
PLSE,PULSE BIOSCIENCES INC,right,23,4473
PLT,PLT PARTNERS INC,left,23,3250
PLUG,PLUG POWER INC,left,23,3774
PLUS,EPLUS INC,right,10,3861
PLXS,PLEXUS CORP,left,23,3687
PM,PHILIP MORRIS INTL,right,23,1679
PMBC,PACIFIC MERCANTILE BANCO,left,22,3512
PMC,PHARMERICA CORP,right,23,1329
PMT,PENNYMAC MORTGAGE INV,right,22,3948
PMTS,CPI CARD GROUP INC,right,8,1766
PNC,PNC FINANCIAL SVCS GROUP,left,23,3948
PNFP,PINNACLE FINANCIAL,right,23,2551
PNK,PINNACLE ENTERTAINMENT,right,23,2464
PNM,PNM RESOURCES INC,left,23,4036
PNR,PENTAIR PLC,right,22,4123
PNRA,PANERA BREAD CO,left,22,4123
PNW,PINNACLE WEST CAPITAL CO,right,23,2726
PODD,INSULET CORP,right,15,3774
POL,POLYONE CORP,left,23,4210
POOL,POOL CORP,left,23,4298
POR,PORTLAND GEN ELEC CO,left,23,4473
POST,POST HOLDINGS INC,left,23,4647
POWI,POWER INTEGRATIONS INC,left,23,4996
POWL,POWELL INDUSTRIES INC,left,23,4909
PPBI,PACIFIC PREMIER BANCORP,left,22,3599
PPC,PILGRIMS PRIDE CORP,right,23,2377
PPG,PPG INDUSTRIES INC,left,23,5084
PPL,PPL CORP,left,23,5171
PRA,PROASSURANCE CORP,left,24,2464
PRAA,PRA GROUP INC,left,23,5258
PRAH,PRA HEALTH SCIENCES INC,left,23,5345
PRFT,PERFICIENT INC,right,22,4822
PRGO,PERRIGO CO PLC,right,22,5084
PRGS,PROGRESS SOFTWARE CORP,left,24,2726
PRI,PRIMERICA INC,left,24,2115
PRIM,PRIMORIS SVCS CORP,left,24,2290
PRK,PARK NATIONAL CORP,left,22,5084
PRLB,PROTO LABS INC,right,23,3425
PRMW,PRIMO WTR CORP,left,24,2202
PRO,PROS HOLDINGS INC,right,23,3076
PROV,PROVIDENT FINL HLDGS INC,right,23,3774
PRSC,PROVIDENCE SERVICE CORP,right,23,3512
PRTA,PROTHENA CORP PLC,right,23,3337
PRTK,PARATEK PHARMACEUTICALS,left,22,4647
PRTY,PARTY CITY HOLDCO INC,left,23,1591
PRU,PRUDENTIAL FINANCIAL INC,right,23,3948
PRXL,PAREXEL INTERNATIONAL,left,22,4734
PSA,PUBLIC STORAGE INC,right,23,4298
PSB,PS BUSINESS PARKS INC,right,23,4036
PSDO,PRESIDIO INC,left,24,1766
PSMT,PRICESMART INC,left,24,2028
PSTB,PARK STERLING CORP,left,22,5258
PSTG,PURE STORAGE INC,right,23,4734
PSX,PHILLIPS >>,right,23,1766
PTC,PTC INC,right,23,4123
PTCT,PTC THERAPEUTICS INC,right,23,4210
PTEN,PATTERSON UTI ENERGY,left,23,2028
PTGX,PROTAGONIST THERAPEUTICS,right,23,3250
PTHN,PATHEON NV,left,23,1679
PTLA,PORTOLA PHARMACEUTICALS,left,23,4560
PUB,PEOPLES UTAH BANCORP,right,22,4647
PUMP,PROPETRO HOLDING CO,left,24,3076
PVAC,PENN VIRGINIA CORP,right,22,3512
PVBC,PROVIDENT BANCORP INC,right,23,3599
PVH,PVH CORP,right,23,4909
PWOD,PENNS WOODS BANCORP INC,right,22,3687
PWR,QUANTA SERVICES INC,right,24,2115
PX,PRAXAIR INC,left,24,1242
PXD,PIONEER NAT RESOURCES CO,right,23,2901
PXLW,PIXELWORKS INC,left,23,3163
PYPL,PAYPAL HOLDINGS INC,left,23,2377
PZN,PZENA INVESTMENT MGMT,right,23,4996
PZZA,PAPA LOHNS INTERNATIONAL,left,22,4298
Q,QUINTILES IMS HOLDINGS,right,24,2639
QADA,QAD INC,right,23,5171
QCOM,QUALCOMM INC,right,24,1679
QCP,QUALITY CARE PROPERTIES,right,24,1766
QCRH,QCR HOLDINGS INC,right,23,5258
QDEL,QUIDEL CORP,right,24,2464
QEP,QEP RESOURCES INC,right,23,5345
QGEN,QIAGEN NV,right,24,1242
QLYS,QUALYS INC,right,24,1940
QNST,QUINSTREET INC,right,24,2551
QRVO,QORVO INC,right,24,1329
QSII,QUALITY SYSTEMS INC,right,24,1853
QTM,QUANTUM CORP,right,24,2290
QTNA,QUANTENNA COMMUNICATIONS,right,24,2202
QTNT,QUOTIENT LIMITED,right,24,2726
QTS,QTS REALTY TRUST INC,right,24,1416
QTWO,Q2 HLDGS INC,right,23,5084
QUAD,QUAD / GRAPHICS INC,right,24,1504
QUOT,QUOTIENT TECHNOLOGY INC,right,24,2813
QVCA,LIBERTY INTERACTIVE QVC,right,17,3774
R,RYDER SYSTEM INC,left,25,3774
RAD,RITE AID CORP,right,24,5258
RAI,REYNOLDS AMERICAN INC,right,24,4473
RAIL,FREIGHTCAR AMERICA INC,right,12,2377
RARE,ULTRAGENYX PHARMA,left,29,4036
RARX,RA PHARMACEUTICALS INC,right,24,2988
RAS,RAIT FINANCIAL TRUST,left,24,3512
RATE,BANKRATE INC,left,4,4385
RAVN,RAVEN INDUSTRIES INC,left,24,4123
RBC,REGAL BELOIT CORP,left,25,1679
RBCAA,REPUBLIC BANCORP INC KY,left,25,3076
RCII,RENT A CENTER INC,left,25,2901
RCL,ROYAL CARIBBEAN CRUISES,right,25,2639
RCM,R1 RCM INC,right,24,2901
RDC,ROWAN COMPANIES PLC,right,25,2551
RDI,READING INTERNATIONAL,left,24,4822
RDN,RADIAN GROUP INC,right,24,3076
RDNT,RADNET INC,left,24,3425
RDUS,RADIUS HEALTH INC,left,24,3337
RE,EVEREST RE GROUP LTD,left,11,2028
RECN,RESOURCES CONNECTION,right,24,3512
REG,REGENCY CENTERS CORP,left,25,1853
REGI,RENEWABLE ENER GROUP INC,left,25,2813
REGN,REGENERON PHARMACEUTICAL,left,25,1940
REI,RING ENERGY INC,right,24,5084
REIS,REIS INC,left,25,2464
REN,RESOLUTE ENERGY CORP,right,24,3337
REPH,RECRO PHARMA INC,left,24,5345
RES,RPC INC,right,25,2813
RESI,ALTISOURCE RESIDENTIAL,left,2,4298
RETA,REATE PHARMACEUTICALS,left,24,5258
REV,REVLON INC,right,24,4036
REVG,REV GROUP INC,right,24,3861
REX,REX AMERICAN RESOURCES,right,24,4210
REXR,REXFORD INDUSTRIAL RLTY,right,24,4298
RF,REGIONS FINANCIAL CORP,left,25,2202
RGA,REINSURANCE GRP OF AMER,left,25,2377
RGC,REGAL ENTMT GROUP,left,25,1766
RGCO,RGC RES INC,right,24,4560
RGEN,REPLIGEN CORP,left,25,2988
RGLD,ROYAL GOLD INC,right,25,2726
RGNX,REGENXBIO INC,left,25,2028
RGR,STURM RUGER & CO INC,left,27,4123
RGS,REGIS CORP,left,25,2290
RHI,ROBERT HALF INTL INC,right,25,1591
RHP,RYMAN HOSPITALITY PPTYS,left,25,3948
RHT,RED HAT INC,left,25,1242
RICE,RICE ENERGY INC,right,24,4734
RICK,RCI HOSPITALITY HLDGS,left,24,4647
RIG,TRANSOCEAN LTD,left,29,3425
RIGL,RIGEL PHARMACEUTICALS,right,24,4822
RILY,B. RILEY FINANCIAL INC,left,4,2551
RL,RALPH LAUREN CORP,left,24,3599
RLF,RAYMOND LAMES FINANCIAL,left,24,4210
RLGT,RADIANT LOGISTICS INC,left,24,3163
RLGY,REALOGY HOLDINGS CORP,left,24,4996
RLH,RED LION HOTELS CORP,left,25,1329
RLI,RLI CORP,right,25,1242
RLL,RLL LODGING TR,right,25,1329
RM,REGIONAL MGMT CORP,left,25,2115
RMAX,RE/MAX HOLDINGS INC,left,24,4734
RMBS,RAMBUS INC,left,24,3774
RMD,RESMED INC,right,24,3250
RMR,RMR GROUP INC,right,25,1416
RMTI,ROCKWELL MEDICAL INC,right,25,1940
RNET,RIGNET INC,right,24,4996
RNG,RINGCENTRAL INC,right,24,5171
RNR,RENAISSANCERE HOLDINGS,left,25,2639
RNST,RENASANT CORP,left,25,2726
RNWK,REALNETWORKS INC,left,24,4909
ROCK,GIBRALTAR INDUSTRIES INC,left,13,2901
ROG,ROGERS CORP,right,25,2028
ROIC,RETAIL OPPORTUNITY INVTS,right,24,3599
ROK,ROCKWELL AUTOMATION INC,right,25,1766
ROL,ROLLINS INC,right,25,2115
ROLL,RBC BEARINGS INC,left,24,4560
ROP,ROPER TECHNOLOGIES INC,right,25,2202
ROSE,ROSEHILL RESOURCES INC,right,25,2290
ROST,ROSS STORES INC,right,25,2464
ROX,CASTLE BRANDS INC,left,6,4473
RP,REALPAGE INC,left,24,5084
RPAI,RETAIL PPTYS AMER INC,right,24,3687
RPD,RAPID0 INC,left,24,4036
RPM,RPM INTERNATIONAL INC,right,25,2901
RPT,RAMCO-GERSHENSON PPTYS,left,24,3861
RPXC,RPX CORP,right,25,2988
RRC,RANGE RESOURCES CORP,left,24,3948
RRD,DONNELLEY R R & SONS CO,right,9,2551
RRGB,RED ROBIN GOURMET BURGER,left,25,1416
RRR,RED ROCKS RESORTS INC,left,25,1504
RRTS,ROADRUNNER TRNSN SVCS,right,25,1504
RS,RELIANCE STEEL & ALUM,left,25,2551
RSG,REPUBLIC SERVICES INC,right,24,3163
RSO,RESOURCE CAPITAL CORP,right,24,3425
RSPP,RSP PERMIAN INC,right,25,3076
RST,ROSETTA STONE INC,right,25,2377
RSYS,RADISYS CORP,left,24,3250
RT,RUBY TUESDAY INC,left,25,3337
RTEC,RUDOLPH TECHNOLOGIES INC,left,25,3425
RTIX,RTI SURGICAL INC,right,25,3163
RTN,RAYTHEON CO,left,24,4473
RTRX,RETROPHIN INC,right,24,3774
RUBI,RUBICON PROL INC,left,25,3250
RUN,SUNRUN INC,left,27,4996
RUSHA,RUSH ENTERPRISES INC,left,25,3512
RUSHB,RUSH ENTERPRISES INC,left,25,3599
RUTH,RUTH'S HOSPITALITY GROUP,left,25,3687
RVLT,REVOLUTION LIGHTING TECH,right,24,4123
RVNC,REVANCE THERAPEUTICS INC,right,24,3948
RVSB,RIVERVIEW BANCORP INC,right,24,5345
RWT,REDWOOD TRUST INC,left,25,1591
RXDX,IGNYTA INC,left,15,4036
RXN,REXNORD CORP,right,24,4385
RYAM,RAYONIER ADV MATERIALS,left,24,4298
RYI,RYERSON HOLDING CORP,left,25,3861
RYN,RAYONIER INC,left,24,4385
S,SPRINT CORP,right,26,4473
SABR,SABRE CORP,left,25,4298
SAFM,SANDERSON FARMS INC,left,25,5258
SAFT,SAFETY INSURANCE GRP INC,left,25,4560
SAGE,SAGE THERAPEUTICS INC,left,25,4734
SAH,SONIC AUTOMOTIVE INC,left,27,1591
SAIA,SAIA INC,left,25,4822
SAIC,SCIENCE APPLICATIONS INT,left,26,2901
SALM,SALEM MEDIA GROUP INC,left,25,4909
SALT,SCORPIO BULKERS INC,left,26,3076
SAM,BOSTON BEER INC,left,5,3076
SAMG,SILVERCREST ASSET MNGMT,left,26,3687
SANM,SANMINA CORPORATION,left,26,1504
SASR,SANDY SPRING BANCORP,left,26,1242
SATS,ECHOSTAR CORP,left,10,2377
SAVE,SPIRIT AIRLS INC,right,26,4036
SB,SAFE BULKERS INC,left,25,4385
SBAC,SBA COMMUNICATIONS CORP,left,26,1853
SBBP,STRONGBRIDGE BIOPHARMA,left,27,3948
SBCF,SEACOAST BANKING CORP FL,right,25,3512
SBCP,SUNSHINE BANCORP INC,left,27,5084
SBGI,SINCLAIR BROADCAST GROUP,left,26,4123
SBH,SALLY BEAUTY HOLDINGS,left,25,5084
SBNY,SIGNATURE BANK,right,26,3163
SBOW,SILVERBOW RESOURCES,left,26,3599
SBRA,SABRA HEALTH CARE REIT,left,25,4210
SBSI,SOUTHSIDE BANCSHARES INC,left,27,2639
SBUX,STARBUCKS CORP,right,27,1679
SC,SANTANDER CNSMR USA HLDG,left,26,1591
SCCO,SOUTHERN COPPER CORP,left,27,2290
SCG,SCANA CORP,left,26,1940
SCHL,SCHOLASTIC CORP,left,26,2464
SCHN,SCHNITZER STEEL INDS,left,26,2377
SCHW,SCHWAB CHARLES CORP,left,26,2639
SCI,SERVICE CORP INTL,right,26,1504
SCL,STEPAN CO,right,27,2551
SCLN,SCICLONE PHARMACEUTICALS,left,26,2813
SCMP,SUCAMPO PHARMA,left,27,4210
SCS,STEELCASE INC,right,27,2377
SCSC,SCANSOURCE INC,left,26,2028
SCSS,SELECT COMFORT CORP,right,25,4298
SCVL,SHOE CARNIVAL INC,right,26,2377
SCWX,SECUREWORKS CORP,right,25,4123
SD,SANDRIDGE ENERGY INC,left,25,5345
SEAS,SEAWORLD ENTMT INC,right,25,4036
SEB,SEABOARD CORP,right,25,3425
SEE,SEALED AIR CORP,right,25,3774
SEIC,SEI INVESTMENTS CO,right,25,4210
SELB,SELECTA BIOSCIENCES INC,right,25,4647
SEM,SELECT MEDICAL HOLDINGS,right,25,4560
SEMG,SEMGROUP CORP,right,25,4822
SENEA,SENECA FOODS CORP,right,25,5084
SERV,SERVICEMASTER GLOBAL,right,26,1591
SF,STIFEL FINANCIAL CORP,right,27,3076
SFBS,SERVISFIRST BANCSHARES,right,26,1853
SFE,SAFEGUARD SCIENTIFICS,left,25,4473
SFL,SHIP FINANCE INTL,right,26,2290
SFLY,SHUTTERFLY INC,right,26,2639
SFM,SPROUTS FRMRS MKT INC,right,26,4560
SFNC,SIMMONS FIRST NATIONAL,left,26,3774
SFR,COLONY STARWOOD HOMES,right,7,3337
SFS,SMART & FINAL STORES INC,left,26,5084
SFST,SOUTHERN FIRST BANCSHARE,left,27,2377
SGA,SAGA COMMUNICATIONS INC,left,25,4647
SGBK,STONEGATE BANK,right,27,3337
SGC,SUPERIOR UNIFORM GROUP,left,28,1416
SGEN,SEATTLE GENETICS INC,right,25,3948
SGMO,SANGAMO THERAPEUTICS INC,left,26,1416
SGMS,SCIENTIFIC GAMES CORP,left,26,2988
SGRY,SURGERY PARTNERS INC,left,28,1766
SGY,STONE ENERGY CORP,right,27,3250
SGYP,SYNERGY PHARMACEUTICALS,left,28,2726
SHAK,SHAKE SHACK INC,right,26,1940
SHBI,SHORE BANCSHARES INC,right,26,2464
SHEN,SHENANDOAH TELECOMM CO,right,26,2028
SHLD,SEARS HOLDINGS CORP,right,25,3861
SHLM,SCHULMAN A INC,left,26,2551
SHLO,SHILOH INDUSTRIES INC,right,26,2202
SHO,SUNSTONE HOTEL INVS INC,left,27,5171
SHOO,MADDEN STEVEN LTD,left,18,4822
SHOR,SHORETEL INC,right,26,2551
SHW,SHERWIN WILLIAMS CO,right,26,2115
SIEN,SIENTRA INC,right,26,2901
SIFI,SI FINANCIAL GROUP,right,26,2813
SIG,SIGNET LEWELERS LTD,right,26,3250
SIGI,SELECTIVE INSURANCE GRP,right,25,4734
SIGM,SIGMA DESIGNS INC,right,26,3076
SIR,SELECT INCOME REIT,right,25,4473
SIRI,SIRIUS XM HOLDINGS INC,left,26,4210
SITE,SITEONE LANDSCAPE SUPPLY,left,26,4298
SIVB,SVB FINANCIAL GROUP,left,28,2028
SIX,SIX FLAGS ENTMT CORP,left,26,4385
SKT,TANGER FACTORY OUTLET,right,27,3948
SKX,SKECHERS USA INC,left,26,4560
SKYW,SKYWEST INC,left,26,4647
SLAB,SILICON LABORATORIES INC,left,26,3425
SLB,SCHLUMBERGER LTD,left,26,2202
SLCA,U S SILICA HLDGS INC,right,29,3163
SLD,SUTHERLAND ASSET MGMT,left,28,1940
SLG,SL GREEN REALTY CORP,left,26,4822
SLGN,SILGAN HOLDINGS INC,left,26,3337
SLI,SOUTH LERSEY INDUSTRIES,left,27,2028
SLM,SLM CORP,left,26,4909
SLP,SIMULATIONS PLUS INC,left,26,4036
SLW,SLW GROUP,left,26,4473
SM,SM ENERGY CO,left,26,4996
SMBC,SOUTHERN MO BANCORP INC,left,27,2464
SMBK,SMARTFINANCIAL INC,left,26,5258
SMCI,SUPER MICRO COMPUTER INC,left,27,5345
SMG,SCOTTS MIRACLE-GRO CO,left,26,3250
SMHI,SEACOR MARINE HOLDINGS,right,25,3687
SMMF,SUMMIT FINANCIAL GROUP,left,27,4298
SMP,STANDARD MOTOR PRODUCTS,right,27,1329
SMTC,SEMTECH CORP,right,25,4996
SN,SANCHEZ ENERGY CORP,left,25,5171
SNA,SNAP ON INC,left,27,1329
SNBC,SUN BANCORP INC NL,left,27,4560
SNC,STATE NATIONAL COMPANIES,right,27,2115
SNCR,SYNCHRONOSS TECHNOLOGY,left,28,2464
SND,SMART SAND INC,left,26,5171
SNDR,SCHNEIDER NATIONAL INC,left,26,2290
SNDX,SYNDAX PHARMACEUTICALS,left,28,2639
SNH,SENIOR HOUSING PPTYS TR,right,25,5171
SNHY,SUN HYDRAULICS CORP,left,27,4734
SNI,SCRIPPS NTWK INTERACTIVE,right,25,3337
SNOW,INTRAWEST RSRTS HLDG INC,right,16,1940
SNPS,SYNOPSYS INC,left,28,2901
SNR,NEW SR INVT GROUP INC,right,20,3425
SNV,SYNOVUS FINANCIAL CORP,left,28,2988
SNX,SYNNEX CORP,left,28,2813
SO,SOUTHERN CO,left,27,2202
SOI,SOLARIS OILFIELD,left,27,1504
SON,SONOCO PRODUCTS CO,left,27,1766
SONA,SOUTHERN NATL BANCORP,left,27,2551
SONC,SONIC CORP,left,27,1679
SONS,SONUS NETWORKS INC,left,27,1853
SP,SP PLUS CORPORATION,left,27,3076
SPA,SPARTON CORP,right,26,3425
SPAR,SPARTAN MOTORS INC,left,27,3337
SPB,SPECTRUM BRANDS HOLDINGS,right,26,3599
SPG,SIMON PROPERTY GROUP INC,left,26,3861
SPGI,S&P GLOBAL INC,left,25,4123
SPKE,SPARK ENERGY INC,left,27,3163
SPLK,SPLUNK INC,right,26,4210
SPLS,STAPLES INC,right,27,1591
SPN,SUPERIOR ENERGY SERVICES,left,28,1242
SPNC,SPECTRANETICS CORP,right,26,3512
SPOK,SPOK HOLDINGS INC,right,26,4298
SPPI,SPECTRUM PHARMACEUTICALS,right,26,3687
SPR,SPIRIT AEROSYSTEMS,right,26,3948
SPSC,SPS COMM INC,right,26,4647
SPTN,SPARTANNASH COMPANY,right,26,3337
SPWH,SPORTSMANS WHSE HLDGS,right,26,4385
SPWR,SUNPOWER CORP,left,27,4909
SPXC,SPX CORP,right,26,4734
SQ,SQUARE INC,right,26,4909
SQBG,SEQUENTIAL BRANDS GROUP,right,26,1242
SR,SPIRE INC,right,26,3861
SRC,SPIRIT RLTY CAP INC,right,26,4123
SRCE,1ST SOURCE CORP,left,1,1329
SRCI,SRC ENERGY INC,right,26,4996
SRCL,STERICYCLE INC,right,27,2639
SRDX,SURMODICS INC,left,28,1853
SRE,SEMPRA ENERGY,right,25,4909
SREV,SERVICESOURCE INTL,right,26,1766
SRG,SERITAGE GROWTH PROP,right,26,1416
SRI,STONERIDGE INC,left,27,3425
SRPT,SAREPTA THERAPEUTICS INC,left,26,1679
SRT,STARTEK INC,right,27,1766
SSB,SOUTH STATE CORPORATION,left,27,2115
SSD,SIMPSON MANUFACTURING,left,26,3948
SSNC,SS&C TECHNOLOGIES HLDGS,right,26,5084
SSNI,SILVER SPRING NETWORKS,left,26,3512
SSP,SCRIPPS E W CO,right,25,3250
SSTK,SHUTTERSTOCK INC,right,26,2726
SSYS,STRATASYS LTD,left,27,3687
ST,SENSATA TECHNOLOGIES,right,25,5258
STAA,STAAR SURGICAL CO,right,26,5258
STAG,STAG INDL INC,right,26,5345
STAR,ISTAR INC,left,16,3948
STAY,EXTENDED STAY AMERICA,left,11,3599
STBA,S & T BANCORP INC,left,25,4036
STBZ,STATE BK FINL CORP,right,27,2028
STC,STEWART INFORMATION,right,27,2988
STE,STERIS PLC,right,27,2726
STFC,STATE AUTO FINANCIAL,right,27,1940
STI,SUNTRUST BANKS INC,left,27,5258
STL,STERLING BANCORP,right,27,2813
STLD,STEEL DYNAMICS INC,right,27,2290
STML,STEMLINE THERAPEUTICS,right,27,2464
STMP,STAMPS COM INC,right,27,1242
STNG,SCORPIO TANKERS INC,left,26,3163
STOR,STORE CAPITAL CORP,left,27,3512
STRA,STRAYER EDUCATION INC,left,27,3861
STRL,STERLING CONSTRUCTION CO,right,27,2901
STRP,STRAIGHT PATH COMM INC,left,27,3599
STRS,STRATUS PPTYS INC,left,27,3774
STS,SUPREME INDS INC,left,28,1679
STT,STATE STREET CORP,right,27,2202
STWD,STARWOOD PPTY TRUST INC,right,27,1853
STZ,CONSTELLATION BRANDS,left,8,2813
SUI,SUN COMMUNITIES INC,left,27,4647
SUM,SUMMIT MATLS INC,left,27,4473
SUP,SUPERIOR INDUSTRIES INTL,left,28,1329
SUPN,SUPERNUS PHARMACEUTICALS,left,28,1504
SVU,SUPERVALU INC,left,28,1591
SWFT,SWIFT TRANSN CO,left,28,2115
SWK,STANLEY BLACK & DECKER,right,27,1504
SWKS,SKYWORKS SOLUTIONS INC,left,26,4734
SWM,SCHWEITZER-MAUDUIT INTL,left,26,2726
SWN,SOUTHWESTERN ENERGY CO,left,27,2988
SWX,SOUTHWEST GAS HOLDINGS,left,27,2901
SXC,SUNCOKE ENERGY INC,left,27,4822
SXI,STANDEX INTERNATIONAL,right,27,1416
SXT,SENSIENT TECHNOLOGIES,right,25,5345
SYBT,STOCK YARDS BANCORP INC,right,27,3163
SYF,SYNCHRONY FINANCIAL,left,28,2551
SYK,STRYKER CORP,left,27,4036
SYKE,SYKES ENTERPRISES INC,left,28,2202
SYMC,SYMANTEC CORP,left,28,2290
SYNA,SYNAPTICS INC,left,28,2377
SYNT,SYNTEL INC,left,28,3076
SYRS,SYROS PHARMACEUTICALS,left,28,3163
SYX,SYSTEMAX INC,left,28,3337
SYY,SYSCO CORP,left,28,3250
T,AT&T INC,right,3,3337
TACO,DEL TACO RESTAURANTS INC,left,9,2551
TAHO,TAHOE RES INC,right,27,3687
TAP,MOLSON COORS BREWING CO,right,19,2901
TAST,CARROLS RESTAURANT GRP,left,6,3774
TAX,LIBERTY TAX INC,right,17,4123
TBBK,BANCORP INC,left,4,3425
TBI,TRUEBLUE INC,right,29,1416
TBK,TRIUMPH BANCORP INC,right,28,5258
TBNK,TERRITORIAL BANCORP INC,right,28,2551
TBPH,THERAVANCE BIOPHARMA INC,left,28,4473
TCBI,TEXAS CAPITAL BANCSHARES,right,28,3250
TCBK,TRICO BANCSHARES,right,28,4298
TCF,TCF FINANCIAL CORP,right,27,4385
TCFC,COMMUNITY FINL CORP MD,right,7,4822
TCI,TRANSCONTINENTAL REALTY,left,29,3250
TCMD,TACTILE SYSTEMS TECH,right,27,3599
TCO,TAUBMAN CENTERS INC,right,27,4210
TCS,THE CONTAINER STORE GRP,left,28,3861
TCX,TUCOWS INC,right,29,1940
TDC,TERADATA CORP,right,28,2028
TDG,TRANSDIGM GROUP INC,left,29,3337
TDOC,TELADOC INC,right,27,5171
TDS,TELEPHONE & DATA SYSTEMS,right,28,1329
TDY,TELEDYNE TECHNOLOGIES,right,27,5258
TEAM,ATLASSIAN CORP PLC,right,3,4210
TECD,TECH DATA CORP,right,27,4647
TECH,BIO-TECHNE CORP,right,4,4298
TELL,TELLURIAN INC,right,28,1591
TEN,TENNECO INC,right,28,1940
TER,TERADYNE INC,right,28,2115
TERP,TERRAFORM POWER INC,right,28,2377
TESO,TESCO CORP,right,28,2726
TEX,TEREX CORP,right,28,2202
TFSL,TFS FINL CORP,left,28,3599
TFX,TELEFLEX INC,right,27,5345
TG,TREDEGAR CORP,right,28,3774
TGH,TEXTAINER GROUP HLDGS,left,28,3425
TGI,TRIUMPH GROUP INC,right,28,5345
TGNA,TEGNA INC,right,27,4996
TGT,TARGET CORP,right,27,4123
TGTX,TG THERAPEUTICS INC,left,28,3687
THC,TENET HEALTHCARE CORP,right,28,1766
THFF,FIRST FINANCIAL CORP,right,11,4560
THG,HANOVER INSURANCE GROUP,right,14,2115
THO,THOR INDUSTRIES INC,left,28,4822
THR,THERMON GROUP HLDGS INC,left,28,4647
THRM,GENTHERM INC,right,13,2028
THS,TREEHOUSE FOODS INC,right,28,3861
TIER,TIER REIT INC,left,28,4909
TIF,TIFFANY & CO,left,28,4996
TILE,INTERFACE INC,right,15,4909
TIME,TIME INC,left,28,5345
TIPT,TIPTREE INC,left,29,1504
TIS,ORCHIDS PAPER PRODS COMP,right,22,1242
TISI,TEAM INC,right,27,4560
TITN,TITAN MACHINERY INC,left,29,1679
TIVO,TIVO CORPORATION,left,29,1853
TK,TEEKAY CORP,right,27,4822
TKR,TIMKEN CO,left,29,1329
TLGT,TELIGENT INC,right,28,1504
TLRD,TAILORED BRANDS INC,right,27,3774
TLX,TLX COMPANIES INC,left,29,1940
TLYS,TILLYS INC,left,28,5171
TMHC,TAYLOR MORRISON HOME,right,27,4298
TMK,TORCHMARK CORP,left,29,2551
TMO,THERMO FISHER SCIENTIFIC,left,28,4560
TMP,TOMPKINS FINANCIAL CORP,left,29,2290
TMST,TIMKENSTEEL CORPORATION,left,29,1416
TMUS,T-MOBILE US INC,left,29,2028
TNAV,TELENAV INC,right,28,1242
TNC,TENNANT CO,right,28,1853
TNET,TRINET GROUP INC,right,28,4560
TNK,TEEKAY TANKERS LTD,right,27,4909
TOCA,TOCAGEN INC,left,29,2115
TOL,TOLL BROTHERS INC,left,29,2202
TOWN,TOWNEBANK PORTSMOUTH VA,left,29,2901
TOWR,TOWER INTERNATIONAL INC,left,29,2813
TPB,TURNING POINT BRANDS INC,right,29,2115
TPC,TUTOR PERINI CORP,right,29,2202
TPH,TRI POINTE GROUP INC,right,28,4123
TPHS,TRINITY PLACE HOLDINGS,right,28,4734
TPIC,TPI COMPOSITES INC,left,29,3076
TPRE,THIRD POINT REINSURANCE,left,28,4734
TPX,TEMPUR SEALY INTL INC,right,28,1679
TR,TOOTSIE ROLL INDUSTRIES,left,29,2377
TRC,TELON RANCH CO,right,27,5084
TRCB,TWO RIVER BANCORP,right,29,2639
TRCO,TRIBUNE MEDIA CO,right,28,4210
TREC,TRECORA RESOURCES,right,28,3687
TREE,LENDINGTREE INC,left,18,2290
TREX,TREX INC,right,28,4036
TRGP,TARGA RESOURCES INC,right,27,4036
TRHC,TABULA RASA HEALTHCARE,right,27,3512
TRIP,TRIPADVISOR INC,right,28,4909
TRK,SPEEDWAY MOTORSPORTS INC,right,26,3774
TRMB,TRIMBLE INC,right,28,4473
TRMK,TRUSTMARK CORP,right,29,1766
TRN,TRINITY INDUSTRIES INC,right,28,4647
TRNC,TRONC INC,right,29,1242
TRNO,TERRENO REALTY CORP,right,28,2464
TROW,PRICE T ROWE GROUP INC,left,24,1940
TROX,TRONOX LTD,right,29,1329
TRS,TRIMAS CORP,right,28,4385
TRST,TRUSTCO BANK CORP NY,right,29,1679
TRTN,TRITON INTERNATIONAL LTD,right,28,5171
TRUE,TRUECAR INC,right,29,1504
TRUP,TRUPANION INC,right,29,1591
TRV,TRAVELERS COS INC,right,28,3512
TRVN,TREVENA INC,right,28,3948
TSBK,TIMBERLAND BANCORP INC,left,28,5258
TSC,TRISTATE CAP HLDGS INC,right,28,5084
TSCO,TRACTOR SUPPLY CO,left,29,3163
TSE,TRINSEO SA,right,28,4822
TSLA,TESLA INC,right,28,2813
TSN,TYSON FOODS INC,right,29,2813
TSO,TESORO CORP,right,28,2901
TSQ,TOWNSQUARE MEDIA INC,left,29,2988
TSRO,TESARO INC,right,28,2639
TSS,TOTAL SYSTEM SERVICES,left,29,2726
TTC,TORO CO,left,29,2639
TTD,THE TRADE DESK INC,left,28,4210
TTEC,TELETECH HOLDINGS INC,right,28,1416
TTEK,TETRA TECH INC,right,28,2988
TTGT,TECHTARGET INC,right,27,4734
TTI,TETRA TECHNOLOGIES INC,right,28,3076
TTMI,TTM TECHNOLOGIES INC,right,29,1853
TTPH,TETRAPHASE PHARMA INC,right,28,3163
TTS,TILE SHOP HLDGS INC,left,28,5084
TTWO,TAKE-TWO INTERACTIVE,right,27,3861
TUP,TUPPERWARE BRANDS CORP,right,29,2028
TUSK,MAMMOTH ENERGY SERVICES,left,19,1504
TVPT,TRAVELPORT WORLDWIDE LTD,right,28,3599
TVTY,TIVITY HEALTH INC,left,29,1766
TWI,TITAN INTERNATIONAL INC,left,29,1591
TWIN,TWIN DISC INC,right,29,2377
TWLO,TWILIO INC,right,29,2290
TWNK,HOSTESS BRANDS INC,right,14,5171
TWO,TWO HBRS INVT CORP,right,29,2551
TWOU,2U INC,left,1,1591
TWTR,TWITTER INC,right,29,2464
TWX,TIME WARNER INC,left,29,1242
TXMD,THERAPEUTICSMD INC,left,28,4385
TXN,TEXAS INSTRUMENTS INC,right,28,3337
TXRH,TEXAS ROADHOUSE INC,right,28,3425
TXT,TEXTRON INC,left,28,3512
TYL,TYLER TECHNOLOGIES INC,right,29,2726
TYPE,MONOTYPE IMAGING HLDG,right,19,3599
UA,UNDER ARMOUR CLASS C,left,29,4473
UAA,UNDER ARMOUR CLASS A,left,29,4385
UAL,UNITED CONTINENTAL HLDGS,left,30,1242
UBA,URSTADT BIDDLE PPTYS INS,right,29,3948
UBFO,UNITED SECURITY BANC,left,30,1853
UBNK,UNITED FINANCIAL BANCORP,left,30,1329
UBNT,UBIQUITI NETWORKS INC,right,29,3250
UBSH,UNION BANKSHARES CORP,left,29,4734
UBSI,UNITED BANKSHARES INC,left,29,5171
UCBI,UNITED COMMUNITY BANKS,left,29,5345
UCFC,UNITED CMNTY FINL CO,left,29,5258
UCP,UCP INC,right,29,3337
UCTT,ULTRA CLEAN HOLDINGS INC,left,29,3861
UDR,UDR INC,right,29,3425
UE,URBAN EDGE PROPERTIES,right,29,3774
UEC,URANIUM ENERGY CORP,right,29,3687
UEIC,UNIVERSAL ELECTRONICS,left,30,2988
UFCS,UNITED FIRE GROUP INC,left,30,1416
UFI,UNIFI INC,left,29,4560
UFPI,UNIVERSAL FOREST PRODS,left,30,3076
UFPT,UFP TECHNOLOGIES INC,right,29,3512
UFS,DOMTAR CORPORATION,right,9,2202
UGI,UGI CORP,left,29,3599
UHS,UNIVERSAL HEALTH SVCS,left,30,3250
UHT,UNIVERSAL HEALTH REALTY,left,30,3163
UIHC,UNITED INS HLDGS CORP,left,30,1504
UIS,UNISYS CORP,left,29,4996
ULH,UNIVERSAL LOGISTICS HLDG,left,30,3425
ULTA,ULTA BEAUTY INC,left,29,3687
ULTI,ULTIMATE SOFTWARE GROUP,left,29,3774
UMBF,UMB FINANCIAL CORP,left,29,4123
UMH,UMH PROPERTIES INC,left,29,4210
UMPQ,UMPQUA HOLDINGS CORP,left,29,4298
UNB,UNION BANKSHARES INC,left,29,4822
UNF,UNIFIRST CORP MASS,left,29,4647
UNFI,UNITED NATURAL FOODS INC,left,30,1591
UNH,UNITEDHEALTH GROUP INC,left,30,2377
UNIT,UNITI GROUP INC,left,30,2464
UNM,UNUM GROUP,left,30,3599
UNP,UNION PACIFIC CORP,left,29,4909
UNT,UNIT CORP,left,29,5084
UNTY,UNITY BANCORP INC,left,30,2639
UNVR,UNIVAR INC,left,30,2726
UPL,ULTRA PETROLEUM CORP,left,29,3948
UPLD,UPLAND SOFTWARE INC,right,29,3599
UPS,UNITED PARCEL SERVICE,left,30,1679
URBN,URBAN OUTFITTERS INC,right,29,3861
URI,UNITED RENTALS INC,left,30,1766
USAT,USA TECHNOLOGIES INC,right,29,4298
USB,US BANCORP,right,29,4036
USCR,U S CONCRETE INC,right,29,2901
USFD,US FOODS HOLDING CORP,right,29,4210
USG,U S G CORP,right,29,2988
USLM,UNITED STATES LIME & MIN,left,30,2028
USM,UNITED STATES CELLULAR,left,30,1940
USNA,USANA HEALTH SCIENCES,right,29,4385
USPH,U S PHYSICAL THERAPY INC,right,29,3076
UTHR,UNITED THERAPEUTICS,left,30,2290
UTL,UNITIL CORP,left,30,2551
UTMD,UTAH MED PRODS INC,right,29,4473
UTX,UNITED TECHNOLOGIES,left,30,2202
UVE,UNIVERSAL INSURANCE,left,30,3337
UVSP,UNIVEST CORP OF PENN,left,30,3512
UVV,UNIVERSAL CORP,left,30,2813
V,VISA INC,left,30,4734
VAC,MARRIOTT VAC WORLD CORP,right,18,2726
VALU,VALUE LINE INC,right,29,5171
VAR,VARIAN MEDICAL SYSTEMS,right,30,1416
VBIV,VBI VACCINES INC,right,30,1679
VBTX,VERITEX HOLDINGS,right,30,2988
VC,VISTEON CORP,left,30,5084
VCRA,VOCERA COMMUNICATIONS,left,31,1416
VCYT,VERACYTE INC,right,30,2464
VDSI,VASCO DATA SECURITY INTL,right,30,1591
VEC,VECTRUS INC,right,30,2028
VECO,VEECO INSTRUMENTS INC,right,30,2115
VEEV,VEEVA SYSTEMS INC,right,30,2202
VER,VEREIT INC,right,30,2551
VERI,VERITONE INC,right,30,3163
VFC,V F CORP,right,29,4560
VG,VONAGE HLDGS CORP,left,31,1504
VGR,VECTOR GROUP LTD,right,30,1853
VHC,VIRNETX HOLDING CORP,left,30,4385
VHI,VALHI INC,right,29,4822
VIA,VIACOM INC CL A,left,30,3687
VIAB,VIACOM INC CL B,left,30,3774
VIAV,VIAVI SOLUTIONS INC,left,30,4036
VICR,VICOR CORP,left,30,4123
VIRT,VIRTU FINL INC,left,30,4473
VIVE,VIVEVE MEDICAL INC,left,30,5345
VIVO,MERIDIAN BIOSCIENCE INC,left,19,2988
VLGEA,VILLAGE SUPER MARKET INC,left,30,4298
VLO,VALERO ENERGY CORP,right,29,4734
VLY,VALLEY NATIONAL BANCORP,right,29,4996
VMC,VULCAN MATERIALS CO,left,31,2115
VMI,VALMONT INDUSTRIES INC,right,29,5084
VMW,VMWARE INC,left,31,1329
VNDA,VANDA PHARMACEUTICALS,right,29,5345
VNO,VORNADO REALTY TRUST,left,31,1591
VNTV,VANTIV INC,right,30,1242
VOXX,VOXX INTERNATIONAL CORP,left,31,1679
VOYA,VOYA FINANCIAL INC,left,31,1766
VPG,VISHAY PRECISION GROUP,left,30,4909
VR,VALIDUS HOLDINGS LTD,right,29,4909
VRA,VERA BRADLEY INC,right,30,2377
VRAY,VIEWRAY INC,left,30,4210
VREX,VAREX IMAGING,right,30,1329
VRNS,VARONIS SYSTEMS INC,right,30,1504
VRNT,VERINT SYS INC,right,30,2726
VRS,VERSO CORPORATION,right,30,3425
VRSK,VERISK ANALYTICS INC,right,30,2901
VRSN,VERISIGN INC,right,30,2813
VRTS,VIRTUS INVESTMENT PTNRS,left,30,4560
VRTU,VIRTUSA CORP,left,30,4647
VRTV,VERITIV CORPORATION,right,30,3076
VRTX,VERTEX PHARMACEUTICALS,right,30,3599
VSAR,VERSARTIS INC,right,30,3337
VSAT,VIASAT INC,left,30,3948
VSEC,VSE CORP,left,31,1940
VSH,VISHAY INTERTECHNOLOGY,left,30,4822
VSI,VITAMIN SHOPPE INC,left,30,5258
VSLR,VIVINT SOLAR INC,left,31,1242
VSM,VERSUM MATERIALS,right,30,3512
VST,VISTRA ENERGY CORP,left,30,5171
VSTO,VISTA OUTDOOR INC,left,30,4996
VTR,VENTAS INC,right,30,2290
VTVT,VTV THERAPEAUTICS INC,left,31,2028
VVC,VECTREN CORP,right,30,1940
VVI,VIAD CORP,left,30,3861
VVV,VALVOLINE INC,right,29,5258
VWR,VWR CORPORATION,left,31,2202
VYGR,VOYAGER THERAPEUTICS INC,left,31,1853
VZ,VERIZON COMMUNICATIONS,right,30,3250
W,WAYFAIR INC,right,30,4123
WAAS,AQUAVENTURE HOLDINGS LTD,left,3,3425
WAB,WABTEC CORP,left,31,2639
WABC,WESTAMERICA BANCORP,right,31,1853
WAFD,WASHINGTON FED INC,left,31,3250
WAGE,WAGEWORKS INC,left,31,2813
WAIR,WESCO AIRCRAFT HLDGS INC,right,31,1329
WAL,WESTERN ALLIANCE BANCORP,right,31,2028
WASH,WASHINGTON TRUST BANCORP,left,31,3512
WAT,WATERS CORP,right,30,3687
WATT,ENERGOUS CORP,left,11,1504
WBA,WALGREENS BOOTS ALLIANCE,left,31,2988
WBC,WABCO HOLDINGS INC,left,31,2551
WBMD,WEBMD HEALTH CORP,right,30,4473
WBS,WEBSTER FINANCIAL CORP,right,30,4560
WCC,WESCO INTERNATIONAL INC,right,31,1416
WCG,WELLCARE GROUP INC,right,30,5084
WD,WALKER & DUNLOP INC,left,31,3076
WDAY,WORKDAY INC,left,31,5258
WDC,WESTERN DIGITAL CORP,right,31,2202
WDFC,WD-:0 CO,right,30,4210
WDR,WADDELL & REED FINANCIAL,left,31,2726
WEB,WEB.COM GROUP INC,right,30,4385
WEC,WEC ENERGY GROUP INC,right,30,4647
WEN,THE WENDY'S COMPANY,left,28,4298
WERN,WERNER ENTERPRISES INC,right,30,5345
WETF,WISDOMTREE INVTS INC,left,31,4909
WEX,WEX INC,right,31,2813
WEYS,WEYCO GROUP INC,right,31,2901
WFBI,WASHINGTONFIRST BANK INC,left,31,3599
WFC,WELLS FARGO & CO,right,30,5171
WFM,WHOLE FOODS MARKET INC,right,31,3512
WFT,WEATHERFORD INTL PLC,right,30,4298
WG,WILLBROS GROUP INC,left,31,3774
WGL,WGL HOLDINGS INC,right,31,3076
WGO,WINNEBAGO INDUSTRIES INC,left,31,4647
WHG,WESTWOOD HOLDINGS GROUP,right,31,2726
WHR,WHIRLPOOL CORP,right,31,3163
WIFI,BOINGO WIRELESS INC,left,5,2377
WIN,WINDSTREAM HOLDINGS INC,left,31,4385
WINA,WINMARK CORP,left,31,4560
WING,WINGSTOP INC,left,31,4473
WINS,WINS FINANCE HOLDINGS,left,31,4734
WIRE,ENCORE WIRE CORP,left,10,5171
WK,WORKIVA INC,left,31,5345
WLB,WESTMORELAND COAL CO,right,31,2551
WLDN,WILLDAN GROUP INC,left,31,3861
WLFC,WILLIS LEASE FINANCE,left,31,4210
WLH,WILLIAM LYON HOMES,left,31,3948
WLK,WESTLAKE CHEMICAL CORP,right,31,2464
WLL,WHITING PETROLEUM CORP,right,31,3425
WLTW,WILLIS TOWERS WATSON PLC,left,31,4298
WM,WASTE MGMT INC,left,31,3687
WMAR,WEST MARINE INC,right,31,1679
WMB,WILLIAMS COMPANIES INC,left,31,4036
WMC,WESTERN ASSET MTG CAP,right,31,2115
WMGI,WRIGHT MEDICAL GROUP N V,left,32,1679
WMIH,WMIH CORP,left,31,4996
WMK,WEIS MARKETS INC,right,30,4909
WMS,ADVANCED DRAINAGE SYSTEM,right,1,1940
WMT,WAL MART STORES INC,left,31,2901
WNC,WABASH NATIONAL CORP,left,31,2464
WNEB,WESTERN NEW ENGLAND,right,31,2290
WOOF,VCA INC,right,30,1766
WOR,WORTHINGTON INDUSTRIES,left,32,1504
WPC,W P CAREY INC,left,31,2290
WPG,WASHINGTON PRIME GROUP,left,31,3337
WPX,WPX ENERGY INC,left,32,1591
WR,WESTAR ENERGY INC,right,31,1940
WRB,BERKLEY W R CORP,right,4,2726
WRD,WILDHORSE RESOURCE DEV,right,31,3599
WRE,WASHINGTON REAL ESTATE,left,31,3425
WRI,WEINGARTEN RLTY INVS,right,30,4822
WRK,WESTROCK CO,right,31,2639
WRLD,WORLD ACCEPTANCE CORP,left,32,1242
WSBC,WESBANCO INC,right,31,1242
WSBF,WATERSTONE FINANCIAL INC,right,30,3774
WSFS,WSFS FINANCIAL CORP,left,32,1766
WSM,WILLIAMS SONOMA INC,left,31,4123
WSO,WATSCO INC,right,30,3861
WSR,WHITESTONE REIT,right,31,3337
WST,WEST PHARMACEUTICAL SVCS,right,31,1766
WSTC,WEST CORP,right,31,1591
WTBA,WEST BANCORPORATION INC,right,31,1504
WTFC,WINTRUST FINANCIAL CORP,left,31,4822
WTI,W&T OFFSHORE INC,left,31,2377
WTM,WHITE MTNS INS GROUP LTD,right,31,3250
WTR,AQUA AMERICA INC,left,3,3250
WTS,WATTS WATER TECH INC,right,30,3948
WTTR,SELECT ENERGY SERVICES,right,25,4385
WTW,WEIGHT WATCHERS INTL INC,right,30,4734
WU,WESTERN UNION CO,right,31,2377
WVE,WAVE LIFE SCIENCES LTD,right,30,4036
WWD,WOODWARD INC,left,31,5171
WWE,WORLD WRESTLING ENTMNT,left,32,1416
WWW,WOLVERINE WORLD WIDE,left,31,5084
WY,WEYERHAEUSER CO,right,31,2988
WYN,WYNDHAM WORLDWIDE CORP,left,32,1853
WYNN,WYNN RESORTS LTD,left,32,1940
X,UNITED STATES STEEL CORP,left,30,2115
XBIT,XBIOTECH INC,left,32,2115
XBKS,XENITH BANKSHARES INC,left,32,2551
XCRA,XCERRA CORPORATION,left,32,2290
XEC,CIMAREX ENERGY CO,left,7,2464
XEL,XCEL ENERGY INC,left,32,2202
XENT,INTERSECT ENT INC,right,16,1416
XHR,XENIA HOTELS & RESORTS,left,32,2464
XL,XL GROUP LTD,left,32,2813
XLNX,XILINX INC,left,32,2726
XLRN,ACCELERON PHARMA INC,left,1,3687
XNCR,XENCOR INC,left,32,2377
XOG,EXTRACTION OIL & GAS INC,left,11,3861
XOM,EXXON MOBIL CORP,left,11,4036
XON,INTREXON CORP,right,16,2115
XONE,EXONE COMPANY,left,11,3076
XOXO,XO GROUP INC,left,32,2901
XPER,XPERI CORPORATION,left,32,2988
XPO,XPO LOGISTICS INC,left,32,3076
XRAY,DENTSPLY SIRONA INC,left,9,3512
XRX,XEROX CORP,left,32,2639
XTLY,XACTLY CORP,left,32,2028
XYL,XYLEM INC,left,32,3163
Y,ALLEGHANY CORP,left,2,2290
YELP,YELP INC,left,32,3250
YEXT,YEXT INC,left,32,3337
YORW,YORK WATER COMPANY,left,32,3425
YRCW,YRC WORLDWIDE INC,left,32,3512
YUM,YUM! BRANDS INC,left,32,3687
YUMC,YUM CHINA HOLDINGS INC,left,32,3599
Z,ZILLOW GROUP INC CLASS C,right,31,4123
ZAGG,ZAGG INC,left,32,3774
ZAYO,ZAYO GROUP HOLDINGS INC,right,31,3774
ZBH,ZIMMER BIOMET HOLDINGS,right,31,4210
ZBRA,ZEBRA TECHNOLOGIES CORP,right,31,3861
ZEN,ZENDESK INC,right,31,3948
ZEUS,OLYMPIC STEEL INC,right,21,2988
ZG,ZILLOW GROUP INC CLASS A,right,31,4036
ZGNX,ZOGENIX INC,right,31,4734
ZION,ZIONS BANCORPORATION,right,31,4298
ZIOP,ZIOPHARM ONCOLOGY INC,right,31,4385
ZIXI,ZIX CORP,right,31,4473
ZNGA,ZYNGA INC,right,31,4996
ZOES,ZOES KITCHEN INC,right,31,4560
ZTS,ZOETIS INC,right,31,4647
ZUMZ,ZUMIEZ INC,right,31,4822
ZYNE,ZYNERBA PHARMACEUTICALS,right,31,4909
