symbol,company,side,page,row_top
A,AGILENT TECHNOLOGIES,left,1,3425
AA,ALCOA CORPORATION,left,2,1242
AAL,AMERICAN AIRLINES GROUP,left,2,2377
AAN,THE AARONS COMPANY,left,28,4822
AAON,AAON INC,left,1,2464
AAP,ADVANCE AUTO PARTS,left,1,1329
AAPL,APPLE INC.,left,3,4385
AAT,AMERICAN ASSETS TRUST INC.,left,2,2464
AAWW,ATLAS AIR WORLDWIDE HOLDINGS,left,4,2377
ABBV,ABBVIE INC,left,1,2726
ABC,AMERISOURCEBERGEN,left,2,4822
ABCB,AMERIS BANCORP,left,2,4647
ABG,ASBURY AUTOMOTIVE GROUP INC,left,3,4123
ABM,ABM INDUSTRIES INC,left,1,2988
ABMD,ABIOMED INC,left,1,2901
ABR,ARBOR REALTY TRUST,left,3,5345
ABT,ABBOTT LABORATORIES,left,1,2639
ABTX,ALLEGIANCE BANCSHARES,left,2,2639
ABUS,ARBUTUS BIOPHARMA CORP.,left,4,1242
AC,ASSOCIATED CAPITAL GROUP,left,3,4996
ACA,ARCOSA,left,3,1853
ACAD,ACADIA PHARMACEUTICALS,left,1,3337
ACBI,ATLANTIC CAPITAL BANCSHARES,left,4,2115
ACC,AMERICAN CAMPUS COMMUNITIES,left,2,2639
ACCD,ACCOLADE,left,1,3948
ACCO,ACCO BRANDS,left,1,3861
ACEL,ACCEL ENTERTAINMENT (A),left,1,3512
ACET,ADICET BIO INC,left,1,4996
ACGL,ARCH CAPITAL GP,left,3,1329
ACHC,ACADIA HEALTHCARE,left,1,3250
ACI,ALBERTSONS COMPANIES,left,1,5258
ACIW,ACI WORLDWIDE,left,1,4210
ACLS,AXCELIS TECHS,left,4,5345
ACM,AECOM,left,1,2028
ACN,ACCENTURE CL A,left,1,3774
ACRE,ARES COMMERCIAL REAL ESTATE,left,3,2464
ACRS,ACLARIS THERAPEUTICS,left,1,4298
ACTG,ACACIA RESEARCH - ACACIA TECHNOLOGIES,left,1,3076
ADBE,ADOBE,left,1,5171
ADC,AGREE REALTY,left,1,3948
ADI,ANALOG DEVICES,left,3,1679
ADM,ARCHER DANIELS MIDLAND,left,3,1504
ADN,ADVENT TECHNOLOGIES HOLDINGS INC (A),left,1,1853
ADNT,ADIENT PLC,left,1,5084
ADP,AUTOMATIC DATA PROCESS,left,4,3425
ADPT,ADAPTIVE BIOTECHNOLOGIES,left,1,4822
ADS,ALLIANCE DATA SYSTEMS CORP,left,2,3076
ADSK,AUTODESK,left,4,3337
ADT,ADT INC,left,1,5258
ADTN,ADTRAN INC,left,1,1242
ADUS,ADDUS HOMECARE,left,1,4909
ADV,ADVANTAGE SOLUTIONS INC (A),left,1,1766
ADVM,ADVERUM BIOTECHNOLOGIES,left,1,1940
AEE,AMEREN CORP,left,2,2115
AEIS,ADVANCED ENERGY INDUSTRIES,left,1,1504
AEL,AMERICAN EQUITY INVESTMENT LIFE,left,2,2901
AEO,AMERICAN EAGLE OUTFITTERS,left,2,2726
AEP,AMERICAN ELEC POWER COM,left,2,2813
AERI,AERIE PHARMACEUTICALS INC,left,1,2290
AES,AES CORP.,left,1,2639
AEVA,AEVA TECHNOLOGIES INC,left,1,2726
AFCG,AFC GAMMA,left,1,2813
AFG,AMERICAN FINANCE GROUP HLDG.,left,2,3076
AFIB,ACUTUS MEDICAL,left,1,4647
AFIN,AMERICAN FINANCE TRUST,left,2,3163
AFL,AFLAC,left,1,3076
AFMD,AFFIMED N.V.,left,1,2988
AGCO,AGCO CORP,left,1,3163
AGEN,AGENUS,left,1,3337
AGIO,AGIOS PHARMACEUTICALS,left,1,3774
AGL,AGILON HEALTH,left,1,3599
AGLE,AEGLEA BIOTHERAPEUTICS,left,1,2115
AGM,FED AGRICUL MTG,left,11,4473
AGNC,AGNC INVESTMENT,left,1,3861
AGO,ASSURED GUARANTY,left,3,5171
AGR,AVANGRID,left,4,3861
AGS,PLAYAGS,left,23,3163
AGTI,AGILITI,left,1,3512
AGX,ARGAN INC.,left,3,2639
AGYS,AGILYSYS,left,1,3687
AHCO,ADAPTHEALTH,left,1,4734
AHH,ARMADA HOFFLER PROPERTIES,left,3,3076
AHT,ASHFORD HOSPITALITY TRUST,left,3,4385
AI,C3 AI,left,6,2551
AIG,AMERICAN INTL GROUP,left,2,3337
AIMC,ALTRA INDUSTRIAL MOTION,left,2,4996
AIN,ALBANY INTERNATIONAL A,left,1,5084
AIR,AAR CORP,left,1,2551
AIRC,APARTMENT INCOME REIT,left,3,3337
AIT,APPLIED INDUSTRIAL TECHNOLOGY,left,3,4473
AIV,APARTMENT INV MANAGEMENT,left,3,3425
AIZ,ASSURANT,left,3,5084
AJG,ARTHUR J GALLAGHER,left,3,3774
AJRD,AEROJET ROCKETDYNE HOLDINGS,left,1,2377
AJX,GREAT AJAX,left,13,3512
AKAM,AKAMAI TECHNOLOGIES,left,1,4298
AKBA,AKEBIA THERAPEUTICS,left,1,4385
AKR,ACADIA REALTY,left,1,3425
AKRO,AKERO THERAPEUTICS,left,1,4473
AKTS,AKOUSTIS TECHNOLOGIES INC,left,1,4647
AKUS,AKOUOS,left,1,4560
AKYA,AKOYA BIOSCIENCES,left,1,4734
AL,AIR LEASE,left,1,4036
ALB,ALBEMARLE,left,1,5171
ALBO,ALBIREO PHARMA,left,1,5345
ALDX,ALDEYRA THERAPEUTICS,left,2,1329
ALE,ALLETE,left,2,2988
ALEC,ALECTOR,left,2,1416
ALEX,ALEXANDER & BALDWIN INC.,left,2,1591
ALG,ALAMO GROUP,left,1,4822
ALGM,ALLEGRO MICROSYSTEMS,left,2,2901
ALGN,ALIGN TECHNOLOGY INC,left,2,1940
ALGS,ALIGOS THERAPEUTICS,left,2,2115
ALGT,ALLEGIANT TRAVEL,left,2,2726
ALHC,ALIGNMENT HEALTHCARE,left,2,2028
ALK,ALASKA AIR GROUP,left,1,4996
ALKS,ALKERMES PLC,left,2,2290
ALKT,ALKAMI TECHNOLOGY,left,2,2202
ALL,ALLSTATE CORP,left,2,3687
ALLE,ALLEGION PLC,left,2,2813
ALLK,ALLAKOS,left,2,2377
ALLO,ALLOGENE THERAPEUTICS,left,2,3425
ALLY,ALLY FINANCIAL,left,2,3774
ALNY,ALNYLAM PHARMACEUTICALS,left,2,3861
ALPN,ALPINE IMMUNE SCIENCES,left,2,4298
ALRM,ALARM.COM HOLDINGS,left,1,4909
ALRS,ALERUS FINANCIAL CORP.,left,2,1504
ALSN,ALLISON TRANSMISSION HOLDINGS,left,2,3337
ALT,ALTIMMUNE,left,2,4822
ALTA,ALTABANCORP,left,2,4473
ALTG,ALTA EQUIPMENT GROUP INC (A),left,2,4385
ALTM,ALTUS MIDSTREAM COMPANY (A),left,2,5171
ALTO,ALTO INGREDIENTS INC,left,2,4909
ALTR,ALTAIR ENGINEERING,left,2,4560
ALVR,ALLOVIR,left,2,3512
ALX,ALEXANDERS INC,left,2,1679
ALXN,ALEXION PHARM,left,2,1853
ALXO,ALX ONCOLOGY HOLDINGS,left,2,5258
AM,ANTERO MIDSTREAM CORP,left,3,2901
AMAL,AMALGAMATED FINANCIAL CORP,left,2,5345
AMAT,APPLIED MATERIALS,left,3,4560
AMBA,AMBARELLA INC,left,2,1416
AMBC,AMBAC FINANCIAL GROUP INC,left,2,1329
AMC,AMC ENTERTAINMENT,left,2,1504
AMCR,AMCOR,left,2,1679
AMCX,AMC NETWORKS,left,2,1591
AMD,ADVANCED MICRO DEV,left,1,1591
AME,AMETEK INC,left,2,4909
AMED,AMEDISYS INC,left,2,1853
AMEH,APOLLO MEDICAL HOLDINGS INC,left,3,3948
AMG,AFFILIATED MANAGERS GROUP,left,1,2901
AMGN,AMGEN CORP,left,2,4996
AMH,AMERICAN HOMES 4 RENT,left,2,3250
AMK,ASSETMARK FINANCIAL HOLDINGS,left,3,4822
AMKR,AMKOR TECH INC,left,2,5171
AMN,AMN HEALTHCARE SERVICES INC,left,2,5345
AMNB,AMERICAN NATIONAL BANKSHARES,left,2,3425
AMOT,ALLIED MOTION TECHNOLOGIES,left,2,3250
AMP,AMERIPRISE FINANCIAL,left,2,4560
AMPE,AMPIO PHARMACEUTICALS INC.,left,3,1504
AMPH,AMPHASTAR PHARMACEUTICALS,left,3,1329
AMRC,AMERESCO,left,2,2202
AMRK,AMARK PRECIOUS METALS,left,3,1242
AMRS,AMYRIS,left,3,1591
AMRX,AMNEAL PHARMACEUTICALS,left,3,1242
AMSC,AMERICAN SUPERCONDUCTOR,left,2,3948
AMSF,AMERISAFE,left,2,4734
AMSWA,AMERICAN SOFTWARE CLASS A,left,2,3774
AMT,AMERICAN TOWER CORP,left,2,4036
AMTB,AMERANT BANCORP (A),left,2,1940
AMTI,APPLIED MOLECULAR TRANSPORT,left,3,4647
AMTX,AEMETIS,left,1,2202
AMWD,AMERICAN WOODMARK,left,2,4385
AMWL,AMERICAN WELL,left,2,4298
AMZN,AMAZON.COM,left,2,1242
AN,AUTONATION,left,4,3512
ANAB,ANAPTYS BIO,left,3,1853
ANAT,AMERICAN NATIONAL GROUP INC,left,2,3512
ANDE,ANDERSONS INC,left,3,2028
ANET,ARISTA NETWORKS,left,3,2813
ANF,ABERCROMBIE & FITCH A,left,1,2813
ANGN,ANGION BIOMEDICA,left,3,2202
ANGO,ANGIODYNAMICS,left,3,2115
ANIK,ANIKA THERAPEUT,left,3,2377
ANIP,ANI PHARMACEUTICALS,left,3,2290
ANNX,ANNEXON,left,3,2551
ANSS,ANSYS INC,left,3,2639
ANTM,ANTHEM,left,3,3076
AON,AON PLC,left,3,3163
AOS,SMITH (AO),left,27,2726
AOSL,ALPHA & OMEGA SEMICONDUCTOR,left,2,3948
AOUT,AMERICAN OUTDOOR BRANDS,left,2,3599
APA,APA CORPORATION,left,3,3250
APAM,ARTISAN PARTNERS ASSET MANAGEMENT,left,3,3861
APD,AIR PRODUCTS & CHEMICALS INC,left,1,4123
APEI,AMERICAN PUBLIC EDUCATION,left,2,3687
APG,API GROUP,left,3,3599
APH,AMPHENOL CORP A,left,3,1416
APLE,APPLE HOSPITALITY REIT,left,3,4298
APLS,APELLIS PHARMACEUTICALS,left,3,3512
APLT,APPLIED THERAPEUTICS,left,3,4734
APO,APOLLO GLOBAL MANAGEMENT INC,left,3,3861
APOG,APOGEE ENTERPRISES,left,3,3687
APPF,APPFOLIO,left,3,4036
APPH,APPHARVEST INC,left,3,4123
APPN,APPIAN,left,3,4210
APPS,DIGITAL TURBINE,left,9,4210
APR,APRIA,left,3,4822
APTS,PREFERRED APARTMENT COMMUNITIES,left,24,1766
APTV,APTIV PLC,left,3,4996
APYX,APYX MEDICAL,left,3,5084
AQB,AQUABOUNTY TECHNOLOGIES,left,3,5171
AQUA,EVOQUA WATER TECHNOLOGIES,left,12,1766
AR,ANTERO RESOURCES,left,3,2988
ARAY,ACCURAY,left,1,4123
ARCB,ARCBEST CORP,left,4,1329
ARCH,ARCH RESOURCES INC,left,3,1416
ARCT,ARCTURUS THERAPEUTICS HOLDINGS INC,left,3,1940
ARD,ARDAGH GROUP,left,3,2202
ARDX,ARDELYX INC,left,3,2290
ARE,ALEXANDRIA REAL ESTATE EQUITY,left,2,1766
ARES,ARES MANAGEMENT CORPORATION,left,3,2551
ARGO,ARGO GROUP INTL,left,3,2726
ARI,APOLLO COMMERCIAL REAL ESTATE FINANCE,left,3,3774
ARKO,ARKO CORP (A),left,3,2901
ARLO,ARLO TECHNOLOGIES,left,3,2988
ARMK,ARAMARK,left,3,5258
ARNA,ARENA PHARMACUETICALS,left,3,2377
ARNC,ARCONIC CORPORATION,left,3,1766
AROC,ARCHROCK,left,3,1591
AROW,ARROW FINANCIAL,left,3,3512
ARQT,ARCUTIS BIOTHERAPEUTICS,left,3,2115
ARR,ARMOUR RESIDENTIAL REIT,left,3,3163
ARRY,ARRAY TECHNOLOGIES,left,3,3337
ARTNA,ARTESIAN RES A,left,3,3687
ARVN,ARVINAS HOLDING,left,3,3948
ARW,ARROW ELECTRONICS,left,3,3425
ARWR,ARROWHEAD PHARMACEUTICALS INC.,left,3,3599
ASAN,ASANA,left,3,4036
ASB,ASSOCIATED BANC-CORP,left,3,4909
ASGN,ASGN INCORPORATED,left,3,4298
ASH,ASHLAND GLOBAL HOLDINGS INC,left,3,4473
ASIX,ADVANSIX,left,1,1679
ASLE,AERSALE CORPORATION,left,1,2551
ASO,ACADEMY SPORTS AND OUTDOORS,left,1,3163
ASPN,ASPEN AEROGELS,left,3,4560
ASTE,ASTEC INDS INC,left,3,5258
ASXC,ASENSUS SURGICAL INC,left,3,4210
ATCX,ATLAS TECHNICAL CONSULTANTS INC (A),left,4,2464
ATEC,ALPHATEC HOLDINGS INC.,left,2,4210
ATEN,A10 NETWORKS,left,1,2377
ATER,ATERIAN INC,left,4,1591
ATEX,ANTERIX,left,3,2813
ATGE,ADTALEM GLOBAL EDUCATION,left,1,5345
ATH,ATHENE HOLDING,left,4,1679
ATHA,ATHIRA PHARMA,left,4,1940
ATHX,ATHERSYS,left,4,1853
ATI,ALLEGHENY TECHNOLOGIES,left,2,2551
ATKR,ATKORE INC,left,4,2028
ATLC,ATLANTICUS HOLDINGS CORP,left,4,2290
ATNI,ATN INTERNATIONAL,left,4,2726
ATNX,ATHENEX,left,4,1766
ATO,ATMOS ENERGY,left,4,2639
ATOM,ATOMERA,left,4,2813
ATOS,ATOSSA THERAPEUTICS,left,4,2901
ATR,APTARGROUP,left,3,4909
ATRA,ATARA BIOTHERAPEUTICS,left,4,1416
ATRC,ATRICURE,left,4,3076
ATRI,ATRION CORP,left,4,3163
ATRO,ASTRONICS,left,3,5345
ATRS,ANTARES PHARMA,left,3,2726
ATSG,AIR TRANSPORT SERVICES GROUP,left,1,4210
ATUS,ALTICE USA,left,2,4734
ATVI,ACTIVISION BLIZZARD,left,1,4385
AUB,ATLANTIC UNION BANKSHARES,left,4,2202
AUD,AUDACY,left,4,3250
AVA,AVISTA CORP,left,4,4909
AVAH,AVEANNA HEALTHCARE HOLDINGS,left,4,4210
AVAV,AEROVIRONMENT,left,1,2464
AVB,AVALONBAY COMMUNITIES,left,4,3774
AVD,AMERICAN VANGUARD,left,2,4123
AVGO,BROADCOM,left,5,4123
AVID,AVID TECHNOLOGY,left,4,4560
AVIR,ATEA PHARMACEUTICALS,left,4,1504
AVLR,AVALARA,left,4,3687
AVNS,AVANOS MEDICAL,left,4,3948
AVNT,AVIENT CORP,left,4,4734
AVNW,AVIAT NETWORKS,left,4,4385
AVO,MISSION PRODUCE,left,19,3250
AVRO,AVROBIO,left,4,5171
AVT,AVNET,left,4,5084
AVTR,AVANTOR,left,4,4036
AVXL,ANAVEX LIFE SCIENCES,left,3,1940
AVY,AVERY DENNISON CORP,left,4,4298
AVYA,AVAYA HOLDINGS,left,4,4123
AWH,ASPIRA WOMENS HEALTH INC,left,3,4734
AWI,ARMSTRONG WORLD INDUSTRIES INC.,left,3,3250
AWK,AMERICAN WATER WORKS COMPANY,left,2,4210
AWR,AMERICAN STATES WATER,left,2,3861
AX,AXOS FINANCIAL,left,4,1504
AXDX,ACCELERATE DIAGNOSTICS,left,1,3599
AXGN,AXOGEN,left,5,1329
AXL,AMERICAN AXLE & MFG HOLDINGS,left,2,2551
AXNX,AXONICS INC,left,4,1416
AXON,AXON ENTERPRISE,left,5,1416
AXP,AMERICAN EXPRESS COM,left,2,2988
AXS,AXIS CAPITAL HOLDINGS,left,5,1242
AXSM,AXSOME THERAPEUTICS,left,4,1591
AXTA,AXALTA COATING SYSTEMS,left,4,5258
AXTI,AXT INC,left,4,1679
AYI,ACUITY BRANDS INC,left,1,4473
AYX,ALTERYX,left,2,4647
AZEK,THE AZEK COMPANY,left,28,4909
AZO,AUTOZONE,left,4,3599
AZPN,ASPEN TECHNOLOGY,left,3,4647
AZZ,AZZ INC,left,4,1766
B,BARNES GROUP INC,left,4,3948
BA,BOEING,left,6,1242
BAC,BANK OF AMERICA,left,4,3076
BAH,BOOZ ALLEN HAMILTON,left,5,1766
BALY,BALLYS CORPORATION,left,4,2464
BANC,BANC OF CALIFORNIA,left,4,2551
BAND,BANDWIDTH CLASS A,left,4,2901
BANF,BANCFIRST,left,4,2639
BANR,BANNER CORP,left,4,3687
BATRA,LIBERTY BRAVES SERIES A,left,17,4473
BATRK,LIBERTY BRAVES SERIES C,left,17,4560
BAX,BAXTER INTL,left,4,4210
BBBY,BED BATH BEYOND,left,4,4822
BBCP,CONCRETE PUMPING HOLDINGS (A),left,9,1416
BBIO,BRIDGEBIO PHARMA,left,5,2901
BBSI,BARRETT BUS,left,4,4036
BBY,BEST BUY COMPANY,left,5,1679
BC,BRUNSWICK CORP,left,6,1416
BCAB,BIOATLA,left,5,2464
BCC,BOISE CASCADE COMPANY,left,6,1329
BCEI,BONANZA CREEK ENERGY,left,5,1504
BCEL,ATRECA,left,4,2988
BCO,BRINKS CO,left,5,3774
BCOR,BLUCORA,left,5,4822
BCOV,BRIGHTCOVE,left,5,3250
BCPC,BALCHEM,left,4,2290
BCRX,BIOCRYST PHARM,left,5,2551
BDC,BELDEN,left,4,4909
BDN,BRANDYWINE RLTY,left,5,2813
BDSI,BIODELIVERY SCIENCES INTL,left,5,2639
BDSX,BIODESIX,left,5,2726
BDTX,BLACK DIAMOND THERAPEUTICS,left,5,3861
BDX,BECTON DICKINSON,left,4,4734
BE,BLOOM ENERGY,left,5,4647
BEAM,BEAM THERAPEUTICS,left,4,4473
BECN,BEACON ROOFING SUPPLY,left,4,4298
BEEM,BEAM GLOBAL,left,4,4385
BEN,FRANKLIN RESOURCES,left,12,3337
BEPC,BROOKFIELD RENEWABLE CORPORATION,left,5,4734
BERY,BERRY GLOBAL GROUP,left,5,1591
BF.A,BROWN-FORMAN CLASS A,left,5,5258
BF.B,BROWN-FORMAN B,left,5,5171
BFAM,BRIGHT HORIZONS FAMILY SOLUTIONS,left,5,3163
BFC,BANK FIRST,left,4,2988
BFLY,BUTTERFLY NETWORK INC (A),left,6,2115
BFS,SAUL CENTERS,left,26,2551
BFST,BUSINESS FIRST BANCSHARES,left,6,2028
BG,BUNGE,left,6,1853
BGCP,BGC PARTNERS,left,5,1940
BGFV,BIG 5 SPORTING GOODS CORP,left,5,2028
BGS,B&G FOODS,left,4,1940
BH,BIGLARI HOLDINGS B,left,5,2290
BHB,BAR HARBOR BK,left,4,3774
BHE,BENCHMARK ELECT,left,4,5084
BHF,BRIGHTHOUSE FINANCIAL,left,5,3337
BHLB,BERKSHIRE HILLS BANCORP,left,5,1416
BHR,BRAEMAR HOTELS & RESORTS,left,5,2726
BHVN,BIOHAVEN PHARMACEUTICALS HOLDINGS,left,5,2901
BIG,BIG LOTS,left,5,2115
BIGC,BIGCOMMERCE HOLDINGS,left,5,2202
BIIB,BIOGEN,left,5,2813
BILL,BILL.COM HOLDINGS,left,5,2377
BIO,BIO-RAD LABS A,left,5,3337
BIPC,BROOKFIELD INFRASTRUCTURE,left,5,4560
BJ,BJ'S WHOLESALE CLUB HOLDINGS,left,5,3774
BJRI,BJS RESTAURANTS,left,5,3687
BK,BANK OF NEW YORK MELLON,left,4,3425
BKD,BROOKDALE SENIOR LIVING,left,5,4473
BKE,BUCKLE INC,left,6,1679
BKH,BLACK HILLS CORP,left,5,3948
BKI,BLACK KNIGHT,left,5,4036
BKNG,BOOKING HOLDINGS,left,5,1591
BKR,BAKER HUGHES COMPANY,left,4,2202
BKU,BANKUNITED,left,4,3599
BL,BLACKLINE,left,5,4210
BLBD,BLUE BIRD,left,5,4909
BLD,TOPBUILD,left,29,3250
BLDR,BUILDERS FIRSTSOURCE INC.,left,6,1766
BLFS,BIOLIFE SOLUTIONS INC,left,5,2988
BLI,BERKELEY LIGHTS,left,4,5345
BLK,BLACKROCK INC,left,5,4298
BLKB,BLACKBAUD,left,5,4123
BLL,BALL CORP,left,4,2377
BLMN,BLOOMIN BRANDS,left,5,4734
BLNK,BLINK CHARGING,left,5,4473
BLUE,BLUEBIRD BIO,left,5,5084
BLX,BANCO LATINOAMERICANO DE COMERCIO EXTERI,left,4,2726
BMEA,BIOMEA FUSION,left,5,3163
BMI,BADGER METER,left,4,2115
BMRC,BANK OF MARIN BANCORP,left,4,3250
BMRN,BIOMARIN PHARM,left,5,3076
BMTC,BRYN MAWR BANK,left,6,1504
BMY,BRISTOL MYERS SQUIBB,left,5,3861
BNED,BARNES & NOBLE EDUCATION,left,4,3861
BNFT,BENEFITFOCUS,left,4,5171
BNGO,BIONANO GENOMICS INC,left,5,3250
BNL,BROADSTONE NET LEASE,left,5,4385
BOH,BANK OF HAWAII,left,4,3163
BOKF,BOK FINANCIAL CORP,left,6,1416
BOLT,BOLT BIOTHERAPEUTICS,left,6,1504
BOMN,BOSTON OMAHA,left,5,2028
BOOM,DMC GLOBAL,left,10,1242
BOOT,BOOT BARN HOLDINGS,left,5,1679
BOX,BOX INC,left,5,2464
BPFH,BOSTON PRIVATE FINANCIAL HOLDING,left,5,2115
BPMC,BLUEPRINT MEDICINES,left,5,5345
BPOP,POPULAR INC,left,23,4298
BPYU,BROOKFIELD PROPERTY,left,5,4647
BR,BROADRIDGE FINANCIAL SOLUTIONS,left,5,4298
BRBR,BELLRING BRANDS,left,4,4996
BRBS,BLUE RIDGE BANKSHARES,left,5,4996
BRC,BRADY CORP,left,5,2639
BRK.B,BERKSHIRE HATHAWAY B,left,5,1329
BRKL,BROOKLINE BANCORP INC,left,5,4822
BRKR,BRUKER,left,6,1329
BRKS,BROOKS AUTOMATION,left,5,4996
BRMK,BROADMARK REALTY CAPITAL INC (A),left,5,4210
BRO,BROWN & BROWN,left,5,5084
BRP,BRP GROUP,left,5,5345
BRSP,BRIGHTSPIRE CAPITAL INC (A),left,5,3512
BRT,BRT APARTMENTS,left,6,1242
BRX,BRIXMOR PROPERTY GROUP,left,5,4036
BRY,BERRY CORPORATION,left,5,1504
BSET,BASSETT FURNITURE,left,4,4123
BSIG,BRIGHTSPHERE INVESTMENT GROUP INC,left,5,3425
BSRR,SIERRA BANCORP/CA,left,26,3599
BSX,BOSTON SCIENTIFIC CORP,left,5,2290
BSY,BENTLEY SYSTEMS,left,4,5258
BTAI,BIOXCEL THERAPEUTICS,left,5,3599
BTRS,BTRS HOLDINGS INC (A),left,6,1591
BTU,PEABODY ENERGY CORP,left,22,2988
BTX,BROOKLYN IMMUNO THERAPEUTICS,left,5,4909
BURL,BURLINGTON STORES,left,6,1940
BUSE,FIRST BUSEY,left,12,2028
BV,BRIGHTVIEW HOLDINGS,left,5,3599
BVH,BLUEGREEN VACATIONS HOLDING CORPORATION,left,5,5171
BVS,BIOVENTUS,left,5,3512
BW,BABCOCK & WILCOX ENTERPRISES,left,4,2028
BWA,BORGWARNER,left,5,1853
BWB,BRIDGEWATER BANCSHARES,left,5,2988
BWXT,BWX TECHNOLOGIES,left,6,2202
BX,THE BLACKSTONE GROUP INC,left,28,5084
BXC,BLUELINX HOLDINGS,left,5,5258
BXMT,BLACKSTONE MORTGAGE TRUST,left,5,4385
BXP,BOSTON PROPERTIES,left,5,2202
BXS,BANCORPSOUTH BANK,left,4,2813
BY,BYLINE BANCORP,left,6,2290
BYD,BOYD GAMING,left,5,2551
BYND,BEYOND MEAT,left,5,1766
BYRN,BYRNA TECHNOLOGIES,left,6,2377
BYSI,BEYONDSPRING,left,5,1853
BZH,BEAZER HOMES USA,left,4,4647
C,CITIGROUP,left,7,3163
CABO,CABLE ONE,left,6,2726
CAC,CAMDEN NATIONAL,left,6,4647
CACC,CREDIT ACCEPTANCE CP,left,9,1329
CACI,CACI INC CL A,left,6,2988
CADE,CADENCE BANCORPORATION,left,6,3163
CAG,CONAGRA BRANDS INC,left,9,1242
CAH,CARDINAL HEALTH,left,6,1766
CAI,CAI INTERNATIONAL,left,6,3599
CAKE,CHEESECAKE FACTORY (THE),left,7,4298
CAL,CALERES,left,6,3861
CALM,CAL-MAINE FOODS,left,6,4385
CALX,CALIX NETWORKS,left,6,4123
CAMP,CALAMP CORP,left,6,3687
CANADA,FTSE,left,33,1399
CAR,AVIS BUDGET GROUP,left,4,4822
CARA,CARA THERAPEUTICS,left,6,1591
CARE,CARTER BANKSHARES INC,left,6,3250
CARG,CARGURUS CLASS A,left,6,2202
CARR,CARRIER GLOBAL,left,6,2988
CARS,CARS.COM,left,6,3163
CASA,CASA SYSTEMS,left,6,3512
CASH,META FINANCIAL GROUP,left,19,4822
CASS,CASS INFORMATION SYSTEMS,left,6,3861
CASY,CASEYS GENERAL STORES,left,6,3687
CAT,CATERPILLAR,left,6,4473
CATC,CAMBRIDGE BANCORP,left,6,4560
CATO,CATO CORP CL A,left,6,4647
CATY,CATHAY BANCORP,left,6,4560
CB,CHUBB LTD,left,7,1679
CBAY,CYMABAY THERAPEUTICS,left,9,4210
CBB,CINCINNATI BELL,left,7,2377
CBNK,CAPITAL BANCORP,left,6,5258
CBOE,CBOE GLOBAL MARKETS,left,6,4909
CBRE,CBRE GROUP,left,6,4996
CBRL,CRACKER BARREL OLD COUNTRY STORE,left,8,5258
CBSH,COMMERCE BANCSHARES,left,8,4123
CBT,CABOT CORP,left,6,2813
CBTX,CBTX,left,6,5084
CBU,COMMUNITY BANK SYS,left,8,4473
CBZ,CBIZ,left,6,4822
CC,CHEMOURS COMPANY,left,7,4734
CCB,COASTAL FINANCIAL,left,8,1940
CCBG,CAPITAL CITY BANK GP,left,6,5345
CCCC,C4 THERAPEUTICS,left,6,2639
CCF,CHASE CORP,left,7,4123
CCI,CROWN CASTLE INTL CORP,left,9,1940
CCK,CROWN HOLDINGS,left,9,2028
CCL,CARNIVAL CORP A,left,6,2639
CCMP,CMC MATERIALS INC,left,8,1329
CCNE,CNB FINANCIAL,left,8,1679
CCO,CLEAR CHANNEL OUTDOOR HOLDINGS,left,7,4385
CCOI,COGENT COMMUNICATIONS HOLDINGS,left,8,2551
CCRN,CROSS COUNTRY HEALTHCARE,left,9,1679
CCS,CENTURY COMMUNITIES,left,7,2639
CCXI,CHEMOCENTRYX INC,left,7,4647
CDAK,CODIAK BIOSCIENCES,left,8,2290
CDAY,CERIDIAN HCM HOLDING,left,7,2988
CDE,COEUR MINING INC,left,8,2377
CDEV,CENTENNIAL RESOURCE DEVELOPMENT,left,7,1766
CDK,CDK GLOBAL,left,6,5171
CDLX,CARDLYTICS,left,6,1940
CDMO,AVID BIOSERVICES,left,4,4473
CDNA,CAREDX INC,left,6,2028
CDNS,CADENCE DESIGN SYSTEMS,left,6,3250
CDW,CDW,left,6,5258
CDXC,CHROMADEX CORP,left,8,1679
CDXS,CODEXIS,left,8,2202
CDZI,CADIZ INC,left,6,3337
CE,CELANESE,left,7,1242
CECE,CECO ENV CORP,left,6,5345
CEIX,CONSOL ENERGY,left,8,1940
CELC,CELCUITY,left,7,1329
CELH,CELSIUS HOLDINGS INC.,left,7,1591
CENT,CENTRAL GARDEN & PET,left,7,2115
CENTA,CENTRAL GARDEN & PET CO A,left,7,2028
CENX,CENTURY ALUMINIUM,left,7,2377
CERC,CERECOR INC,left,7,2726
CERE,CEREVEL THERAPEUTICS HOLDINGS (A),left,7,2901
CERN,CERNER CORP,left,7,3076
CERS,CERUS CORP,left,7,3250
CERT,CERTARA,left,7,3163
CEVA,CEVA,left,7,3337
CF,CF INDUSTRIES HOLDINGS,left,7,3425
CFB,CROSSFIRST BANKSHARES,left,9,1766
CFFN,CAPITOL FEDERAL FINANCIAL,left,7,1329
CFG,CITIZENS FINANCIAL GROUP,left,7,3425
CFR,CULLEN FROST BANKERS,left,9,2901
CFX,COLFAX,left,8,3163
CG,CARLYLE GROUP INC,left,6,2464
CGEM,CULLINAN ONCOLOGY INC,left,9,2988
CGNX,COGNEX CORP,left,8,2639
CHCO,CITY HOLDING,left,7,3687
CHCT,COMMUNITY HEALTHCARE TRUST,left,8,4647
CHD,CHURCH & DWIGHT,left,7,1766
CHDN,CHURCHILL DOWNS,left,7,1853
CHE,CHEMED,left,7,4560
CHEF,CHEFS WAREHOUSE HOLDINGS,left,7,4385
CHGG,CHEGG,left,7,4473
CHH,CHOICE HOTELS INTERNATIONAL,left,8,1591
CHK,CHESAPEAKE ENERGY,left,7,4909
CHNG,CHANGE HEALTHCARE,left,7,3599
CHPT,CHARGEPOINT HOLDINGS INC (A),left,7,3774
CHRS,COHERUS BIOSCIENCES,left,8,2988
CHRW,C.H. ROBINSON WORLDWIDE,left,6,2464
CHS,CHICOS FAS INC,left,7,5258
CHTR,CHARTER COMMUNICATIONS INC. CL A,left,7,4036
CHUY,CHUY'S HOLDINGS INC,left,7,1940
CHX,CHAMPIONX CORPORATION,left,7,3512
CI,CIGNA CORP,left,7,2115
CIA,CITIZENS INC A,left,7,3512
CIEN,CIENA,left,7,2028
CIM,CHIMERA INVESTMENT,left,8,1242
CINF,CINCINNATI FIN CP,left,7,2464
CIO,CITY OFFICE REIT,left,7,3774
CIR,CIRCOR INTL,left,7,2726
CIT,CIT GROUP,left,7,2988
CIVB,CIVISTA BANCSHARES,left,7,3861
CIX,COMPX INTERNATIONAL,left,8,5084
CL,COLGATE-PALMOLIVE,left,8,3250
CLAR,CLARUS CORPORATION,left,7,4036
CLBK,COLUMBIA FINANCIAL,left,8,3512
CLDR,CLOUDERA,left,7,5258
CLDT,CHATHAM LODGING TRUST,left,7,4210
CLDX,CELLDEX THERAPEUTICS,left,7,1416
CLF,CLEVELAND-CLIFFS,left,7,4996
CLFD,CLEARFIELD INC.,left,7,4473
CLH,CLEAN HARBORS,left,7,4210
CLI,MACK CALI REALTY,left,19,1329
CLNE,CLEAN ENERGY FUELS,left,7,4123
CLNN,CLENE INC,left,7,4909
CLPR,CLIPPER REALTY,left,7,5084
CLPT,CLEARPOINT NEURO INC,left,7,4560
CLR,CONTINENTAL RESOURCES OK,left,8,2551
CLSK,CLEANSPARK,left,7,4298
CLVS,CLOVIS ONCOLOGY,left,8,1242
CLVT,CLARIVATE PLC (A),left,7,3948
CLW,CLEARWATER PAPER,left,7,4647
CLX,CLOROX,left,7,5171
CMA,COMERICA,left,8,3948
CMBM,CAMBIUM NETWORKS,left,6,4473
CMC,COMMERCIAL METALS,left,8,4210
CMCO,COLUMBUS MCKINNON,left,8,3774
CMCSA,COMCAST A,left,8,3861
CME,CME GROUP,left,8,1416
CMG,CHIPOTLE MEXICAN GRILL,left,8,1504
CMI,CUMMINS,left,9,3076
CMO,CAPSTEAD MORTGAGE,left,7,1591
CMP,COMPASS MINERALS INTERNATIONAL,left,8,4909
CMPR,CIMPRESS PLC,left,7,2290
CMRE,COSTAMARE,left,8,4210
CMRX,CHIMERIX INC,left,8,1329
CMS,CMS ENERGY CORP,left,8,1504
CMTL,COMTECH TELECOMMUNICATIONS,left,8,5345
CNA,CNA FINANCIAL CORP,left,8,1591
CNBKA,CENTURY BNCP A,left,7,2464
CNC,CENTENE CORP,left,7,1679
CNDT,CONDUENT,left,9,1504
CNK,CINEMARK HOLDINGS INC.,left,7,2551
CNMD,CONMED CORP,left,9,1591
CNNE,CANNAE HOLDINGS,left,6,4996
CNO,CNO FINANCIAL GROUP,left,8,1766
CNOB,CONNECTONE BANCORP,left,9,1679
CNP,CENTERPOINT ENERGY,left,7,1853
CNR,CORNERSTONE BUILDING BRANDS,left,8,3512
CNS,COHEN & STEERS,left,8,2813
CNSL,CONSOLIDATED COMMUNICATIONS HOLDINGS,left,8,2028
CNST,CONSTELLATION PHARMACEUTICALS,left,8,2202
CNTY,CENTURY CASINO,left,7,2551
CNX,CNX RESOURCES,left,8,1853
CNXC,CONCENTRIX,left,9,1329
CNXN,PC CONNECTION,left,23,2726
COF,CAPITAL ONE FINANCIAL,left,7,1242
COG,CABOT OIL & GAS,left,6,2901
COGT,COGENT BIOSCIENCES INC,left,8,2464
COHR,COHERENT INC,left,8,2901
COHU,COHU INC,left,8,3076
COKE,COCA-COLA CONSOLIDATED,left,8,2115
COLB,COLUMBIA BANKING SYSTEM,left,8,3425
COLD,AMERICOLD REALTY TRUST,left,2,4473
COLL,COLLEGIUM PHARMACEUTICAL,left,8,3337
COLM,COLUMBIA SPORTSWEAR CO,left,8,3687
COMM,COMMSCOPE HOLDING COMPANY,left,8,4385
CONE,CYRUSONE,left,9,4298
CONN,CONN'S,left,9,1766
COO,COOPER COS INC,left,8,2639
COOP,MR. COOPER GROUP,left,20,1940
COP,CONOCOPHILLIPS,left,8,1766
COR,CORESITE REALTY,left,8,3337
CORE,CORE-MARK HOLDING CO,left,8,3163
CORT,CORCEPT THERAPEUTICS,left,8,2988
COST,COSTCO WHOLESALE CORP,left,8,4385
COTY,COTY,left,8,4473
COUP,COUPA SOFTWARE,left,8,4560
COUR,COURSERA,left,8,4647
COWN,COWEN,left,8,5084
CPA,COPA HOLDINGS S.A. CL A,left,8,2813
CPB,CAMPBELL SOUP,left,6,4822
CPE,CALLON PETROLEUM,left,6,4298
CPF,CENTRAL PACIFIC FINANCIAL,left,7,2202
CPK,CHESAPEAKE UTILITIES CORP,left,7,4996
CPLG,COREPOINT LODGINGS,left,8,3250
CPRI,CAPRI HOLDINGS LIMITED,left,7,1416
CPRT,COPART INC,left,8,2901
CPRX,CATALYST PHARMACEUTICALS,left,6,4298
CPS,COOPER-STANDARD HOLDINGS INC,left,8,2726
CPSI,COMPUTER PROGRAMS & SYSTEMS,left,8,4996
CPT,CAMDEN PROPERTY,left,6,4734
CR,CRANE CO,left,8,5345
CRAI,CRA INTERNATIONAL,left,8,5171
CRC,CALIFORNIA RESOURCES,left,6,3948
CRD.A,CRAWFORD CO A,left,9,1242
CRDF,CARDIFF ONCOLOGY INC,left,6,1679
CREE,CREE INC,left,9,1416
CRI,CARTERS,left,6,3337
CRIS,CURIS INC,left,9,3337
CRK,COMSTOCK RSCS,left,8,5258
CRL,CHARLES RIVER LABORATORIES,left,7,3861
CRM,SALESFORCE.COM,left,26,1591
CRMD,CORMEDIX INC.,left,8,3425
CRMT,AMERICA CAR MART,left,2,2290
CRNC,CERENCE,left,7,2813
CRNX,CRINETICS PHARMACEUTICALS,left,9,1504
CROX,CROCS,left,9,1591
CRS,CARPENTER TECH,left,6,2813
CRSR,CORSAIR GAMING,left,8,3861
CRTX,CORTEXYME,left,8,4036
CRUS,CIRRUS LOGIC,left,7,2813
CRVL,CORVEL CORP,left,8,4123
CRWD,CROWDSTRIKE HOLDINGS,left,9,1853
CRY,CRYOLIFE,left,9,2115
CSCO,CISCO SYSTEMS,left,7,2901
CSGP,COSTAR GROUP,left,8,4298
CSGS,CSG SYSTEMS INTL,left,9,2290
CSII,CARDIOVASCULAR SYSTEMS INC,left,6,1853
CSL,CARLISLE COS INC,left,6,2290
CSLT,CASTLIGHT HEALTH,left,6,4123
CSOD,CORNERSTONE ONDEMAND,left,8,3599
CSPR,CASPER SLEEP,left,6,3774
CSR,CENTERSPACE,left,7,1940
CSSE,CHICKEN SOUP FOR THE SOUL ENTERTAINMENT,left,7,5171
CSTE,CAESARSTONE LTD,left,6,3512
CSTL,CASTLE BIOSCIENCES,left,6,4036
CSTM,CONSTELLIUM SE,left,8,2290
CSTR,CAPSTAR FINANCIAL HOLDINGS,left,7,1504
CSV,CARRIAGE SVCS,left,6,2901
CSWI,CSW INDUSTRIALS,left,9,2377
CSX,CSX CORP,left,9,2464
CTAS,CINTAS CORP,left,7,2639
CTBI,COMMUNITY TST,left,8,4734
CTLP,CANTALOUPE INC,left,6,5171
CTLT,CATALENT,left,6,4210
CTMX,CYTOMX THERAPEUTICS,left,9,4473
CTO,CTO REALTY GROWTH INC,left,9,2551
CTOS,CUSTOM TRUCK ONE SOURCE INC (A),left,9,3687
CTRE,CARETRUST REIT,left,6,2115
CTRN,CITI TRENDS,left,7,3076
CTS,CTS,left,9,2639
CTSH,COGNIZANT TECH SOLUTIONS,left,8,2726
CTSO,CYTOSORBENTS,left,9,4560
CTT,CATCHMARK TIMBER TRUST,left,6,4385
CTVA,CORTEVA,left,8,3948
CTXR,CITIUS PHARMACEUTICALS,left,7,3250
CTXS,CITRIX SYSTEMS,left,7,3599
CUBE,CUBESMART,left,9,2726
CUBI,CUSTOMERS BANCORP,left,9,3774
CUE,CUE BIOPHARMA,left,9,2813
CURI,CURIOSITYSTREAM INC (A),left,9,3250
CURO,CURO GROUP HOLDINGS,left,9,3425
CUTR,CUTERA,left,9,3861
CUZ,COUSINS PROPERTY,left,8,4734
CVA,COVANTA HOLDING,left,8,4822
CVAC,CUREVAC NV,left,9,3163
CVBF,CVB FINANCIAL,left,9,3948
CVCO,CAVCO INDUSTRIES,left,6,4734
CVET,COVETRUS,left,8,4996
CVGI,COMMERCIAL VEHICLE GROUP,left,8,4298
CVGW,CALAVO GROWERS INC,left,6,3774
CVI,CVR ENERGY,left,9,4036
CVLG,COVENANT LOGISTICS GROUP INC,left,8,4909
CVLT,COMMVAULT SYSTEMS,left,8,4822
CVM,CEL-SCI CORP,left,7,1504
CVNA,CARVANA,left,6,3425
CVS,CVS HEALTH CORPORATION,left,9,4123
CVX,CHEVRON,left,7,5084
CW,CURTISS WRIGHT,left,9,3512
CWEN,CLEARWAY ENERGY (C),left,7,4822
CWEN.A,CLEARWAY ENERGY,left,7,4734
CWH,CAMPING WORLD HOLDINGS,left,6,4909
CWK,CUSHMAN & WAKEFIELD,left,9,3599
CWST,CASELLA WASTE,left,6,3599
CWT,CALIFORNIA WATER SERVICE GROUP,left,6,4036
CXP,COLUMBIA PROPERTY TRUST INC,left,8,3599
CXW,CORECIVIC,left,8,3076
CYH,COMMUNITY HEALTH SYSTEM,left,8,4560
CYRX,CRYOPORT INC.,left,9,2202
CYTK,CYTOKINETICS,left,9,4385
CZNC,CITIZENS & NORTHERN,left,7,3337
CZR,CAESARS ENTERTAINMENT INC,left,6,3425
D,DOMINION ENERGY,left,10,1679
DAKT,DAKTRONICS INC,left,9,4822
DAL,DELTA AIR LINES,left,9,2115
DAN,DANA,left,9,4909
DAR,DARLING INGREDIENTS,left,9,5345
DASH,DOORDASH,left,10,2377
DBD,DIEBOLD NIXDORF,left,9,3774
DBI,DESIGNER BRANDS,left,9,2813
DBRG,DIGITALBRIDGE GROUP INC,left,9,4298
DBX,DROPBOX,left,10,3425
DCI,DONALDSON CO INC,left,10,2028
DCO,DUCOMMUN INC,left,10,3861
DCOM,DIME COMMUNITY BANCSHARES INC,left,9,4560
DCPH,DECIPHERA PHARMACEUTICALS,left,10,1679
DCT,DUCK CREEK TECHNOLOGIES,left,10,3687
DD,DUPONT DE NEMOURS,left,10,4298
DDD,3-D SYSTEMS,left,1,1766
DDOG,DATADOG,left,10,1329
DDS,DILLARD'S INC,left,9,4473
DE,DEERE & CO,left,10,1853
DEA,EASTERLY GOVERNMENT PROPERTIES,left,11,1766
DECK,DECKERS OUTDOOR,left,10,1766
DEI,DOUGLAS EMMETT,left,10,2813
DELL,DELL TECHNOLOGIES,left,9,2028
DEN,DENBURY,left,9,2377
DENN,DENNYS CORP,left,9,2464
DFIN,DONNELLEY FINANCIAL SOLUTIONS,left,10,2290
DFS,DISCOVER FINANCIAL SERVICES,left,9,4822
DG,DOLLAR GENERAL,left,10,1504
DGICA,DONEGAL GROUP A,left,10,2115
DGII,DIGI INTERNATIONAL,left,9,3861
DGX,QUEST DIAGNOSTICS,left,24,3250
DHC,DIVERSIFIED HEALTHCARE TRUST,left,9,5345
DHI,D.R. HORTON INC,left,9,4647
DHIL,DIAMOND HILL INVESTMENT GRP,left,9,3250
DHR,DANAHER CORP,left,9,4996
DHT,DHT HOLDINGS,left,9,3163
DIN,DINE BRANDS GLOBAL,left,9,4647
DIOD,DIODES INC,left,9,4734
DIS,DISNEY (WALT) COMPANY,left,9,5171
DISCA,DISCOVERY SERIES A,left,9,4909
DISCK,DISCOVERY SERIES C,left,9,4996
DISH,DISH NETWORK,left,9,5084
DJCO,DAILY JOURNAL,left,9,4734
DK,DELEK US HOLDINGS,left,9,1940
DKNG,DRAFTKINGS INC (A),left,10,3076
DKS,DICK'S SPORTING GOODS INC,left,9,3687
DLB,DOLBY LABS A,left,10,1416
DLR,DIGITAL REALTY TRUST,left,9,4123
DLTH,DULUTH HOLDINGS,left,10,4123
DLTR,DOLLAR TREE,left,10,1591
DLX,DELUXE CORP,left,9,2202
DM,DESKTOP METAL INC (A),left,9,2901
DMRC,DIGIMARC CORP.,left,9,3948
DMS,DIGITAL MEDIA SOLUTIONS INC (A),left,9,4036
DMTK,DERMTECH INC,left,9,2639
DNB,DUN AND BRADSTREET HOLDINGS,left,10,4210
DNLI,DENALI THERAPEUTICS,left,9,2290
DNMR,DANIMER SCIENTIFIC INC (A),left,9,5084
DNOW,NOW INC.,left,21,3774
DOC,PHYSICIANS REALTY TRUST,left,23,1940
DOCN,DIGITALOCEAN HOLDINGS,left,9,4385
DOCU,DOCUSIGN,left,10,1329
DOMO,DOMO INCORPORATED,left,10,1853
DOOR,MASONITE INTERNATIONAL CORP,left,18,4734
DORM,DORMAN PRODUCTS,left,10,2551
DOV,DOVER CORP,left,10,2901
DOW,DOW INC,left,10,2988
DOX,AMDOCS,left,2,1766
DPZ,DOMINOS PIZZA,left,10,1766
DRE,DUKE REALTY CORP,left,10,4036
DRH,DIAMONDROCK HOSPITALITY,left,9,3512
DRI,DARDEN RESTAURANTS,left,9,5171
DRIO,DARIOHEALTH,left,9,5258
DRNA,DICERNA PHARMACEUTICALS,left,9,3599
DRQ,DRIL-QUIP,left,10,3163
DRRX,DURECT CORP,left,10,4385
DRVN,DRIVEN BRANDS HOLDINGS,left,10,3337
DS,DRIVE SHACK,left,10,3250
DSEY,DIVERSEY HOLDINGS,left,9,5258
DSGN,DESIGN THERAPEUTICS,left,9,2726
DSKE,DASEKE INC,left,10,1242
DSP,VIANT TECHNOLOGY,left,30,5084
DSPG,DSP GROUP INC,left,10,3512
DSSI,DIAMOND S SHIPPING,left,9,3337
DT,DYNATRACE,left,10,4734
DTE,DTE ENERGY,left,10,3599
DTIL,PRECISION BIOSCIENCES,left,24,1679
DUK,DUKE ENERGY CORP,left,10,3948
DV,DOUBLEVERIFY HOLDINGS,left,10,2639
DVA,DAVITA,left,10,1591
DVAX,DYNAVAX TECHNOLOGIES,left,10,4822
DVN,DEVON ENERGY,left,9,2988
DX,DYNEX CAPITAL,left,10,4996
DXC,DXC TECHNOLOGY COMPANY,left,10,4473
DXCM,DEXCOM,left,9,3076
DXPE,DXP ENTERPRISES,left,10,4560
DY,DYCOM INDS INC,left,10,4647
DYN,DYNE THERAPEUTICS,left,10,4909
DZSI,DZS INC,left,10,5084
EA,ELECTRONIC ARTS,left,10,3599
EAF,GRAFTECH INTERNATIONAL,left,13,2813
EAR,EARGO,left,11,1504
EAT,BRINKER INTERNATIONAL,left,5,3687
EB,EVENTBRITE,left,11,4822
EBAY,EBAY,left,10,2202
EBC,EASTERN BANKSHARES,left,11,1853
EBET,ESPORTS TECHNOLOGIES,left,11,4036
EBF,ENNIS,left,10,5345
EBIX,EBIX INC,left,10,2290
EBS,EMERGENT BIOSOLUTIONS,left,10,4123
EBSB,MERIDIAN BANCORP,left,19,4123
EBTC,ENTERPRISE BANCORP,left,11,1853
ECHO,ECHO GLOBAL LOGISTICS,left,10,2377
ECL,ECOLAB,left,10,2551
ECOL,US ECOLOGY,left,29,4734
ECOM,CHANNELADVISOR CORP,left,7,3687
ECPG,ENCORE CAPITAL GROUP,left,10,4647
ED,CONS EDISON HOLDING,left,8,1853
EDIT,EDITAS MEDICINE,left,10,2901
EEFT,EURONET WORLDWIDE,left,11,4647
EEX,EMERALD HOLDING INC,left,10,4036
EFC,ELLINGTON FINANCIAL INC,left,10,3774
EFSC,ENTERPRISE FINANCIAL SERVICES,left,11,1940
EFX,EQUIFAX,left,11,2901
EGAN,EGAIN,left,10,3076
EGBN,EAGLE BANCORP,left,10,5345
EGHT,8X8,left,1,2115
EGLE,EAGLE BULK SHIPPING,left,11,1242
EGP,EASTGROUP PROPERTIES,left,11,1940
EGRX,EAGLE PHARMACEUTICALS,left,11,1416
EHC,ENCOMPASS HEALTH,left,10,4560
EHTH,EHEALTH,left,10,3163
EIG,EMPLOYERS HOLDINGS,left,10,4385
EIGR,EIGER BIOPHARMACEUTICALS,left,10,3250
EIX,EDISON INTERNATIONAL,left,10,2813
EL,LAUDER (ESTEE),left,17,2551
ELAN,ELANCO ANIMAL HEALTH,left,10,3425
ELF,E.L.F BEAUTY,left,10,5171
ELS,EQUITY LIFESTYLE PROPERTIES,left,11,3425
ELY,CALLAWAY GOLF,left,6,4210
EME,EMCOR GROUP,left,10,3861
EMKR,EMCORE CORP,left,10,3948
EMN,EASTMAN CHEMICAL,left,10,1940
EMR,EMERSON ELECTRIC,left,10,4210
ENDP,ENDO INTERNATIONAL PLC,left,10,4822
ENPH,ENPHASE ENERGY INC,left,11,1329
ENR,ENERGIZER HOLDINGS,left,10,4909
ENS,ENERSYS,left,10,5258
ENSG,ENSIGN GROUP,left,11,1504
ENTA,ENANTA PHARMACEUTICALS INC,left,10,4473
ENTG,ENTEGRIS INC,left,11,1679
ENV,ENVESTNET,left,11,2115
ENVA,ENOVA INTERNATIONAL,left,11,1242
EOG,EOG RESOURCES,left,11,2290
EOLS,EVOLUS,left,12,1679
EOSE,EOS ENERGY ENTERPRISES INC (A),left,11,2377
EPAC,ENERPAC TOOL GROUP CORP,left,10,5171
EPAM,EPAM SYSTEMS,left,11,2464
EPAY,BOTTOMLINE TECHNOLOGIES,left,5,2377
EPC,EDGEWELL PERSONAL CARE,left,10,2639
EPR,EPR PROPERTIES,left,11,2726
EPRT,ESSENTIAL PROPERTIES REALTY TRUST,left,11,4210
EPZM,EPIZYME INC,left,11,2551
EQBK,EQUITY BANCSHARES,left,11,3250
EQC,EQUITY COMMONWEALTH,left,11,3337
EQH,EQUITABLE HOLDINGS,left,11,3076
EQIX,EQUINIX INC,left,11,2988
EQR,EQUITY RESIDENTIAL,left,11,3512
EQT,EQT CORPORATION,left,11,2813
ERIE,ERIE INDEMNITY,left,11,3599
ERII,ENERGY RECOVERY INC.,left,10,5084
ES,EVERSOURCE ENERGY,left,12,1242
ESCA,ESCALADE INC,left,11,3774
ESE,ESCO TECHNOLOGIES,left,11,3861
ESGC,EROS STX GLOBAL CORP,left,11,3687
ESGR,ENSTAR GROUP,left,11,1591
ESI,ELEMENT SOLUTIONS,left,10,3687
ESNT,ESSENT GROUP,left,11,4123
ESPR,ESPERION THERAPEUTICS INC,left,11,3948
ESRT,EMPIRE STATE REALTY TRUST,left,10,4298
ESS,ESSEX PROP TRUST,left,11,4385
ESTC,ELASTIC N.V.,left,10,3512
ESTE,EARTHSTONE ENERGY,left,11,1591
ETH,ETHAN ALLEN INTERIORS,left,11,4473
ETN,EATON CORP PLC,left,10,2115
ETNB,89BIO,left,1,2028
ETR,ENTERGY CORP,left,11,1766
ETRN,EQUITRANS MIDSTREAM,left,11,3163
ETSY,ETSY,left,11,4560
ETWO,E2OPEN PARENT HOLDINGS INC (A),left,10,5258
EVBG,EVERBRIDGE,left,11,4909
EVC,ENTRAVISION COMMS,left,11,2028
EVER,EVERQUOTE,left,11,5345
EVH,EVOLENT HEALTH,left,12,1591
EVI,EVI INDUSTRIES,left,12,1416
EVLO,EVELO BIOSCIENCES,left,11,4734
EVOP,EVO PAYMENTS,left,12,1504
EVR,EVERCORE,left,11,4996
EVRG,EVERGY,left,11,5171
EVRI,EVERI HOLDINGS,left,11,5258
EVTC,EVERTEC,left,12,1329
EW,EDWARDS LIFESCIENCES,left,10,2988
EWBC,EAST WEST BANCORP,left,11,1679
EWTX,EDGEWISE THERAPEUTICS,left,10,2726
EXAS,EXACT SCIENCES,left,12,1853
EXC,EXELON CORPORATION,left,11,2028
EXEL,EXELIXIS INC,left,12,2028
EXLS,EXLSERVICE HOLDINGS,left,11,2115
EXP,EAGLE MATERIALS,left,11,1329
EXPD,EXPEDITORS INTL WASHINGTON,left,11,2464
EXPE,EXPEDIA GROUP,left,11,2377
EXPI,EXP WORLD HOLDINGS,left,11,2290
EXPO,EXPONENT INC,left,11,2551
EXR,EXTRA SPACE STORAGE,left,11,2639
EXTR,EXTREME NETWORKS,left,11,2813
EYE,NATIONAL VISION HOLDINGS,left,20,4909
EYPT,EYEPOINT PHARMACEUTICALS,left,11,2988
EZPW,EZCORP INC A,left,11,3076
F,FORD MOTOR COMPANY,left,13,1591
FAF,FIRST AMERICAN FINANCIAL,left,12,1591
FANG,DIAMONDBACK ENERGY,left,9,3425
FARO,FARO TECHNOLOGY,left,11,3948
FAST,FASTENAL CO,left,11,4036
FATE,FATE THERAPEUTICS INC,left,11,4210
FB,FACEBOOK CLASS A,left,11,3425
FBC,FLAGSTAR BANCORP,left,12,4385
FBHS,FORTUNE BRANDS HOME & SECURITY,left,12,2464
FBIO,FORTRESS BIOTECH,left,12,2377
FBK,FB FINANCIAL,left,11,4385
FBMS,FIRST BANCSHARES INC.,left,12,1853
FBNC,FIRST BANCORP,left,12,1679
FBP,FIRST BANCORP PUERTO RICO,left,12,1766
FBRX,FORTE BIOSCIENCES INC,left,13,2115
FC,FRANKLIN COVEY,left,12,3163
FCBC,FIRST COMMUNITY BANCSHARES,left,12,2377
FCBP,FIRST CHOICE BANCORP,left,12,2115
FCEL,FUELCELL ENERGY,left,12,4734
FCF,FIRST COMMONWEALTH FIN,left,12,2290
FCFS,FIRSTCASH,left,12,3774
FCN,FTI CONSULTING,left,12,4473
FCNCA,FIRST CITIZENS BANCSH A,left,12,2202
FCPT,FOUR CORNERS PROPERTY TRUST,left,12,2726
FCX,FREEPORT-MCMORAN,left,12,3599
FDBC,FIDELITY D&D BANCORP INC.,left,11,5084
FDMT,4D MOLECULAR THERAPEUTICS,left,1,1940
FDP,FRESH DEL MONTE,left,12,3774
FDS,FACTSET RESEARCH SYSTEMS,left,11,3512
FDX,FEDEX CORPORATION,left,11,4822
FE,FIRSTENERGY CORP.,left,12,3861
FELE,FRANKLIN ELEC,left,12,3250
FEYE,FIREEYE,left,12,1504
FF,FUTUREFUEL CORP.,left,12,5345
FFBC,FIRST FINANCIAL BANCORP,left,12,2464
FFIC,FLUSHING FINANCIAL,left,12,5258
FFIN,FIRST FINL BANKSHARES,left,12,2551
FFIV,F5 NETWORKS INC,left,11,3250
FFWM,FIRST FOUNDATION,left,12,2726
FGEN,FIBROGEN,left,11,4996
FHB,FIRST HAWAIIAN,left,12,2813
FHI,FEDERATED HERMES INC,left,11,4734
FHN,FIRST HORIZON CORPORATION,left,12,2901
FHTX,FOGHORN THERAPEUTICS,left,13,1416
FI,FRANKS INTERNATIONAL,left,12,3512
FIBK,FIRST INTERSTATE BANCSYSTEM,left,12,3163
FICO,FAIR ISAAC,left,11,3599
FIS,FIDELITY NATL INFORMATION SERVICES,left,11,5171
FISI,FINANCIAL INSTITUTIONS,left,12,1329
FISV,FISERV INC,left,12,3948
FITB,FIFTH THIRD BANCORP,left,11,5345
FIVE,FIVE BELOW,left,12,4123
FIVN,FIVE9,left,12,4298
FIX,COMFORT SYSTEMS USA,left,8,4036
FIXX,HOMOLOGY MEDICINES,left,14,5258
FIZZ,NATIONAL BEVERAGE,left,20,4036
FL,FOOT LOCKER INC,left,13,1504
FLDM,FLUIDIGM,left,12,5084
FLGT,FULGENT GENETICS,left,12,4909
FLIC,FIRST LONG ISLAND,left,12,3250
FLL,FULL HOUSE RESORTS INC.,left,12,4996
FLMN,FALCON MINERALS (A),left,11,3687
FLNT,FLUENT,left,12,4996
FLO,FLOWERS FOODS INC,left,12,4822
FLOW,SPX FLOW,left,27,2377
FLR,FLUOR CORPORATION,left,12,5171
FLS,FLOWSERVE CP,left,12,4909
FLT,FLEETCOR TECHNOLOGIES,left,12,4473
FLWS,1-800-FLOWERS.COM CL A,left,1,1329
FLXN,FLEXION THERAPEUTICS,left,12,4560
FLXS,FLEXSTEEL INDS,left,12,4647
FMBH,FIRST MID BANCSHARES,left,12,3425
FMBI,FIRST MIDWEST BANCORP,left,12,3512
FMC,FMC CORP,left,12,5345
FMNB,FARMERS NATIONAL BANC CORP.,left,11,3774
FMTX,FORMA THERAPEUTICS HOLDINGS,left,13,1853
FN,FABRINET,left,11,3337
FNB,F.N.B. CORPORATION,left,11,3163
FNCH,FINCH THERAPEUTICS GROUP,left,12,1416
FND,FLOOR & DECOR HOLDINGS,left,12,4734
FNF,FNF GROUP,left,13,1242
FNKO,FUNKO CLASS A,left,12,5258
FNLC,THE FIRST BANCORP INC.,left,28,5258
FOA,FINANCE OF AMERICA COMPANIES INC,left,12,1242
FOCS,FOCUS FINANCIAL PARTNERS,left,13,1329
FOE,FERRO CORP,left,11,4909
FOLD,AMICUS THERAPEUTICS,left,2,5084
FOR,FORESTAR GROUP,left,13,1679
FORA,FORIAN,left,13,1766
FORM,FORMFACTOR,left,13,1940
FORR,FORRESTER RESEARCH,left,13,2028
FOSL,FOSSIL GROUP,left,12,2639
FOUR,SHIFT4 PAYMENTS,left,26,2901
FOX,FOX CORPORATION CLASS B,left,12,2901
FOXA,FOX CORPORATION CLASS A,left,12,2813
FOXF,FOX FACTORY HOLDING,left,12,2988
FPI,FARMLAND PARTNERS REIT,left,11,3861
FR,FIRST INDUSTRIAL REALTY TRUST,left,12,2988
FRBA,FIRST BANK,left,12,1940
FRBK,REP FIRST BANCP,left,24,3948
FRC,FIRST REPUBLIC BANK SAN FRANCISCO,left,12,3599
FREE,WHOLE EARTH BRANDS INC (A),left,31,4210
FREQ,FREQUENCY THERAPEUTICS,left,12,3687
FRG,FRANCHISE GROUP,left,12,3076
FRGI,FIESTA RESTAURANT GROUP,left,11,5258
FRME,FIRST MERCHANTS,left,12,3337
FRO,FRONTLINE,left,12,4123
FROG,JFROG,left,16,2551
FRPH,FRP HOLDINGS,left,12,4210
FRPT,FRESHPET,left,12,3861
FRST,PRIMIS FINANCIAL CORP,left,24,2726
FRT,FEDERAL REALTY INVS,left,11,4560
FRTA,FORTERRA INC,left,12,2115
FSBC,FIVE STAR BANCORP,left,12,4210
FSBW,FS BANCORP INC,left,12,4298
FSLR,FIRST SOLAR INC,left,12,3687
FSLY,FASTLY,left,11,4123
FSP,FRANKLIN STREET PROPERTIES,left,12,3425
FSR,FISKER INC (A),left,12,4036
FSS,FEDERAL SIGNAL,left,11,4647
FTCI,FTC SOLAR,left,12,4385
FTDR,FRONTDOOR,left,12,3948
FTHM,FATHOM HOLDINGS,left,11,4298
FTNT,FORTINET,left,12,2202
FTSI,FTS INTERNATIONAL,left,12,4560
FTV,FORTIVE,left,12,2290
FUBO,FUBOTV,left,12,4647
FUL,FULLER H B CO,left,12,5084
FULC,FULCRUM THERAPEUTICS,left,12,4822
FULT,FULTON FINANCIAL CORP,left,12,5171
FUV,ARCIMOTO,left,3,1679
FWONA,LIBERTY FORMULA ONE SERIES A,left,17,4822
FWONK,LIBERTY FORMULA ONE SERIES C,left,17,4909
FWRD,FORWARD AIR CORP,left,12,2551
G,GENPACT,left,13,3425
GABC,GERMAN AMERICAN BANCORP,left,13,3948
GAN,GAN,left,13,1591
GATO,GATOS SILVER,left,13,2202
GATX,GATX CORP,left,13,2290
GBCI,GLACIER BANCORP,left,13,4473
GBIO,GENERATION BIO,left,13,3163
GBL,GAMCO INVESTORS,left,13,1329
GBOX,GREENBOX POS,left,13,4123
GBT,GLOBAL BLOOD THERAPEUTICS,left,13,4909
GBX,GREENBRIER CO,left,13,4210
GCI,GANNETT CO INC,left,13,1679
GCMG,GCM GROSVENOR INC (A),left,13,2377
GCO,GENESCO INC,left,13,3250
GCP,GCP APPLIED TECHNOLOGIES,left,13,2464
GD,GENERAL DYNAMICS CORP,left,13,2813
GDDY,GODADDY,left,14,1591
GDEN,GOLDEN ENTERTAINMENT,left,14,1940
GDOT,GREEN DOT,left,13,3948
GDYN,GRID DYNAMICS HOLDINGS INC (A),left,13,4909
GE,GENERAL ELECTRIC,left,13,2901
GEF,GREIF INC A,left,13,4734
GEF.B,GREIF INC B,left,13,4822
GEO,GEO GROUP,left,13,3861
GERN,GERON CORP,left,13,4036
GES,GUESS INC,left,14,1679
GEVO,GEVO,left,13,4210
GFF,GRIFFON,left,13,4996
GGG,GRACO INC,left,13,2726
GH,GUARDANT HEALTH,left,14,1591
GHC,GRAHAM HOLDINGS,left,13,2901
GHL,GREENHILL & CO,left,13,4298
GIC,GLOBAL INDUSTRIAL COMPANY,left,13,4996
GIII,G-III APPAREL,left,13,2115
GILD,GILEAD SCIENCES,left,13,4385
GIS,GENERAL MILLS,left,13,2988
GKOS,GLAUKOS,left,13,4822
GL,GLOBE LIFE,left,14,1416
GLDD,GREAT LAKES DREDGE & DOCK,left,13,3599
GLNG,GOLAR LNG LTD.,left,14,1853
GLOB,GLOBANT SA,left,14,1329
GLPI,GAMING & LEISURE PROPERTIES,left,13,1504
GLRE,GREENLIGHT CAPITAL RE LTD,left,13,4473
GLSI,GREENWICH LIFESCIENCES,left,13,4647
GLT,GLATFELTER CORPORATION,left,13,4734
GLW,CORNING,left,8,3687
GM,GENERAL MOTORS,left,13,3076
GME,GAMESTOP CORP,left,13,1416
GMED,GLOBUS MEDICAL,left,14,1504
GMRE,GLOBAL MEDICAL REIT,left,13,5084
GMS,GYPSUM MANAGEMENT AND SUPPLY,left,14,1853
GMTX,GEMINI THERAPEUTICS INC,left,13,2551
GNK,GENCO SHIPPING & TRADING LTD.,left,13,2639
GNL,GLOBAL NET LEASE,left,13,5171
GNLN,GREENLANE HOLDINGS,left,13,4385
GNOG,GOLDEN NUGGET ONLINE GAMING INC (A),left,14,2028
GNRC,GENERAC HOLDINGS,left,13,2726
GNTX,GENTEX CORP,left,13,3512
GNTY,GUARANTY BANC,left,14,1504
GNUS,GENIUS BRANDS INTL INC,left,13,3337
GNW,GENWORTH FINANCIAL CLASS A,left,13,3774
GO,GROCERY OUTLET HOLDING,left,13,5171
GOCO,GOHEALTH,left,14,1766
GOEV,CANOO INC (A),left,6,5084
GOGO,GOGO INC.,left,14,1679
GOLF,ACUSHNET HOLDINGS,left,1,4560
GOOD,GLADSTONE COMMERCIAL,left,13,4560
GOOG,ALPHABET CLASS C,left,2,4123
GOOGL,ALPHABET CLASS A,left,2,4036
GOSS,GOSSAMER BIO,left,13,2464
GPC,GENUINE PARTS,left,13,3687
GPI,GROUP 1 AUTO,left,13,5258
GPK,GRAPHIC PACKAGING HOLDING,left,13,3337
GPMT,GRANITE POINT MORTGAGE TRUST,left,13,3250
GPN,GLOBAL PAYMENTS INC,left,13,5258
GPRE,GREEN PLAINS,left,13,4036
GPRO,GOPRO,left,13,2290
GPS,GAP,left,13,1766
GPX,GP STRATEGIES,left,13,2551
GRA,GRACE (WR),left,13,2639
GRBK,GREEN BRICK PARTNERS,left,13,3861
GRC,GORMAN-RUPP CO,left,13,2377
GRMN,GARMIN LTD,left,13,1853
GROUP,LSE,left,33,1266
GRPN,GROUPON,left,13,5345
GRTS,GRITSTONE BIO INC,left,13,5084
GRWG,GROWGENERATION,left,14,1242
GS,GOLDMAN SACHS GROUP,left,14,2115
GSAT,GLOBALSTAR,left,14,1242
GSBC,GREAT SOUTHERN BANCORP,left,13,3687
GSHD,GOOSEHEAD INSURANCE,left,13,2202
GSKY,GREENSKY,left,13,4560
GT,GOODYEAR TIRE & RUBBER,left,14,2202
GTBP,GT BIOPHARMA,left,14,1329
GTES,GATES INDUSTRIAL,left,13,2028
GTHX,G1 THERAPEUTICS,left,13,1242
GTLS,CHART INDUSTRIES INC.,left,7,3948
GTN,GRAY TELEVISION INC,left,13,3425
GTS,TRIPLE-S MANAGEMENT CORP. CL B,left,29,1853
GTY,GETTY REALTY,left,13,4123
GTYH,GTY TECHNOLOGY HOLDINGS,left,14,1416
GVA,GRANITE CONSTRUCTION,left,13,3163
GWB,GREAT WESTERN BANCORP,left,13,3774
GWRE,GUIDEWIRE SOFTWARE,left,14,1766
GWRS,GLOBAL WATER RESOURCES,left,13,5345
GWW,GRAINGER (W W),left,13,2988
H,HYATT HOTELS,left,15,3687
HA,HAWAIIAN HOLDINGS,left,14,4123
HAE,HAEMONETICS,left,14,2028
HAFC,HANMI FINANCIAL,left,14,2901
HAIN,HAIN CELESTIAL,left,14,2115
HAL,HALLIBURTON,left,14,2290
HALO,HALOZYME THERAPEUTICS,left,14,2377
HARP,HARPOON THERAPEUTICS,left,14,3512
HAS,HASBRO,left,14,3861
HASI,HANNON ARMSTRONG SUSTAINABLE INFRASTRUCT,left,14,2988
HAYN,HAYNES INTERNATIONAL INC.,left,14,4298
HAYW,HAYWARD HOLDINGS,left,14,4385
HBAN,HUNTINGTON BANCSHARES,left,15,3337
HBB,HAMILTON BEACH BRANDS HOLDING COMPANY,left,14,2464
HBCP,HOME BANCORP INC,left,14,4734
HBI,HANESBRANDS,left,14,2726
HBIO,HARVARD BIOSCIENCE,left,14,3774
HBMD,HOWARD BANCORP INC,left,15,2377
HBNC,HORIZON BANCORP INC,left,15,1679
HBT,HBT FINANCIAL,left,14,4473
HCA,HCA HEALTHCARE,left,14,4647
HCAT,HEALTH CATALYST,left,14,4822
HCC,WARRIOR MET COAL,left,30,4996
HCCI,HERITAGE CRYSTAL CLEAN,left,14,2551
HCHC,HC2 HOLDINGS,left,14,4560
HCI,HCI GROUP,left,14,4734
HCKT,THE HACKETT GROUP,left,28,5345
HCSG,HEALTHCARE SERVICES,left,14,4996
HD,HOME DEPOT,left,14,4909
HE,HAWAIIAN ELECTRIC,left,14,4036
HEAR,TURTLE BEACH CORP.,left,29,3425
HEES,H&E EQUIPMENT SERVICES,left,14,1940
HEI,HEICO CORP,left,15,1591
HEI.A,HEICO CL A,left,15,1504
HELE,HELEN OF TROY LTD,left,15,1766
HES,HESS CORP.,left,14,3250
HFC,HOLLYFRONTIER,left,14,4560
HFFG,HF FOODS GROUP INC,left,14,3512
HFWA,HERITAGE FINL,left,14,2639
HGEN,HUMANIGEN,left,15,3163
HGV,HILTON GRAND VACATIONS,left,14,4123
HHC,HOWARD HUGHES,left,15,2464
HI,HILLENBRAND,left,14,3861
HIBB,HIBBETT INC,left,14,3599
HIFS,HINGHAM INST,left,14,4298
HIG,HARTFORD FINANCIAL SERVICES GROUP,left,14,3687
HII,HUNTINGTON INGALLS INDUSTRIES,left,15,3425
HIW,HIGHWOODS PROP,left,14,3774
HL,HECLA MINING CO,left,15,1416
HLF,HERBALIFE NUTRITION,left,14,2290
HLI,HOULIHAN LOKEY,left,15,2202
HLIO,HELIOS TECHNOLOGIES,left,15,1853
HLIT,HARMONIC INC,left,14,3337
HLNE,HAMILTON LANE CLASS A,left,14,2551
HLT,HILTON WORLDWIDE,left,14,4210
HLX,HELIX ENERGY SOLUTIONS GROUP,left,15,1940
HMHC,HOUGHTON MIFFLIN HARCOURT,left,15,2115
HMN,HORACE MANN EDUCATORS,left,15,1591
HMPT,HOME POINT CAPITAL,left,14,4996
HMST,HOMESTREET,left,14,5084
HMTV,HEMISPHERE MEDIA GROUP,left,15,2115
HNGR,HANGER,left,14,2813
HNI,HNI CORPORATION,left,14,4473
HNST,HONEST COMPANY,left,14,5345
HOFT,HOOKER FURNITURE CORP,left,15,1329
HOFV,HALL OF FAME RESORT AND ENTERTAINMENT CO,left,14,2202
HOG,HARLEY-DAVIDSON,left,14,3250
HOLX,HOLOGIC INC,left,14,4647
HOMB,HOME BANCSHARES,left,14,4822
HOME,AT HOME GROUP,left,4,1242
HON,HONEYWELL INTERNATIONAL INCORPORATION,left,15,1242
HONE,HARBORONE BANCRP,left,14,3163
HOOK,HOOKIPA PHARMA,left,15,1416
HOPE,HOPE BANCORP,left,15,1504
HOV,HOVNANIAN ENTERP,left,15,2290
HOWL,WEREWOLF THERAPEUTICS,left,31,2639
HP,HELMERICH & PAYNE,left,15,2028
HPE,HEWLETT PACKARD ENTERPRISE,left,14,3337
HPK,HIGHPEAK ENERGY INC (A),left,14,3687
HPP,HUDSON PACIFIC PROPERTIES,left,15,2988
HPQ,HP,left,15,2639
HQI,HIREQUEST INC.,left,14,4385
HQY,HEALTHEQUITY,left,14,5171
HR,HEALTHCARE REALTY TRUST,left,14,4909
HRB,BLOCK (H & R) NPV,left,5,4560
HRC,HILL-ROM HOLDINGS,left,14,3948
HRI,HERC HOLDING,left,14,2377
HRL,HORMEL FOODS,left,15,1853
HRMY,HARMONY BIOSCIENCES HOLDINGS,left,14,3425
HRTG,HERITAGE INSURANCE HOLDINGS,left,14,2726
HRTX,HERON THERAPEUTICS,left,14,2901
HSC,HARSCO CORP,left,14,3599
HSIC,HENRY SCHEIN,left,15,2290
HSII,HEIDRICK & STRUGGLES,left,15,1679
HSKA,HESKA CORP,left,14,3163
HST,HOST HOTELS & RESORTS,left,15,1940
HSTM,HEALTHSTREAM,left,14,5345
HSY,HERSHEY COMPANY,left,14,3076
HT,HERSHA HOSPITALITY TRUST,left,14,2988
HTA,HEALTHCARE TRUST OF AMERICA INC,left,14,5084
HTBI,HOMETRUST BANCSHARES INC,left,14,5171
HTBK,HERITAGE COMMERCE,left,14,2464
HTH,HILLTOP HOLDINGS,left,14,4036
HTLD,HEARTLAND EXPRESS,left,15,1242
HTLF,HEARTLAND FINANCIAL,left,15,1329
HUBB,HUBBELL,left,15,2813
HUBG,HUB GROUP A,left,15,2726
HUBS,HUBSPOT,left,15,2901
HUM,HUMANA,left,15,3076
HUN,HUNTSMAN,left,15,3512
HURN,HURON CONSULTING GROUP,left,15,3599
HVT,HAVERTY FURNITURE,left,14,3948
HWC,HANCOCK WHITNEY,left,14,2639
HWKN,HAWKINS,left,14,4210
HWM,HOWMET AEROSPACE INC,left,15,2551
HXL,HEXCEL,left,14,3425
HY,HYSTER-YALE MATERIALS HANDLING CL A,left,15,4036
HYFM,HYDROFARM HOLDINGS,left,15,3774
HYLN,HYLIION HOLDINGS CORP (A),left,15,3861
HYRE,HYRECAR,left,15,3948
HZNP,HORIZON THERAPEUTICS PUBLIC LIMITED COMP,left,15,1766
HZO,MARINEMAX INC,left,18,3512
IAA,IAA,left,15,4210
IAC,IAC INTERACTIVECORP,left,15,4298
IART,INTEGRA LIFESCIENCES HOLDING,left,16,1591
IBCP,INDEPENDENT BANK CORP. MICHIGAN,left,15,2901
IBEX,IBEX,left,15,4385
IBIO,IBIO,left,15,4473
IBKR,INTERACTIVE BROKERS GROUP,left,16,2028
IBM,INTERNATIONAL BUS MACHNS.,left,16,2464
IBOC,INTL BANCSHARES,left,16,3076
IBP,INSTALLED BUILDING PRODUCTS,left,15,5345
IBRX,IMMUNITYBIO INC,left,16,2115
IBTX,INDEPENDENT BANK GROUP INC,left,15,2988
ICAD,ICAD INC,left,15,4560
ICE,INTERCONTINENTAL EXCHANGE,left,16,2202
ICFI,ICF INTERNATIONAL,left,15,4647
ICHR,ICHOR HOLDINGS,left,15,4734
ICPT,INTERCEPT PHARMACEUTICALS INC,left,16,2115
ICUI,ICU MEDICAL,left,15,4822
IDA,IDACORP INC,left,15,4909
IDCC,INTERDIGITAL,left,16,2290
IDEX,IDEANOMICS,left,15,4996
IDT,IDT CORP. CL B,left,15,5345
IDXX,IDEXX LABS,left,15,5258
IDYA,IDEAYA BIOSCIENCES,left,15,5084
IEA,INFRASTRUCTURE AND ENERGY ALTERNATIVES,left,15,3512
IESC,IES HOLDINGS,left,16,1242
IEX,IDEX CORP,left,15,5171
IFF,INTL FLAVOURS & FRAGRANCES,left,16,3163
IGMS,IGM BIOSCIENCES,left,16,1329
IGT,INTERNATIONAL GAME TECHNOLOGY PLC,left,16,2551
IHC,INDEPENDENCE HOLDING,left,15,2726
IHRT,IHEARTMEDIA,left,16,1416
IIIN,INSTEEL INDS,left,16,1242
IIIV,I3 VERTICALS,left,15,4123
IIPR,INNOVATIVE INDUSTRIAL PROPERTIES,left,15,4298
IIVI,II-VI INC,left,16,1591
IKNA,IKENA ONCOLOGY,left,16,1679
ILMN,ILLUMINA INC,left,16,1853
ILPT,INDUSTRIAL LOGISTICS PROPERTIES TRUST,left,15,3250
IMAX,IMAX CORP,left,16,1940
IMGN,IMMUNOGEN INC,left,16,2202
IMKTA,INGLES MARKETS CL A,left,15,3861
IMPL,IMPEL NEUROPHARMA,left,16,2377
IMUX,IMMUNIC,left,16,2028
IMVT,IMMUNOVANT,left,16,2290
IMXI,INTERNATIONAL MONEY EXPRESS INC,left,16,2639
INBK,FIRST INTERNET BANCORP,left,12,3076
INBX,INHIBRX,left,15,4036
INCY,INCYTE,left,15,2551
INDB,INDEPENDENT BANK MASS,left,15,3076
INDT,INDUS REALTY TRUST INC,left,15,3163
INFI,INFINITY PHARMACEUTICALS,left,15,3425
INFN,INFINERA,left,15,3337
INFO,IHS MARKIT,left,16,1504
INFU,INFUSYSTEMS HOLDINGS INC.,left,15,3599
INGN,INOGEN INC,left,15,4473
INGR,INGREDION,left,15,3948
INN,SUMMIT HOTEL PROPERTIES,left,28,1940
INNV,INNOVAGE HOLDING,left,15,4210
INO,INOVIO PHARMACEUTICALS INC,left,15,4734
INOV,INOVALON HOLDINGS,left,15,4647
INS,INTEL SYS CP,left,16,1766
INSG,INSEEGO CORP,left,15,4909
INSM,INSMED INC,left,15,5084
INSP,INSPIRE MEDICAL SYSTEMS,left,15,5258
INSW,INTERNATIONAL SEAWAYS,left,16,2813
INT,WORLD FUEL SERVICES,left,32,1853
INTC,INTEL CORP,left,16,1679
INTU,INTUIT,left,16,3425
INVA,INNOVIVA,left,15,4385
INVE,INDENTIV,left,15,2639
INVH,INVITATION HOMES,left,16,4123
INZY,INOZYME PHARMA,left,15,4822
IONS,IONIS PHARMACEUTICALS,left,16,4210
IOSP,INNOSPEC,left,15,4123
IOVA,IOVANCE BIOTHERAPEUTICS,left,16,4298
IP,INTERNATIONAL PAPER,left,16,2726
IPAR,INTER PARFUMS,left,16,1940
IPG,INTERPUBLIC GROUP COS,left,16,2901
IPGP,IPG PHOTONICS,left,16,4385
IPI,INTREPID POTASH,left,16,3337
IQV,IQVIA HOLDINGS,left,16,4473
IR,INGERSOLL-RAND INC,left,15,3687
IRBT,IROBOT,left,16,4822
IRDM,IRIDIUM COMMUNICATIONS INC,left,16,4734
IRM,IRON MOUNTAIN,left,16,4909
IRMD,IRADIMED CORP,left,16,4560
IRT,INDEPENDENCE REALTY TRUST,left,15,2813
IRTC,IRHYTHM TECHNOLOGIES,left,16,4647
IRWD,IRONWOOD PHARMACEUTICALS,left,16,4996
ISBC,INVESTORS BANCORP INC.,left,16,3861
ISEE,IVERIC BIO,left,17,1329
ISRG,INTUITIVE SURGICAL,left,16,3512
IT,GARTNER,left,13,1940
ITCI,INTRA-CELLUAR THERAPIES,left,16,3250
ITGR,INTEGER HOLDINGS,left,16,1504
ITI,ITERIS,left,16,5258
ITIC,INVESTORS TITL,left,16,3948
ITOS,ITEOS THERAPEUTICS,left,16,5171
ITRI,ITRON INC,left,16,5345
ITT,ITT INC.,left,17,1242
ITW,ILLINOIS TOOL WKS,left,16,1766
IVC,INVACARE CORP,left,16,3599
IVR,INVESCO MORTGAGE CAPITAL,left,16,3774
IVZ,INVESCO LIMITED,left,16,3687
J,JACOBS ENGINEERING GROUP,left,17,1853
JACK,JACK IN THE BOX,left,17,1766
JAMF,JAMF HOLDING,left,17,2028
JAZZ,JAZZ PHARMACEUTICALS,left,17,2202
JBGS,JBG SMITH PROPERTIES,left,17,2290
JBHT,HUNT (JB) TRANSPORT SERVICES,left,15,3250
JBL,JABIL,left,17,1679
JBLU,JETBLUE AIRWAYS CORP,left,16,2464
JBSS,SANFILIPP & SON,left,26,2028
JBT,JOHN BEAN TECHNOLOGIES,left,16,2726
JCI,JOHNSON CONTROLS INTERNATIONAL PLC,left,16,2901
JCOM,J2 GLOBAL,left,17,1591
JEF,JEFFERIES FINANCIAL GROUP,left,17,2377
JELD,JELD-WEN HOLDING,left,17,2464
JHG,JANUS HENDERSON GROUP,left,17,2115
JJSF,J & J SNACK FOODS,left,17,1416
JKHY,HENRY (JACK) & ASSOCIATES,left,15,2202
JLL,JONES LANG LASALLE,left,16,3163
JNCE,JOUNCE THERAPEUTICS,left,16,3250
JNJ,JOHNSON & JOHNSON,left,16,2813
JNPR,JUNIPER NETWORKS,left,16,3425
JOAN,JOANN,left,16,2639
JOE,ST JOE CO (THE),left,27,2726
JOUT,JOHNSON OUTDOOR,left,16,2988
JPM,JPMORGAN CHASE & CO,left,16,3337
JRVR,JAMES RIVER GROUP HOLDINGS,left,17,1940
JW.A,WILEY (JOHN) & SONS - CL A,left,31,4385
JWN,NORDSTROM,left,21,2202
JYNT,JOINT CORP,left,16,3076
K,KELLOGG,left,16,4822
KAI,KADANT INC,left,16,3512
KALA,KALA PHARMACEUTICALS,left,16,3774
KALU,KAISER ALUMINUM,left,16,3687
KALV,KALVISTA PHARMACEUTICALS,left,16,3948
KAMN,KAMAN,left,16,4036
KAR,KAR AUCTION SERVICES,left,16,4210
KBAL,KIMBALL INTL B,left,17,1853
KBH,KB HOME,left,16,4560
KBR,KBR,left,16,4647
KDMN,KADMON HOLDINGS,left,16,3599
KDNY,CHINOOK THERAPEUTICS INC,left,8,1416
KDP,KEURIG DR PEPPER,left,17,1242
KE,KIMBALL ELECTRONICS,left,17,1766
KELYA,KELLY SERVICES A,left,16,4909
KEX,KIRBY CORP,left,17,2464
KEY,KEYCORP,left,17,1329
KEYS,KEYSIGHT TECHNOLOGIES,left,17,1416
KFRC,KFORCE,left,17,1591
KFY,KORN FERRY,left,17,3687
KHC,KRAFT HEINZ,left,17,3861
KIDS,ORTHOPEDIATRICS,left,22,2377
KIM,KIMCO REALTY CP,left,17,2028
KIRK,KIRKLANDS INC,left,17,2551
KKR,KKR & CO INC,left,17,2726
KLAC,KLA CORPORATION,left,17,2901
KLDO,KALEIDO BIOSCIENCES,left,16,3861
KLIC,KULICKE SOFFA,left,17,4473
KMB,KIMBERLY-CLARK,left,17,1940
KMI,KINDER MORGAN,left,17,2115
KMPH,KEMPHARM,left,16,5084
KMPR,KEMPER CORP,left,16,4996
KMT,KENNAMETAL INC,left,16,5171
KMX,CARMAX INC,left,6,2551
KN,KNOWLES CORP.,left,17,3163
KNL,KNOLL,left,17,3076
KNSA,KINIKSA PHARMACEUTICALS,left,17,2202
KNSL,KINSALE CAPITAL GROUP,left,17,2377
KNTE,KINNATE BIOPHARMA,left,17,2290
KNX,KNIGHT-SWIFT TRANSPORTATION HOLDINGS,left,17,2988
KO,COCA-COLA,left,8,2028
KOD,KODIAK SCIENCES,left,17,3250
KODK,EASTMAN KODAK CO,left,10,2028
KOP,KOPPERS HOLDINGS,left,17,3599
KOPN,KOPIN CORP,left,17,3512
KOS,KOSMOS ENERGY,left,17,3774
KPTI,KARYOPHARM THERAPEUTICS,left,16,4473
KR,KROGER,left,17,4123
KRA,KRATON,left,17,3948
KRC,KILROY REALTY,left,17,1679
KREF,KKR REAL ESTATE FINANCE TRUST,left,17,2813
KRG,KITE REALTY GROUP TRUST,left,17,2639
KRNY,KEARNY FINANCIAL,left,16,4734
KRO,KRONOS WORLDWIDE,left,17,4298
KRON,KRONOS BIO,left,17,4210
KROS,KEROS THERAPEUTICS,left,16,5345
KRT,KARAT PACKAGING,left,16,4298
KRTX,KARUNA THERAPEUTICS,left,16,4385
KRUS,KURA SUSHI USA,left,17,4647
KRYS,KRYSTAL BIOTECH,left,17,4385
KSS,KOHL'S CORP,left,17,3337
KSU,KANSAS CITY SOUTHERN,left,16,4123
KTB,KONTOOR BRANDS,left,17,3425
KTOS,KRATOS DEFENSE & SECURITY SOLUTIONS,left,17,4036
KURA,KURA ONCOLOGY,left,17,4560
KVHI,KVH INDUSTRIES,left,17,4734
KW,KENNEDY-WILSON HOLDINGS INC,left,16,5258
KWR,QUAKER CHEM,left,24,2551
KYMR,KYMERA THERAPEUTICS,left,17,4822
KZR,KEZAR LIFE SCIENCES,left,17,1504
L,LOEW'S,left,18,3512
LABP,LANDOS BIOPHARMA,left,18,1766
LAD,LITHIA MOTORS,left,18,2551
LADR,LADDER CAPITAL,left,17,5171
LAMR,LAMAR ADVERTISING,left,18,1416
LANC,LANCASTER COLONY,left,18,1591
LAND,GLADSTONE LAND,left,13,4647
LASR,NLIGHT,left,21,1679
LAUR,LAUREATE EDUCATION,left,17,2639
LAWS,LAWSON PRODUCTS,left,17,2726
LAZ,LAZARD CLASS A,left,17,2813
LAZY,LAZYDAYS HOLDINGS,left,17,2901
LB,L BRANDS,left,17,4909
LBAI,LAKELAND BANCORP INC,left,17,5345
LBC,LUTHER BURBANK,left,18,4734
LBRDA,LIBERTY BROADBAND SERIES A,left,17,4647
LBRDK,LIBERTY BROADBAND SERIES C,left,17,4734
LBRT,LIBERTY OILFIELD SERVICES,left,17,5171
LC,LENDINGCLUB,left,17,3599
LCII,LCI INDUSTRIES,left,17,2988
LCTX,LINEAGE CELL THERAPEUTICS,left,18,2202
LCUT,LIFETIME BRANDS,left,18,1416
LDL,LYDALL INC,left,18,4909
LDOS,LEIDOS HOLDINGS,left,17,3337
LE,LANDS END,left,18,1853
LEA,LEAR CORP,left,17,3076
LECO,LINCOLN ELECTRIC HOLDINGS,left,18,1853
LEG,LEGGETT & PLATT,left,17,3250
LEGH,LEGACY HOUSING CORP,left,17,3163
LEN,LENNAR CLASS A,left,17,3774
LEN.B,LENNAR CORP. CL B,left,17,3861
LESL,LESLIES,left,17,4036
LEU,CENTRUS ENERGY CORPORATION,left,7,2290
LFUS,LITTELFUSE,left,18,2639
LGF.A,LIONS GATE ENTERTAINMENT CLASS A,left,18,2290
LGF.B,LIONS GATE ENTERTAINMENT CLASS B,left,18,2377
LGIH,LGI HOMES,left,17,4298
LGND,LIGAND PHARM B,left,18,1504
LH,LABORATORY CORP OF AMERICA,left,17,5084
LHCG,LHC GROUP,left,17,4385
LHX,L3HARRIS TECHNOLOGIES,left,17,4996
LII,LENNOX INTL INC,left,17,3948
LILA,LIBERTY LATIN AMERICA A,left,17,4996
LILAK,LIBERTY LATIN AMERICA C,left,17,5084
LIND,LINDBLAD EXPEDITIONS HOLDINGS,left,18,2028
LITE,LUMENTUM HOLDINGS,left,18,4473
LIVN,LIVANOVA,left,18,2726
LIVX,LIVEXLIVE MEDIA,left,18,3250
LKFN,LAKELAND FINANCIAL,left,18,1242
LKQ,LKQ,left,18,3337
LL,LUMBER LIQUIDATORS HOLDINGS,left,18,4298
LLNW,LIMELIGHT NETWORKS,left,18,1679
LLY,LILLY (ELI) & CO,left,18,1591
LMAT,LEMAITRE VASCULAR,left,17,3425
LMND,LEMONADE,left,17,3512
LMNR,LIMONEIRA CO.,left,18,1766
LMNX,LUMINEX CORP,left,18,4560
LMT,LOCKHEED MARTIN CORP,left,18,3425
LNC,LINCOLN NATIONAL CORP,left,18,1940
LNDC,LANDEC CORP,left,18,1679
LNG,CHENIERE ENERGY,left,7,4822
LNN,LINDSAY CORPORATION,left,18,2115
LNT,ALLIANT ENERGY,left,2,3163
LNTH,LANTHEUS HOLDINGS,left,18,2115
LOB,LIVE OAK BANCSHARES,left,18,2901
LOCO,EL POLLO LOCO HOLDINGS,left,10,3337
LOPE,GRAND CANYON EDUCATION INC.,left,13,3076
LORL,LORAL SPACE & COMMUNICATIONS,left,18,3599
LOTZ,CARLOTZ INC (A),left,6,2377
LOVE,LOVESAC,left,18,3861
LOW,LOWES COS INC,left,18,3948
LPG,DORIAN LPG,left,10,2464
LPI,LAREDO PETROLEUM,left,18,2202
LPLA,LPL FINANCIAL HOLDINGS,left,18,4036
LPRO,OPEN LENDING CORPORATION (A),left,21,4734
LPSN,LIVEPERSON INC,left,18,3076
LPX,LOUISIANA-PACIFIC,left,18,3774
LQDT,LIQUIDITY SERVICES,left,18,2464
LRCX,LAM RESEARCH,left,18,1329
LRN,STRIDE INC,left,28,1591
LSCC,LATTICE SEMICONDUCTOR,left,18,2464
LSEA,LANDSEA HOMES CORP (A),left,18,1940
LSF,LAIRD SUPERFOOD,left,17,5258
LSI,LIFE STORAGE,left,18,1329
LSTR,LANDSTAR SYS,left,18,2028
LSXMA,LIBERTY SIRIUSXM SERIES A,left,17,5258
LSXMK,LIBERTY SIRIUSXM SERIES C,left,17,5345
LTC,LTC PROPERTIES,left,18,4123
LTHM,LIVENT,left,18,2988
LTRPA,LIBERTY TRIPADVISOR HOLDINGS,left,18,1242
LULU,LULULEMON ATHLETICA INC.,left,18,4210
LUMN,LUMEN TECHNOLOGIES INC,left,18,4385
LUNA,LUNA INNOVATIONS,left,18,4647
LUNG,PULMONX,left,23,5345
LUV,SOUTHWEST AIRLINES,left,26,4560
LVS,LAS VEGAS SANDS,left,18,2290
LW,LAMB WESTON HOLDINGS,left,18,1504
LXFR,LUXFER HOLDINGS,left,18,4822
LXP,LEXINGTON REALTY TRUST,left,17,4210
LXRX,LEXICON PHARMACEUTICALS INC,left,17,4123
LYB,LYONDELLBASELL INDUSTRIES CL A,left,18,5084
LYFT,LYFT,left,18,4996
LYV,LIVE NATION ENTERTAINMENT,left,18,2813
LZB,LA-Z-BOY INC,left,18,2551
M,MACYS,left,19,1679
MA,MASTERCARD CL A,left,18,4909
MAA,MID-AMERICA APARTMENT COMM,left,20,2202
MAC,MACERICH,left,19,1242
MAN,MANPOWERGROUP,left,18,2726
MANH,MANHATTAN ASSOC,left,19,2551
MANT,MANTECH INTL CORP,left,18,2813
MAR,MARRIOTT INTERNATIONAL,left,18,3948
MARA,MARATHON DIGITAL HOLDINGS INC,left,18,2901
MAS,MASCO CORP,left,18,4560
MASI,MASIMO,left,18,4647
MASS,908 DEVICES,left,1,2290
MAT,MATTEL,left,19,1329
MATW,MATTHEWS INTL A,left,19,1416
MATX,MATSON INC.,left,19,1242
MAX,MEDIAALPHA,left,19,2901
MAXR,MAXAR TECHNOLOGIES,left,19,1504
MBI,MBIA,left,19,1940
MBII,MARRONE BIO INNOVATIONS INC,left,18,4123
MBIN,MERCHANTS BANCORP,left,19,3687
MBIO,MUSTANG BIO,left,20,2901
MBUU,MALIBU BOATS,left,19,2464
MBWM,MERCANTILE BANK,left,19,3599
MC,MOELIS & COMPANY,left,19,3948
MCB,METROPOLITAN BANK HOLDING,left,19,5258
MCBC,MACATAWA BANK,left,18,5345
MCBS,METROCITY BANKSHARES,left,19,5084
MCD,MCDONALDS CORP,left,19,2202
MCF,CONTANGO OIL & GAS CO INC,left,8,2464
MCFE,MCAFEE,left,19,2028
MCFT,MASTERCRAFT BOAT HOLDINGS,left,18,4996
MCHP,MICROCHIP TECHNOLOGY,left,20,1679
MCK,MCKESSON,left,19,2377
MCO,MOODYS CORPORATION,left,19,5258
MCRB,SERES THERAPEUTICS,left,26,1679
MCRI,MONARCH CASINO,left,19,4473
MCS,MARCUS CORPORATION,left,18,3337
MCY,MERCURY GENERAL,left,19,3861
MD,MEDNAX,left,19,3163
MDB,MONGODB,left,19,4734
MDC,MDC HOLDINGS INC,left,19,2464
MDCA,MDC PARTNERS INC. CL A,left,19,2551
MDGL,MADRIGAL PHARMACEUTICALS,left,19,1940
MDLA,MEDALLIA,left,19,2726
MDLZ,MONDELEZ INTERNATIONAL INC.,left,19,4560
MDP,MEREDITH CORP,left,19,4036
MDRX,ALLSCRIPTS HEALTHCARE SOLUTIONS,left,2,3599
MDT,MEDTRONIC PLC,left,19,3337
MDU,MDU RESOURCES,left,19,2639
MDVL,MEDAVAIL HOLDINGS INC,left,19,2813
MDXG,MIMEDX GROUP,left,19,2726
MEC,MAYVILLE ENGINEERING,left,19,1853
MED,MEDIFAST INC,left,19,3076
MEDP,MEDPACE HOLDINGS,left,19,3250
MEG,MONTROSE ENVIRONMENTAL GROUP,left,19,5171
MEI,METHODE ELECTRONICS,left,19,4909
MEIP,MEI PHARMA,left,19,3425
MESA,MESA AIR GROUP,left,19,4647
MET,METLIFE,left,19,4996
MFA,MFA FINANCIAL,left,20,1242
MG,MISTRAS GROUP,left,19,3337
MGEE,MGE ENERGY,left,20,1329
MGI,MONEYGRAM INTERNATIONAL,left,19,4647
MGLN,MAGELLAN HEALTH,left,19,2028
MGM,MGM RESORTS INTERNATIONAL,left,20,1504
MGNI,MAGNITE INC,left,19,2202
MGNX,MACROGENICS,left,19,1591
MGPI,MGP INGREDIENTS,left,20,1591
MGRC,MCGRATH RENT CORP,left,19,2290
MGTA,MAGENTA THERAPEUTICS,left,19,2115
MGTX,MEIRAGTX HOLDINGS PLC,left,19,3512
MGY,MAGNOLIA OIL & GAS CORPORATION (A),left,19,2290
MHK,MOHAWK INDUSTRIES,left,19,4036
MHLD,MAIDEN HOLDINGS LTD.,left,19,2377
MHO,M/I HOMES,left,18,5258
MIC,MACQUARIE INFRASTRUCTURE,left,19,1504
MIDD,MIDDLEBY,left,20,2290
MILE,METROMILE INC (A),left,19,5171
MIME,MIMECAST,left,20,2726
MIRM,MIRUM PHARMACEUTICALS,left,19,3076
MITK,MITEK SYSTEMS,left,19,3425
MKC,MCCORMICK & CO,left,19,2115
MKL,MARKEL CORP,left,18,3687
MKSI,MKS INSTRUMENTS,left,19,3512
MKTX,MARKETAXESS HOLDINGS,left,18,3774
MLAB,MESA LAB,left,19,4734
MLHR,HERMAN MILLER,left,14,2813
MLI,MUELLER INDS,left,20,2464
MLM,MARTIN MERIETTA MATERIALS,left,18,4385
MLR,MILLER INDS,left,20,2639
MMC,MARSH & MCLENNAN,left,18,4210
MMI,MARCUS & MILLICHAP,left,18,3250
MMM,3M COMPANY,left,1,1853
MMS,MAXIMUS,left,19,1679
MMSI,MERIT MEDICAL SYSTEMS,left,19,4298
MNKD,MANNKIND,left,18,2639
MNMD,MIND MEDICINE MINDMED,left,19,2813
MNR,MONMOUTH REIT CL A,left,19,4822
MNRL,BRIGHAM MINERALS,left,5,3076
MNRO,MONRO,left,19,4996
MNST,MONSTER BEVERAGE,left,19,5084
MNTV,MOMENTIVE GLOBAL INC,left,19,4385
MO,ALTRIA GROUP,left,2,5084
MOD,MODINE MANUFACTURING CO,left,19,3774
MODN,MODEL N INC,left,19,3599
MODV,MODIVCARE INC,left,19,3861
MOFG,MIDWESTONE FINANCIAL GROUP,left,20,2551
MOG.A,MOOG INC A,left,19,5345
MOH,MOLINA HEALTHCARE,left,19,4210
MORF,MORPHIC HOLDINGS,left,20,1416
MORN,MORNINGSTAR INC.,left,20,1329
MOS,MOSAIC COMPANY,left,20,1504
MOV,MOVADO GROUP,left,20,1766
MP,MP MATERIALS CORP (A),left,20,1853
MPAA,MOTORCAR PARTS OF AMERICA INC.,left,20,1591
MPB,MID PENN BANCP,left,20,2115
MPC,MARATHON PETROLEUM,left,18,3076
MPLN,MULTIPLAN CORPORATION (A),left,20,2639
MPW,MEDICAL PROPERTIES TRUST,left,19,2988
MPWR,MONOLITHIC POWER SYSTEMS,left,19,4909
MPX,MARINE PRODUCTS,left,18,3425
MRC,MRC GLOBAL,left,20,2028
MRCY,MERCURY SYSTEMS,left,19,3948
MRK,MERCK & CO,left,19,3774
MRLN,MARLIN BUSINESS SERVICES,left,18,3861
MRNA,MODERNA,left,19,3687
MRNS,MARINUS PHARMACEUTICALS INC,left,18,3599
MRO,MARATHON OIL CORP,left,18,2988
MRSN,MERSANA THERAPEUTICS,left,19,4560
MRTN,MARTEN TRANSPORT,left,18,4298
MRTX,MIRATI THERAPEUTICS INC,left,19,2988
MRVI,MARAVAI LIFESCIENCES HOLDINGS,left,18,3163
MRVL,MARVELL TECHNOLOGY,left,18,4473
MS,MORGAN STANLEY,left,20,1242
MSA,MSA SAFETY,left,20,2115
MSBI,MIDLAND STATES BANCORP,left,20,2464
MSCI,MSCI,left,20,2290
MSEX,MIDDLESEX WATER,left,20,2377
MSFT,MICROSOFT CORP,left,20,1853
MSGE,MADISON SQUARE GARDEN ENTERTAINMENT,left,19,1766
MSGN,MSG NETWORKS,left,20,2377
MSGS,MADISON SQUARE GARDEN SPORTS CORP,left,19,1853
MSI,MOTOROLA SOLUTIONS,left,20,1679
MSM,MSC INDUSTRIAL A,left,20,2202
MSON,MISONIX INC,left,19,3163
MSP,DATTO HOLDING,left,10,1416
MSTR,MICROSTRATEGY CLASS A,left,20,1940
MTB,M&T BANK,left,18,5171
MTCH,MATCH GROUP,left,18,5171
MTD,METTLER-TOLEDO,left,19,5345
MTDR,MATADOR RESOURCES,left,18,5084
MTEM,MOLECULAR TEMPLATES,left,19,4123
MTG,MGIC INVESTMENT,left,20,1416
MTH,MERITAGE HOMES,left,19,4385
MTN,VAIL RESORTS,left,30,1329
MTOR,MERITOR,left,19,4473
MTRN,MATERION,left,18,5258
MTRX,MATRIX SERVICE,left,18,5345
MTSI,MACOM TECHNOLOGY SOLUTIONS HOLDINGS,left,19,1416
MTW,MANITOWOC CO,left,19,2639
MTX,MINERALS TECH,left,19,2901
MTZ,MASTEC INC,left,18,4822
MU,MICRON TECHNOLOGY,left,20,1766
MUR,MURPHY OIL CORP,left,20,2726
MUSA,MURPHY USA,left,20,2813
MVBF,MVB FINANCIAL CORP,left,20,2988
MVIS,MICROVISION INC,left,20,2028
MWA,MUELLER WATER PRODUCTS,left,20,2551
MXIM,MAXIM INTEGRATED PROD.,left,19,1591
MXL,MAXLINEAR,left,19,1766
MYE,MYERS INDUSTRIES INC,left,20,3076
MYGN,MYRIAD GENETICS,left,20,3250
MYRG,MYR GROUP INC.,left,20,3163
NAPA,DUCKHORN PORTFOLIO,left,10,3774
NARI,INARI MEDICAL,left,15,2464
NAT,NORDIC AMERICAN TANKER,left,21,2028
NATH,NATHANS FAMOUS,left,20,3861
NATI,NATIONAL INSTRUMENTS,left,20,4473
NATR,NATURES SUNSHINE PRODUCTS,left,20,5258
NAV,NAVISTAR INTERNATIONAL,left,21,1416
NAVI,NAVIENT CORP,left,21,1329
NBEV,NEWAGE INC,left,20,3861
NBHC,NATIONAL BANK HOLDINGS,left,20,3948
NBIX,NEUROCRINE BIOSCIENCES,left,20,2813
NBR,NABORS INDUSTRIES,left,20,3337
NBTB,NBT BANCORP INC.,left,21,1504
NCBS,NICOLET BANKSHARES INC,left,20,5258
NCLH,NORWEGIAN CRUISE LINE,left,21,3250
NCMI,NATIONAL CINEMEDIA,left,20,4123
NCNO,NCINO,left,21,1591
NCR,NCR CORP,left,21,1679
NDAQ,NASDAQ,left,20,3687
NDLS,NOODLES & COMPANY,left,21,1940
NDSN,NORDSON CP,left,21,2115
NEE,NEXTERA ENERGY INC,left,20,4822
NEM,NEWMONT CORPORATION,left,20,4210
NEO,NEOGENOMICS INC.,left,21,2202
NEOG,NEOGEN CORP,left,21,2115
NESR,NATIONAL ENERGY SERVICES REUNITED,left,20,4210
NET,CLOUDFLARE,left,7,5345
NEU,NEWMARKET,left,20,4123
NEWR,NEW RELIC,left,20,3337
NEX,NEXTIER OILFIELD SOLUTIONS INC,left,20,4996
NEXI,NEXIMMUNE,left,20,4560
NFBK,NORTHFIELD BANCORP INC.,left,21,2551
NFE,NEW FORTRESS ENERGY,left,20,3163
NFG,NATL FUEL GAS CO,left,20,5084
NFLX,NETFLIX INC,left,21,2551
NG,NOVAGOLD RESOURCES INC.,left,21,3425
NGM,NGM BIOPHARMACEUTICALS,left,20,5084
NGMS,NEOGAMES,left,21,2028
NGVC,NATURAL GROCERS BY VITAMIN COTTAGE INC,left,20,5171
NGVT,INGEVITY,left,15,3774
NH,NANTHEALTH,left,20,3512
NHC,NATIONAL HEALTHCARE,left,20,4385
NHI,NATIONAL HEALTH INVESTORS,left,20,4298
NI,NISOURCE,left,21,1416
NJR,NEW JERSEY RES,left,20,3250
NKE,NIKE INC CL B,left,21,1242
NKLA,NIKOLA CORPORATION,left,21,1329
NKTR,NEKTAR THERAPEUTICS,left,21,1853
NKTX,NKARTA,left,21,1504
NL,NL INDUSTRIES,left,21,1591
NLOK,NORTONLIFELOCK INC,left,21,3163
NLS,NAUTILUS,left,21,1242
NLSN,NIELSEN HOLDINGS,left,20,5345
NLTX,NEOLEUKIN THERAPEUTICS,left,21,2290
NLY,ANNALY CAPITAL MANAGEMENT,left,3,2464
NMIH,NMI HOLDINGS INC,left,21,1766
NMRK,NEWMARK GROUP,left,20,4036
NMTR,9 METERS BIOPHARMA INC,left,1,2202
NNBR,NN INC,left,21,1853
NNI,NELNET CLASS A,left,21,1940
NNN,NATIONAL RETAIL PROPERTIES,left,20,4734
NOC,NORTHROP GRUMMAN CORP,left,21,2726
NODK,NI HOLDINGS,left,20,5171
NOG,NORTHERN OIL AND GAS,left,21,2377
NOTV,INOTIV INC,left,15,4560
NOV,NOV INC,left,21,3337
NOVA,SUNNOVA ENERGY INTERNATIONAL,left,28,2551
NOVT,NOVANTA INC,left,21,3512
NOW,SERVICENOW,left,26,2028
NP,NEENAH,left,21,1766
NPCE,NEUROPACE,left,20,2988
NPK,NATIONAL PRESTO,left,20,4560
NPO,ENPRO INDUSTRIES INC,left,11,1416
NPTN,NEOPHOTONICS,left,21,2377
NR,NEWPARK RESOURCES,left,20,4298
NRC,NATIONAL RESEARCH,left,20,4647
NRG,NRG ENERGY,left,21,3861
NRIM,NORTHRIM BANCORP,left,21,2639
NRIX,NURIX THERAPEUTICS,left,21,4210
NRZ,NEW RESIDENTIAL INVESTMENT CORP.,left,20,3425
NSA,NATIONAL STORAGE AFFILIATES TRUST,left,20,4822
NSC,NORFOLK STHN CORP,left,21,2290
NSIT,INSIGHT ENTERPRISES,left,15,4996
NSP,INSPERITY,left,15,5171
NSSC,NAPCO SECURITY SYSTEMS,left,20,3599
NSTG,NANOSTRING TECHNOLOGIES,left,20,3425
NTAP,NETAPP,left,21,2464
NTB,BANK OF N.T. BUTTERFIELD & SON,left,4,3337
NTCT,NETSCOUT SYS,left,21,2726
NTGR,NETGEAR INC.,left,21,2639
NTLA,INTELLIA THERAPEUTICS,left,16,1853
NTNX,NUTANIX,left,21,4298
NTRA,NATERA,left,20,3774
NTRS,NORTHERN TRUST,left,21,2464
NTST,NETSTREIT,left,21,2813
NTUS,NATUS MEDICAL,left,20,5345
NUAN,NUANCE COMMUNICATIONS,left,21,4036
NUE,NUCOR CORP,left,21,4123
NUS,NU SKIN ENTERPR A,left,21,3948
NUVA,NUVASIVE,left,21,4385
NUVB,NUVATION BIO INC (A),left,21,4473
NVAX,NOVAVAX,left,21,3599
NVCR,NOVOCURE,left,21,3687
NVDA,NVIDIA,left,21,4822
NVEC,NVE CORP,left,21,4647
NVEE,NV5 GLOBAL INC.,left,21,4560
NVR,NVR INC,left,21,4909
NVRO,NEVRO,left,20,3076
NVST,ENVISTA HOLDINGS,left,11,2202
NVT,NVENT ELECTRIC,left,21,4734
NVTA,INVITAE CORP,left,16,4036
NWBI,NORTHWEST BANCSHARES,left,21,2813
NWE,NORTHWESTERN CORP,left,21,3076
NWL,NEWELL BRANDS,left,20,3948
NWLI,NATIONAL WESTERN LIFE GROUP - CL A,left,20,4996
NWN,NORTHWEST NATURAL HOLDING COMPANY,left,21,2901
NWPX,NORTHWEST PIPE,left,21,2988
NWS,NEWS CORPORATION CL B,left,20,4473
NWSA,NEWS CORPORATION CL A,left,20,4385
NX,QUANEX BUILDING PRODUCTS,left,24,2813
NXGN,NEXTGEN HEALTHCARE INC,left,20,4909
NXPI,NXP SEMICONDUCTORS,left,21,4996
NXRT,NEXPOINT RESIDENTIAL TRUST,left,20,4647
NXST,NEXSTAR MEDIA GROUP INC.,left,20,4734
NYCB,NEW YORK COMMUNITY BANCORP,left,20,3599
NYMT,NEW YORK MORTGAGE TRUST,left,20,3687
NYT,NEW YORK TIMES CL A,left,20,3774
O,REALTY INCOME,left,25,1766
OAS,OASIS PETROLEUM,left,21,5258
OBNK,ORIGIN BANCORP,left,22,1853
OC,OWENS CORNING,left,22,3425
OCDX,ORTHO CLINICAL DIAGNOSTICS HOLDINGS,left,22,2202
OCFC,OCEANFIRST FINANCIAL,left,22,1329
OCGN,OCUGEN INC,left,22,1416
OCN,OCWEN FINL CORP,left,22,1591
OCUL,OCULAR THERAPEUTIX,left,22,1504
OCX,ONCOCYTE,left,21,3512
ODC,OIL DRI CP,left,22,2028
ODFL,OLD DOMINION FREIGHT LINE,left,22,2290
ODP,THE ODP CORPORATION,left,29,1242
OEC,ORION ENGINEERED CARBONS S.A.,left,22,1940
OFC,CORPORATE OFFICE PROPERTIES,left,8,3774
OFG,OFG BANCORP,left,22,1766
OFIX,ORTHOFIX MEDICAL,left,22,2290
OFLX,OMEGA FLEX,left,21,2901
OGE,OGE ENERGY,left,22,1853
OGN,ORGANON,left,22,1679
OGS,ONE GAS,left,21,3774
OHI,OMEGA HEALTHCARE INVESTORS,left,21,2988
OI,O-I GLASS INC,left,22,1940
OII,OCEANEERING INTL,left,22,1242
OIS,OIL STATES INTL,left,22,2115
OKE,ONEOK INC,left,21,4123
OKTA,OKTA,left,22,2202
OLED,UNIVERSAL DISPLAY CORP.,left,30,3163
OLLI,OLLIE'S BARGAIN OUTLET HOLDINGS,left,22,2813
OLMA,OLEMA PHARMACEUTICALS,left,22,2639
OLN,OLIN CORP,left,22,2726
OLP,ONE LIBERTY,left,21,3948
OM,OUTSET MEDICAL,left,22,3076
OMC,OMNICOM GROUP,left,21,3250
OMCL,OMNICELL INC,left,21,3163
OMER,OMEROS,left,21,3076
OMF,ONEMAIN HOLDINGS,left,21,4036
OMI,OWENS & MINOR,left,22,3337
ON,ON SEMICONDUCTOR CORP,left,21,3337
ONB,OLD NATL BNCP,left,22,2377
ONCR,ONCORUS,left,21,3599
ONCT,ONCTERNAL THERAPEUTICS INC,left,21,3687
ONEM,1LIFE HEALTHCARE,left,1,1416
ONEW,ONEWATER MARINE,left,21,4385
ONTF,ON24,left,21,3425
ONTO,ONTO INNOVATION INC,left,21,4473
OOMA,OOMA,left,21,4647
OPCH,OPTION CARE HEALTH INC,left,21,5258
OPEN,OPENDOOR TECHNOLOGIES INC (A),left,21,4822
OPI,OFFICE PROPERTIES INCOME TRUST,left,22,1679
OPK,OPKO HEALTH,left,21,4909
OPRT,OPORTUN FINANCIAL,left,21,4996
OPRX,OPTIMIZERX CORP,left,21,5171
OPY,OPPENHEIMER HOLDINGS INC.,left,21,5084
ORA,ORMAT TECHNOLOGIES,left,22,2028
ORBC,ORBCOMM,left,22,1416
ORC,ORCHID ISLAND CAPITAL,left,22,1504
ORCL,ORACLE CORP.,left,21,5345
ORGO,ORGANOGENESIS HOLDINGS (A),left,22,1591
ORI,OLD REPUBLIC INTL,left,22,2464
ORIC,ORIC PHARMACEUTICALS,left,22,1766
ORLY,O REILLY AUTO,left,21,5084
ORMP,ORAMED PHARMACEUTICALS,left,22,1242
ORRF,ORRSTOWN FINANCIAL SERVICES INC.,left,22,2115
OSBC,OLD SECOND BNCP,left,22,2551
OSH,OAK STREET HEALTH,left,21,5171
OSIS,OSI SYSTEMS INC,left,22,2551
OSK,OSHKOSH,left,22,2464
OSPN,ONESPAN,left,21,4210
OSTK,OVERSTOCK.COM,left,22,3163
OSUR,ORASURE TECH,left,22,1329
OSW,ONESPAWORLD HOLDINGS (A),left,21,4298
OTIS,OTIS WORLDWIDE,left,22,2639
OTLK,OUTLOOK THERAPEUTICS,left,22,2988
OTRK,ONTRAK INC,left,21,4560
OTTR,OTTER TAIL CP,left,22,2726
OUST,OUSTER INC (A),left,22,2813
OUT,OUTFRONT MEDIA,left,22,2901
OVV,OVINTIV INC,left,22,3250
OXM,OXFORD INDUSTRIES,left,22,3512
OXY,OCCIDENTAL PETROLEUM,left,21,5345
OYST,OYSTER POINT PHARMA,left,22,3599
OZK,BANK OZK,left,4,3512
PACB,PACIFIC BIOSCIENCES OF CALIFORNIA,left,22,3861
PACK,RANPAK HOLDINGS (A),left,24,4734
PACW,PACWEST BANCORP,left,22,4298
PAE,PAE INCORPORATED (A),left,22,4385
PAG,PENSKE AUTOMOTIVE GROUP,left,22,3861
PAHC,PHIBRO ANIMAL HEALTH,left,23,1504
PANW,PALO ALTO NETWORKS,left,22,4647
PAR,PAR TECHNOLOGY,left,22,4996
PARR,PAR PACIFIC HOLDINGS,left,22,4909
PASG,PASSAGE BIO,left,23,1679
PATK,PATRICK INDUSTRIES,left,23,1766
PAVM,PAVMED INC,left,23,2028
PAYA,PAYA HOLDINGS INC (A),left,23,2115
PAYC,PAYCOM SOFTWARE,left,23,2290
PAYX,PAYCHEX,left,23,2202
PB,PROSPERITY BANCSHARES,left,23,4210
PBCT,PEOPLE'S UNITED FINANCIAL,left,22,4298
PBF,PBF ENERGY,left,23,2639
PBFS,PIONEER BANCORP,left,23,2551
PBH,PRESTIGE CONSUMER HEALTHCARE,left,24,2377
PBI,PITNEY BOWES,left,23,2813
PBYI,PUMA BIOTECHNOLOGY INC,left,24,1416
PCAR,PACCAR,left,22,3774
PCG,PG & E CORP.,left,23,1242
PCH,POTLATCHDELTIC,left,23,4909
PCRX,PACIRA BIOSCIENCES,left,22,4036
PCSB,PCSB FINANCIAL,left,23,2813
PCT,PURECYCLE TECHNOLOGIES INC,left,24,1679
PCTY,PAYLOCITY HOLDING,left,23,2377
PCVX,VAXCYTE,left,30,2377
PCYO,PURECYCLE,left,24,1591
PD,PAGERDUTY,left,22,4473
PDCE,PDC ENERGY,left,23,2901
PDCO,PATTERSON COS,left,23,1853
PDFS,PDF SOLUTIONS,left,23,2988
PDM,PIEDMONT OFFICE REALTY TRUST CL A,left,23,2028
PEAK,HEALTHPEAK PROPERTIES INC,left,14,5258
PEB,PEBBLEBROOK HOTEL TRUST,left,22,3163
PEBO,PEOPLES BANCORP,left,22,4123
PEG,PUBLIC SVC ENTERPRISE GROUP,left,23,5258
PEGA,PEGASYSTEMS INC,left,22,3250
PEN,PENUMBRA,left,22,4036
PENN,PENN NATIONAL GAMING,left,22,3425
PEP,PEPSICO,left,22,4385
PETQ,PETIQ,left,22,5171
PETS,PETMED EXPRESS,left,22,5258
PFBC,PREFERRED BANK LOS ANGELES,left,24,1853
PFBI,PREMIER FINCL,left,24,2202
PFC,PREMIER FINANCIAL CORP,left,24,2115
PFE,PFIZER,left,22,5345
PFG,PRINCIPAL FINANCIAL GROUP,left,24,2988
PFGC,PERFORMANCE FOOD GROUP,left,22,4647
PFIS,PEOPLES FINANCIAL SERVICES CORP.,left,22,4210
PFPT,PROOFPOINT,left,23,3861
PFS,PROVIDENT FINANCIAL SERVICES INC,left,23,4734
PFSI,PENNYMAC FINANCIAL SERVICES,left,22,3687
PG,PROCTER & GAMBLE,left,23,3250
PGC,PEAPACK GLADSTONE FINANCIAL,left,22,3076
PGEN,PRECIGEN,left,24,1591
PGNY,PROGYNY,left,23,3599
PGR,PROGRESSIVE CORP,left,23,3512
PGRE,PARAMOUNT GROUP,left,22,5084
PGTI,PGT INNOVATIONS,left,23,1329
PH,PARKER-HANNIFIN,left,23,1416
PHAT,PHATHOM PHARMACEUTICALS,left,23,1416
PHM,PULTE GROUP,left,24,1329
PHR,PHREESIA,left,23,1853
PI,IMPINJ INC,left,15,2377
PII,POLARIS,left,23,4036
PINC,PREMIER INC,left,24,2290
PING,PING IDENTITY HOLDING,left,23,2202
PINS,PINTEREST,left,23,2464
PIPR,PIPER SANDLER COMPANIES,left,23,2726
PJT,PJT PARTNERS,left,23,2901
PK,PARK HOTELS & RESORTS,left,22,5345
PKE,PARK AEROSPACE,left,22,5258
PKG,PACKAGING CORP OF AMERICA,left,22,4123
PKI,PERKINELMER INC,left,22,4734
PKOH,PARK OHIO HOLDINGS,left,23,1329
PLAB,PHOTRONICS INC,left,23,1766
PLAN,ANAPLAN,left,3,1766
PLAY,DAVE & BUSTERS ENTERTAINMENT,left,10,1504
PLBY,PLBY GROUP INC,left,23,3337
PLCE,CHILDRENS PLACE,left,7,5345
PLD,PROLOGIS,left,23,3687
PLM,POLYMET MINING,left,23,4123
PLMR,PALOMAR HOLDINGS,left,22,4734
PLNT,PLANET FITNESS,left,23,2988
PLOW,DOUGLAS DYNAMICS,left,10,2726
PLPC,PREFORMED LINE PRODUCTS,left,24,1940
PLRX,PLIANT THERAPEUTICS,left,23,3512
PLSE,PULSE BIOSCIENCES,left,24,1242
PLTK,PLAYTIKA HOLDING,left,23,3250
PLTR,PALANTIR TECHNOLOGIES,left,22,4560
PLUG,PLUG POWER INC,left,23,3599
PLUS,EPLUS INC,left,11,2639
PLXS,PLEXUS CORP,left,23,3425
PLYM,PLYMOUTH INDUSTRIAL REIT,left,23,3687
PM,PHILIP MORRIS INTERNATIONAL,left,23,1591
PMT,PENNYMAC MORTGAGE INVESTMENT TRUST,left,22,3774
PMVP,PMV PHARMACEUTICALS,left,23,3774
PNC,PNC FINANCIAL SERVICES GROUP,left,23,3861
PNFP,PINNACLE FINL,left,23,2290
PNM,PNM RESOURCES,left,23,3948
PNR,PENTAIR PLC,left,22,3948
PNTG,PENNANT GROUP,left,22,3599
PNW,PINNACLE WEST CAPITAL CORP,left,23,2377
PODD,INSULET CORP.,left,16,1416
POLY,PLANTRONICS,left,23,3076
POOL,POOL,left,23,4210
POR,PORTLAND GENERAL ELECTRIC,left,23,4560
POST,POST HOLDINGS,left,23,4734
POWI,POWER INTEGRATIONS,left,23,5084
POWL,POWELL INDS,left,23,4996
POWW,AMMO INC,left,2,5258
PPBI,PACIFIC PREMIER BANCORP INC,left,22,3948
PPC,PILIGRIM'S PRIDE CORP.,left,23,2115
PPD,PPD,left,23,5171
PPG,PPG INDUSTRIES,left,23,5258
PPL,PPL CORPORATION,left,23,5345
PPTA,PERPETUA RESOURCES,left,22,4822
PQG,PQ GROUP HOLDINGS,left,24,1242
PRA,PROASSURANCE,left,23,3163
PRAA,PRA GROUP,left,24,1329
PRAH,PRA HEALTH SCIENCES,left,24,1416
PRAX,PRAXIS PRECISION MEDICINES,left,24,1504
PRCH,PORCH GROUP INC (A),left,23,4385
PRDO,PERDOCEO EDUCATION CORP,left,22,4473
PRFT,PERFICIENT INC,left,22,4560
PRG,PROG HOLDINGS INC,left,23,3337
PRGO,PERRIGO COMPANY PLC,left,22,4909
PRGS,PROGRESS SOFTWARE,left,23,3425
PRI,PRIMERICA,left,24,2639
PRIM,PRIMORIS SERVICES CORP.,left,24,2901
PRK,PARK NATIONAL,left,23,1242
PRLB,PROTO LABS INC,left,23,4473
PRLD,PRELUDE THERAPEUTICS,left,24,2028
PRMW,PRIMO WATER,left,24,2813
PRO,PROS HOLDINGS INC.,left,23,4036
PROS,PROSIGHT GLOBAL,left,23,4123
PRPL,PURPLE INNOVATION,left,24,1766
PRTA,PROTHENA PLC,left,23,4385
PRTG,PORTAGE BIOTECH,left,23,4473
PRTH,PRIORITY TECHNOLOGY HOLDINGS,left,24,3076
PRTK,PARATEK PHARMACEUTICALS,left,22,5171
PRTS,CARPARTS COM,left,6,2726
PRTY,PARTY CITY HOLDCO,left,23,1591
PRU,PRUDENTIAL FINANCIAL,left,23,4822
PRVA,PRIVIA HEALTH GROUP,left,23,3076
PRVB,PROVENTION BIO,left,23,4560
PSA,PUBLIC STORAGE,left,23,5171
PSB,PS BUSINESS PARKS,left,23,4909
PSFE,PAYSAFE LIMITED (A),left,23,2551
PSMT,PRICESMART,left,24,2551
PSN,PARSONS,left,23,1504
PSNL,PERSONALIS,left,22,4996
PSTG,PURE STORAGE,left,24,1504
PSTL,POSTAL REALTY TRUST,left,23,4822
PSTX,POSEIDA THERAPEUTICS,left,23,4647
PSX,PHILLIPS 66,left,23,1679
PTC,PTC,left,23,4996
PTCT,PTC THERAPEUTICS,left,23,5084
PTEN,PATTERSON-UTI ENERGY,left,23,1940
PTGX,PROTAGONIST THERAPEUTICS,left,23,4298
PTON,PELOTON INTERACTIVE,left,22,3337
PTSI,P.A.M. TRANS SVC,left,22,3687
PTVE,PACTIV EVERGREEN,left,22,4210
PUMP,PROPETRO HOLDING,left,23,3948
PVAC,PENN VIRGINIA,left,22,3512
PVBC,PROVIDENT BANCORP INC,left,23,4647
PVH,PVH CORP.,left,24,1853
PWR,QUANTA SERVICES,left,24,2901
PXD,PIONEER NATURAL RESOURCE,left,23,2639
PYPL,PAYPAL HOLDINGS,left,23,2464
PZN,PZENA INVESTMENT MANAGEMENT,left,24,1940
PZZA,PAPA JOHN'S INTERNATIONAL,left,22,4822
QADA,QAD CLASS A,left,24,2115
QCOM,QUALCOMM,left,24,2639
QCRH,QCR HOLDINGS INC,left,24,2202
QDEL,QUIDEL CORP,left,24,3337
QGEN,QIAGEN N.V.,left,24,2290
QLYS,QUALYS INC,left,24,2726
QMCO,QUANTUM,left,24,3076
QNST,QUINSTREET,left,24,3425
QRTEA,QURATE RETAIL,left,24,3687
QRVO,QORVO INC.,left,24,2377
QS,QUANTUMSCAPE,left,24,3163
QTNT,QUOTIENT LTD,left,24,3512
QTRX,QUANTERIX CORP,left,24,2988
QTS,QTS REALTY TRUST,left,24,2464
QTWO,Q2 HOLDINGS,left,24,2028
QUOT,QUOTIENT TECHNOLOGY INC.,left,24,3599
R,RYDER SYSTEM,left,25,4647
RAD,RITE AID,left,25,2377
RADI,RADIUS GLOBAL INFRASTRUCTURE,left,24,4036
RAIN,RAIN THERAPEUTICS,left,24,4385
RAMP,LIVERAMP HOLDINGS,left,18,3163
RAPT,RAPT THERAPEUTICS,left,24,4909
RARE,ULTRAGENYX PHARMACEUTICAL,left,29,5171
RAVN,RAVEN INDUSTRIES,left,24,4996
RBB,RBB BANCORP,left,25,1242
RBBN,RIBBON COMMUNICATIONS,left,25,1853
RBC,REGAL BELOIT,left,25,2464
RBCAA,REPUBLIC BANCORP,left,24,4298
RBNC,RELIANT BANCORP,left,24,3337
RC,READY CAPITAL CORPORATION,left,25,1591
RCEL,AVITA MEDICAL,left,4,4996
RCII,RENT-A-CENTER,left,24,3861
RCKT,ROCKET PHARMACEUTICALS,left,25,2901
RCKY,ROCKY BRANDS,left,25,3076
RCL,ROYAL CARIBBEAN GROUP,left,25,3687
RCM,ACCRETIVE HEALTH,left,1,4036
RCUS,ARCUS BIOSCIENCES,left,3,2028
RDFN,REDFIN CORP,left,25,2290
RDN,RADIAN GROUP,left,24,3861
RDNT,RADNET,left,24,4210
RDUS,RADIUS HEALTH INC,left,24,4123
RE,EVEREST RE GROUP,left,11,5084
REAL,THE REALREAL,left,29,1329
REG,REGENCY CENTERS,left,25,2551
REGI,RENEWABLE ENERGY GROUP,left,24,3774
REGN,REGENERON PHAR,left,25,2639
REKR,REKOR SYSTEMS,left,25,3163
REPL,REPLIMUNE GROUP,left,24,4210
REPX,RILEY EXPLORATION PERMIAN,left,25,2028
RES,RPC,left,25,3948
RETA,REATE PHARMACEUTICALS,left,25,1853
REV,REVLON CLASS A,left,24,5258
REVG,REV GROUP,left,24,5084
REX,REX AMERICAN RESOURCES,left,25,1329
REXR,REXFORD INDUSTRIAL REALTY,left,25,1416
REYN,REYNOLDS CONSUMER PRODUCTS,left,25,1591
REZI,RESIDEO TECHNOLOGIES,left,24,4473
RF,REGIONS FINANCIAL,left,25,2901
RFL,RAFAEL HOLDINGS CL B,left,24,4298
RGA,REINSURANCE GROUP OF AMERICA,left,25,3076
RGEN,REPLIGEN CORP,left,24,4123
RGLD,ROYAL GOLD,left,25,3774
RGNX,REGENXBIO,left,25,2726
RGP,RESOURCES CONNECTION INC,left,24,4647
RGR,STURM RUGER & CO,left,28,1766
RGS,REGIS CORP,left,25,2988
RH,RH,left,25,1679
RHI,ROBERT HALF INTERNATIONAL,left,25,2726
RHP,RYMAN HOSPITALITY PROPERTIES,left,25,4822
RICK,RCI HOSPITALITY HOLDINGS,left,25,1416
RIDE,LORDSTOWN MOTORS CORP (A),left,18,3687
RIGL,RIGEL PHARMACEUTICALS INC,left,25,1940
RILY,B RILEY SECURITIES INC,left,4,1853
RIOT,RIOT BLOCKCHAIN,left,25,2290
RJF,RAYMOND JAMES FINANCIAL,left,24,5084
RKT,ROCKET COMPANIES,left,25,2813
RL,RALPH LAUREN CORP,left,24,4473
RLAY,RELAY THERAPEUTICS,left,24,3163
RLGT,RADIANT LOGISTICS,left,24,3948
RLGY,REALOGY HOLDINGS,left,25,1679
RLI,RLI CORPORATION,left,25,2464
RLJ,RLJ LODGING TRUST,left,25,2551
RLMD,RELMADA THERAPEUTICS,left,24,3425
RM,REGIONAL MANAGEMENT CORP,left,25,2813
RMAX,RE/MAX HOLDINGS,left,25,1504
RMBS,RAMBUS INC,left,24,4560
RMD,RESMED INC,left,24,4560
RMNI,RIMINI STREET,left,25,2115
RMO,ROMEO POWER INC (A),left,25,3425
RMR,RMR GROUP,left,25,2639
RNA,AVIDITY BIOSCIENCES,left,4,4647
RNG,RINGCENTRAL,left,25,2202
RNR,RENAISSANCERE,left,24,3512
RNST,RENASANT CORP,left,24,3599
ROAD,CONSTRUCTION PARTNERS,left,8,2377
ROCK,GIBRALTAR INDUSTRIES,left,13,4298
ROG,ROGERS CORP,left,25,3163
ROIC,RETAIL OPPORTUNITY,left,24,4734
ROK,ROCKWELL AUTOMATION,left,25,2988
ROKU,ROKU,left,25,3250
ROL,ROLLINS INC,left,25,3337
ROLL,RBC BEARINGS,left,25,1329
ROP,ROPER TECHNOLOGIES,left,25,3512
ROST,ROSS STORES,left,25,3599
RPAI,RETAIL PROPERTIES OF AMERICA,left,24,4822
RPAY,REPAY HOLDINGS (A),left,24,4036
RPD,RAPID7,left,24,4822
RPHM,RENEO PHARMACEUTICALS,left,24,3687
RPM,RPM INC,left,25,4036
RPRX,ROYALTY PHARMA,left,25,3861
RPT,RPT REALTY,left,25,4123
RRBI,RED RIVER BANCSHARES,left,25,2028
RRC,RANGE RESOURCES,left,24,4647
RRD,DONNELLEY (RR) & SONS,left,10,2202
RRGB,RED ROBIN GOURMET BURGERS,left,25,2115
RRR,RED ROCK RESORTS,left,25,2202
RS,RELIANCE STEEL & ALUMINIUM,left,24,3250
RSG,REPUBLIC SERVICES,left,24,4385
RSI,RUSH STREET INTERACTIVE INC (A),left,25,4473
RTX,RAYTHEON TECHNOLOGIES CORPORATION,left,24,5345
RUBY,RUBIUS THERAPEUTICS,left,25,4210
RUN,SUNRUN,left,28,2726
RUSHA,RUSH ENTERPISES A,left,25,4298
RUSHB,RUSH ENTERPRISES INC -CL B,left,25,4385
RUTH,RUTHS HOSPITALITY GROUP,left,25,4560
RVI,RETAIL VALUE,left,24,4909
RVLV,REVOLVE GROUP,left,25,1242
RVMD,REVOLUTION MEDICINES,left,24,5345
RVNC,REVANCE THERAPEUTICS,left,24,5171
RVP,RETRACTABLE TECHNOLOGIES INC,left,24,4996
RWT,REDWOOD TRUST,left,25,2377
RXDX,PROMETHEUS BIOSCIENCES,left,23,3774
RXN,REXNORD,left,25,1504
RXRX,RECURSION PHARMACEUTICALS,left,25,1940
RXT,RACKSPACE TECHNOLOGY,left,24,3774
RYAM,RAYONIER ADVANCED MATERIALS,left,24,5258
RYI,RYERSON HOLDING CORP,left,25,4734
RYN,RAYONIER,left,24,5171
RYTM,RHYTHM PHARMACEUTICALS,left,25,1766
SABR,SABRE CORP,left,25,5171
SAFE,SAFEHOLD INC,left,25,5345
SAFM,SANDERSON FARMS,left,26,1853
SAFT,SAFETY INSURANCE GROUP INC,left,26,1242
SAGE,SAGE THERAPEUTICS,left,26,1329
SAH,SONIC AUTOMOTIVE,left,26,3512
SAIA,SAIA,left,26,1416
SAIC,SCIENCE APPLICATIONS INTERNATIONAL CORPO,left,25,3425
SAIL,SAILPOINT TECHNOLOGIES,left,26,1504
SAM,BOSTON BEER,left,5,1940
SANA,SANA BIOTECHNOLOGY,left,26,1766
SANM,SANMINA CORP,left,26,2202
SASR,SANDY SPRING BANCORP,left,26,1940
SATS,ECHOSTAR,left,10,2464
SAVA,CASSAVA SCIENCES,left,6,3948
SAVE,SPIRIT AIRLINES,left,27,1329
SB,SAFE BULKERS,left,25,5258
SBAC,SBA COMMUNICATIONS,left,26,2639
SBCF,SEACOAST BANKING,left,25,4036
SBGI,SINCLAIR BROADCAST A,left,26,4996
SBH,SALLY BEAUTY,left,26,1679
SBNY,SIGNATURE BANK,left,26,3861
SBRA,SABRA HEALTH CARE REIT,left,25,5084
SBSI,SOUTHSIDE BANCSHARES,left,26,4473
SBTX,SILVERBACK THERAPEUTICS,left,26,4385
SBUX,STARBUCKS,left,27,3250
SC,SANTANDER CONSUMER USA HOLDINGS,left,26,2290
SCCO,SOUTHERN COPPER CORP.,left,26,4298
SCHL,SCHOLASTIC CORP,left,26,3163
SCHN,SCHNITZER STEEL,left,26,2988
SCHW,SCHWAB (CHARLES) CORP,left,25,3250
SCI,SERVICE CORP INTL,left,26,1853
SCL,STEPAN CO,left,27,4036
SCOR,COMSCORE,left,8,5171
SCS,STEELCASE INC,left,27,3861
SCSC,SCANSOURCE,left,26,2726
SCU,SCULPTOR CAPITAL MANAGEMENT INC (A),left,25,3861
SCVL,SHOE CARNIVAL,left,26,3163
SCWX,SECUREWORKS,left,25,4473
SDGR,SCHRODINGER,left,26,3250
SEAS,SEAWORLD ENTERTAINMENT,left,25,4385
SEB,SEABOARD,left,25,3948
SEE,SEALED AIR,left,25,4210
SEEL,SEELOS THERAPEUTICS,left,25,4560
SEER,SEER,left,25,4647
SEIC,SEI INVEST CO,left,25,4734
SELB,SELECTA BIOSCIENCES,left,25,4996
SEM,SELECT MEDICAL HOLDINGS,left,25,4909
SENEA,SENECA FOOD A,left,26,1242
SENS,SENSEONICS HOLDINGS,left,26,1504
SESN,SESEN BIO,left,26,2202
SF,STIFEL FIN CORP,left,27,4909
SFBS,SERVISFIRST BANCSHARES,left,26,2115
SFIX,STITCH FIX CLASS A,left,27,4996
SFL,SFL CORPORATION LTD,left,26,2290
SFM,SPROUTS FARMERS MARKET,left,27,2028
SFNC,SIMMONS FIRST NATIONAL CORP - CL A,left,26,4560
SFST,SOUTHERN FIRST BANCSHARES,left,26,4385
SFT,SHIFT TECHNOLOGIES INC (A),left,26,2813
SGC,SUPERIOR GROUP OF COMPANIES,left,28,2988
SGEN,SEAGEN INC,left,25,4123
SGFY,SIGNIFY HEALTH,left,26,4036
SGH,SMART GLOBAL HOLDINGS,left,27,2464
SGMO,SANGAMO THERAPEUTICS,left,26,2115
SGMS,SCIENTIFIC GAMES CORP,left,25,3512
SGRY,SURGERY PARTNERS,left,28,3250
SGTX,SIGILON THERAPEUTICS,left,26,3774
SHAK,SHAKE SHACK,left,26,2377
SHC,SOTERA HEALTH,left,26,3861
SHEN,SHENANDOAH TELECOMS,left,26,2639
SHLS,SHOALS TECHNOLOGIES GROUP,left,26,2988
SHO,SUNSTONE HOTEL INVESTORS,left,28,2813
SHOO,STEVEN MADDEN,left,27,4647
SHW,SHERWIN-WILLIAMS,left,26,2726
SHYF,THE SHYFT GROUP INC,left,29,1416
SI,SILVERGATE CAPITAL,left,26,4473
SIBN,SI-BONE,left,26,3425
SIEN,SIENTRA,left,26,3512
SIG,SIGNET JEWELERS,left,26,3948
SIGA,SIGA TECH INC,left,26,3687
SIGI,SELECTIVE INSURANCE GROUP,left,25,5084
SILK,SILK ROAD MEDICAL,left,26,4298
SIRI,SIRIUS XM HOLDINGS,left,26,5084
SITC,SITE CENTERS,left,26,5258
SITE,SITEONE LANDSCAPE SUPPLY,left,26,5345
SITM,SITIME,left,27,1242
SIVB,SVB FINANCIAL GROUP,left,27,3425
SIX,SIX FLAGS ENTERTAINMENT CORP.,left,27,1329
SJI,SOUTH JERSEY IND,left,26,3948
SJM,J M SMUCKER,left,17,1504
SJW,SJW GROUP,left,27,1416
SKIN,BEAUTY HEALTH CO,left,4,4560
SKLZ,SKILLZ INC (A),left,27,1591
SKT,TANGER FACTORY OUTLET CENTER,left,27,5084
SKX,SKECHERS USA CL A,left,27,1504
SKY,SKYLINE CHAMPION CORPORATION,left,27,1679
SKYT,SKYWATER TECHNOLOGY,left,27,1766
SKYW,SKYWEST INC,left,27,1853
SLAB,SILICON LABS,left,26,4210
SLB,SCHLUMBERGER,left,26,2813
SLCA,US SILICA HOLDINGS,left,29,4996
SLDB,SOLID BIOSCIENCES,left,26,3337
SLG,SL GREEN REALTY,left,27,2028
SLGN,SILGAN HLDG INC,left,26,4123
SLM,SLM CORP,left,27,2290
SLP,SIMULATIONS PLUS,left,26,4909
SLQT,SELECTQUOTE,left,25,5171
SM,SM ENERGY,left,27,2377
SMAR,SMARTSHEET,left,27,2639
SMBC,STHN MISSOURI,left,27,4822
SMBK,SMARTFINANCIAL INC,left,27,2551
SMCI,SUPER MICRO COMPUTER,left,28,2901
SMED,SHARPS COMPLIANCE,left,26,2464
SMG,SCOTTS MIRACLE-GRO,left,25,3687
SMMF,SUMMIT FINANCIAL GROUP,left,28,1853
SMMT,SUMMIT THERAPEUTICS INC,left,28,2115
SMP,STD MOTOR PRODS,left,27,3687
SMPL,SIMPLY GOOD FOODS,left,26,4734
SMSI,SMITH MICRO SOFTWARE,left,27,2901
SMTC,SEMTECH CORP,left,25,5345
SNA,SNAP-ON INC,left,27,2988
SNBR,SLEEP NUMBER,left,27,2202
SNCY,SUN COUNTRY AIRLINES HOLDINGS,left,28,2377
SNDR,SCHNEIDER NATIONAL CL B,left,26,2901
SNDX,SYNDAX PHARMACEUTICALS,left,27,3861
SNEX,STONEX GROUP INC,left,28,1329
SNOW,SNOWFLAKE,left,27,3076
SNPS,SYNOPSYS INC,left,27,4123
SNR,NEW SENIOR INVESTMENT GROUP,left,20,3512
SNSE,SENSEI BIOTHERAPEUTICS,left,26,1416
SNV,SYNOVUS FINANCIAL CORP,left,27,4210
SNX,SYNNEX,left,27,4036
SO,SOUTHERN CO,left,26,4210
SOI,SOLARIS OILFIELD INFRASTRUCTURE,left,27,3250
SOLY,SOLITON INC,left,26,3425
SON,SONOCO PRODUCTS,left,26,3599
SONO,SONOS INC,left,26,3687
SP,SP PLUS,left,26,4822
SPB,SPECTRUM BRANDS HOLDINGS,left,26,5084
SPCE,VIRGIN GALACTIC HOLDINGS (A),left,31,2290
SPFI,SOUTH PLAINS FINANCIAL,left,26,4036
SPG,SIMON PROPERTY GROUP,left,26,4647
SPGI,S&P GLOBAL,left,25,4909
SPKE,SPARK ENERGY INC-CLASS A,left,26,4909
SPLK,SPLUNK,left,27,1591
SPNE,SEASPINE HOLDINGS CORP.,left,25,4298
SPNS,SAPIENS INTERNATIONAL CORP,left,26,2377
SPNT,SIRIUSPOINT LTD,left,26,5171
SPOT,SPOTIFY TECHNOLOGY SA,left,27,1766
SPPI,SPECTRUM PHARMACEUTICALS INC,left,26,5171
SPR,SPIRIT AEROSYSTEMS HOLDINGS INC. CL A,left,27,1242
SPRB,SPRUCE BIOSCIENCES,left,27,2115
SPRO,SPERO THERAPEUTICS,left,26,5258
SPSC,SPS COMMERCE,left,27,2202
SPT,SPROUT SOCIAL,left,27,1940
SPTN,SPARTANNASH,left,26,4996
SPWH,SPORTMANS WAREHOUSE HOLDINGS,left,27,1679
SPWR,SUNPOWER CORPORATION,left,28,2639
SPXC,SPX CORP,left,27,2290
SQ,SQUARE CLASS A,left,27,2464
SQZ,SQZ BIOTECHNOLOGIES,left,27,2551
SR,SPIRE INC.,left,26,5345
SRC,SPIRIT REALTY CAPITAL,left,27,1504
SRCE,1ST SOURCE,left,1,1504
SRCL,STERICYCLE INC,left,27,4298
SRDX,SURMODICS INC,left,28,3337
SRE,SEMPRA ENERGY,left,25,5258
SRG,SERITAGE GROWTH PROPERTIES,left,26,1766
SRI,STONERIDGE,left,28,1242
SRNE,SORRENTO THERAPEUTICS INC,left,26,3774
SRPT,SAREPTA THERAPEUTICS,left,26,2464
SRRK,SCHOLAR ROCK HOLDING CORPORATION,left,26,3076
SRT,STARTEK,left,27,3337
SSB,SOUTH STATE CORP,left,26,4123
SSD,SIMPSON MANUFACTURING,left,26,4822
SSNC,SS&C TECHNOLOGIES HOLDINGS,left,27,2639
SSP,SCRIPPS (E.W) CLASS A,left,25,3774
SSTI,SHOTSPOTTER,left,26,3250
SSTK,SHUTTERSTOCK INC,left,26,3337
ST,SENSATA TECHNOLOGIES HOLDING PLC,left,26,1329
STAA,STAAR SURGICAL,left,27,2813
STAG,STAG INDUSTRIAL,left,27,2901
STAR,ISTAR INC.,left,16,5084
STBA,S&T BANCORP,left,25,4996
STC,STEWART INFO,left,27,4734
STE,STERIS PLC,left,27,4385
STEM,STEM INC (A),left,27,3948
STEP,STEPSTONE GROUP,left,27,4123
STFC,STATE AUTO FINANCIAL,left,27,3512
STIM,NEURONETICS,left,20,2901
STKS,ONE GROUP HOSPITALITY,left,21,3861
STL,STERLING BANCORP,left,27,4473
STLD,STEEL DYNAMICS,left,27,3774
STMP,STAMPS.COM INC,left,27,2988
STNE,STONECO,left,27,5258
STNG,SCORPIO TANKERS,left,25,3599
STOK,STOKE THERAPEUTICS,left,27,5171
STON,STONEMOR INC,left,27,5345
STOR,STORE CAPITAL REIT,left,28,1416
STRA,STRATEGIC EDUCATION,left,28,1504
STRL,STERLING CONSTRUCTION CO INC,left,27,4560
STRO,SUTRO BIOPHARMA,left,28,3425
STT,STATE STREET CORP.,left,27,3599
STTK,SHATTUCK LABS,left,26,2551
STWD,STARWOOD PROPERTY TRUST INC.,left,27,3425
STXB,SPIRIT OF TEXAS BANCSHARES,left,27,1416
STXS,STEREOTAXIS,left,27,4210
STZ,CONSTELLATION BRANDS A,left,8,2115
SUI,SUN COMMUNITIES,left,28,2290
SUM,SUMMIT MATERIALS,left,28,2028
SUMO,SUMO LOGIC,left,28,2202
SUPN,SUPERNUS PHARMACEUTICALS,left,28,3076
SURF,SURFACE ONCOLOGY,left,28,3163
SVC,SERVICE PROPERTIES TRUST,left,26,1940
SWAV,SHOCKWAVE MEDICAL,left,26,3076
SWBI,SMITH AND WESSON BRANDS INC,left,27,2813
SWCH,SWITCH,left,27,3512
SWI,SOLARWINDS,left,27,3337
SWIM,LATHAM GROUP,left,18,2377
SWK,STANLEY BLACK & DECKER,left,27,3163
SWKS,SKYWORKS SOLUTIONS INC,left,27,1940
SWM,SCHWEITZER-MAUDUIT INTL,left,25,3337
SWN,SOUTHWESTERN ENERGY,left,26,4734
SWTX,SPRINGWORKS THERAPEUTICS,left,27,1853
SWX,SOUTHWEST GAS HOLDINGS,left,26,4647
SXC,SUNCOKE ENERGY,left,28,2464
SXI,STANDEX INTL,left,27,3076
SXT,SENSIENT TECH,left,26,1591
SYBT,STOCK YARDS BANCORP,left,27,5084
SYF,SYNCHRONY FINANCIAL,left,27,3774
SYK,STRYKER,left,28,1679
SYKE,SYKES ENTERPRISES,left,27,3599
SYNA,SYNAPTICS,left,27,3687
SYNH,SYNEOS HEALTH,left,27,3948
SYRS,SYROS PHARMACEUTICALS,left,27,4298
SYY,SYSCO CORP,left,27,4385
T,AT&T,left,4,1329
TA,TRAVELCENTERS OF AMERICA INC,left,28,4473
TACO,DEL TACO RESTAURANTS,left,9,1853
TALO,TALOS ENERGY,left,27,4909
TALS,TALARIS THERAPEUTICS,left,27,4734
TAP,MOLSON COORS BEVERAGE COMPANY,left,19,4298
TARS,TARSUS PHARMACEUTICALS,left,28,1329
TAST,CARROLS RESTAURANT GROUP,left,6,3076
TBBK,THE BANCORP,left,28,4996
TBI,TRUEBLUE,left,29,2377
TBIO,TRANSLATE BIO,left,28,4123
TBK,TRIUMPH BANCORP,left,29,2115
TBPH,THERAVANCE BIOPHARMA,left,29,1679
TCBI,TEXAS CAPITAL BANCSHARES,left,28,4123
TCBK,TRICO BANCSHARES,left,28,5345
TCMD,TACTILE SYSTEMS TECHNOLOGY,left,27,4560
TCRR,TCR2 THERAPEUTICS,left,28,1679
TCS,THE CONTAINER STORE GROUP,left,28,5171
TCX,TUCOWS,left,29,3076
TDC,TERADATA,left,28,3250
TDG,TRANSDIGM,left,28,4036
TDOC,TELADOC HEALTH,left,28,2290
TDS,TELEPHONE & DATA SYSTEMS,left,28,2551
TDW,TIDEWATER INC,left,29,2115
TDY,TELEDYNE TECH,left,28,2377
TEAM,ATLASSIAN,left,4,2551
TECH,BIO-TECHNE,left,5,3425
TELL,TELLURIAN,left,28,2639
TEN,TENNECO,left,28,3163
TENB,TENABLE HOLDINGS,left,28,2901
TER,TERADYNE,left,28,3337
TERN,TERNS PHARMACEUTICALS,left,28,3687
TEX,TEREX CORP,left,28,3512
TFC,TRUIST FINANCIAL CORPORATION,left,29,2551
TFSL,TFS FINANCIAL,left,28,4647
TFX,TELEFLEX INC,left,28,2464
TG,TREDEGAR CORP,left,28,4909
TGH,TEXTAINER GROUP HOLDINGS LTD.,left,28,4473
TGI,TRIUMPH GROUP,left,29,2202
TGNA,TEGNA,left,28,2115
TGT,TARGET CORP,left,27,5345
TGTX,TG THERAPEUTICS INC,left,28,4734
TH,TARGET HOSPITALITY CORP (A),left,28,1242
THC,TENET HEALTHCARE,left,28,2988
THFF,FIRST FINL CORP,left,12,2639
THG,HANOVER INSURANCE GP,left,14,3076
THO,THOR INDUSTRIES,left,29,1940
THR,THERMON GROUP HOLDINGS,left,29,1853
THRM,GENTHERM,left,13,3599
THRY,THRYV HOLDINGS,left,29,2028
THS,TREEHOUSE FOODS,left,28,4996
TIG,TREAN INSURANCE GROUP,left,28,4822
TIL,INSTIL BIO,left,16,1329
TILE,INTERFACE,left,16,2377
TIPT,TIPTREE INC,left,29,2464
TISI,TEAM INC,left,28,1766
TITN,TITAN MACHINERY,left,29,2639
TJX,TJX COMPANIES,left,29,2813
TK,TEEKAY,left,28,1940
TKR,TIMKEN CO,left,29,2290
TLIS,TALIS BIOMEDICAL,left,27,4822
TLMD,SOC TELEMED INC (A),left,27,3163
TLS,TELOS,left,28,2726
TLYS,TILLYS,left,29,2202
TMCI,TREACE MEDICAL CONCEPTS,left,28,4734
TMDX,TRANSMEDICS GROUP,left,28,4210
TMHC,TAYLOR MORRISON HOME II CORPORATION,left,28,1504
TMO,THERMO FISHER SCIENTIFIC,left,29,1766
TMP,TOMPKINS FINANCIAL,left,29,2988
TMST,TIMKENSTEEL CORP,left,29,2377
TMUS,T-MOBILE US INC.,left,28,3425
TMX,TERMINIX GLOBAL HOLDINGS INC,left,28,3599
TNC,TENNANT CO,left,28,3076
TNDM,TANDEM DIABETES CARE,left,27,4996
TNET,TRINET GROUP,left,29,1504
TNK,TEEKAY TANKERS,left,28,2028
TNL,TRAVEL PLUS LEISURE CO,left,28,4385
TNXP,TONIX PHARMACEUTICALS HOLDING CORP,left,29,3076
TOL,TOLL BROTHERS,left,29,2901
TOWN,TOWNE BANK,left,29,3512
TPB,TURNING POINT BRANDS,left,29,3250
TPC,TUTOR PERINI,left,29,3599
TPH,TRI POINTE HOMES INC,left,28,5258
TPIC,TPI COMPOSITES,left,28,3599
TPL,TEXAS PACIFIC LAND CORPORATION,left,28,4298
TPR,TAPESTRY,left,27,5171
TPTX,TURNING POINT THERAPEUTICS,left,29,3337
TPX,TEMPUR SEALY INTERNATIONAL,left,28,2813
TR,TOOTSIE ROLL IND,left,29,3163
TRC,TEJON RANCH,left,28,2202
TRCH,TORCHLIGHT ENERGY RESOURCES,left,29,3337
TREE,LENDINGTREE,left,17,3687
TREX,TREX COMPANY,left,28,5171
TRGP,TARGA RESOURCES CORP.,left,27,5258
TRHC,TABULA RASA HEALTHCARE,left,27,4473
TRIL,TRILLIUM THERAPEUTICS,left,29,1242
TRIP,TRIPADVISOR,left,29,1766
TRMB,TRIMBLE,left,29,1416
TRMK,TRUSTMARK CORP,left,29,2813
TRN,TRINITY INDS,left,29,1591
TRNO,TERRENO REALTY,left,28,3774
TRNS,TRANSCAT,left,28,3948
TROW,PRICE (T. ROWE) GROUP,left,24,2464
TROX,TRONOX HOLDINGS PLC,left,29,2290
TRS,TRIMAS CORP.,left,29,1329
TRST,TRUSTCO BANK,left,29,2726
TRTN,TRITON INTERNATIONAL,left,29,2028
TRTX,TPG RE FINANCE TRUST,left,28,3512
TRU,TRANSUNION,left,28,4298
TRUE,TRUECAR,left,29,2464
TRUP,TRUPANION,left,29,2639
TRV,TRAVELERS COS INC.,left,28,4560
TRVN,TREVENA,left,28,5084
TSC,TRISTATE CAPITAL HOLDINGS INC,left,29,1940
TSCO,TRACTOR SUPPLY,left,28,3687
TSE,TRINSEO S.A.,left,29,1679
TSHA,TAYSHA GENE THERAPIES,left,28,1591
TSLA,TESLA,left,28,3861
TSN,TYSON FOODS INC A,left,29,4123
TSP,TUSIMPLE HOLDINGS,left,29,3512
TT,TRANE TECHNOLOGIES PLC,left,28,3861
TTC,TORO CO,left,29,3425
TTCF,TATTOOED CHEF INC (A),left,28,1416
TTD,THE TRADE DESK,left,29,1504
TTEC,TTEC HOLDINGS,left,29,2901
TTEK,TETRA TECH INC,left,28,3948
TTGT,TECHTARGET INC.,left,28,1853
TTI,TETRA TECHNOLOGIES,left,28,4036
TTMI,TTM TECHNOLOGIES,left,29,2988
TTWO,TAKE-TWO INTERACTIVE SOFTWARE,left,27,4647
TUP,TUPPERWARE BRANDS CORP.,left,29,3163
TVTX,TRAVERE THERAPEUTICS INC,left,28,4647
TVTY,TIVITY HEALTH,left,29,2726
TW,TRADEWEB MARKETS,left,28,3774
TWI,TITAN INTL,left,29,2551
TWLO,TWILIO,left,29,3687
TWNK,HOSTESS BRANDS,left,15,2028
TWO,TWO HARBORS INVESTMENT,left,29,3948
TWOU,2U,left,1,1679
TWST,TWIST BIOSCIENCE,left,29,3774
TWTR,TWITTER,left,29,3861
TXG,10X GENOMICS,left,1,1242
TXMD,THERAPEUTICSMD,left,29,1591
TXN,TEXAS INSTRUMENTS,left,28,4210
TXRH,TEXAS ROADHOUSE,left,28,4385
TXT,TEXTRON,left,28,4560
TYL,TYLER TECHNOLOGIES,left,29,4036
U,UNITY SOFTWARE,left,30,2901
UA,UNDER ARMOUR CLASS C,left,30,1416
UAA,UNDER ARMOUR CLASS A,left,30,1329
UAL,UNITED AIRLINES HOLDINGS INC,left,30,1853
UAVS,AGEAGLE AERIAL SYSTEMS,left,1,3250
UBA,URSTADT BIDDLE PPTYS,left,29,4473
UBER,UBER TECHNOLOGIES,left,29,4473
UBSI,UTD BANKSHARES,left,29,5258
UCBI,UNITED COMMUNITY BANKS INC,left,30,1940
UCTT,ULTRA CLEAN HOLDINGS,left,29,5084
UDR,UDR,left,29,4647
UE,URBAN EDGE PROPERTIES,left,29,4123
UEC,URANIUM ENERGY CORP,left,29,4036
UEIC,UNIVERSAL ELECTRONICS,left,30,3250
UFCS,UNITED FIRE GROUP,left,30,2028
UFI,UNIFI INC,left,30,1504
UFPI,UFP INDUSTRIES INC,left,29,4734
UFPT,UFP TECHNOLOGIES,left,29,4822
UFS,DOMTAR CORP,left,10,1940
UGI,UGI CORP HLDS,left,29,4909
UHAL,AMERCO,left,2,2028
UHS,UNIVERSAL HEALTH SERVICES B,left,30,3425
UHT,UNIVERSAL HEALTH RLTY INCOME,left,30,3337
UI,UBIQUITI,left,29,4560
UIHC,UNITED INSURANCE HOLDINGS CORP.,left,30,2115
UIS,UNISYS CORP,left,30,1766
ULCC,FRONTIER GROUP HOLDINGS,left,12,4036
ULH,UNIVERSAL LOGISTICS HOLDINGS INC.,left,30,3599
ULTA,ULTA BEAUTY,left,29,4996
UMBF,UMB FINL CO,left,29,5258
UMH,UMH PROPERTIES,left,29,5345
UMPQ,UMPQUA HLDGS CP,left,30,1242
UNF,UNIFIRST CORP,left,30,1591
UNFI,UNITED NATURAL FOODS,left,30,2202
UNH,UNITEDHEALTH GROUP,left,30,2639
UNIT,UNITI GROUP,left,30,2726
UNM,UNUM GROUP,left,29,3687
UNP,UNION PACIFIC CORP,left,30,1679
UNVR,UNIVAR SOLUTIONS INC,left,30,2988
UPLD,UPLAND SOFTWARE,left,29,3774
UPS,UNITED PARCEL SERVICE,left,30,2290
UPST,UPSTART HOLDINGS,left,29,3861
UPWK,UPWORK,left,29,3948
URBN,URBAN OUTFITTERS,left,29,4210
URG,UR-ENERGY INC.,left,29,4298
URGN,UROGEN PHARMA,left,29,4385
URI,UNITED RENTALS,left,30,2377
USB,US BANCORP,left,29,4560
USCR,US CONCRETE,left,29,4647
USFD,US FOODS HOLDING,left,29,4822
USLM,U.S. LIME & MINERALS,left,29,4298
USM,U.S. CELLULAR CP,left,29,4210
USNA,USANA HEALTH SCIENCES,left,29,5084
USPH,US PHYSICAL THERAPY INC,left,29,4909
USX,U.S. XPRESS ENTERPRISES,left,29,4385
UTHR,UNITED THERAPEUTICS,left,30,2551
UTL,UNITIL CORP,left,30,2813
UTMD,UTAH MEDICAL PRODUCTS INC,left,29,5171
UTZ,UTZ BRANDS INC (A),left,29,5345
UUUU,ENERGY FUELS INC,left,10,4996
UVE,UNIVERSAL HLDGS,left,30,3512
UVSP,UNIVEST FINANCIAL CORPORATION,left,29,3599
UVV,UNIVERSAL CORP,left,30,3076
UWMC,UWM HOLDINGS CORPORATION (A),left,30,1242
V,VISA,left,31,2639
VAC,MARRIOTT VACATIONS WORLDWIDE,left,18,4036
VALU,VALUE LINE INC,left,30,1766
VAPO,VAPOTHERM,left,30,2028
VBIV,VBI VACCINES,left,30,2464
VBTX,VERITEX HOLDINGS INC,left,30,3861
VC,VISTEON CORP.,left,31,3076
VCEL,VERICEL,left,30,3512
VCRA,VOCERA COMMUNICATIONS INC,left,31,3512
VCYT,VERACYTE INC,left,30,3250
VEC,VECTRUS,left,30,2639
VECO,VEECO INSTR INC,left,30,2726
VEEV,VEEVA SYSTEMS,left,30,2813
VEI,VINE ENERGY,left,31,2028
VEL,VELOCITY FINANCIAL INC,left,30,2901
VER,VEREIT,left,30,3425
VERI,VERITONE INC,left,30,4036
VERU,VERU,left,30,4647
VFC,VF CORP,left,30,4734
VG,VONAGE HOLDINGS,left,31,3599
VGR,VECTOR GP LTD,left,30,2551
VHC,VIRNETX HOLDING,left,31,2377
VHI,VALHI INC,left,30,1504
VIAC,VIACOMCBS (B),left,30,4909
VIACA,VIACOMCBS (A),left,30,4822
VIAV,VIAVI SOLUTIONS,left,30,5345
VICI,VICI PROPERTIES,left,31,1242
VICR,VICOR CORP,left,31,1329
VIEW,VIEW INC (A),left,31,1504
VINC,VINCERX INC,left,31,1940
VIR,VIR BIOTECHNOLOGY,left,31,2115
VIRT,VIRTU FINANCIAL,left,31,2464
VIRX,VIRACTA THERAPEUTICS INC,left,31,2202
VITL,VITAL FARMS,left,31,3250
VIVO,MERIDIAN BIOSCIENCE,left,19,4210
VKTX,VIKING THERAPEUTICS,left,31,1679
VLDR,VELODYNE LIDAR INC,left,30,2988
VLGEA,VILLAGE SUPER MARKET,left,31,1766
VLO,VALERO ENERGY,left,30,1416
VLY,VALLEY NATIONAL BANCORP,left,30,1591
VMC,VULCAN MATERIALS,left,30,4210
VMD,VIEMED HEALTHCARE,left,31,1416
VMEO,VIMEO,left,31,1853
VMI,VALMONT INDS,left,30,1679
VMW,VMWARE INC.,left,31,3425
VNDA,VANDA PHARMACEUTICALS,left,30,1940
VNO,VORNADO REALTY,left,30,3774
VNT,VONTIER,left,31,3687
VOR,VOR BIOPHARMA,left,30,3687
VOXX,VOXX INTERNATIONAL CORP.,left,30,3861
VOYA,VOYA FINANCIAL,left,30,3948
VPG,VISHAY PRECISION GROUP,left,31,2813
VRA,VERA BRADLEY,left,30,3163
VRAY,VIEWRAY INC,left,31,1591
VRCA,VERRICA PHARMACEUTICALS,left,30,4298
VREX,VAREX IMAGING,left,30,2115
VRM,VROOM,left,30,4036
VRNS,VARONIS SYSTEMS,left,30,2202
VRNT,VERINT SYSTEMS,left,30,3599
VRRM,VERRA MOBILITY CORPORATION (A),left,30,4210
VRS,VERSO CORPORATIN,left,30,4385
VRSK,VERISK ANALYTICS,left,30,3774
VRSN,VERISIGN INC,left,30,3687
VRT,VERTIV HOLDINGS CO (A),left,30,4560
VRTS,VIRTUS INVESTMENT PARTNERS INC.,left,31,2551
VRTV,VERITIV CORP.,left,30,3948
VRTX,VERTEX PHARM,left,30,4473
VSAT,VIASAT,left,30,5171
VSEC,VSE CORP,left,30,4123
VSH,VISHAY INTERTECH,left,31,2726
VST,VISTRA CORP,left,31,3163
VSTM,VERASTEM INC,left,30,3337
VSTO,VISTA OUTDOOR,left,31,2901
VTGN,VISTAGEN THERAPEUTICS,left,31,2988
VTOL,BRISTOW GROUP INC,left,5,3948
VTR,VENTAS INC,left,30,3076
VTRS,VIATRIS,left,30,5258
VUZI,VUZIX CORP,left,30,4298
VVI,VIAD CORP,left,30,4996
VVNT,VIVINT SMART HOME INC (A),left,31,3337
VVV,VALVOLINE,left,30,1853
VXRT,VAXART,left,30,2290
VZ,VERIZON COMMUNICATIONS,left,30,4123
W,WAYFAIR,left,31,1766
WAB,WABTEC,left,30,4647
WABC,WESTAMERICA BANCP,left,31,3163
WAFD,WASHINGTON FEDERAL,left,30,5084
WAL,WESTERN ALLIANCE BANCORP,left,31,3250
WASH,WASHINGTON TRUST BANCORP,left,30,5258
WAT,WATERS CORP,left,31,1242
WBA,WALGREENS BOOTS ALLIANCE,left,30,4734
WBS,WEBSTER FINANCIAL,left,31,1940
WBT,WELBILT,left,31,2290
WCC,WESCO INTERNATIONAL,left,31,2901
WD,WALKER & DUNLOP,left,30,4822
WDAY,WORKDAY,left,32,1504
WDC,WESTERN DIGITAL,left,31,3337
WDFC,WD-40 CO,left,31,1853
WEC,WEC ENERGY GROUP,left,31,2028
WELL,WELLTOWER INC.,left,31,2464
WEN,WENDYS COMPANY,left,31,2551
WERN,WERNER ENTERPRISES,left,31,2726
WETF,WISDOMTREE INVESTMENTS,left,31,5345
WEX,WEX,left,31,3687
WFC,WELLS FARGO & COMPANY,left,31,2377
WGO,WINNEBAGO INDS,left,31,5171
WH,WYNDHAM HOTELS & RESORTS,left,32,2290
WHD,CACTUS CLASS A,left,6,3076
WHR,WHIRLPOOL CORP,left,31,3861
WINA,WINMARK CORP,left,31,5084
WING,WINGSTOP,left,31,4996
WIRE,ENCORE WIRE,left,10,4734
WIX,WIX.COM,left,32,1242
WK,WORKIVA,left,32,1679
WKHS,WORKHORSE GROUP,left,32,1591
WLDN,WILLDAN GROUP,left,31,4473
WLFC,WILLIS LEASE,left,31,4734
WLK,WESTLAKE CHEMICAL,left,31,3512
WLL,WHITING PETROLEUM,left,31,4123
WLTW,WILLIS TOWERS WATSON PLC,left,31,4822
WM,WASTE MGMT INC,left,30,5345
WMB,WILLIAMS COS,left,31,4560
WMK,WEIS MARKETS,left,31,2202
WMS,ADVANCED DRAINAGE SYSTEMS,left,1,1416
WMT,WALMART,left,30,4909
WNC,WABASH NATIONAL,left,30,4560
WOOF,PETCO HEALTH AND WELLNESS,left,22,5084
WOR,WORTHINGTON INDS,left,32,1940
WORK,SLACK TECHNOLOGIES,left,27,2115
WOW,WIDEOPENWEST,left,31,4298
WPC,W. P. CAREY INC.,left,30,4473
WRB,BERKLEY W R,left,5,1242
WRE,WASHINGTON REAL ESTATE INV,left,30,5171
WRI,WEINGARTEN REALTY INVESTORS,left,31,2115
WRK,WESTROCK COMPANY,left,31,3599
WRLD,WORLD ACCEPTANCE,left,32,1766
WSBC,WESBANCO,left,31,2813
WSBF,WATERSTONE FINANCIAL,left,31,1329
WSC,WILLSCOT MOBILE MINI HOLDINGS CORP,left,31,4909
WSFS,WSFS FINANCIAL CORP,left,32,2028
WSM,WILLIAMS SONOMA,left,31,4647
WSO,WATSCO INC,left,31,1504
WSR,WHITESTONE REIT,left,31,4036
WST,WEST PHARM SVCS,left,31,3076
WTBA,WEST BANCORPORATION,left,31,2988
WTFC,WINTRUST FINANCIAL CORP,left,31,5258
WTI,W&T OFFSHORE,left,30,4385
WTM,WHITE MOUNTAINS INSURANCE,left,31,3948
WTRE,WATFORD HOLDINGS,left,31,1416
WTRG,ESSENTIAL UTILITIES INC,left,11,4298
WTS,WATTS WATER TECHNOLOGIES,left,31,1591
WTTR,SELECT ENERGY SERVICES,left,25,4822
WU,WESTERN UNION,left,31,3425
WVE,WAVE LIFE SCIENCES,left,31,1679
WW,WW INTERNATIONAL INC,left,32,2115
WWD,WOODWARD,left,32,1416
WWE,WWF ENTMNT,left,32,2202
WWW,WOLVERINE WORLD WIDE,left,32,1329
WY,WEYERHAEUSER,left,31,3774
WYNN,WYNN RESORTS,left,32,2377
X,UNITED STATES STEEL CORP,left,30,2464
XBIT,XBIOTECH,left,32,2464
XEC,CIMAREX ENERGY CO,left,7,2202
XEL,XCEL ENERGY,left,32,2551
XENT,INTERSECT ENT INC,left,16,2988
XGN,EXAGEN,left,12,1940
XHR,XENIA HOTELS & RESORTS,left,32,2726
XL,XL FLEET CORP (A),left,32,2988
XLNX,XILINX,left,32,2901
XLRN,ACCELERON PHARMA INC,left,1,3687
XNCR,XENCOR,left,32,2639
XOG,EXTRACTION OIL & GAS,left,11,2726
XOM,EXXON MOBIL CORPORATION,left,11,2901
XOMA,XOMA,left,32,3076
XONE,EXONE CO,left,11,2202
XPEL,XPEL INC,left,32,3163
XPER,XPERI HOLDING CORPORATION,left,32,3250
XPO,XPO LOGISTICS,left,32,3337
XRAY,DENTSPLY SIRONA,left,9,2551
XRX,XEROX HOLDINGS,left,32,2813
XXII,22ND CENTURY GROUP INC.,left,1,1591
XYL,XYLEM INC.,left,32,3425
Y,ALLEGHANY,left,2,2464
YELL,YELLOW CORPORATION,left,32,3512
YELP,YELP,left,32,3599
YETI,YETI HOLDINGS,left,32,3687
YEXT,YEXT,left,31,3774
YMAB,Y-MABS THERAPEUTICS,left,32,3774
YORW,YORK WATER CO,left,31,3861
YUM,YUM BRANDS,left,31,3948
YUMC,YUM CHINA HOLDINGS,left,31,4036
Z,ZILLOW GROUP CL C,left,31,4473
ZBH,ZIMMER BIOMET HOLDINGS,left,31,4560
ZBRA,ZEBRA TECHNOLOGIES,left,31,4123
ZEN,ZENDESK,left,31,4210
ZEUS,OLYMPIC STEEL,left,22,2901
ZG,ZILLOW GROUP,left,31,4385
ZGNX,ZOGENIX,left,31,4996
ZION,ZIONS BANCORPORATION N.A.,left,31,4647
ZIOP,ZIOPHARM ONCOLOGY,left,31,4734
ZIXI,ZIX,left,31,4822
ZM,ZOOM VIDEO COMMUNICATIONS,left,31,5084
ZNGA,ZYNGA,left,32,1416
ZNTL,ZENTALIS PHARMACEUTICALS,left,31,4298
ZS,ZSCALER,left,31,5171
ZTS,ZOETIS,left,31,4909
ZUMZ,ZUMIEZ,left,31,5258
ZUO,ZUORA,left,31,5345
ZY,ZYMERGEN,left,32,1242
ZYXI,ZYNEX,left,32,1329
