symbol,company,side,page,row_top
A,AGILENT TECHNOLOGIES INC,right,1,4036
AA,ALCOA CORPORATION,left,2,1766
AAC,AAC HOLDINGS INC,left,1,2290
AAL,AMERICAN AIRLINES GROUP,right,2,1766
AAN,AARONS INC,left,1,2551
AAOI,APPLIED OPTOELECTRONICS,left,3,3599
AAON,AAON INC,left,1,2377
AAP,ADVANCE AUTO PARTS INC,right,1,2115
AAPL,APPLE INC,left,3,3337
AAT,AMERICAN ASSETS TRST INC,right,2,1853
AAWW,ATLAS AIR WORLDWIDE HLDG,right,3,5171
AAXN,AXON ENTERPRISE INC,left,4,3425
ABAX,ABAXIS INC,left,1,2639
ABBV,ABBVIE INC,left,1,2813
ABC,AMERISOURCEBERGEN CORP,right,2,4210
ABCB,AMERIS BANCORP,right,2,4036
ABCD,CAMBIUM LEARNING GRP INC,left,6,1591
ABEO,ABEONA THERAPEUTICS INC,left,1,2901
ABG,ASBURY AUTOMOTIVE GROUP,right,3,2901
ABM,ABM INDUSTRIES INC,left,1,3163
ABMD,ABIOMED INC,left,1,3076
ABR,ARBOR REALTY TRUST INC,left,3,4473
ABT,ABBOTT LABORATORIES,left,1,2726
ABTX,ALLEGIANCE BANCSHARES,left,2,2813
ABUS,ARBUTUS BIOPHARMA CORP,left,3,4560
AC,ASSOCIATED CAPITAL GROUP,right,3,3774
ACAD,ACADIA PHARMACEUTICALS,left,1,3599
ACBI,ATLANTIC CAPITAL INC,right,3,4996
ACC,AMERICAN CAMPUS COMMUN,right,2,2028
ACCO,ACCO BRANDS CORP,left,1,4123
ACG,GALLAGHER ARTHUR C & CO,right,12,4647
ACGL,ARCH CAP GROUP LTD,left,3,4734
ACHC,ACADIA HEALTHCARE CO,left,1,3512
ACHN,ACHILLION PHARM,left,1,4385
ACIA,ACACIA COMMUNICATIONS,left,1,3337
ACIW,ACI WORLDWIDE INC,left,1,4473
ACLS,AXCELIS TECHNOLOGIES INC,left,4,3163
ACMR,ACM RESEARCH,left,1,4647
ACN,ACCENTURE PLC IRELAND,left,1,3948
ACNB,ACNB CORP,left,1,4734
ACOR,ACORDA THERAPEUTICS INC,left,1,4822
ACRD,AEROCET ROCKETDYNE HLDGS,right,1,3250
ACRE,ARES COML REAL ESTATE,right,3,1329
ACRS,ACLARIS THERAPEUTICS,left,1,4560
ACTG,ACACIA RESEARCH CORP,left,1,3425
ACX,GREAT ACAX CORP,right,13,3337
ACXM,ACXIOM CORP,left,1,5258
ADBE,ADOBE SYSTEMS INC,right,1,1679
ADC,AGREE REALTY CORP,right,1,4385
ADES,ADVANCED EMISSIONS SLTNS,right,1,2377
ADI,ANALOG DEVICES INC,right,3,1242
ADM,ARCHER DANIELS MIDLAND,left,3,4909
ADMA,ADMA BIOLOGICS INC,right,1,1591
ADMS,ADAMAS PHARMACEUTICALS,left,1,5345
ADNT,ADIENT PLC,right,1,1504
ADP,AUTOMATIC DATA PROCESS,left,4,1766
ADRO,ADURO BIOTECH INC,right,1,2028
ADS,ALLIANCE DATA SYSTEMS,left,2,3337
ADSK,AUTODESK INC,left,4,1679
ADSW,ADVANCED DISPOSAL SVCS,right,1,2202
ADT,ADT INC,right,1,1766
ADTN,ADTRAN INC,right,1,1940
ADUS,ADDUS HOMECARE CORP,right,1,1329
ADVM,ADVERUM BIOTECH INC,right,1,2726
AE,ADAMS RESOURCES & ENERGY,right,1,1242
AEE,AMEREN CORP,right,2,1591
AEGN,AEGION CORP,right,1,2901
AEIS,ADVANCED ENERGY INDS INC,right,1,2464
AEL,AMERICAN EXUITY INVST,right,2,2290
AEO,AMERICAN EAGLE OUTFITTER,right,2,2115
AEP,AMERICAN ELECTRIC POWER,right,2,2202
AERI,AERIE PHARMACEUTICALS,right,1,3076
AES,AES CORP,right,1,3425
AET,AETNA INC,right,1,3512
AFG,AMERICAN FINANCIAL GROUP,right,2,2464
AFI,ARMSTRONG FLOORING INC,right,3,1940
AFL,AFLAC INC,right,1,3687
AFSI,AMTRUST FINL SVCS,right,2,5171
AGCO,AGCO CORP,right,1,3861
AGEN,AGENUS INC,right,1,3948
AGFS,AGROFRESH SOLUTIONS INC,right,1,4473
AGIO,AGIOS PHARMACEUTICALS,right,1,4210
AGLE,AEGLEA BIOTHERAPEUTICS,right,1,2988
AGM,FEDERAL AGRIC MTG CO,right,11,2115
AGN,ALLERGAN PLC,left,2,3163
AGNC,AGNC INVESTMENT,right,1,4298
AGO,ASSURED GUARANTY LTD,right,3,3948
AGR,AVANGRID INC,left,4,2115
AGS,PLAYAGS INC,left,23,3774
AGX,ARGAN INC,right,3,1416
AGYS,AGILYSYS INC,right,1,4123
AHH,ARMADA HOFFLER PPTYS INC,right,3,1766
AHL,ASPEN INSURANCE HOLDINGS,right,3,3425
AHT,ASHFORD HOSPITALITY,right,3,3163
AI,ARLINGTON ASSET INVT,right,3,1679
AIG,AMERICAN INTL GROUP,right,2,2639
AIMC,ALTRA INDUSTRIAL MOTION,left,2,4734
AIMT,AIMMUNE THERAPEUTICS INC,right,1,4560
AIN,ALBANY INTERNATIONAL,left,2,1504
AINC,ASHFORD INC,right,3,3250
AIR,AAR CORP,left,1,2464
AIT,APPLIED INDUSTRIAL TECH,left,3,3425
AIV,APARTMENT INVT & MGMT,left,3,2639
AIZ,ASSURANT INC,right,3,3861
AKAM,AKAMAI TECHNOLOGIES,right,1,5084
AKAO,ACHAOGEN INC,left,1,4298
AKBA,AKEBIA THERAPEUTICS INC,right,1,5258
AKCA,AKCEA THERAPEUTICS,right,1,5171
AKR,ACADIA REALTY TRUST,left,1,3687
AKRX,AKORN INC,right,1,5345
AKS,AK STEEL HOLDING CORP,right,1,4996
AL,AIR LEASE CORP,right,1,4647
ALB,ALBEMARLE CORP,left,2,1591
ALBO,ALBIREO PHARMA INC,left,2,1679
ALCO,ALICO INC,left,2,2377
ALDR,ALDER BIOPHARMACEUTICALS,left,2,1853
ALDX,ALDEYRA THERAPEUTICS INC,left,2,1940
ALE,ALLETE INC,left,2,3250
ALEX,ALEXANDER & BALDWIN INC,left,2,2028
ALG,ALAMO GROUP INC,left,2,1242
ALGN,ALIGN TECHNOLOGY INC,left,2,2464
ALGT,ALLEGIANT TRAVEL CO,left,2,2901
ALK,ALASKA AIR GROUP INC,left,2,1416
ALKS,ALKERMES PLC,left,2,2551
ALL,ALLSTATE CORP,left,2,3861
ALLE,ALLEGION PLC,left,2,2988
ALLY,ALLY FINL INC,left,2,3948
ALNA,ALLENA PHARMACEUTICALS,left,2,3076
ALNY,ALNYLAM PHARMACEUTICALS,left,2,4036
ALRM,ALARM.COM HOLDINGS INC,left,2,1329
ALSN,ALLISON TRANSMISSION,left,2,3687
ALTR,ALTAIR ENGINEERING INC,left,2,4473
ALX,ALEXANDERS INC,left,2,2115
ALXN,ALEXION PHARMACEUTICALS,left,2,2290
AMAG,AMAG PHARMACEUTICALS INC,left,2,4909
AMAT,APPLIED MATLS INC,left,3,3512
AMBA,AMBARELLA INC,left,2,5171
AMBC,AMBAC FINL GROUP INC,left,2,5084
AMBR,AMBER RD INC,left,2,5258
AMC,AMC ENTERTAINMENT,left,2,5345
AMCX,AMC NETWORKS INC,left,3,1242
AMD,ADVANCED MICRO DEVICES,right,1,2551
AME,AMETEK INC,right,2,4385
AMED,AMEDISYS INC,right,2,1329
AMEH,APOLLO MEDICAL HOLDINGS,left,3,3076
AMG,AFFILIATED MANAGERS GRP,right,1,3599
AMGN,AMGEN INC,right,2,4473
AMH,AMERICAN HOMES 4 RENT,right,2,2551
AMKR,AMKOR TECHNOLOGY INC,right,2,4647
AMN,AMN HEALTHCARE SERVICES,right,2,4734
AMNB,AMERICAN NATL BANKSHARES,right,2,2813
AMOT,ALLIED MOTION TECH,left,2,3599
AMP,AMERIPRISE FINANCIAL INC,right,2,3948
AMPE,AMPIO PHARMACEUTICALS,right,2,5084
AMPH,AMPHASTAR PHARMA INC,right,2,4909
AMR,ALTA MESA RESOURCES (A),left,2,4385
AMRC,AMERESCO INC,right,2,1679
AMRS,AMYRIS INC,right,2,5258
AMRX,AMNEAL PHARMACEUTICALS,right,2,4822
AMSF,AMERISAFE INC,right,2,4123
AMSWA,AMERICAN SOFTWARE INC,right,2,3250
AMT,AMERICAN TOWER CORP,right,2,3425
AMTD,TD AMERITRADE HOLDING,right,28,1242
AMWD,AMERICAN WOODMARK CORP,right,2,3599
AMZN,AMAZON COM INC,left,2,4996
AN,AUTONATION INC,left,4,1853
ANAB,ANAPTYS BIO INC,left,3,1329
ANAT,AMERICAN NATIONAL INS CO,right,2,2726
ANCX,ACCESS NATL CORP,left,1,4036
ANDE,ANDERSONS INC,left,3,1504
ANET,ARISTA NETWORKS INC,right,3,1591
ANF,ABERCROMBIE & FITCH,left,1,2988
ANGO,ANGIODYNAMICS INC,left,3,1591
ANH,ANWORTH MORTGAGE ASSET,left,3,2377
ANIK,ANIKA THERAPEUTICS INC,left,3,1766
ANIP,ANI PHARMACEUTICALS INC,left,3,1679
ANSS,ANSYS INC,left,3,2028
ANTM,ANTHEM INC,left,3,2290
AOBC,AMERICAN OUTDOOR BRANDS,right,2,2901
AOI,ALLIANCE ONE INTL INC,left,2,3425
AON,AON PLC,left,3,2464
AOS,SMITH A O CORP,left,27,2290
AOSL,ALPHA & OMEGA SEMICON,left,2,4123
APA,APACHE CORP,left,3,2551
APAM,ARTISAN PARTNERS ASSET,right,3,2813
APC,ANADARKO PETROLEUM CORP,right,2,5345
APD,AIR PRODS & CHEMS INC,right,1,4734
APEI,AMER PUBLIC EDUCATION,right,2,1416
APH,AMPHENOL CORP,right,2,4996
APLE,APPLE HOSPITALITY REIT,left,3,3250
APLS,APELLIS PHARMACEUTICALS,left,3,2726
APOG,APOGEE ENTERPRISES INC,left,3,2901
APPF,APPFOLIO INC,left,3,3163
APTI,APPTIO INC,left,3,3774
APTS,PREFERRED APT CMNTYS INC,left,24,1591
APTV,APTIV PLC,left,3,3948
APY,APERGY CORPORATION,left,3,2813
AR,ANTERO RESOURCES CO,left,3,2202
ARA,AMERICAN RENAL ASSOC HLD,right,2,3076
ARAY,ACCURAY INC,left,1,4210
ARCB,ARCBEST CORPORATION,left,3,4647
ARCH,ARCH COAL INC,left,3,4822
ARD,ARDAGH GROUP SA,left,3,5258
ARDX,ARDELYX INC,left,3,5345
ARE,ALEXANDRIA REAL ESTATE,left,2,2202
AREX,APPROACH RESOURCES INC,left,3,3687
ARGO,ARGO GROUP INTL,right,3,1504
ARI,APOLLO COMMERCIAL RE,left,3,2988
ARII,AMERICAN RAILCAR IND,right,2,2988
ARL,AMERICAN RLTY INVS INC,right,2,3163
ARNA,ARENA PHARMACEUTICALS,left,4,1329
ARNC,ARCONIC INC,left,3,5084
AROC,ARCHROCK INC,left,3,4996
AROW,ARROW FINANCIAL CORP,right,3,2464
ARR,ARMOUR RESIDENTIAL REIT,right,3,1853
ARRS,ARRIS INTERNATIONAL PLC,right,3,2290
ARRY,ARRAY BIOPHARMA INC,right,3,2202
ARTNA,ARTESIAN RESOURCES CORP,right,3,2726
ARW,ARROW ELECTRONICS INC,right,3,2377
ARWR,ARROWHEAD PHARMACEUTICAL,right,3,2551
ARXL,ARXULE INC,right,3,2115
ASB,ASSOCIATED BANC CORP,right,3,3687
ASC,ARDMORE SHIPPING CORP,left,4,1242
ASGN,ASGN INCORPORATED,right,3,3076
ASH,ASHLAND GLOBAL HOLDINGS,right,3,3337
ASMB,ASSEMBLY BIOSCIENCES INC,right,3,3599
ASNA,ASCENA RETAIL GROUP INC,right,3,2988
ASNS,ARSANIS INC,right,3,2639
ASPS,ALTISOURCE PORTFOLIO,left,2,4647
ASTE,ASTEC INDUSTRIES INC,right,3,4036
ASUR,ASURE SOFTWARE INC,right,3,4210
AT,ATLANTIC PWR CORP,right,3,5084
ATEN,A10 NETWORKS INC,left,1,2202
ATGE,ADTALEM GLOBAL EDUCATION,right,1,1853
ATH,ATHENE HOLDING LTD,right,3,4647
ATHN,ATHENAHEALTH INC,right,3,4560
ATHX,ATHERSYS INC,right,3,4822
ATI,ALLEGHENY TECHNOLOGIES,left,2,2726
ATKR,ATKORE INTL GROUP INC,right,3,4909
ATLO,AMES NATL CORP,right,2,4298
ATNI,ATN INTERNATIONAL INC,right,4,1242
ATO,ATMOS ENERGY CORP,right,3,5345
ATR,APTARGROUP INC,left,3,3861
ATRA,ATARA BIOTHERAPEUTICS,right,3,4473
ATRC,ATRICURE INC,right,4,1329
ATRI,ATRION CORP,left,4,1416
ATRO,ASTRONICS CORP,right,3,4123
ATRS,ANTARES PHARMA INC,left,3,2115
ATSG,AIR TRANSPORT SERVICES,right,1,4822
ATU,ACTUANT CORP,left,1,4996
ATVI,ACTIVISION BLIZZARD INC,left,1,4909
AUBN,AUBURN NATL BANCORP,left,4,1504
AVA,AVISTA CORP,left,4,2726
AVAV,AEROVIRONMENT INC,right,1,3337
AVB,AVALONBAY CMNTYS INC,left,4,2028
AVD,AMERICAN VANGUARD CORP,right,2,3512
AVEO,AVEO PHARMACEUTICALS INC,left,4,2290
AVGO,BROADCOM INC,right,5,1679
AVHI,A V HOMES INC,left,1,2115
AVID,AVID TECHNOLOGY INC,left,4,2551
AVT,AVNET INC,left,4,2813
AVX,AVX CORP,left,4,2901
AVY,AVERY DENNISON CORP,left,4,2377
AVYA,AVAYA HOLDINGS CORP,left,4,2202
AWI,ARMSTRONG WORLD INDS INC,right,3,2028
AWK,AMERICAN WTR WKS CO INC,right,2,3687
AWR,AMERICAN STATES WATER CO,right,2,3337
AX,AXUANTICA CORP,left,3,4123
AXAS,ABRAXAS PETE CORP,left,1,3250
AXDX,ACCELERATE DIAGNOSTICS,left,1,3774
AXE,ANIXTER INTERNATIONAL,left,3,1853
AXGN,AXOGEN INC,left,4,3337
AXL,AMERICAN AXLE & MFG,right,2,1940
AXP,AMERICAN EXPRESS CO,right,2,2377
AXS,AXIS CAPITAL HOLDINGS,left,4,3250
AXTA,AXALTA COATING SYSTEMS,left,4,3076
AXTI,AXT INC,left,4,3512
AXUA,EVOXUA WATER TECH,left,11,3337
AYI,ACUITY BRANDS INC,left,1,5084
AYR,AIRCASTLE LTD,right,1,4909
AYX,ALTERYX INC,left,2,4560
AZO,AUTOZONE INC,left,4,1940
AZPN,ASPEN TECHNOLOGY INC,right,3,3512
AZZ,AZZ INC,left,4,3599
B,BARNES GROUP INC,right,4,1853
BA,BOEING CO,left,5,2988
BABY,NATUS MEDICAL INC,left,21,1416
BAC,BANK OF AMERICA CORP,left,4,4909
BAH,BOOZ ALLEN HAMILTON HLDG,left,5,3774
BANC,BANC OF CALIFORNIA INC,left,4,4385
BANF,BANCFIRST CORP,left,4,4473
BANR,BANNER CORP,right,4,1504
BAS,BASIC ENERGY SERVICES,right,4,2028
BATRA,LIBERTY BRAVES SERIES A,right,17,3512
BATRK,LIBERTY BRAVES SERIES C,right,17,3599
BAX,BAXTER INTERNATIONAL INC,right,4,2202
BBBY,BED BATH & BEYOND INC,right,4,2988
BBGI,BEASLEY BROADCAST GROUP,right,4,2726
BBSI,BARRETT BUSINESS SERVICE,right,4,1940
BBT,BB&T CORP,right,4,2377
BBX,BBX CAPITAL CORP,right,4,2464
BBY,BEST BUY INC,right,4,4123
BC,BRUNSWICK CORP,right,5,2551
BCBP,BCB BANCORP INC,right,4,2551
BCC,BOISE CASCADE COMPANY,left,5,3250
BCEI,BONANZA CREEK ENER INC,left,5,3512
BCML,BAYCOM CORPORATION,right,4,2290
BCO,BRINKS CO,left,6,1416
BCOR,BLUCORA INC,left,5,2202
BCOV,BRIGHTCOVE INC,left,5,5258
BCPC,BALCHEM CORP,left,4,4123
BCRI,BCS RESTAURANTS INC,right,5,1416
BCRX,BIOCRYST PHARMACEUTICALS,right,4,4734
BDC,BELDEN INC,right,4,3163
BDGE,BRIDGE BANCORP INC,left,5,4909
BDN,BRANDYWINE REALTY TRUST,left,5,4822
BDX,BECTON DICKINSON & CO,right,4,2901
BEAT,BIOTELEMETRY INC,right,5,1242
BECN,BEACON ROOFING SUPPLY,right,4,2639
BEL,BELMOND LTD,right,4,3337
BELFB,BEL FUSE INC,right,4,3076
BEN,FRANKLIN RESOURCES INC,right,12,2726
BERY,BERRY GLOBAL GROUP,right,4,4036
BF.A,BROWN FORMAN CORP CL A,right,5,2202
BF.B,BROWN FORMAN CORP CL B,right,5,2290
BFAM,BRIGHT HORIZON FAMILY,left,5,5171
BFIN,BANKFINANCIAL CORP,left,5,1329
BFS,SAUL CENTERS INC,left,26,2115
BFST,BUSINESS FIRST BANCSHARE,right,5,3163
BG,BUNGE LIMITED,right,5,2988
BGCP,BGC PARTNERS INC,right,4,4298
BGFV,BIG 1 SPORTING GOODS,right,4,4385
BGG,BRIGGS & STRATTON CO,left,5,5084
BGS,B & G FOODS INC,left,4,3687
BGSF,BG STAFFING INC,right,4,4210
BH,BIGLARI HOLDINGS B,right,4,4647
BH.A,BIGLARI HOLDINGS A,right,4,4560
BHB,BAR HBR BANKSHARES,right,4,1591
BHBK,BLUE HILLS BANCORP INC,left,5,2377
BHE,BENCHMARK ELECTRONICS,right,4,3512
BHF,BRIGHTHOUSE FINANCIAL,left,5,5345
BHGE,BAKER HUGHES GE,left,4,4036
BHLB,BERKSHIRE HILLS BANCORP,right,4,3948
BHR,BRAEMAR HOTELS & RESORTS,left,5,4734
BHVN,BIOHAVEN PHARMACEUTICAL,right,4,4909
BIG,BIG LOTS INC,right,4,4473
BIIB,BIOGEN INC,right,4,4822
BIO,BIO-RAD LABORATORIES INC,right,4,5084
BIOS,BIOSCRIP INC,right,4,5171
BK,BANK OF NEW YORK MELLON,left,4,5171
BKD,BROOKDALE SENIOR LIVING,right,5,1853
BKE,BUCKLE INC,right,5,2813
BKH,BLACK HILLS CORP,left,5,1504
BKI,BLACK KNIGHT,left,5,1591
BKNG,BOOKING HOLDINGS INC,left,5,3599
BKS,BARNES & NOBLE INC,right,4,1766
BKU,BANKUNITED INC,left,5,1416
BL,BLACKLINE INC,left,5,1766
BLBD,BLUE BIRD CORP,left,5,2290
BLCM,BELLICUM PHARMACEUTICALS,right,4,3250
BLD,TOPBUILD CORP,left,29,3076
BLDR,BUILDERS FIRSTSOURCE INC,right,5,2901
BLK,BLACKROCK INC,left,5,1853
BLKB,BLACKBAUD INC,left,5,1679
BLL,BALL CORP,left,4,4298
BLMN,BLOOMIN' BRANDS INC,left,5,2115
BLMT,BSB BANCORP INC MD,right,5,2726
BLUE,BLUEBIRD BIO INC,left,5,2464
BLX,BANCO LATINOAMERICANO,left,4,4560
BMCH,BMC STOCK HOLDINGS INC,left,5,2901
BMI,BADGER METER INC,left,4,3948
BMRC,BANK OF MARIN BANCORP,left,4,5084
BMRN,BIOMARIN PHARMACEUTICAL,right,4,4996
BMS,BEMIS INC,right,4,3425
BMTC,BRYN MAWR BANK CORP,right,5,2639
BMY,BRISTOL MYERS SXUIBB,left,6,1504
BNCL,BENEFICIAL BANCORP INC,right,4,3599
BNED,BARNES & NOBLE EDUCATION,right,4,1679
BNFT,BENEFITFOCUS INC,right,4,3687
BOCA,BOCANGLES INC,left,5,3337
BOCH,BANK COMM HLDGS,left,4,4822
BOFI,BOFI HLDG INC,left,5,3076
BOH,BANK OF HAWAII CORP,left,4,4996
BOKF,BOK FINANCIAL CORP,left,5,3425
BOLD,AUDENTES THERAPEUTICS,left,4,1591
BOMN,BOSTON OMAHA,left,5,4036
BOOM,DMC GLOBAL INC,right,9,2377
BOOT,BOOT BARN HOLDINGS,left,5,3687
BOX,BOX INC,left,5,4473
BPFH,BOSTON PRIVATE FINANCIAL,left,5,4123
BPMC,BLUEPRINT MEDICINES CORP,left,5,2726
BPOP,POPULAR INC,left,23,4560
BPRN,BANK OF PRINCETON,left,4,5345
BR,BROADRIDGE FINANCIAL INC,right,5,1766
BRC,BRADY CORP,left,5,4647
BREW,CRAFT BREW ALLIANCE,right,8,2988
BRG,BLUEROCK RESIDENT REIT,left,5,2813
BRK.B,BERKSHIRE HATHAWAY INC,right,4,3861
BRKL,BROOKLINE BANCORP INC,right,5,1940
BRKR,BRUKER CORP,right,5,2464
BRKS,BROOKS AUTOMATION INC,right,5,2028
BRO,BROWN & BROWN INC,right,5,2115
BRS,BRISTOW GROUP INC,right,5,1504
BRSS,GLOBAL BRASS & COPPR HLD,left,13,4473
BRT,BRT APARTMENTS CORP,right,5,2377
BRX,BRIXMOR PROPERTY GROUP,right,5,1591
BSET,BASSETT FURNITURE INDS,right,4,2115
BSIG,BRIGHTSPHERE INVESTMENT,left,6,1242
BSRR,SIERRA BANCORP,left,26,3774
BSTC,BIOSPECIFICS TECHNO CORP,right,4,5258
BSX,BOSTON SCIENTIFIC CO,left,5,4298
BTU,PEABODY ENERGY CORP,right,22,3076
BTX,BIOTIME INC,right,5,1329
BURL,BURLINGTON STORES INC,right,5,3076
BUSE,FIRST BUSEY CORP,right,11,4298
BW,BABCOCK & WILCOX ENT,left,4,3861
BWA,BORG WARNER INC,left,5,3861
BWB,BRIDGEWATER BANCSHARES,left,5,4996
BWFG,BANKWELL FINL GROUP INC,right,4,1416
BWINB,BALDWIN & LYONS INC,left,4,4210
BWXT,BWX TECHNOLOGIES INC,right,5,3250
BXC,BLUELINX HOLDINGS INC,left,5,2639
BXG,BLUEGREEN VACATIONS CORP,left,5,2551
BXMT,BLACKSTONE MORTGAGE TRST,left,5,1940
BXP,BOSTON PROPERTIES INC,left,5,4210
BXS,BANCORPSOUTH BANK,left,4,4734
BY,BYLINE BANCORP,right,5,3337
BYD,BOYD GAMING CORP,left,5,4560
BZH,BEAZER HOMES USA INC,right,4,2813
C,CITIGROUP INC,left,7,4996
CA,CA INC,right,5,3687
CABO,CABLE ONE INC,right,5,3774
CAC,CAMDEN NATIONAL CORP,left,6,1853
CACC,CREDIT ACCEP CORP MICH,right,8,3337
CACI,CACI INTERNATIONAL INC,right,5,4123
CACK,CACK IN THE BOX INC,left,17,1329
CADE,CADENCE BANCORP,right,5,4298
CAG,CONAGRA BRANDS INC,left,8,2639
CAH,CARDINAL HEALTH INC,left,6,3337
CAI,CAI INTERNATIONAL INC,right,5,4734
CAKE,CHEESECAKE FACTORY INC,left,7,1679
CAL,CALERES INC,right,5,5084
CALA,CALITHERA BIOSCIENCES,right,5,5345
CALM,CAL MAINE FOODS INC,right,5,4822
CALX,CALIX INC,right,6,1242
CAMP,CALAMP CORP,right,5,4909
CAR,AVIS BUDGET GROUP INC,left,4,2639
CARA,CARA THERAPEUTICS INC,left,6,2988
CARB,CARBONITE INC,left,6,3250
CARG,CARGURUS INC,left,6,4036
CARO,CAROLINA FINL CORP,left,6,4385
CASA,CASA SYSTEMS INC,left,6,5084
CASH,META FINANCIAL GROUP INC,left,19,4036
CASI,CASI PHARMACEUTICALS INC,left,6,5345
CASS,CASS INFORMATION SYSTEMS,left,7,1242
CASY,CASEYS GENERAL STORES,left,6,5258
CAT,CATERPILLAR INC,right,6,1766
CATC,CAMBRIDGE BANCORP,left,6,1766
CATM,CARDTRONICS PLC,left,6,3599
CATO,CATO CORP,right,6,1940
CATY,CATHAY GENERAL BANCORP,right,6,1853
CAVM,CAVIUM INC,right,6,2115
CAX,C ALEXANDERS HOLDINGS,left,16,5258
CAZZ,CAZZ PHARMACEUTICALS PLC,left,17,1679
CB,CHUBB LIMITED,left,7,3425
CBAY,CYMABAY THERAPEUTICS INC,right,9,1416
CBB,CINCINNATI BELL INC,left,7,4123
CBFV,CB FINL SVCS INC,right,6,2202
CBGS,CBG SMITH PROPERTIES,left,17,1853
CBHT,CB HUNT TRANS SVCS INC,left,17,1766
CBIO,CATALYST BIOSCIENCES INC,left,7,1591
CBL,CBL & ASSOC PPTYS INC,right,6,2377
CBLK,CARBON BLACK,left,6,3163
CBLU,CETBLUE AIRWAYS CORP,left,17,2202
CBM,CAMBREX CORP,left,6,1679
CBMG,CELLULAR BIOMEDICINE GRP,right,6,3425
CBOE,CBOE GLOBAL MARKETS INC,right,6,2464
CBPX,CONTINENTAL BLDG PRODS,left,8,3948
CBRE,CBRE GROUP INC,right,6,2551
CBRL,CRACKER BARREL STORE,right,8,2901
CBS,CBS CORPORATION,right,6,2639
CBSH,COMMERCE BANCSHARES INC,right,8,1329
CBSS,SANFILIPPO COHN B & SON,left,26,1679
CBT,CABOT CORP,right,5,3861
CBTX,CBTX INC,right,6,2726
CBU,COMMUNITY BANK SYSTEMS,right,8,1679
CBZ,CBIZ INC,right,6,2290
CC,C&C ENERGY SERVICES INC,right,5,3599
CCAP,CERNIGAN CAP INC,left,17,2115
CCBG,CAPITAL CITY BANK GROUP,left,6,2464
CCF,CHASE CORP,right,7,1504
CCI,CROWN CASTLE INTL CORP,right,8,3687
CCK,CROWN HOLDINGS INC,right,8,3774
CCL,CARNIVAL CORP,left,6,4298
CCMP,CABOT MICROELECTRONICS,right,5,3948
CCNE,CNB FINL CORP PA,right,7,2901
CCO,CLEAR CHANNEL OUTDOOR,right,7,1766
CCOI,COGENT COMM HOLDINGS,right,7,3687
CCOM,C2 GLOBAL INC,left,16,5345
CCP,PENNEY C C INC,right,22,3599
CCRN,CROSS COUNTRY HEALTHCARE,right,8,3599
CCS,CENTURY COMMUNITIES INC,right,6,4647
CCSF,C & C SNACK FOODS CO,left,16,5171
CCXI,CHEMOCENTRYX INC,left,7,2115
CDAY,CERIDIAN HCM HOLDING,right,6,4822
CDE,COEUR MINING INC,right,7,3599
CDEV,CENTENNIAL RESOURCE DEV,right,6,3687
CDK,CDK GLOBAL INC,right,6,2813
CDLX,CARDLYTICS INC,left,6,3512
CDMO,AVID BIOSERVICES INC,left,4,2464
CDNA,CAREDX INC,left,6,3774
CDNS,CADENCE DESIGN SYSTEMS,right,5,4385
CDR,CEDAR REALTY TRUST INC,right,6,3076
CDW,CDW CORPORATION,right,6,2901
CDXC,CHROMADEX CORP,left,7,3337
CDXS,CODEXIS INC,right,7,3425
CDZI,CADIZ INC,right,5,4473
CE,CELANESE CORP,right,6,3163
CEC,CACOBS ENGINEERING GRP,left,17,1416
CECE,CECO ENVIRONMENTAL CORP,right,6,2988
CECO,CAREER EDUCATION CORP,left,6,3861
CEF,CEFFERIES FINANCIAL GRP,left,17,1940
CEIX,CONSOL ENERGY INC,left,8,3425
CELD,CELD-WEN HOLDING INC,left,17,2028
CELG,CELGENE CORP,right,6,3337
CELH,CELSIUS HOLDINGS INC,right,6,3512
CENT,CENTRAL GARDEN & PET CO,right,6,4036
CENTA,CENTRAL GARDEN & PET CO,right,6,4123
CENX,CENTURY ALUMINUM CO,right,6,4385
CERN,CERNER CORP,right,6,4909
CERS,CERUS CORP,right,6,4996
CETV,CENTRAL EUROPEAN MEDIA,right,6,3948
CEVA,CEVA INC,right,6,5084
CF,CF INDUSTRIES HOLDINGS,right,6,5171
CFFI,C & F FINANCIAL CORP,right,5,3425
CFFN,CAPITOL FEDERAL FINL INC,left,6,2726
CFG,CITIZENS FINANCIAL INC,left,7,5171
CFR,CULLEN FROST BANKERS,right,8,4734
CFX,COLFAX CORP,right,7,4385
CGNX,COGNEX CORP,right,7,3774
CHCO,CITY HOLDING CO,left,8,1242
CHCT,COMMUNITY HEALTHCARE TR,left,8,2028
CHD,CHURCH & DWIGHT INC,left,7,3512
CHDN,CHURCHILL DOWNS INC,left,7,3599
CHE,CHEMED CORPORATION,left,7,1940
CHEF,CHEFS' WHAREHOUSE INC,left,7,1766
CHFC,CHEMICAL FINANCIAL CORP,left,7,2028
CHFN,CHARTER FINL CORP WEST,right,7,1416
CHGG,CHEGG INC,left,7,1853
CHH,CHOICE HOTELS INTL INC,left,7,3250
CHK,CHESAPEAKE ENERGY CORP,left,7,2464
CHMG,CHEMUNG FINL CORP,left,7,2202
CHMI,CHERRY HILL MORTGAGE INV,left,7,2377
CHRS,COHERUS BIOSCIENCES,right,7,4210
CHRW,C H ROBINSON WORLDWIDE,right,5,3512
CHS,CHICOS FAS INC,left,7,2813
CHSP,CHESAPEAKE LODGING TRUST,left,7,2551
CHTR,CHARTER COMM INC,right,7,1329
CHUY,CHUY'S HOLDINGS INC,left,7,3687
CI,CIGNA CORP,left,7,3861
CIA,CITIZENS INC,left,7,5258
CIEN,CIENA CORP,left,7,3774
CILL,CCILL INC,left,17,2290
CIM,CHIMERA INVESTMENT CORP,left,7,2988
CINF,CINCINNATI FINANCIAL,left,7,4210
CIO,CITY OFFICE REIT INC,left,8,1329
CIR,CIRCOR INTERNATIONAL INC,left,7,4473
CIT,CIT GROUP INC,left,7,4822
CIVB,CIVISTA BANCSHARES INC,left,8,1416
CIVI,CIVITAS SOLUTIONS,left,8,1504
CIX,COMPX INTERNATIONAL INC,left,8,2464
CKH,SEACOR HOLDINGS INC,right,25,4036
CKHY,HENRY CACK & ASSOCIATES,left,15,2115
CL,COLGATE PALMOLIVE CO,right,7,4473
CLAR,CLARUS CORPORATION,left,8,1591
CLBK,COLUMBIA FINANCIAL INC,right,7,4909
CLD,CLOUD PEAK ENERGY INC,right,7,2377
CLDR,CLOUDERA INC,right,7,2464
CLDT,CHATHAM LODGING TR,right,7,1591
CLF,CLEVELAND-CLIFFS INC,right,7,2115
CLFD,CLEARFIELD INC,right,7,1853
CLGX,CORELOGIC INC,left,8,5171
CLH,CLEAN HARBORS INC,right,7,1679
CLI,MACK CALI REALTY CORP,left,18,4473
CLL,CONES LANG LASALLE INC,right,16,2639
CLNC,COLONY CR RE INC (A),right,7,4734
CLNE,CLEAN ENERGY FUELS CORP,left,8,1679
CLNY,COLONY CAPITAL INC,right,7,4647
CLPR,CLIPPER REALTY INC,right,7,2202
CLR,CONTINENTAL RESOURCES,left,8,4036
CLSD,CLEARSIDE BIOMEDICAL INC,right,7,1940
CLUB,TOWN SPORTS INTL,left,29,3512
CLVS,CLOVIS ONCOLOGY INC,right,7,2551
CLW,CLEARWATER PAPER CORP,right,7,2028
CLX,CLOROX CO,right,7,2290
CMA,COMERICA INC,right,7,5345
CMC,COMMERCIAL METALS CO,right,8,1416
CMCO,COLUMBUS MCKINNON CORP,right,7,5171
CMCSA,COMCAST CORP CL A,right,7,5258
CMD,CANTEL MEDICAL CORP,left,6,2290
CME,CME GROUP INC,right,7,2639
CMG,CHIPOTLE MEXICAN GRILL,left,7,3163
CMI,CUMMINS INC,right,8,4909
CMO,CAPSTEAD MORTGAGE CORP,left,6,2901
CMP,COMPASS MINERALS INTL,left,8,2290
CMPR,CIMPRESS NV,left,7,4036
CMRE,COSTAMARE INC,right,8,1766
CMRX,CHIMERIX INC,left,7,3076
CMS,CMS ENERGY CORP,right,7,2726
CMTL,COMTECH TELECOMM,left,8,2551
CNA,CNA FINANCIAL CORP,right,7,2813
CNBKA,CENTURY BANCORP INC,right,6,4473
CNC,CENTENE CORP,right,6,3599
CNCE,CONCERT PHARMACEUTICALS,left,8,2726
CNDT,CONDUENT INC,left,8,2901
CNK,CINEMARK HOLDINGS INC,left,7,4298
CNMD,CONMED CORP,left,8,2988
CNNE,CANNAE HOLDINGS INC,left,6,2202
CNO,CNO FINANCIAL GROUP,right,7,2988
CNOB,CONNECTONE BANCORP INC,left,8,3163
CNP,CENTERPOINT ENERGY INC,right,6,3774
CNPR,CUNIPER NETWORKS INC,right,16,2901
CNS,COHEN & STEERS INC,right,7,4036
CNSL,CONSOLIDATED COMM,left,8,3512
CNTY,CENTURY CASINOS INC,right,6,4560
CNX,CNX RESOURCES CORP,right,7,3076
CNXN,P C CONNECTION,left,22,3774
COBZ,COBIZ FINANCIAL INC,right,7,3163
COE,ST COE CO,right,27,2290
COF,CAPITAL ONE FINANCIAL,left,6,2551
COG,CABOT OIL & GAS CORP,right,5,4036
COHR,COHERENT INC,right,7,4123
COHU,COHU INC,right,7,4298
COKE,COCA COLA BOTTLING,right,7,3250
COL,ROCKWELL COLLINS INC,right,25,2202
COLB,COLUMBIA BKG SYSTEM INC,right,7,4822
COLD,AMERICOLD REALTY TRUST,right,2,3861
COLL,COLLEGIUM PHARMACEUTICAL,right,7,4560
COLM,COLUMBIA SPORTSWEAR CO,right,7,5084
COMM,COMMSCOPE HOLDING CO,right,8,1591
CONE,CYRUSONE INC,right,9,1591
CONN,CONNS INC,left,8,3250
COO,COOPER COMPANIES INC,left,8,4385
COOL,POLARITYTE INC,left,23,4298
COR,CORESITE REALTY CORP,left,9,1242
CORE,CORE MARK HOLDING CO INC,left,8,4996
CORI,CORIUM INTL INC,left,9,1329
CORR,CORENERGY INFRASTRUCT,left,8,5258
CORT,CORCEPT THERAPEUTICS INC,left,8,4909
COST,COSTCO WHOLESALE CORP,right,8,1940
COTV,COTIVITI HOLDINGS INC,right,8,2028
COTY,COTY INC,right,8,2115
COUP,COUPA SOFTWARE INC,right,8,2290
COUT,COHNSON OUTDOORS INC,right,16,2551
COWN,COWEN INC,right,8,2726
CPA,COPA HOLDINGS SA,left,8,4647
CPB,CAMPBELL SOUP CO,left,6,2028
CPE,CALLON PETROLEUM CO,right,6,1416
CPF,CENTRAL PACIFIC FINL,right,6,4210
CPK,CHESAPEAKE UTILITIES,left,7,2639
CPLA,CAPELLA EDUCATION CO,left,6,2377
CPLG,COREPOINT LODGINGS INC,left,8,5345
CPM,CPMORGAN CHASE & CO,right,16,2813
CPRT,COPART INC,left,8,4734
CPRX,CATALYST PHARMACEUTICALS,right,6,1591
CPS,COOPER STD HLDGS INC,left,8,4473
CPSI,COMPUTER PROGRAMS & SYS,left,8,2377
CPT,CAMDEN PROPERTY TRUST,left,6,1940
CR,CRANE CO,right,8,3076
CRAI,CRA INTERNATIONAL INC,right,8,2813
CRAY,CRAY INC,right,8,3250
CRBP,CORBUS PHARMACEUTICALS,left,8,4822
CRC,CALIFORNIA RESOURCES,right,5,5171
CRCM,CARE.COM INC,left,6,3687
CRD.B,CRAWFORD & CO,right,8,3163
CREE,CREE INC,right,8,3425
CRI,CARTER INC,left,6,4909
CRL,CHARLES RIVER LABS INTL,right,6,5345
CRM,SALESFORCE COM INC,left,25,5345
CRMT,AMERICAS CAR-MART INC,right,2,3774
CROX,CROCS INC,right,8,3512
CRR,CARBO CERAMICS INC,left,6,3076
CRS,CARPENTER TECHNOLOGY,left,6,4473
CRUS,CIRRUS LOGIC INC,left,7,4560
CRVL,CORVEL CORP,left,9,1679
CRVR,CAMES RIVER GROUP HLDG,left,17,1591
CRVS,CORVUS PHARMACEUTICALS,left,9,1766
CRY,CRYOLIFE INC,right,8,3861
CRZO,CARRIZO OIL & GAS INC,left,6,4647
CSCO,CISCO SYSTEMS INC,left,7,4647
CSFL,CENTERSTATE BANK CORP,right,6,3861
CSGP,COSTAR GROUP INC,right,8,1853
CSGS,CSG SYSTEMS INTL INC,right,8,4036
CSII,CARDIOVASCULAR SYS INC,left,6,3425
CSL,CARLISLE COS INC,left,6,4123
CSLT,CASTLIGHT HEALTH INC,left,7,1416
CSOD,CORNERSTONE ONDEMAND INC,left,9,1416
CSTE,CAESARSTONE LTD,right,5,4647
CSTR,CAPSTAR FINANCIAL HLDG,left,6,2813
CSU,CAPITAL SENIOR LIVING,left,6,2639
CSV,CARRIAGE SERVICES INC,left,6,4560
CSWI,CSW INDUSTRIALS INC,right,8,4123
CSX,CSX CORP,right,8,4210
CTAS,CINTAS CORP,left,7,4385
CTB,COOPER TIRE & RUBBER CO,left,8,4560
CTBI,COMMUNITY TRUST BANCORP,left,8,2115
CTIC,CTI BIOPHARMA CORP,right,8,4298
CTL,CENTURYLINK INC,right,6,4734
CTLT,CATALENT INC,left,7,1504
CTMX,CYTOMX THERAPEUTICS INC,left,9,1853
CTO,CONSOLIDATED TOMOKA LAND,left,8,3687
CTRE,CARETRUST REIT INC,left,6,3948
CTRL,CONTROL4 CORPORATION,left,8,4123
CTRN,CITI TRENDS INC,left,7,4909
CTS,CTS CORP,right,8,4385
CTSH,COGNIZANT TECH SOLUTIONS,right,7,3861
CTSO,CYTOSORBENTS CORP,left,9,1940
CTT,CATCHMARK TIMBER TRUST,right,6,1679
CTWS,CONNECTICUT WATER SVC,left,8,3076
CTXS,CITRIX SYSTEMS INC,left,7,5345
CUB,CUBIC CORP,right,8,4560
CUBI,CUSTOMERS BANCORP INC,right,8,5171
CUE,CUE BIOPHARMA INC,right,8,4647
CULP,CULP INC,right,8,4822
CURO,CURO GROUP HOLDINGS CORP,right,8,4996
CUTR,CUTERA INC,right,8,5258
CUZ,COUSINS PROPERTIES INC,right,8,2377
CVA,COVANTA HOLDING CORP,right,8,2464
CVBF,CVB FINANCIAL CORP,right,8,5345
CVCO,CAVCO INDUSTRIES INC,right,6,2028
CVCY,CENTRAL VALLEY CMNTY,right,6,4298
CVG,CONVERGYS CORP,left,8,4298
CVGI,COMMERCIAL VEH GROUP INC,right,8,1504
CVGW,CALAVO GROWERS INC,right,5,4996
CVI,CVR ENERGY INC,right,9,1242
CVIA,COVIA HOLDINGS CORP,right,8,2639
CVLT,COMMVAULT SYSTEMS INC,left,8,2202
CVLY,CODORUS VY BANCORP INC,right,7,3512
CVNA,CARVANA CO,left,6,4996
CVON,CONVERGEONE HOLDINGS (A),left,8,4210
CVS,CVS HEALTH CORPORATION,right,9,1329
CVTI,COVENANT TRANS GRP INC,right,8,2551
CVX,CHEVRON CORP,left,7,2726
CW,CURTISS WRIGHT CORP,right,8,5084
CW.A,WILEY COHN & SONS INC,left,31,4036
CWBR,COHBAR INC,right,7,3948
CWCO,CONSOLIDATED WATER CO,left,8,3774
CWH,CAMPING WORLD HOLDINGS,left,6,2115
CWN,NORDSTROM INC,right,21,2726
CWST,CASELLA WASTE SYSTEMS,left,6,5171
CWT,CALIFORNIA WTR SVC GRP,right,5,5258
CXO,CONCHO RESOURCES INC,left,8,2813
CXP,COLUMBIA PPTY TR INC,right,7,4996
CXW,CORECIVIC INC,left,8,5084
CY,CYPRESS SEMICONDUCTOR,right,9,1504
CYH,COMMUNITY HEALTH SYSTEMS,left,8,1940
CYRX,CRYOPORT INC,right,8,3948
CYS,CYS INVESTMENTS INC,right,9,1679
CYTK,CYTOKINETICS INC,right,9,1766
CZNC,CITIZENS & NORTHERN CORP,left,7,5084
CZR,CAESARS ENTMT CORP,right,5,4560
D,DOMINION ENERGY INC,right,9,2813
DAKT,DAKTRONICS INC,left,9,2202
DAL,DELTA AIR LINES INC,left,9,3948
DAN,DANA INCORPORATED,left,9,2290
DAR,DARLING INGREDIENTS INC,left,9,2551
DATA,TABLEAU SOFTWARE INC,right,27,4123
DBD,DIEBOLD NIXDORF,left,10,1242
DCCO,DAILY COURNAL CORP,left,9,2115
DCI,DONALDSON INC,right,9,3076
DCO,DUCOMMUN INC,right,9,4473
DCOM,DIME CMNTY BANCSHARES,left,10,1679
DCPH,DECIPHERA PHARMACEUTICAL,left,9,3337
DCT,DCT INDUSTRIAL TRUST INC,left,9,3076
DDD,3D SYSTEMS CORP,left,1,1853
DDR,DDR CORP,left,9,3163
DDS,DILLARDS INC,left,10,1591
DE,DEERE & CO,left,9,3512
DEA,EASTERLY GOVERNMENT PPTY,left,10,1940
DECK,DECKERS OUTDOOR CORP,left,9,3425
DEI,DOUGLAS EMMETT INC,right,9,3687
DENN,DENNYS CORP,left,9,4298
DEPO,DEPOMED INC,left,9,4473
DERM,DERMIRA INC,left,9,4560
DF,DEAN FOODS COMPANY,left,9,3250
DFIN,DONNELLEY FINANCIAL,right,9,3250
DFRG,DEL FRISCOS RESTAURANT,left,9,3599
DFS,DISCOVER FINANCIAL SRVC,right,9,1940
DG,DOLLAR GENERAL CORP,right,9,2639
DGICA,DONEGAL GROUP INC,right,9,3163
DGII,DIGI INTL INC,left,10,1329
DGX,XUEST DIAGNOSTICS INC,right,24,2813
DHI,D R HORTON INC,left,9,2028
DHIL,DIAMOND HILL INVESTMENT,left,9,4909
DHR,DANAHER CORP,left,9,2377
DHT,DHT HOLDINGS INC,left,9,4822
DIN,DINE BRANDS GLOBAL INC,left,10,1766
DIOD,DIODES INC,left,10,1853
DIS,DISNEY WALT CO,right,9,2290
DISCA,DISCOVERY INC SERIES A,right,9,2028
DISCK,DISCOVERY INC SERIES C,right,9,2115
DISH,DISH NETWORK CORP,right,9,2202
DK,DELEK US HLDGS INC,left,9,3774
DKS,DICKS SPORTING GOODS INC,left,9,5345
DLB,DOLBY LABORATORIES INC,right,9,2551
DLR,DIGITAL REALTY TRUST INC,left,10,1504
DLTH,DULUTH HOLDINGS INC,right,9,4734
DLTR,DOLLAR TREE INC,right,9,2726
DLX,DELUXE CORP,left,9,4036
DMRC,DIGIMARC CORPORATION,left,10,1416
DNB,DUN & BRADSTREET CORP,right,9,4822
DNKN,DUNKIN BRANDS GROUP INC,right,9,4909
DNLI,DENALI THERAPEUTICS INC,left,9,4123
DNOW,NOW INC,left,21,4298
DNR,DENBURY RESOURCES INC,left,9,4210
DO,DIAMOND OFFSHR DRILLING,left,9,4996
DOC,PHYSICIANS REALTY TRUST,right,23,2202
DOOR,MASONITE INTL CORP,right,18,3687
DORM,DORMAN PRODUCTS INC,right,9,3512
DOV,DOVER CORP,right,9,3861
DOVA,DOVA PHARMACEUTICALS,right,9,3774
DOX,AMDOCS LTD,right,2,1242
DPLO,DIPLOMAT PHARMACY INC,right,9,1853
DPS,DR PEPPER SNAPPLE GROUP,right,9,4036
DPZ,DOMINOS PIZZA INC,right,9,2901
DRE,DUKE REALTY CORP,right,9,4647
DRH,DIAMONDROCK HOSPITALITY,left,9,5171
DRI,DARDEN RESTAURANTS INC,left,9,2464
DRNA,DICERNA PHARMACEUTICALS,left,9,5258
DRRX,DURECT CORP,right,9,4996
DRX,DRIL-XUIP INC,right,9,4123
DS,DRIVE SHACK,right,9,4210
DSKE,DASEKE INC,left,9,2726
DSW,DSW INC,right,9,4298
DTE,DTE ENERGY CO,right,9,4385
DUK,DUKE ENERGY CORP,right,9,4560
DVA,DAVITA INC,left,9,2901
DVAX,DYNAVAX TECHNOLOGIES,right,9,5345
DVMT,DELL TECHNOLOGIES,left,9,3861
DVN,DEVON ENERGY CORP,left,9,4647
DWDP,DOWDUPONT INC,right,9,3948
DWSN,DAWSON GEOPHYSICAL CO,left,9,2988
DX,DYNEX CAPITAL INC,right,10,1242
DXC,DXC TECHNOLOGY COMPANY,right,9,5084
DXCM,DEXCOM INC,left,9,4734
DXPE,DXP ENTERPRISES INC,right,9,5171
DY,DYCOM INDUSTRIES INC,right,9,5258
DZSI,DASAN ZHONE SOLUTIONS,left,9,2639
EA,ELECTRONIC ARTS INC,left,10,4036
EAF,GRAFTECH INTERNATIONAL,right,13,2464
EAT,BRINKER INTERNATIONAL,left,6,1329
EBAY,EBAY INC,left,10,2551
EBF,ENNIS INC,right,10,2464
EBIX,EBIX INC,left,10,2639
EBS,EMERGENT BIOSOLUTIONS,left,10,4909
EBSB,MERIDIAN BANCORP INC,left,19,3425
EBTC,ENTERPRISE BANCORP INC,right,10,3337
ECHO,ECHO GLOBAL LOGISTICS,left,10,2726
ECL,ECOLAB INC,left,10,2988
ECOL,US ECOLOGY INC,right,29,5258
ECOM,CHANNELADVISOR CORP,right,6,5258
ECPG,ENCORE CAPITAL GROUP INC,left,11,1329
ECR,ECLIPSE RESOURCES CORP,left,10,2901
ECYT,ENDOCYTE INC,left,11,1591
ED,CONSOLIDATED EDISON INC,left,8,3599
EDIT,EDITAS MEDICINE INC,left,10,3250
EDR,EDUCATION REALTY TRUST,left,10,3337
EE,EL PASO ELECTRIC CO,left,10,3687
EEFT,EURONET WORLDWIDE INC,left,11,2202
EEX,EMERALD EXPOSITIONS,left,10,4822
EFII,ELECTRONICS FOR IMAGING,left,10,4123
EFSC,ENTERPRISE FINL SERVICES,right,10,3425
EFX,EXUIFAX INC,right,10,4560
EGAN,EGAIN CORPORATION,left,10,3512
EGBN,EAGLE BANCORP INC,right,10,1416
EGC,ENERGY XXI GULF COAST,right,10,2202
EGHT,8X8 INC NEW,left,1,2028
EGL,ENGILITY HOLDINGS INC,right,10,2377
EGLE,EAGLE BULK SHIPPING INC,right,10,1504
EGN,ENERGEN CORP,left,11,1853
EGOV,NIC INC,right,21,1329
EGP,EASTGROUP PROPERTIES INC,left,10,2115
EGRX,EAGLE PHARMACEUTICALS,right,10,1679
EHC,ENCOMPASS HEALTH CORP,left,11,1242
EHTH,EHEALTH INC,left,10,3599
EIG,EMPLOYERS HOLDINGS INC,left,10,5258
EIGI,ENDURANCE INTERNATIONAL,left,11,1766
EIX,EDISON INTERNATIONAL,left,10,3163
EL,ESTEE LAUDER COMPANIES,right,11,1853
ELF,ELF BEAUTY INC,left,10,4298
ELGX,ENDOLOGIX INC,left,11,1679
ELLI,ELLIE MAE INC,left,10,4385
ELOX,ELOXX PHARMACEUTICALS,left,10,4560
ELS,EXUITY LIFESTYLE PROP,right,10,4909
ELVT,ELEVATE CREDIT INC,left,10,4210
ELY,CALLAWAY GOLF CO,right,6,1329
EMCI,EMC INS GROUP INC,left,10,4647
EME,EMCOR GROUP INC,left,10,4734
EML,EASTERN CO,left,10,2028
EMN,EASTMAN CHEMICAL CO,left,10,2202
EMR,EMERSON ELECTRIC CO,left,10,4996
ENDP,ENDO INTERNATIONAL PLC,left,11,1504
ENFC,ENTEGRA FINANCIAL CORP,right,10,2988
ENPH,ENPHASE ENERGY INC,right,10,2639
ENR,ENERGIZER HOLDINGS INC,left,11,1940
ENS,ENERSYS INC,right,10,2290
ENSG,ENSIGN GROUP INC,right,10,2813
ENTA,ENANTA PHARMACEUTICALS,left,10,5345
ENTG,ENTEGRIS INC,right,10,3076
ENV,ENVESTNET INC,right,10,3599
ENVA,ENOVA INTERNATIONAL INC,right,10,2551
ENZ,ENZO BIOCHEM INC,right,10,3861
EOG,EOG RESOURCES INC,right,10,3948
EOLS,EVOLUS INC,left,11,3163
EPAM,EPAM SYSTEMS INC,right,10,4123
EPAY,BOTTOMLINE TECHNOLOGIES,left,5,4385
EPC,EDGEWELL PERSONAL CARE,left,10,3076
EPE,EP ENERGY CORPORATION,right,10,4036
EPM,EVOLUTION PETROLEUM CORP,left,11,3250
EPR,EPR PROPERTIES,right,10,4385
EPZM,EPIZYME INC,right,10,4210
ERA,ERA GROUP INC,right,10,5084
ERI,ELDORADO RESORTS INC,left,10,3861
ERIE,ERIE INDEMNITY CO,right,10,5171
ERII,ENERGY RECOVERY INC,right,10,2115
EROS,EROS INTL PLC,right,10,5258
ES,EVERSOURCE ENERGY,left,11,2901
ESCA,ESCALADE INC,right,10,5345
ESE,ESCO TECHNOLOGIES INC,right,11,1242
ESGR,ENSTAR GROUP LIMITED,right,10,2901
ESIO,ELECTRO SCIENTIFIC INDS,left,10,3948
ESL,ESTERLINE TECHNOLOGIES,right,11,1940
ESND,ESSENDANT INC,right,11,1591
ESNT,ESSENT GROUP LTD,right,11,1679
ESPR,ESPERION THERAPEUTICS,right,11,1329
ESRT,EMPIRE STATE REALTY,left,10,5171
ESRX,EXPRESS SCRIPTS HOLD CO,left,11,4298
ESS,ESSEX PROPERTY TRUST INC,right,11,1766
ESSA,ESSA BANCORP INC,right,11,1504
ESTE,EARTHSTONE ENERGY INC,right,10,1766
ESX,ESXUIRE FINANCIAL HLDGS,right,11,1416
ESXB,COMMUNITY BANKERS TRUST,left,8,1766
ETFC,E TRADE FINANCIAL CORP,right,10,1329
ETH,ETHAN ALLEN INTERIORS,left,11,2028
ETM,ENTERCOM COMMUNICATIONS,right,10,3163
ETN,EATON CORP PLC,left,10,2377
ETR,ENTERGY CORP,right,10,3250
ETSY,ETSY INC,left,11,2115
EV,EATON VANCE CORP,left,10,2464
EVBG,EVERBRIDGE INC,left,11,2464
EVBN,EVANS BANCORP INC,left,11,2290
EVC,ENTRAVISION COMM,right,10,3512
EVH,EVOLENT HEALTH INC,left,11,3076
EVHC,ENVISION HEALTHCARE CORP,right,10,3774
EVI,ENVIROSTAR INC,right,10,3687
EVLO,EVELO BIOSCIENCES,left,11,2377
EVR,EVERCORE INC,left,11,2551
EVRG,EVERGY INC,left,11,2726
EVRI,EVERI HOLDINGS INC,left,11,2813
EVTC,EVERTEC INC,left,11,2988
EW,EDWARDS LIFESCIENCES,left,10,3425
EWBC,EAST WEST BANCORP INC,right,10,1853
EXAS,EXACT SCIENCES CORP,left,11,3425
EXBK,EXUITY BANCSHARE INC,right,10,4734
EXC,EXUITY COMMONWEALTH,right,10,4822
EXEL,EXELIXIS INC,left,11,3687
EXH,AXA EXUITABLE HOLDINGS,left,4,2988
EXIX,EXUINIX INC,right,10,4647
EXLS,EXLSERVICE HOLDINGS INC,left,11,3861
EXP,EAGLE MATERIALS INC,right,10,1591
EXPD,EXPEDITORS INTL OF WASH,left,11,4036
EXPE,EXPEDIA GROUP INC,left,11,3948
EXPO,EXPONENT INC,left,11,4123
EXPR,EXPRESS INC,left,11,4210
EXR,EXUITY RESIDENTIAL,right,10,4996
EXT,EXT CORPORATION,right,10,4473
EXTN,EXTERRAN CORPORATION,left,11,4473
EXTR,EXTREME NETWORKS INC,left,11,4734
EYE,NATIONAL VISION HOLDINGS,left,20,4996
EZPW,EZCORP INC,left,11,4909
F,FORD MOTOR CO,left,12,4996
FAF,FIRST AMERICAN FINL CORP,right,11,3774
FANG,DIAMONDBACK ENERGY INC,left,9,5084
FARM,FARMER BROS CO,left,12,1242
FARO,FARO TECHNOLOGIES INC,left,12,1679
FAST,FASTENAL CO,left,12,1766
FATE,FATE THERAPEUTICS INC,left,12,1853
FB,FACEBOOK INC,left,11,5171
FBC,FLAGSTAR BANCORP INC,left,12,3337
FBHS,FORTUNE BRDS HOME & SEC,left,13,1679
FBIO,FORTRESS BIOTECH INC,left,13,1591
FBIZ,FIRST BUSINESS FINL SVCS,right,11,4385
FBK,FB FINANCIAL CORP,left,12,1940
FBM,FOUNDATION BLDG MATERIAL,left,13,2115
FBMS,FIRST BANCSHARES INC MS,right,11,4123
FBNC,FIRST BANCORP NC,right,11,3948
FBNK,FIRST CONN BANCORP INC,right,11,4909
FBP,FIRST BANCORP PR,right,11,4036
FC,FRANKLIN COVEY CO,right,12,2464
FCB,FCB FINANCIAL HOLDINGS,right,11,2028
FCBC,FIRST CMNTY BANCSHAR,right,11,4647
FCBP,FIRST CHOICE BANCORP,right,11,4473
FCCO,FIRST CMNTY CORP SC,right,11,4734
FCCY,1ST CONSTITUTION BANCORP,left,1,1329
FCE.A,FOREST CITY REALTY TRUST,left,12,5171
FCEL,FUELCELL ENERGY INC,right,12,3948
FCF,FIRST COMMONWLTH FINL,right,11,4822
FCFS,FIRSTCASH INC,left,12,2726
FCN,FTI CONSULTING INC,right,12,3774
FCNCA,FIRST CITIZENS BANCSHRS,right,11,4560
FCPT,FOUR CORNERS PPTY TRUST,right,12,2202
FCX,FREEPORT-MCMORAN INC,right,12,2988
FDBC,FIDELITY D&D BANCORP INC,right,11,2988
FDC,FIRST DATA CORPORATION,right,11,4996
FDEF,FIRST DEFIANCE FINANCIAL,right,11,5084
FDP,FRESH DEL MONTE PRODUCE,right,12,3163
FDS,FACTSET RESEARCH SYSTEMS,left,11,5258
FDX,FEDEX CORP,right,11,2464
FE,FIRSTENERGY CORP,left,12,2813
FELE,FRANKLIN ELECTRIC CO,right,12,2551
FENC,FENNEC PHARMACEUTICALS,right,11,2639
FET,FORUM ENERGY TECH,left,13,1766
FEYE,FIREEYE INC,right,11,3687
FF,FUTUREFUEL CORPORATION,right,12,4298
FFBC,FIRST FINANCIAL BANCORP,right,11,5171
FFG,FBL FINANCIAL GROUP INC,left,12,2028
FFIC,FLUSHING FINANCIAL CORP,left,12,4385
FFIN,FIRST FINL BANKSHARES,right,11,5345
FFIV,F1 NETWORKS INC,left,11,4996
FFKT,FARMERS CAPITAL BK CORP,left,12,1416
FFNW,FIRST FINL NORTHWEST,right,12,1242
FFWM,FIRST FNDTN INC,right,12,1329
FG,FGL HOLDINGS,right,11,2813
FGBI,FIRST GUARANTY BANCSHARE,right,12,1416
FGEN,FIBROGEN INC,right,11,2901
FHB,FIRST HAWAIIAN INC,right,12,1504
FHN,FIRST HORIZON NATL CORP,right,12,1591
FI,FRANK'S INTERNATIONAL,right,12,2901
FIBK,FIRST INTST BANCSYSTEM,right,12,1853
FICO,FAIR ISAAC CORP,left,11,5345
FII,FEDERATED INVESTORS INC,right,11,2377
FIS,FIDELITY NATL INFO SVCS,right,11,3076
FISI,FINANCIAL INSTNS INC,right,11,3512
FISV,FISERV INC,left,12,2901
FIT,FITBIT INC,left,12,2988
FITB,FIFTH THIRD BANCORP,right,11,3337
FIVE,FIVE BELOW,left,12,3076
FIVN,FIVE? INC,left,12,3250
FIX,COMFORT SYSTEMS USA INC,right,8,1242
FIXX,HOMOLOGY MEDICINES,right,14,5171
FIZZ,NATIONAL BEVERAGE CORP,left,20,3861
FL,FOOT LOCKER INC,left,12,4909
FLDM,FLUIDIGM CORP,left,12,4210
FLIC,FIRST LONG ISLAND CORP,right,12,1940
FLIR,FLIR SYSTEMS INC,left,12,3687
FLNT,FLUENT INC,left,12,4123
FLO,FLOWERS FOODS INC,left,12,3948
FLOW,SPX FLOW INC,right,27,1940
FLR,FLUOR CORP,left,12,4298
FLS,FLOWSERVE CORP,left,12,4036
FLT,FLEETCOR TECHNOLOGIES,left,12,3425
FLWS,1-800 FLOWERS COM,left,1,1242
FLXN,FLEXION THERAPEUTICS INC,left,12,3512
FLXS,FLEXSTEEL INDUSTRIES INC,left,12,3599
FMAO,FARMERS & MERCHANTS BNCP,left,12,1329
FMBH,FIRST MID ILL BANCSHARES,left,12,2115
FMBI,FIRST MIDWEST BANCORP,left,12,2202
FMC,FMC CORP,left,12,4473
FMI,FOUNDATION MEDICINE INC,right,12,2115
FMNB,FARMERS NATL BANC CORP,left,12,1504
FNB,FNB CORP,left,12,4647
FNBG,FNB BANCORP,left,12,4560
FND,FLOOR & DECOR HOLDINGS,left,12,3774
FNF,FNF GROUP,left,12,4734
FNGN,FINANCIAL ENGINES INC,right,11,3425
FNHC,FEDNAT HOLDING COMPANY,right,11,2551
FNKO,FUNKO CLASS A,right,12,4123
FNLC,FIRST BANCORP INC,right,11,3861
FNSR,FINISAR CORP,right,11,3599
FNWB,FIRST NORTHWEST BANCORP,left,12,2290
FOE,FERRO CORP,right,11,2726
FOLD,AMICUS THERAPEUTICS INC,right,2,4560
FONR,FONAR CORP,left,12,4822
FOR,FORESTAR GROUP INC,left,12,5258
FORM,FORMFACTOR INC,left,12,5345
FORR,FORRESTER RESEARCH INC,left,13,1242
FOSL,FOSSIL GROUP INC,left,13,1940
FOX,21ST CENTURY FOX CL B,left,1,1591
FOXA,21ST CENTURY FOX CL A,left,1,1504
FOXF,FOX FACTORY HOLDING CORP,right,12,2290
FPI,FARMLAND PARTNERS INC,left,12,1591
FPRX,FIVE PRIME THERAPEUTICS,left,12,3163
FR,FIRST INDUSTRIAL RLTY TR,right,12,1679
FRAC,KEANE GROUP INC,right,16,4123
FRAN,FRANCESCAS HOLDINGS CORP,right,12,2377
FRBA,FIRST BANK WILLIAMSTOWN,right,11,4210
FRBK,REPUBLIC FIRST BANCORP,right,24,3599
FRC,FIRST REP BK SAN FRAN,left,12,2377
FRGI,FIESTA RESTAURANT GROUP,right,11,3250
FRME,FIRST MERCHANTS CORP,right,12,2028
FRO,FRONTLINE LTD,right,12,3512
FRPH,FRP HOLDINGS INC,right,12,3599
FRPT,FRESHPET INC,right,12,3250
FRT,FEDERAL REALTY INVT,right,11,2202
FRTA,FORTERRA INC,left,13,1329
FSB,FRANKLIN FINANCIAL NTWK,right,12,2639
FSBW,FS BANCORP INC,right,12,3687
FSCT,FORESCOUT TECHNOLOGIES,left,12,5084
FSFG,FIRST SAVINGS FINANCIAL,left,12,2464
FSLR,FIRST SOLAR INC,left,12,2551
FSNN,FUSION CONNECT INC,right,12,4210
FSP,FRANKLIN STREET PPTYS CO,right,12,2813
FSS,FEDERAL SIGNAL CORP,right,11,2290
FSTR,FOSTER L B CO,left,13,2028
FTK,FLOTEK INDUSTRIES INC,left,12,3861
FTNT,FORTINET INC,left,13,1416
FTR,FRONTIER COMMUNICATIONS,right,12,3425
FTSI,FTS INTERNATIONAL INC,right,12,3861
FTV,FORTIVE CORPORATION,left,13,1504
FUL,HB FULLER COMPANY,left,14,4298
FULT,FULTON FINANCIAL CORP,right,12,4036
FUNC,FIRST UNITED CORP,left,12,2639
FWONA,LIBERTY FORMULA 1 SER A,right,17,3948
FWONK,LIBERTY FORMULA 1 SER C,right,17,4036
FWRD,FORWARD AIR CORP,left,13,1853
G,GENPACT LTD,left,13,2901
GABC,GERMAN AMERICAN BANCORP,left,13,3425
GAIA,GAIA INC,right,12,4473
GATX,GATX CORP,right,13,1416
GBCI,GLACIER BANCORP INC,left,13,3948
GBL,GAMCO INVESTORS INC,right,12,4734
GBLI,GLOBAL INDEMNITY LTD,left,13,4560
GBNK,GUARANTY BANCORP,right,13,5171
GBT,GLOBAL BLOOD THERA,left,13,4385
GBX,GREENBRIER COMPANIES INC,right,13,4036
GCAP,GAIN CAPITAL HLDNGS INC,right,12,4560
GCBC,GREENE COUNTY BANCORP,right,13,4123
GCI,GANNETT CO INC,right,12,4996
GCO,GENESCO INC,left,13,2464
GCP,GCP APPLIED TECHNOLOGIES,right,13,1591
GD,GENERAL DYNAMICS CORP,right,13,1940
GDDY,GODADDY INC,left,14,1242
GDEN,GOLDEN ENTERTAINMENT INC,left,14,1591
GDI,GARDNER DENVER HOLDINGS,right,12,5171
GDOT,GREEN DOT CORP,right,13,3861
GDP,GOODRICH PETROLEUM CORP,left,14,1766
GE,GENERAL ELECTRIC CO,right,13,2028
GEF,GREIF INC,right,13,4385
GEF.B,GREIF INC,right,13,4473
GEN,GENESIS HEALTHCARE INC,left,13,2639
GENC,GENCOR INDUSTRIES INC,right,13,1766
GEO,GEO GROUP INC,left,13,3337
GERN,GERON CORP,left,13,3512
GES,GUESS INC,right,13,5345
GFF,GRIFFON CORP,right,13,4647
GFN,GENERAL FINANCE CORP,left,13,2202
GGG,GRACO INC,right,13,2377
GGP,GGP INC,left,13,3687
GHC,GRAHAM HOLDINGS COMPANY,right,13,2639
GHDX,GENOMIC HEALTH INC,left,13,2813
GHL,GREENHILL & CO INC,right,13,4210
GHM,GRAHAM CORP,right,13,2551
GIII,G-III APPAREL GROUP LTD,right,13,2115
GILD,GILEAD SCIENCES INC,left,13,3861
GIS,GENERAL MILLS INC,left,13,2290
GKOS,GLAUKOS CORPORATION,left,13,4298
GLDD,GREAT LAKES DREDGE & DOC,right,13,3425
GLF,GULFMARK OFFSHORE INC,right,14,1329
GLIBA,GCI LIBERTY INC,right,13,1504
GLNG,GOLAR LNG LTD BERMUDA,left,14,1416
GLOG,GASLOG LTD,right,13,1242
GLPI,GAMING AND LEISURE PPTYS,right,12,4909
GLRE,GREENLIGHT CAPITAL RE LT,right,13,4298
GLUU,GLU MOBILE INC,left,13,5084
GLW,CORNING INC,left,9,1504
GLYC,GLYCOMIMETICS INC,left,13,5171
GM,GENERAL MTRS CO,left,13,2377
GME,GAMESTOP CORP,right,12,4822
GMED,GLOBUS MEDICAL INC,left,13,4996
GMRE,GLOBAL MEDICAL REIT INC,left,13,4647
GMS,GMS INC,left,13,5258
GNBC,GREEN BANCORP INC,right,13,3687
GNC,GNC HLDGS INC,left,13,5345
GNK,GENCO SHIPPING & TRADING,right,13,1679
GNL,GLOBAL NET LEASE INC,left,13,4734
GNMK,GENMARK DIAGNOSTICS INC,left,13,2726
GNRC,GENERAC HOLDINGS INC,right,13,1853
GNTX,GENTEX CORP,left,13,2988
GNTY,GUARANTY BANCSHARES INC,right,13,5258
GNW,GENWORTH FINANCIAL INC,left,13,3250
GOGO,GOGO INC,left,14,1329
GOLF,ACUSHNET HOLDINGS CORP,left,1,5171
GOOD,GLADSTONE COMMERCIAL,left,13,4036
GOOG,ALPHABET INC CL C,left,2,4298
GOOGL,ALPHABET INC CL A,left,2,4210
GORO,GOLD RESOURCE CORP,left,14,1504
GOV,GOVERNMENT PPTY INCOME,left,14,2202
GPC,GENUINE PARTS CO,left,13,3163
GPI,GROUP 1 AUTOMOTIVE INC,right,13,4734
GPK,GRAPHIC PACKAGING HLDG,right,13,3163
GPMT,GRANITE POINT MORTGAGE,right,13,3076
GPN,GLOBAL PAYMENTS INC,left,13,4822
GPOR,GULFPORT ENERGY CORP,right,14,1416
GPRE,GREEN PLAINS INC,right,13,3948
GPRO,GOPRO INC,left,14,2028
GPS,GAP INC,right,12,5084
GPT,GRAMERCY PROPERTY TRUST,right,13,2813
GPX,GP STRATEGIES CORP,right,13,2202
GRA,GRACE W R & CO,right,13,2290
GRBK,GREEN BRICK PARTNERS INC,right,13,3774
GRC,GORMAN RUPP CO,left,14,2115
GRIF,GRIFFIN INDUSTRIAL RLTY,right,13,4560
GRMN,GARMIN LTD,right,12,5258
GRPN,GROUPON INC,right,13,4822
GRUB,GRUBHUB INC,right,13,4909
GS,GOLDMAN SACHS GROUP INC,left,14,1679
GSBC,GREAT SOUTHERN BANCORP,right,13,3512
GSHD,GOOSEHEAD INSURANCE,left,14,1940
GT,GOODYEAR TIRE & RUBBER,left,14,1853
GTES,GATES INDUSTRIAL CORP,right,13,1329
GTHX,G1 THERAPEUTICS,right,12,4385
GTLS,CHART INDUSTRIES INC,right,7,1242
GTN,GRAY TELEVISION INC,right,13,3250
GTS,TRIPLE-S MANAGEMENT CORP,right,29,1591
GTT,GTT COMMUNICATIONS INC,right,13,4996
GTXI,GTX INC,right,13,5084
GTY,GETTY REALTY CORP,left,13,3599
GVA,GRANITE CONSTR INC,right,13,2988
GWB,GREAT WESTERN BANCORP,right,13,3599
GWR,GENESEE & WYOMING INC,left,13,2551
GWRE,GUIDEWIRE SOFTWARE INC,right,14,1242
GWRS,GLOBAL WATER RESOURCES,left,13,4909
GWW,GRAINGER WW INC,right,13,2726
H,HYATT HOTELS CORP,left,15,3599
HA,HAWAIIAN HOLDINGS INC,left,14,3948
HABT,HABIT RESTAURANTS,right,14,1591
HAE,HAEMONETICS CORP,right,14,1766
HAFC,HANMI FINANCIAL CORP,left,14,2813
HAIN,HAIN CELESTIAL GROUP,right,14,1853
HAL,HALLIBURTON CO,right,14,2115
HALL,HALLMARK FINL SVCS INC,right,14,2202
HALO,HALOZYME THERAPEUTICS,left,14,2290
HAS,HASBRO INC,left,14,3687
HASI,HANNON ARMSTRONG SUSTAIN,left,14,2901
HAYN,HAYNES INTERNATIONAL INC,left,14,4210
HBAN,HUNTINGTON BANCSHARES,left,15,3163
HBB,HAMILTON BEACH BRANDS,left,14,2464
HBCP,HOME BANCORP INC,right,14,4734
HBI,HANESBRAND INC,left,14,2726
HBIO,HARVARD BIOSCIENCE INC,left,14,3599
HBMD,HOWARD BANCORP INC,right,15,2290
HBNC,HORIZON BANCORP INC,right,15,1416
HCA,HCA HEALTHCARE INC,left,14,4473
HCC,WARRIOR MET COAL INC,right,30,3948
HCCI,HERITAGE CRYL CLEAN INC,right,14,2377
HCHC,HC2 HLDGS INC,left,14,4385
HCI,HCI GROUP INC,left,14,4560
HCKT,HACKETT GROUP INC,right,14,1679
HCOM,HAWAIIAN TELCOM HOLDCO,left,14,4036
HCP,HCP INC,left,14,4647
HCSG,HEALTHCARE SVCS GRP INC,left,14,4996
HD,HOME DEPOT INC,right,14,4909
HDP,HORTONWORKS INC,right,15,1679
HDS,HD SUPPLY HOLDINGS INC,left,14,4734
HE,HAWAIIAN ELECTRIC INDS,left,14,3861
HEAR,TURTLE BEACH CORP,right,29,3076
HEES,H&E EXUIPMENT SERVICES,right,14,1504
HEI,HEICO CORP COMMON,left,15,1504
HEI.A,HEICO CORP CL A,left,15,1416
HELE,HELEN OF TROY LTD,left,15,1679
HES,HESS CORP,right,14,3163
HF,HFF INC,right,14,3425
HFC,HOLLYFRONTIER CORP,right,14,4560
HFWA,HERITAGE FINANCIAL CORP,right,14,2464
HGV,HILTON GRAND VACATIONS,right,14,4123
HHC,HOWARD HUGHES CORP,left,15,2377
HI,HILLENBRAND INC,right,14,3861
HIBB,HIBBETT SPORTS INC,right,14,3512
HIFR,INFRAREIT INC,right,15,2464
HIFS,HINGHAM INSTN SVGS MASS,right,14,4298
HIG,HARTFORD FINL SVCS GRP,left,14,3512
HII,HUNTINGTON INGALLS IND,left,15,3250
HIIX,HEALTH INS INNOVATIONS,left,14,4822
HIL,HILL INTERNATIONAL INC,right,14,3774
HIVE,AEROHIVE NETWORKS INC,right,1,3163
HIW,HIGHWOODS PROPERTIES INC,right,14,3687
HK,HALCON RESOURCES CORP,right,14,1940
HL,HECLA MINING CO,left,15,1329
HLF,HERBALIFE NUTRITION LTD,left,15,2202
HLI,HOULIHAN LOKEY INC,right,15,2115
HLIT,HARMONIC INC,left,14,3250
HLNE,HAMILTON LANE INC,left,14,2551
HLT,HILTON WORLDWIDE HOLDING,right,14,4210
HLX,HELIX ENERGY SOLUTIONS,left,15,1853
HMHC,HOUGHTON MIFFLIN HARCOUR,right,15,2028
HMN,HORACE MANN EDUCATORS,right,15,1329
HMST,HOMESTREET INC,right,14,4996
HMSY,HMS HOLDINGS CORP,right,14,4385
HMTV,HEMISPHERE MEDIA GROUP,left,15,2028
HNI,HNI CORPORATION,right,14,4473
HNRG,HALLADOR ENERGY CO,right,14,2028
HOFT,HOOKER FURNITURE CORP,right,14,5345
HOG,HARLEY DAVIDSON INC,left,14,3163
HOLX,HOLOGIC INC,right,14,4647
HOMB,HOME BANCSHARES INC,right,14,4822
HOME,AT HOME GROUP INC,right,3,4298
HON,HONEYWELL INTERNATIONAL,right,14,5258
HONE,HARBORONE BANCORP INC,left,14,3076
HOPE,HOPE BANCORP INC,right,15,1242
HOV,HOVNANIAN ENTERPRISES,right,15,2202
HP,HELMERICH & PAYNE INC,left,15,1940
HPE,HEWLETT PACKARD ENT,right,14,3250
HPP,HUDSON PAC PPTYS INC,left,15,2988
HPR,HIGH POINT RESOURCES,right,14,3599
HPT,HOSPITALITY PPTYS TRUST,right,15,1766
HPX,HP INC,left,15,2464
HR,HEALTHCARE REALTY TRUST,left,14,4909
HRB,BLOCK H & R INC,left,5,2028
HRC,HILL-ROM HOLDINGS INC,right,14,3948
HRG,HRG GROUP INC,left,15,2551
HRI,HERC HOLDING INC,left,15,2290
HRL,HORMEL FOODS CORP,right,15,1591
HRS,HARRIS CORP,left,14,3337
HRTG,HERITAGE INS HLDGS INC,right,14,2551
HRTX,HERON THERAPEUTICS INC,right,14,2726
HSC,HARSCO CORP,left,14,3425
HSDT,HELIUS MEDICAL TECH,left,15,1766
HSIC,SCHEIN HENRY INC,left,26,2639
HSII,HEIDRICK & STRUGGLES,left,15,1591
HSKA,HESKA CORP,right,14,3076
HST,HOST HOTELS & RESORTS,right,15,1853
HSTM,HEALTHSTREAM INC,left,14,5258
HSY,HERSHEY COMPANY,right,14,2901
HT,HERSHA HOSPITALITY TRUST,right,14,2813
HTA,HEALTHCARE TR AMER INC,left,14,5084
HTBI,HOMETRUST BANCSHARES INC,right,14,5084
HTBK,HERITAGE COMMERCE CORP,right,14,2290
HTH,HILLTOP HOLDINGS INC,right,14,4036
HTLD,HEARTLAND EXPRESS INC,left,14,5345
HTLF,HEARTLAND FINANCIAL USA,left,15,1242
HTZ,HERTZ GLOBAL HOLDINGS,right,14,2988
HUBB,HUBBELL INC,left,15,2726
HUBG,HUB GROUP INC,left,15,2639
HUBS,HUBSPOT INC,left,15,2813
HUD,HUDSON LTD,left,15,2901
HUM,HUMANA INC,left,15,3076
HUN,HUNTSMAN CORP,left,15,3337
HURC,HURCO COMPANIES INC,left,15,3425
HURN,HURON CONSULTING GROUP,left,15,3512
HVT,HAVERTY FURNITURE INC,left,14,3774
HWC,HANCOCK WHITNEY CORP,left,14,2639
HWKN,HAWKINS INC,left,14,4123
HXL,HEXCEL CORP,right,14,3337
HXY,HEALTHEXUITY INC,left,14,5171
HY,HYSTER-YALE MATERIALS,left,15,3687
HYH,HALYARD HEALTH INC,left,14,2377
HZNP,HORIZON PHARMA PLC,right,15,1504
HZO,MARINEMAX INC,left,19,2551
I,INTELSAT SA,right,15,4996
IAC,IAC INTERACTIVECORP,left,15,3774
IART,INTEGRA LIFESCIENCES,right,15,4647
IBCP,INDEPENDENT BANK CORP,left,16,1940
IBKC,IBERIABANK CORP,left,15,3861
IBKR,INTERACTIVE BROKERS GRP,right,15,5171
IBM,INTL BUSINESS MACHINES,right,16,2115
IBOC,INTERNATIONAL BANCSHARES,right,16,1504
IBP,INSTALLED BLDNG PRODUCTS,right,15,4123
IBTX,INDEPENDENT BK GROUP INC,left,16,2115
ICBK,COUNTY BANCORP INC,right,8,2202
ICD,IND CONTRACT DRILLING,left,16,1679
ICE,INTERCONTINENTAL EXCH,right,15,5345
ICFI,ICF INTERNATIONAL INC,left,15,3948
ICHR,ICHOR HOLDINGS INC,left,15,4036
ICPT,INTERCEPT PHARMA INC,right,15,5258
ICUI,ICU MEDICAL INC,left,15,4123
IDA,IDACORP INC,left,15,4210
IDCC,INTERDIGITAL INC,right,16,1242
IDRA,IDERA PHARMACEUTICALS,left,15,4298
IDTI,INTEGRATED DEVICE TECH,right,15,4734
IDXX,IDEXX LABS INC,left,15,4473
IEA,INFRASTRUCTURE & ENERGY,right,15,2551
IESC,IES HOLDINGS INC,left,15,4560
IEX,IDEX CORP,left,15,4385
IFF,INTL FLAVORS & FRAGRANCE,right,16,2290
IGT,INTERNATIONAL GAME TECH,right,16,1591
IHC,INDEPENDENCE HOLDING CO,left,16,1766
III,INFORMATION SERVICES GRP,right,15,2377
IIIN,INSTEEL INDUSTRIES INC,right,15,4210
IIN,INTRICON CORP,left,16,2639
IIPR,INNOVATIVE INDUSTRIAL,right,15,3250
IIVI,II VI INC,left,15,4734
ILG,ILG INC,left,15,4822
ILMN,ILLUMINA INC,left,15,4996
ILPT,INDUSTRIAL LOGISTICS,left,16,2202
IMAX,IMAX CORP,left,15,5084
IMDZ,IMMUNE DESIGN CORP,left,15,5258
IMGN,IMMUNOGEN INC,left,15,5345
IMH,IMPAC MTG HLDGS INC,left,16,1329
IMKTA,INGLES MARKETS INC,right,15,2813
IMMR,IMMERSION CORP,left,15,5171
IMMU,IMMUNOMEDICS INC,left,16,1242
IMPV,IMPERVA INC,left,16,1416
INAP,INTERNAP CORPORATION,right,16,1416
INBK,FIRST INTERNET BANCORP,right,12,1766
INCY,INCYTE CORP,left,16,1591
INDB,INDEPENDENT BANK MA,left,16,2028
INFN,INFINERA CORP,left,16,2290
INFO,IHS MARKIT LTD,left,15,4647
INGN,INOGEN INC,right,15,3425
INGR,INGREDION INC,right,15,2901
INN,SUMMIT HOTEL PPTYS,left,27,5084
INNT,MONSTER DIGITAL INC,right,19,4473
INO,INOVIO PHARMACEUTICALS,right,15,3599
INOV,INOVALON HOLDINGS INC,right,15,3512
INSM,INSMED INC,right,15,3861
INSP,INSPIRE MEDICAL SYSTEMS,right,15,4036
INST,INSTRUCTURE INC,right,15,4298
INSW,INTERNATIONAL SEAWAYS,right,16,1766
INSY,INSYS THERAPEUTICS INC,right,15,4473
INT,WORLD FUEL SVCS CORP,left,32,1591
INTC,INTEL CORP,right,15,4822
INTL,INTL FCSTONE INC,right,16,2202
INVA,INNOVIVA INC,right,15,3337
INVH,INVITATION HOMES INC,left,16,3687
INWK,INNERWORKINGS INC,right,15,2988
IO,ION GEOPHYSICAL CORP,left,16,3774
IONS,IONIS PHARMACEUTICALS,left,16,3861
IOSP,INNOSPEC INC,right,15,3163
IOTS,ADESTO TECHNOLOGIES CORP,right,1,1416
IOVA,IOVANCE BIOTHERAPEUTICS,left,16,3948
IP,INTERNATIONAL PAPER CO,right,16,1679
IPAR,INTER PARFUMS INC,right,15,5084
IPCC,INFINITY PPTY & CAS CORP,left,16,2377
IPG,INTERPUBLIC GROUP OF COS,right,16,1940
IPGP,IPG PHOTONICS CORP,left,16,4036
IPHI,INPHI CORP,right,15,3687
IPHS,INNOPHOS HOLDINGS INC,right,15,3076
IPI,INTREPID POTASH INC,left,16,2464
IR,INGERSOLL-RAND PLC,right,15,2639
IRBT,IROBOT CORP,left,16,4473
IRDM,IRIDIUM COMMUNICATIONS,left,16,4385
IRET,INVESTORS REAL ESTATE TR,left,16,3425
IRM,IRON MOUNTAIN INC,left,16,4560
IRMD,IRADIMED CORPORATION,left,16,4210
IRT,INDEPENDENCE RLTY TRUST,left,16,1853
IRTC,IRHYTHM TECHNOLOGIES INC,left,16,4298
IRWD,IRONWOOD PHARMACEUTICALS,left,16,4647
ISBC,INVESTORS BANCORP INC,left,16,3337
ISCA,INTERNATIONAL SPEEDWAY,right,16,1853
ISRG,INTUITIVE SURGICAL INC,left,16,2813
ISRL,ISRAMCO INC,left,16,4734
ISTR,INVESTAR HOLDING CORP,left,16,3163
IT,GARTNER INC,right,12,5345
ITCI,INTRA CELLULAR THERAPIES,right,16,2377
ITG,INVESTMENT TECHNOLOGY,left,16,3250
ITGR,INTEGER HOLDINGS CORP,right,15,4560
ITI,ITERIS INC,left,16,4909
ITIC,INVESTORS TITLE CO,left,16,3512
ITRI,ITRON INC,left,16,4996
ITT,ITT INC,left,16,5084
ITW,ILLINOIS TOOL WORKS INC,left,15,4909
IVC,INVACARE CORP,left,16,2901
IVR,INVESCO MORTGAGE CAP,left,16,3076
IVZ,INVESCO LTD,left,16,2988
IXV,IXVIA HOLDINGS INC,left,16,4123
K,KELLOGG CO,right,16,4298
KAI,KADANT INC,right,16,3163
KALA,KALA PHARMACEUTICALS,right,16,3425
KALU,KAISER ALUMINUM CORP,right,16,3337
KAMN,KAMAN CORP,right,16,3512
KAR,KAR AUCTION SERVICES INC,right,16,3774
KBAL,KIMBALL INTERNATIONAL,right,17,1329
KBH,KB HOME,right,16,3948
KBR,KBR INC,right,16,4036
KDMN,KADMON HOLIDINGS INC,right,16,3250
KE,KIMBALL ELECTRONICS INC,right,17,1242
KEG,KEY ENERGY SERVICES INC,right,16,4909
KELYA,KELLY SERVICES INC,right,16,4385
KEM,KEMET CORP,right,16,4473
KERX,KERYX BIOPHARMACEUTICALS,right,16,4822
KEX,KIRBY CORP,right,17,2028
KEYS,KEYSIGHT TECHNOLOGIES,right,16,5084
KEYW,KEYW HOLDING CORP,right,16,5171
KFRC,KFORCE INC,right,16,5258
KFY,KORN FERRY INTERNATIONAL,left,17,3250
KHC,THE KRAFT HEINZ COMPANY,left,28,4822
KIDS,ORTHOPEDIATRICS CORP,right,22,2551
KIM,KIMCO REALTY CORP,right,17,1504
KIN,KINDRED BIOSCIENCES INC,right,17,1679
KINS,KINGSTONE COS INC,right,17,1853
KIRK,KIRKLANDS INC,right,17,2115
KLAC,KLA-TENCOR CORP,right,17,2377
KLDX,KLONDEX MINES LTD,right,17,2464
KLXI,KLX INC,left,17,2551
KMB,KIMBERLY CLARK CORP,right,17,1416
KMG,KMG CHEMICALS INC,left,17,2639
KMI,KINDER MORGAN INC,right,17,1591
KMPR,KEMPER CORPORATION,right,16,4560
KMT,KENNAMETAL INC,right,16,4647
KMX,CARMAX INC,left,6,4210
KN,KNOWLES CORPORATION,left,17,2901
KND,KINDRED HEALTHCARE INC,right,17,1766
KNL,KNOLL INC,left,17,2813
KNSL,KINSALE CAPITAL GROUP,right,17,1940
KNX,KNIGHT-SWIFT TRANSPORT,left,17,2726
KO,COCA COLA CO,right,7,3337
KODK,EASTMAN KODAK CO,left,10,2290
KOP,KOPPERS HOLDINGS INC,left,17,3163
KOPN,KOPIN CORP,left,17,3076
KORS,MICHAEL KORS HLDGS LTD,left,19,4909
KOS,KOSMOS ENERGY LTD,left,17,3337
KPTI,KARYOPHARM THERAPEUTICS,right,16,3861
KR,KROGER CO,left,17,3599
KRA,KRATON CORPORATION,left,17,3425
KRC,KILROY REALTY CORP,right,16,5345
KREF,KKR REAL ESTATE FINANCE,right,17,2290
KRG,KITE REALTY GROUP TRUST,right,17,2202
KRNY,KEARNY FINANCIAL CORP,right,16,4210
KRO,KRONOS WORLDWIDE INC,left,17,3687
KS,KAPSTONE PAPER AND PACK,right,16,3687
KSS,KOHLS CORP,left,17,2988
KSU,KANSAS CITY SOUTHERN,right,16,3599
KTOS,KRATOS DEFENSE & SEC SOL,left,17,3512
KTWO,K2M GROUP HLDGS INC,right,16,3076
KURA,KURA ONCOLOGY INC,left,17,3774
KVHI,KVH INDUSTRIES INC,left,17,3861
KW,KENNEDY-WILSON HLDGS INC,right,16,4734
KWR,XUAKER CHEMICAL CORP,right,24,2028
L,LOEWS CORP,left,18,2639
LABL,MULTI COLOR CORP,right,20,1853
LAD,LITHIA MOTORS INC,right,18,1853
LADR,LADDER CAPITAL CORP,left,17,4385
LAMR,LAMAR ADVERTISING CO,left,17,4822
LANC,LANCASTER COLONY CORP,left,17,4996
LAND,GLADSTONE LAND INC,left,13,4123
LAUR,LAUREATE EDUCATION INC,left,18,1679
LAWS,LAWSON PRODUCTS INC,left,18,1766
LAZ,LAZARD LTD,left,18,1853
LB,L BRANDS INC,left,17,3948
LBAI,LAKELAND BANCORP INC,left,17,4560
LBC,LUTHER BURBANK CORP,left,18,3861
LBRDA,LIBERTY BROADBAND CL A,right,17,3687
LBRDK,LIBERTY BROADBAND CL C,right,17,3774
LBRT,LIBERTY OILFIELD SERVICE,right,17,4298
LC,LENDINGCLUB CORPORATION,right,17,2639
LCI,LANNETT CO INC,left,17,5345
LCII,LCI INDUSTRIES,left,18,1940
LCNB,LCNB CORP,left,18,2028
LCPC,LA COLLA PHARMACEUTICAL,left,17,4123
LCUT,LIFETIME BRANDS INC,right,17,4909
LDL,LYDALL INC,left,18,3948
LDOS,LEIDOS HOLDINGS INC,left,18,2551
LE,LANDS END INC,left,17,5171
LEA,LEAR CORP,left,18,2202
LECO,LINCOLN ELECTRIC HLDGS,right,18,1242
LEG,LEGGETT & PLATT INC,left,18,2464
LEN,LENNAR CORP CL A,right,17,2813
LEN.B,LENNAR CORP CL B,right,17,2901
LEVL,LEVEL ONE BANCORP INC,right,17,3076
LEXEA,LIBERTY EXPEDIA HOLDINGS,right,17,3861
LFGR,LEAF GROUP LTD,left,18,2115
LFUS,LITTELFUSE INC,right,18,1940
LGF.A,LIONS GATE ENT CLASS A,right,18,1591
LGF.B,LIONS GATE ENT CLASS B,right,18,1679
LGIH,LGI HOMES INC,right,17,3337
LGND,LIGAND PHARMACEUTICALS,right,17,4996
LH,LABORATORY CORP OF AMER,left,17,4298
LHCG,LHC GROUP INC,right,17,3425
LHO,LASALLE HOTEL PROPERTIES,left,18,1504
LII,LENNOX INTERNATIONAL INC,right,17,2988
LILA,LIBERTY LATIN AMERICA A,right,17,4123
LILAK,LIBERTY LATIN AMERICA C,right,17,4210
LIND,LINDBLAD EXPEDITIONS INC,right,18,1416
LION,FIDELITY SOUTHERN CORP,right,11,3163
LITE,LUMENTUM HOLDINGS INC,left,18,3687
LIVN,LIVANOVA PLC,right,18,2028
LIVX,LIVEXLIVE MEDIA,right,18,2377
LKFN,LAKELAND FINANCIAL CORP,left,17,4647
LKSD,LSC COMMUNICATIONS,left,18,3337
LKX,LKX CORP,right,18,2464
LL,LUMBER LIXUIDATORS HLDGS,left,18,3599
LLEX,LILIS ENERGY INC,right,17,5084
LLL,L3 TECHNOLOGIES,left,17,4036
LLNW,LIMELIGHT NETWORKS INC,right,17,5258
LLY,LILLY ELI & CO,right,17,5171
LM,LEGG MASON INC,left,18,2377
LMAT,LEMAITRE VASCULAR INC,right,17,2551
LMNR,LIMONEIRA CO,right,17,5345
LMNX,LUMINEX CORP,left,18,3774
LMT,LOCKHEED MARTIN CORP,right,18,2551
LNC,LINCOLN NATIONAL CORP,right,18,1329
LNDC,LANDEC CORP,left,17,5084
LNG,CHENIERE ENERGY INC,left,7,2290
LNN,LINDSAY CORP,right,18,1504
LNT,ALLIANT ENERGY CORP,left,2,3512
LNTH,LANTHEUS HOLDINGS INC,left,18,1242
LOB,LIVE OAK BANCSHARES INC,right,18,2202
LOCO,EL POLLO LOCO HLDGS INC,left,10,3774
LOGM,LOGMEIN INC,left,18,2726
LOPE,GRAND CANYON EDUCATION,right,13,2901
LORL,LORAL SPACE & COMM,left,18,2813
LOW,LOWES COS INC,left,18,2988
LOXO,LOXO ONCOLOGY INC,left,18,3076
LPG,DORIAN LPG LTD,right,9,3425
LPI,LAREDO PETROLEUM INC,left,18,1329
LPLA,LPL FINANCIAL HOLDINGS,left,18,3163
LPNT,LIFEPOINT HEALTH INC,right,17,4822
LPSN,LIVEPERSON INC,right,18,2290
LPT,LIBERTY PROPERTY TRUST,right,17,4385
LPX,LOUISIANA PACIFIC CORP,left,18,2901
LRCX,LAM RESEARCH CORP,left,17,4734
LRN,K12 INC,right,16,2988
LSCC,LATTICE SEMICONDUCTOR,left,18,1591
LSI,LIFE STORAGE INC,right,17,4734
LSTR,LANDSTAR SYSTEMS INC,left,17,5258
LSXMA,LIBERTY SIRIUSXM SER A,right,17,4473
LSXMK,LIBERTY SIRIUSXM SER C,right,17,4560
LTC,LTC PROPERTIES INC,left,18,3425
LTRPA,LIBERTY TRIPADVISOR HLDG,right,17,4647
LTS,LADENBURG THALMAN FIN,left,17,4473
LTXB,LEGACYTEXAS FIN GROUP,left,18,2290
LULU,LULULEMON ATHLETICA INC,left,18,3512
LUV,SOUTHWEST AIRLINES CO,right,26,3774
LVS,LAS VEGAS SANDS CORP,left,18,1416
LW,LAMB WESTON HOLDINGS,left,17,4909
LXDT,LIXUIDITY SERVICES INC,right,18,1766
LXP,LEXINGTON REALTY TRUST,right,17,3250
LXRX,LEXICON PHARMACEUTICALS,right,17,3163
LXU,LSB INDUSTRIES INC,left,18,3250
LYB,LYONDELLBASELL INDS,left,18,4036
LYV,LIVE NATION ENT INC,right,18,2115
LZB,LA Z BOY INC,left,17,4210
M,MACYS INC,left,18,4822
MA,MASTERCARD INC,right,18,3861
MAA,MID-AMER APT CMNTYS,left,20,1329
MAC,MACERICH CO,left,18,4385
MANH,MANHATTAN ASSOCS INC,left,19,1591
MANT,MANTECH INTERNATIONAL,left,19,2028
MAR,MARRIOTT INTL INC,right,18,2901
MARK,REMARK HOLDINGS INC,left,25,3076
MAS,MASCO CORP,right,18,3512
MASI,MASIMO CORPORATION,right,18,3599
MAT,MATTEL INC,right,18,4385
MATW,MATTHEWS INTERNATIONAL,right,18,4473
MATX,MATSON INC,right,18,4298
MAXR,MAXAR TECHNOLOGIES,right,18,4647
MB,MINDBODY INC,left,20,2290
MBCN,MIDDLEFIELD BANC CORP,left,20,1504
MBFI,MB FINANCIAL INC,right,18,5084
MBI,MBIA INC,right,18,5171
MBII,MARRONE BIO INNOVATIONS,right,18,3076
MBIN,MERCHANTS BANCORP,left,19,2988
MBIO,MUSTANG BIO,right,20,2115
MBTF,MBT FINL CORP,right,18,5258
MBUU,MALIBU BOATS INC,left,19,1242
MBWM,MERCANTILE BANK CORP,left,19,2901
MC,MOELIS & CO,right,19,3250
MCB,METROPOLITAN BANK HOLDIN,left,19,4298
MCBC,MACATAWA BANK CORP,left,18,4298
MCD,MCDONALDS CORP,right,19,1416
MCFT,MCBC HOLDINGS INC,right,18,5345
MCHP,MICROCHIP TECHNOLOGY,left,19,5084
MCK,MCKESSON CORP,right,19,1591
MCO,MOODYS CORP,right,19,4560
MCRB,SERES THERAPEUTICS INC,right,26,1940
MCRI,MONARCH CASINO & RESORT,right,19,3774
MCRN,MILACRON HOLDINGS CORP,left,20,2028
MCS,MARCUS CORP,left,19,2377
MCY,MERCURY GENERAL CORP,left,19,3163
MD,MEDNAX INC,right,19,2464
MDC,MDC HOLDINGS INC,right,19,1766
MDCA,MDC CORP,right,19,1679
MDCO,MEDICINES CO,right,19,2115
MDGL,MADRIGAL PHARMACEUTICALS,left,18,5084
MDLZ,MONDELEZ INTERNATIONAL,right,19,3861
MDP,MEREDITH CORP,left,19,3337
MDR,MCDERMOTT INTL INC,right,19,1329
MDRX,ALLSCRIPTS HEALTHCARE,left,2,3774
MDSO,MEDIDATA SOLUTIONS INC,right,19,2290
MDT,MEDTRONIC PLC,right,19,2639
MDU,MDU RESOURCES GROUP INC,right,19,1853
MDXG,MIMEDX GROUP INC,left,20,2202
MED,MEDIFAST INC,right,19,2377
MEDP,MEDPACE HOLDINGS INC,right,19,2551
MEET,THE MEET GROUP,left,28,4909
MEI,METHODE ELECTRS INC,left,19,4123
MET,METLIFE INC,left,19,4210
METC,RAMACO RESOURCES INC,left,24,4036
MFA,MFA FINANCIAL INC,left,19,4473
MFSF,MUTUALFIRST FINL INC,right,20,2202
MG,MISTRAS GROUP INC,left,20,2726
MGEE,MGE ENERGY INC,left,19,4560
MGEN,MIRAGEN THERAPEUTICS INC,left,20,2551
MGI,MONEYGRAM INTERNATIONAL,right,19,3948
MGLN,MAGELLAN HEALTH INC,left,18,5171
MGM,MGM RESORTS INTL,left,19,4734
MGNX,MACROGENICS INC,left,18,4734
MGPI,MGP INGREDIENTS INC,left,19,4822
MGRC,MCGRATH RENTCORP,right,19,1504
MHK,MOHAWK INDUSTRIES INC,right,19,3337
MHLD,MAIDEN HOLDINGS LTD,left,18,5258
MHO,M/I HOMES INC,left,18,4210
MIC,MACXUARIE INFRASTRUCTURE,left,18,4647
MIDD,MIDDLEBY CORP,left,20,1416
MIK,MICHAELS COS INC/THE,left,19,4996
MINI,MOBILE MINI INC,right,19,2901
MITK,MITEK SYS INC,right,19,2726
MITT,AG MORTGAGE INVT TR INC,right,1,3774
MKC,MCCORMICK & CO INC,right,19,1242
MKL,MARKEL CORP,right,18,2639
MKSI,MKS INSTRUMENTS INC,right,19,2813
MKTX,MARKETAXESS HOLDINGS INC,right,18,2726
MLAB,MESA LABS INC,left,19,3948
MLHR,HERMAN MILLER INC,right,14,2639
MLI,MUELLER INDUSTRIES INC,right,20,1679
MLM,MARTIN MARIETTA MTLS,right,18,3337
MLNT,MELINTA THERAPEUTICS INC,left,19,2726
MLP,MAUI LAND & PINEAPPLE CO,right,18,4560
MLR,MILLER INDUSTRIES INC,left,20,2115
MLVF,MALVERN BANCORP INC,left,19,1416
MMC,MARSH & MCLENNAN COS,right,18,3163
MMI,MARCUS & MILLICHAP,left,19,2290
MMM,3M CO,left,1,1940
MMS,MAXIMUS INC,right,18,4822
MMSI,MERIT MED SYSTEMS INC,left,19,3599
MNK,MALLINCKRODT PLC,left,19,1329
MNKD,MANNKIND CORP,left,19,1853
MNLO,MENLO THERAPEUTICS INC,left,19,2813
MNOV,MEDICINOVA INC,right,19,2202
MNR,MONMOUTH REAL ESTATE,right,19,4036
MNRO,MONRO INC,right,19,4298
MNST,MONSTER BEVERAGE CORP,right,19,4385
MNTA,MOMENTA PHARMACEUTICALS,right,19,3687
MNTX,MANITEX INTL INC,left,19,1679
MO,ALTRIA GROUP INC,left,2,4822
MOBL,MOBILEIRON INC,right,19,2988
MOD,MODINE MANUFACTURING CO,right,19,3163
MODN,MODEL N INC,right,19,3076
MOFG,MIDWESTONE FINL GROUP,left,20,1940
MOG.A,MOOG INC,right,19,4647
MOH,MOLINA HEALTHCARE INC,right,19,3512
MORN,MORNINGSTAR INC,right,19,4822
MOS,MOSAIC COMPANY,right,19,4909
MOV,MOVADO GROUP INC,right,19,5171
MPAA,MOTORCAR PTS AMERICA INC,right,19,4996
MPB,MID PENN BANCORP INC,left,20,1242
MPC,MARATHON PETROLEUM CORP,left,19,2202
MPO,MIDSTATES PETROLEUM CO,left,20,1853
MPW,MEDICAL PROPERTIES TRUST,right,19,2028
MPWR,MONOLITHIC POWER SYSTEMS,right,19,4123
MPX,MARINE PRODUCTS CORP,left,19,2464
MRC,MRC GLOBAL INC,right,19,5258
MRCY,MERCURY SYSTEMS INC,left,19,3250
MRK,MERCK & CO INC,left,19,3076
MRLN,MARLIN BUSINESS SVCS,right,18,2813
MRNS,MARINUS PHARMACEUTICALS,left,19,2639
MRO,MARATHON OIL CORP,left,19,2115
MRSN,MERSANA THERAPEUTICS,left,19,3861
MRT,MEDEXUITIES REALTY TRUST,right,19,1940
MRTN,MARTEN TRANS LTD,right,18,3250
MRTX,MIRATI THERAPEUTICS INC,left,20,2639
MRVL,MARVELL TECHNOLOGY GROUP,right,18,3425
MS,MORGAN STANLEY,right,19,4734
MSA,MSA SAFETY INC,right,19,5345
MSBI,MIDLAND STATES BANCORP,left,20,1679
MSCI,MSCI INC,right,20,1329
MSEX,MIDDLESEX WATER CO,left,20,1591
MSFT,MICROSOFT CORP,left,19,5258
MSG,MADISON SXUARE GARDEN CO,left,18,4996
MSGN,MSG NETWORKS INC,right,20,1416
MSI,MOTOROLA SOLUTIONS INC,right,19,5084
MSL,MIDSOUTH BANCORP INC,left,20,1766
MSM,MSC INDL DIRECT INC,right,20,1242
MSTR,MICROSTRATEGY INC,left,19,5345
MTB,M & T BANK CORP,left,18,4123
MTCH,MATCH GROUP INC,right,18,4036
MTD,METTLER TOLEDO INTL INC,left,19,4385
MTDR,MATADOR RES CO,right,18,3948
MTEM,MOLECULAR TEMPLATES,right,19,3425
MTG,MGIC INVESTMENT CORP,left,19,4647
MTGE,MTGE INVESTMENT CORP,right,20,1504
MTH,MERITAGE HOMES CORP,left,19,3687
MTN,VAIL RESORTS INC,right,30,1679
MTOR,MERITOR INC,left,19,3774
MTRN,MATERION CORPORATION,right,18,4123
MTRX,MATRIX SERVICE CO,right,18,4210
MTSC,MTS SYSTEMS CORP,right,20,1591
MTSI,MACOM TECH SOLUTIONS,left,18,4560
MTW,MANITOWOC CO INC,left,19,1766
MTX,MINERALS TECHNOLOGIES,left,20,2377
MTZ,MASTEC INC,right,18,3774
MU,MICRON TECHNOLOGY INC,left,19,5171
MUR,MURPHY OIL CORP,right,20,1940
MUSA,MURPHY USA INC,right,20,2028
MVBF,MVB FINANCIAL CORP,right,20,2290
MWA,MUELLER WTR PRODS INC,right,20,1766
MXIM,MAXIM INTEGRATED PRODS,right,18,4734
MXL,MAXLINEAR INC,right,18,4909
MXWL,MAXWELL TECHNOLOGIES INC,right,18,4996
MYE,MYERS INDUSTRIES INC,right,20,2377
MYGN,MYRIAD GENETICS INC,right,20,2726
MYL,MYLAN NV,right,20,2464
MYOK,MYOKARDIA INC,right,20,2551
MYRG,MYR GROUP INC,right,20,2639
NANO,NANOMETRICS INC,left,20,2988
NAT,NORDIC AMERICAN TANKER,right,21,2551
NATH,NATHANS FAMOUS INC,left,20,3599
NATI,NATIONAL INSTRS CORP,left,20,4473
NATR,NATURES SUNSHINE PRODS,left,21,1329
NAV,NAVISTAR INTL CORP,left,21,1853
NAVG,NAVIGATORS GROUP INC,left,21,1766
NAVI,NAVIENT CORPORATION,left,21,1591
NBHC,NATIONAL BANK HOLDINGS,left,20,3687
NBIX,NEUROCRINE BIOSCIENCES,right,20,3163
NBL,NOBLE ENERGY INC,right,21,2377
NBN,NORTHEAST BANCORP,left,21,2901
NBR,NABORS INDUSTRIES LTD,left,20,2813
NBTB,NBT BANCORP INC,left,21,1940
NC,NACCO INDUSTRIES INC,left,20,2901
NCBS,NICOLET BANKSHARES INC,right,21,1416
NCI,NAVIGANT CONSULTING INC,left,21,1679
NCLH,NORWEGIAN CRUISE LINE,left,21,3861
NCMI,NATIONAL CINEMEDIA INC,left,20,3948
NCOM,NATIONAL COMM CORP,left,20,4036
NCR,NEW CERSEY RESOURCES,right,20,3425
NCS,NCI BUILDING SYSTEMS INC,left,21,2028
NCSM,NCS MULTISTAGE HOLD,left,21,2202
NDAX,NASDAX INC,left,20,3425
NDLS,NOODLES & COMPANY,right,21,2464
NDSN,NORDSON CORP,right,21,2639
NE,NOBLE CORPORATION PLC,right,21,2290
NEE,NEXTERA ENERGY INC,right,20,5345
NEM,NEWMONT MINING CORP,right,20,4647
NEO,NEOGENOMICS INC,left,21,2639
NEOG,NEOGEN CORP,left,21,2551
NEOS,NEOS THERAPEUTICS INC,left,21,2813
NERV,MINERVA NEUROSCIENCES,left,20,2464
NES,NUVERRA ENVTL SOLUTIONS,left,21,5258
NEU,NEWMARKET CORPORATION,right,20,4560
NEWM,NEW MEDIA INVT GROUP INC,right,20,3512
NEWR,NEW RELIC INC,right,20,3599
NFBK,NORTHFIELD BANCORP INC,left,21,3163
NFG,NATIONAL FUEL GAS CO,left,20,4123
NFLX,NETFLIX INC,right,20,2901
NFX,NEWFIELD EXPLORATION CO,right,20,4298
NGHC,NATIONAL GEN HLDGS CORP,left,20,4210
NGS,NATURAL GAS SERVICES GRP,left,20,5258
NGVC,NATURAL GROCERS VITA CTG,left,20,5345
NGVT,INGEVITY CORPORATION,right,15,2726
NH,NANTHEALTH INC,left,20,3163
NHC,NATIONAL HEALTHCARE CORP,left,20,4385
NHI,NATIONAL HEALTH INVS INC,left,20,4298
NHTC,NATURAL HEALTH TRENDS CO,left,21,1242
NI,NISOURCE INC,right,21,1853
NIHD,NII HOLDINGS INC,right,21,1591
NINE,NINE ENERGY SERVICE INC,right,21,1766
NK,NANTKWEST INC,left,20,3250
NKE,NIKE INC,right,21,1679
NKSH,NATIONAL BANKSHARES INC,left,20,3774
NKTR,NEKTAR THERAPEUTICS,left,21,2377
NL,NL INDUSTRIES INC,right,21,1940
NLNK,NEWLINK GENETICS CORP,right,20,4385
NLS,NAUTILUS INC,left,21,1504
NLSN,NIELSEN HOLDINGS PLC,right,21,1504
NLY,ANNALY CAPITAL MGMT INC,left,3,1940
NMIH,NMI HLDGS INC,right,21,2115
NMRK,NEWMARK GROUP INC,right,20,4473
NNBR,NN INC,right,21,2202
NNI,NELNET INC,left,21,2464
NNN,NATIONAL RETAIL PPTYS,left,20,4822
NOC,NORTHROP GRUMMAN CORP,left,21,3337
NODK,NI HOLDINGS INC,right,21,1242
NOG,NORTHERN OIL & GAS INC,left,21,2988
NOV,NATIONAL OILWELL VARCO,left,20,4560
NOVT,NOVANTA INC,left,21,4036
NOW,SERVICENOW INC,right,26,2290
NP,NEENAH INC,left,21,2290
NPK,NATIONAL PRESTO INDS INC,left,20,4647
NPO,ENPRO INDUSTRIES INC,right,10,2726
NPTN,NEOPHOTONICS CORP,left,21,2726
NR,NEWPARK RESOURCES INC,right,20,4734
NRC,NATIONAL RESEARCH CORP,left,20,4734
NRE,NORTHSTAR REALTY EUROPE,left,21,3425
NRG,NRG ENERGY INC,left,21,4385
NRIM,NORTHRIM BANCORP INC,left,21,3250
NRZ,NEW RESIDENTIAL INVT,right,20,3687
NSA,NATIONAL STORAGE AFFIL,left,20,4909
NSC,NORFOLK SOUTHERN CORP,right,21,2813
NSIT,INSIGHT ENTERPRISES INC,right,15,3774
NSM,NATIONSTAR MTG HLDGS INC,left,20,5171
NSP,INSPERITY INC,right,15,3948
NSSC,NAPCO SEC TECHNOLOGIES,left,20,3337
NSTG,NANOSTRING TECH INC,left,20,3076
NTAP,NETAPP INC,right,20,2813
NTB,BANK OF NT BUTTERFIELD,left,4,5258
NTCT,NETSCOUT SYSTEMS INC,right,20,3076
NTGR,NETGEAR INC,right,20,2988
NTLA,INTELLA THERAPEUTICS INC,right,15,4909
NTNX,NUTANIX INC,left,21,4909
NTRA,NATERA INC,left,20,3512
NTRI,NUTRI SYSTEM INC,left,21,4996
NTRS,NORTHERN TRUST CORP,left,21,3076
NUAN,NUANCE COMMUNICATIONS,left,21,4734
NUE,NUCOR CORP,left,21,4822
NUS,NU SKIN ENTERPRISES,left,21,4647
NUVA,NUVASIVE INC,left,21,5084
NVAX,NOVAVAX INC,left,21,4123
NVCR,NOVOCURE LTD,left,21,4210
NVDA,NVIDIA CORP,left,22,1416
NVEC,NVE CORP,left,22,1242
NVEE,NV1 GLOBAL INC,left,21,5345
NVR,NVR INC,left,22,1504
NVRO,NEVRO CORP,right,20,3250
NVT,NVENT ELECTRIC PLC,left,22,1329
NVTA,INVITAE CORPORATION,left,16,3599
NVTR,NUVECTRA CORPORATION,left,21,5171
NWBI,NORTHWEST BANCSHARES INC,left,21,3512
NWE,NORTHWESTERN CORP,left,21,3774
NWFL,NORWOOD FINANCIAL CORP,left,21,3948
NWHM,NEW HOME COMPANY INC,right,20,3337
NWL,NEWELL BRANDS INC,right,20,4210
NWLI,NATIONAL WESTERN LIFE,left,20,5084
NWN,NORTHWEST NATURAL GAS CO,left,21,3599
NWPX,NORTHWEST PIPE CO,left,21,3687
NWS,NEWS CORP CL B,right,20,4909
NWSA,NEWS CORP CL A,right,20,4822
NWY,NEW YORK & CO INC,right,20,3861
NX,XUANEX BUILDING PRODUCTS,right,24,2464
NXEO,NEXEO SOLUTIONS INC,right,20,4996
NXPI,NXP SEMICONDUCTORS NV,left,22,1591
NXRT,NEXPOINT RESIDENTIAL TR,right,20,5084
NXST,NEXSTAR MEDIA GROUP INC,right,20,5171
NXTM,NXSTAGE MEDICAL INC,left,22,1679
NYCB,NEW YORK CMNTY BANCORP,right,20,3948
NYLD,NRG YIELD INC CL C,left,21,4560
NYLD.A,NRG YIELD INC CL A,left,21,4473
NYMT,NEW YORK MTG TR INC,right,20,4036
NYMX,NYMOX PHARMACEUTICAL,left,22,1766
NYNY,EMPIRE RESORTS INC,left,10,5084
NYT,NEW YORK TIMES CO,right,20,4123
O,REALTY INCOME CORP,left,25,1329
OAS,OASIS PETE INC,left,22,2028
OBNK,ORIGIN BANCORP,right,22,2028
OC,OWENS CORNING,left,22,3337
OCFC,OCEANFIRST FINANCIAL,left,22,2377
OCLR,OCLARO INC,left,22,2464
OCN,OCWEN FINANCIAL CORP,left,22,2726
OCUL,OCULAR THERAPEUTIX INC,left,22,2639
ODC,OIL DRI CORP OF AMERICA,right,21,3163
ODFL,OLD DOMINION FREIGHT,right,21,3425
ODP,OFFICE DEPOT INC,left,22,2901
ODT,ODONATE THERAPEUTICS INC,left,22,2813
OFC,CORPORATE OFFICE PPTYS,left,9,1591
OFED,OCONEE FEDERAL FINANCIAL,left,22,2551
OFG,OFG BANCORP,right,21,2901
OFIX,ORTHOFIX INTL NV,right,22,2464
OFLX,OMEGA FLEX INC,right,21,4123
OGE,OGE ENERGY CORP,right,21,2988
OGS,ONE GAS INC,right,21,4822
OHI,OMEGA HEALTHCARE INVS,right,21,4210
OI,OWENS ILLINOIS INC,left,22,3425
OII,OCEANEERING INTL INC,left,22,2290
OIS,OIL STATES INTERNATIONAL,right,21,3250
OKE,ONEOK INC,right,21,5084
OKTA,OKTA INC,right,21,3337
OLBK,OLD LINE BANCSHARES INC,right,21,3512
OLED,UNIVERSAL DISPLAY CORP,right,29,3861
OLLI,OLLIES BARGAIN OUTLET,right,21,3948
OLN,OLIN CORP,right,21,3861
OLP,ONE LIBERTY PROPERTIES,right,21,4909
OMC,OMNICOM GROUP INC,right,21,4473
OMCL,OMNICELL INC,right,21,4385
OMER,OMEROS CORP,right,21,4298
OMF,ONEMAIN HOLDINGS INC,right,21,4996
OMI,OWENS & MINOR INC,left,22,3250
OMN,OMNOVA SOLUTIONS INC,right,21,4560
ON,ON SEMICONDUCTOR CORP,right,21,4734
ONB,OLD NATIONAL BANCORP,right,21,3599
ONCE,SPARK THERAPEUTICS INC,right,26,4210
ONDK,ON DECK CAPITAL INC,right,21,4647
ONVO,ORGANOVO HLDGS INC,right,22,1940
OOMA,OOMA INC,right,21,5258
OPB,OPUS BK IRVINE CALIF,right,22,1504
OPBK,OP BANCORP,right,21,5345
OPK,OPKO HEALTH INC,right,22,1242
OPTN,OPTINOSE INC,right,22,1416
OPY,OPPENHEIMER HOLDINGS INC,right,22,1329
ORA,ORMAT TECHNOLOGIES INC,right,22,2290
ORBC,ORBCOMM INC,right,22,1766
ORC,ORCHID ISLAND CAPITAL,right,22,1853
ORCL,ORACLE CORP,right,22,1591
ORI,OLD REPUBLIC INTL CORP,right,21,3687
ORIG,OCEAN RIG UDW INC,left,22,2202
ORIT,ORITANI FINANCIAL CORP,right,22,2202
ORLY,O REILLY AUTOMOTIVE INC,left,22,1853
ORN,ORION GROUP HOLDINGS,right,22,2115
ORRF,ORRSTOWN FINL SVCS INC,right,22,2377
OSBC,OLD SECOND BANCORP INC,right,21,3774
OSG,OVERSEAS SHIPHOLDING INC,left,22,2988
OSIS,OSI SYSTEMS INC,right,22,2726
OSK,OSHKOSH CORP,right,22,2639
OSPN,ONESPAN INC,right,21,5171
OSTK,OVERSTOCK COM INC,left,22,3076
OSUR,ORASURE TECHNOLOGIES INC,right,22,1679
OTTR,OTTER TAIL CORP,right,22,2813
OUT,OUTFRONT MEDIA INC,right,22,2901
OVBC,OHIO VY BANC CORP,right,21,3076
OVID,OVID THERAPEUTICS INC,left,22,3163
OVLY,OAK VALLEY BANCORP,left,22,1940
OXFD,OXFORD IMMUNOTEC GLOBAL,left,22,3512
OXM,OXFORD INDUSTRIES INC,left,22,3599
OXY,OCCIDENTAL PETE CORP,left,22,2115
OZRK,BANK OF THE OZARKS INC,left,5,1242
P,PANDORA MEDIA INC,left,22,4647
PACB,PACIFIC BIOSCIENCES CA,left,22,3948
PACW,PACWEST BANCORP,left,22,4385
PAG,PENSKE AUTOMOTIVE GROUP,right,22,4036
PAH,PLATFORM SPECIALTY PRODS,left,23,3687
PAHC,PHIBRO ANIMAL HEALTH,right,23,1853
PANW,PALO ALTO NETWORKS INC,left,22,4560
PAR,PAR TECHNOLOGY CORP,left,22,4996
PARR,PAR PACIFIC HOLDINGS INC,left,22,4909
PATK,PATRICK INDS INC,left,23,1853
PAY,VERIFONE SYSTEMS INC,left,30,3687
PAYC,PAYCOM SOFTWARE INC,left,23,2290
PAYX,PAYCHEX INC,left,23,2202
PB,PROSPERITY BANCSHARES,right,23,3599
PBCT,PEOPLES UNITED FINANCIAL,right,22,4560
PBF,PBF ENERGY INC,left,23,2551
PBH,PRESTIGE BRANDS HOLDINGS,left,24,2115
PBI,PITNEY BOWES INC,left,23,3337
PBIP,PRUDENTIAL BANCORP INC,right,23,4210
PBPB,POTBELLY CORPORATION,left,23,4909
PBYI,PUMA BIOTECHNOLOGY INC,right,23,4996
PCAR,PACCAR INC,left,22,3861
PCC,PIPER CAFFRAY COMPANIES,left,23,3250
PCG,PG&E CORP,right,23,1504
PCH,POTLATCHDELTIC CORP,left,23,4996
PCRX,PACIRA PHARMACEUTICALS,left,22,4210
PCSB,PCSB FINANCIAL CORP,left,23,2639
PCT,PCT PARTNERS INC,left,23,3425
PCTY,PAYLOCITY HLDG CORP,left,23,2377
PCYG,PARK CITY GROUP INC,left,22,5258
PCYO,PURECYCLE CORP,right,23,5171
PDCE,PDC ENERGY INC,left,23,2726
PDCO,PATTERSON COS INC,left,23,2028
PDFS,PDF SOLUTIONS INC,left,23,2813
PDLB,PDL COMMUNITY BANCORP,left,23,2988
PDLI,PDL BIOPHARMA INC,left,23,2901
PDM,PIEDMONT OFFICE RLTY TR,right,23,2377
PDVW,PDVWIRELESS INC,right,22,2988
PE,PARSLEY ENERGY INC,left,23,1679
PEB,PEBBLEBROOK HOTEL TRUST,right,22,3250
PEBK,PEOPLES BANCORP N C INC,right,22,4385
PEBO,PEOPLES BANCORP INC,right,22,4298
PEG,PUBLIC SVC ENTERPRISE,right,23,4734
PEGA,PEGASYSTEMS INC,right,22,3337
PEGI,PATTERN ENERGY GROUP INC,left,23,1940
PEI,PENNSYLVANIA REAL ESTATE,right,22,3774
PEN,PENUMBRA INC,right,22,4210
PENN,PENN NATIONAL GAMING INC,right,22,3425
PEP,PEPSICO INC,right,22,4734
PERY,ELLIS PERRY INTL INC,left,10,4473
PES,PIONEER ENERGY SERVICES,left,23,3076
PETS,PETMED EXPRESS INC,right,22,5345
PETX,ARATANA THERAPEUTICS INC,left,3,4385
PF,PINNACLE FOODS INC,right,23,2901
PFBC,PREFERRED BANK,left,24,1679
PFBI,PREMIER FINL BANCORP INC,left,24,1853
PFE,PFIZER INC,right,23,1329
PFG,PRINCIPAL FINANCIAL GRP,left,24,2726
PFGC,PERFORMANCE FOOD GROUP,right,22,4909
PFIE,PROFIRE ENERGY INC,left,24,2988
PFIS,PEOPLES FINL SVCS CORP,right,22,4473
PFNX,PFENEX INC,right,23,1242
PFPT,PROOFPOINT INC,right,23,3337
PFS,PROVIDENT FINANCIAL SVCS,right,23,4123
PFSI,PENNYMAC FINL SVCS INC,right,22,3861
PFSW,PFSWEB INC,right,23,1416
PG,PROCTER & GAMBLE CO,left,24,2901
PGC,PEAPACK-GLADSTONE FINL,right,22,3163
PGNX,PROGENICS PHARMACEUTICAL,left,24,3076
PGR,PROGRESSIVE CORP,right,23,3163
PGRE,PARAMOUNT GROUP INC,left,22,5084
PGTI,PGT INNOVATIONS INC,right,23,1591
PH,PARKER HANNIFIN CORP,left,23,1591
PHH,PHH CORPORATION,right,23,1679
PHIIK,PHI INC,right,23,1766
PHM,PULTEGROUP INC,right,23,4909
PHX,PANHANDLE OIL AND GAS,left,22,4734
PI,IMPINC INC,left,16,1504
PICO,PICO HOLDINGS INC,right,23,2290
PII,POLARIS INDUSTRIES INC,left,23,4210
PINC,PREMIER INC,left,24,1940
PIR,PIER 1 IMPORTS INC,right,23,2464
PIRS,PIERIS PHARMACEUTICALS,right,23,2551
PK,PARK HOTELS & RESORTS,left,23,1242
PKBK,PARKE BANCORP INC,left,23,1504
PKE,PARK ELECTROCHEMICAL,left,22,5345
PKG,PACKAGING CORP OF AMER,left,22,4298
PKI,PERKINELMER INC,right,22,4996
PKOH,PARK OHIO HOLDINGS CORP,left,23,1416
PLAB,PHOTRONICS INC,right,23,2115
PLAY,DAVE & BUSTERS ENTMT INC,left,9,2813
PLCE,CHILDRENS PLACE INC,left,7,2901
PLD,PROLOGIS INC,right,23,3250
PLNT,PLANET FITNESS INC,left,23,3512
PLOW,DOUGLAS DYNAMICS INC,right,9,3599
PLPC,PREFORMED LINE PRODUCTS,left,24,1766
PLSE,PULSE BIOSCIENCES INC,right,23,4822
PLT,PLANTRONICS INC,left,23,3599
PLUG,PLUG POWER INC,left,23,3948
PLUS,EPLUS INC,right,10,4298
PLXS,PLEXUS CORP,left,23,3861
PM,PHILIP MORRIS INTL,right,23,1940
PMBC,PACIFIC MERCANTILE BANCO,left,22,4036
PMT,PENNYMAC MORTGAGE INV,right,22,3948
PNC,PNC FINANCIAL SVCS GROUP,left,23,4036
PNFP,PINNACLE FINANCIAL,right,23,2813
PNK,PINNACLE ENTERTAINMENT,right,23,2726
PNM,PNM RESOURCES INC,left,23,4123
PNR,PENTAIR PLC,right,22,4123
PNW,PINNACLE WEST CAPITAL CO,right,23,2988
PODD,INSULET CORP,right,15,4385
POL,POLYONE CORP,left,23,4385
POOL,POOL CORP,left,23,4473
POR,PORTLAND GEN ELEC CO,left,23,4647
POST,POST HOLDINGS INC,left,23,4822
POWI,POWER INTEGRATIONS INC,left,23,5171
POWL,POWELL INDUSTRIES INC,left,23,5084
PPBI,PACIFIC PREMIER BANCORP,left,22,4123
PPC,PILGRIMS PRIDE CORP,right,23,2639
PPG,PPG INDUSTRIES INC,left,23,5258
PPL,PPL CORP,left,23,5345
PRA,PROASSURANCE CORP,left,24,2813
PRAA,PRA GROUP INC,left,24,1329
PRAH,PRA HEALTH SCIENCES INC,left,24,1416
PRFT,PERFICIENT INC,right,22,4822
PRGO,PERRIGO CO PLC,right,22,5084
PRGS,PROGRESS SOFTWARE CORP,right,23,3076
PRGX,PRGX GLOBAL INC,left,24,2202
PRI,PRIMERICA INC,left,24,2464
PRIM,PRIMORIS SVCS CORP,left,24,2639
PRK,PARK NATIONAL CORP,left,23,1329
PRLB,PROTO LABS INC,right,23,3861
PRMW,PRIMO WTR CORP,left,24,2551
PRO,PROS HOLDINGS INC,right,23,3512
PRPL,PURPLE INNOVATION INC,right,23,5258
PRSC,PROVIDENCE SERVICE CORP,right,23,3948
PRTA,PROTHENA CORP PLC,right,23,3774
PRTK,PARATEK PHARMACEUTICALS,left,22,5171
PRTY,PARTY CITY HOLDCO INC,left,23,1766
PRU,PRUDENTIAL FINANCIAL INC,right,23,4298
PSA,PUBLIC STORAGE INC,right,23,4647
PSB,PS BUSINESS PARKS INC,right,23,4385
PSDO,PRESIDIO INC,left,24,2028
PSMT,PRICESMART INC,left,24,2377
PSTG,PURE STORAGE INC,right,23,5084
PSX,PHILLIPS ::,right,23,2028
PTC,PTC INC,right,23,4473
PTCT,PTC THERAPEUTICS INC,right,23,4560
PTEN,PATTERSON UTI ENERGY,left,23,2115
PTI,PROTEOSTASIS THERA INC,right,23,3687
PTLA,PORTOLA PHARMACEUTICALS,left,23,4734
PTN,PALATIN TECHNOLOGIES INC,left,22,4473
PTSI,P A M TRANSN SVCS INC,left,22,3687
PUB,PEOPLES UTAH BANCORP,right,22,4647
PUMP,PROPETRO HOLDING CO,right,23,3425
PVAC,PENN VIRGINIA CORP,right,22,3512
PVBC,PROVIDENT BANCORP INC,right,23,4036
PVH,PVH CORP,right,23,5345
PWOD,PENNS WOODS BANCORP INC,right,22,3687
PWR,XUANTA SERVICES INC,right,24,2551
PX,PRAXAIR INC,left,24,1504
PXD,PIONEER NAT RESOURCES CO,left,23,3163
PXG,PX GROUP HOLDINGS INC,left,24,1242
PYPL,PAYPAL HOLDINGS INC,left,23,2464
PZN,PZENA INVESTMENT MGMT,right,24,1242
PZZA,PAPA COHNS INTERNATIONAL,left,22,4822
R,RYDER SYSTEM INC,left,25,4036
RAD,RITE AID CORP,right,25,1504
RAIL,FREIGHTCAR AMERICA INC,right,12,3076
RARE,ULTRAGENYX PHARMA,left,29,4909
RARX,RA PHARMACEUTICALS INC,left,24,3512
RAVN,RAVEN INDUSTRIES INC,left,24,4473
RBB,RBB BANCORP,left,24,4909
RBBN,RIBBON COMMUNICATIONS,right,24,5171
RBC,REGAL BELOIT CORP,left,25,2115
RBCAA,REPUBLIC BANCORP INC KY,right,24,3512
RBNC,RELIANT BANCORP INC,left,25,2988
RCF,RAYMOND CAMES FINANCIAL,left,24,4560
RCII,RENT A CENTER INC,right,24,3337
RCKT,ROCKET PHARMACEUTICALS,right,25,2028
RCKY,ROCKY BRANDS INC,right,25,2377
RCL,ROYAL CARIBBEAN CRUISES,right,25,3163
RCM,R1 RCM INC,left,24,3425
RCUS,ARCUS BIOSCIENCES,left,3,5171
RDC,ROWAN COMPANIES PLC,right,25,3076
RDFN,REDFIN CORP,left,25,1940
RDI,READING INTERNATIONAL,left,24,5258
RDN,RADIAN GROUP INC,left,24,3599
RDNT,RADNET INC,left,24,3861
RDUS,RADIUS HEALTH INC,left,24,3774
RE,EVEREST RE GROUP LTD,left,11,2639
RECN,RESOURCES CONNECTION,right,24,3948
REG,REGENCY CENTERS CORP,left,25,2202
REGI,RENEWABLE ENER GROUP INC,right,24,3250
REGN,REGENERON PHARMACEUTICAL,left,25,2290
REI,RING ENERGY INC,right,25,1329
REIS,REIS INC,left,25,2813
REN,RESOLUTE ENERGY CORP,right,24,3861
REPH,RECRO PHARMA INC,left,25,1504
RES,RPC INC,left,25,3337
RESI,FRONT YARD RESIDENTIAL,right,12,3337
RETA,REATE PHARMACEUTICALS,left,25,1416
REV,REVLON INC,right,24,4560
REVG,REV GROUP INC,right,24,4385
REX,REX AMERICAN RESOURCES,right,24,4647
REXR,REXFORD INDUSTRIAL RLTY,right,24,4734
RF,REGIONS FINANCIAL CORP,left,25,2551
RGA,REINSURANCE GRP OF AMER,left,25,2726
RGCO,RGC RES INC,right,24,4909
RGEN,REPLIGEN CORP,right,24,3425
RGLD,ROYAL GOLD INC,left,25,3250
RGNX,REGENXBIO INC,left,25,2377
RGR,STURM RUGER & CO INC,left,27,4909
RGS,REGIS CORP,left,25,2639
RHI,ROBERT HALF INTL INC,right,25,1940
RHP,RYMAN HOSPITALITY PPTYS,left,25,4210
RHT,RED HAT INC,left,25,1591
RICK,RCI HOSPITALITY HLDGS,left,24,5084
RIG,TRANSOCEAN LTD,right,28,4123
RIGL,RIGEL PHARMACEUTICALS,right,24,5258
RILY,B. RILEY FINANCIAL INC,left,4,3774
RL,RALPH LAUREN CORP,left,24,3948
RLC,RLC LODGING TR,right,25,1766
RLGT,RADIANT LOGISTICS INC,left,24,3687
RLGY,REALOGY HOLDINGS CORP,left,24,5345
RLH,RED LION HOTELS CORP,left,25,1679
RLI,RLI CORP,right,25,1679
RM,REGIONAL MGMT CORP,left,25,2464
RMAX,RE/MAX HOLDINGS INC,left,24,5171
RMBS,RAMBUS INC,left,24,4123
RMD,RESMED INC,right,24,3774
RMNI,RIMINI STREET INC,right,25,1242
RMR,RMR GROUP INC,right,25,1853
RMTI,ROCKWELL MEDICAL INC,right,25,2290
RNET,RIGNET INC,right,24,5345
RNG,RINGCENTRAL INC,right,25,1416
RNR,RENAISSANCERE HOLDINGS,left,25,3163
RNST,RENASANT CORP,right,24,3163
ROCK,GIBRALTAR INDUSTRIES INC,left,13,3774
ROG,ROGERS CORP,right,25,2464
ROIC,RETAIL OPPORTUNITY INVTS,right,24,4123
ROK,ROCKWELL AUTOMATION INC,right,25,2115
ROKU,ROKU INC,right,25,2551
ROL,ROLLINS INC,right,25,2639
ROLL,RBC BEARINGS INC,left,24,4996
ROP,ROPER TECHNOLOGIES INC,right,25,2726
ROSE,ROSEHILL RESOURCES INC,right,25,2813
ROST,ROSS STORES INC,right,25,2988
ROX,CASTLE BRANDS INC,left,7,1329
RP,REALPAGE INC,left,25,1242
RPAI,RETAIL PPTYS AMER INC,right,24,4210
RPD,RAPID6 INC,left,24,4385
RPM,RPM INTERNATIONAL INC,left,25,3425
RPT,RAMCO-GERSHENSON PPTYS,left,24,4210
RRC,RANGE RESOURCES CORP,left,24,4298
RRD,DONNELLEY R R & SONS CO,right,9,3337
RRGB,RED ROBIN GOURMET BURGER,left,25,1766
RRR,RED ROCKS RESORTS INC,left,25,1853
RS,RELIANCE STEEL & ALUM,left,25,2901
RSG,REPUBLIC SERVICES INC,right,24,3687
RSPP,RSP PERMIAN INC,left,25,3512
RST,ROSETTA STONE INC,right,25,2901
RTEC,RUDOLPH TECHNOLOGIES INC,left,25,3687
RTIX,RTI SURGICAL INC,left,25,3599
RTN,RAYTHEON CO,left,24,4822
RTRX,RETROPHIN INC,right,24,4298
RUN,SUNRUN INC,left,28,1416
RUSHA,RUSH ENTERPRISES INC,left,25,3774
RUSHB,RUSH ENTERPRISES INC,left,25,3861
RUTH,RUTH'S HOSPITALITY GROUP,left,25,3948
RVNC,REVANCE THERAPEUTICS INC,right,24,4473
RVSB,RIVERVIEW BANCORP INC,right,25,1591
RWT,REDWOOD TRUST INC,left,25,2028
RXN,REXNORD CORP,right,24,4822
RYAM,RAYONIER ADV MATERIALS,left,24,4647
RYI,RYERSON HOLDING CORP,left,25,4123
RYN,RAYONIER INC,left,24,4734
RYTM,RHYTHM PHARMACEUTICALS,right,24,5084
S,SPRINT CORP,right,27,1591
SABR,SABRE CORP,left,25,4560
SAFE,SAFTEY INCOME & GROWTH,left,25,4909
SAFM,SANDERSON FARMS INC,left,26,1416
SAFT,SAFETY INSURANCE GRP INC,left,25,4822
SAGE,SAGE THERAPEUTICS INC,left,25,5084
SAH,SONIC AUTOMOTIVE INC,left,27,2726
SAIA,SAIA INC,left,25,5171
SAIC,SCIENCE APPLICATIONS INT,right,25,3250
SAIL,SAILPOINT TECHNOLOGIES,left,25,5258
SALT,SCORPIO BULKERS INC,right,25,3425
SAM,BOSTON BEER INC,left,5,3948
SAMG,SILVERCREST ASSET MNGMT,left,26,4473
SANM,SANMINA CORPORATION,left,26,1853
SASR,SANDY SPRING BANCORP,left,26,1591
SATS,ECHOSTAR CORP,left,10,2813
SAVE,SPIRIT AIRLS INC,right,26,5084
SB,SAFE BULKERS INC,left,25,4647
SBAC,SBA COMMUNICATIONS CORP,left,26,2377
SBBX,SB ONE BANCORP,left,26,2290
SBCF,SEACOAST BANKING CORP FL,right,25,3948
SBGI,SINCLAIR BROADCAST GROUP,left,26,4996
SBH,SALLY BEAUTY HOLDINGS,left,26,1242
SBNY,SIGNATURE BANK,left,26,4036
SBOW,SILVERBOW RESOURCES,left,26,4385
SBPH,SPRING BANK PHARMA,right,27,1504
SBRA,SABRA HEALTH CARE REIT,left,25,4473
SBSI,SOUTHSIDE BANCSHARES INC,right,26,3687
SBT,STERLING BANCORP INC,left,27,3948
SBUX,STARBUCKS CORP,right,27,2901
SC,SANTANDER CNSMR USA HLDG,left,26,1940
SCCO,SOUTHERN COPPER CORP,right,26,3337
SCG,SCANA CORP,left,26,2464
SCHL,SCHOLASTIC CORP,left,26,2988
SCHN,SCHNITZER STEEL INDS,left,26,2901
SCHW,SCHWAB CHARLES CORP,left,26,3163
SCI,SERVICE CORP INTL,right,26,2115
SCL,STEPAN CO,left,27,3599
SCM,SMUCKER C M CO,left,27,2377
SCPH,SCPHARMACEUTICALS INC,right,25,3687
SCS,STEELCASE INC,left,27,3425
SCSC,SCANSOURCE INC,left,26,2551
SCVL,SHOE CARNIVAL INC,right,26,2988
SCW,SCW GROUP,left,26,5345
SCWX,SECUREWORKS CORP,right,25,4647
SD,SANDRIDGE ENERGY INC,left,26,1504
SEAS,SEAWORLD ENTMT INC,right,25,4560
SEB,SEABOARD CORP,right,25,3861
SEE,SEALED AIR CORP,right,25,4210
SEIC,SEI INVESTMENTS CO,right,25,4734
SELB,SELECTA BIOSCIENCES INC,right,25,5171
SEM,SELECT MEDICAL HOLDINGS,right,25,5084
SEMG,SEMGROUP CORP,right,25,5345
SEND,SENDGRID INC,right,26,1416
SENEA,SENECA FOODS CORP,right,26,1504
SENS,SENSEONICS HOLDINGS INC,right,26,1766
SERV,SERVICEMASTER GLOBAL,right,26,2202
SF,STIFEL FINANCIAL CORP,left,27,4210
SFBS,SERVISFIRST BANCSHARES,right,26,2464
SFE,SAFEGUARD SCIENTIFICS,left,25,4734
SFL,SHIP FINANCE INTL,right,26,2901
SFLY,SHUTTERFLY INC,right,26,3250
SFM,SPROUTS FRMRS MKT INC,right,27,1679
SFNC,SIMMONS FIRST NATIONAL,left,26,4560
SFS,SMART & FINAL STORES INC,left,27,1940
SFST,SOUTHERN FIRST BANCSHARE,right,26,3425
SGA,SAGA COMMUNICATIONS INC,left,25,4996
SGC,SUPERIOR GROUP OF CO,left,28,1853
SGEN,SEATTLE GENETICS INC,right,25,4473
SGH,SMART GLOBAL HOLDINGS,left,27,2028
SGMO,SANGAMO THERAPEUTICS INC,left,26,1766
SGMS,SCIENTIFIC GAMES CORP,right,25,3337
SGRY,SURGERY PARTNERS INC,left,28,2290
SGYP,SYNERGY PHARMACEUTICALS,left,28,3337
SHAK,SHAKE SHACK INC,right,26,2551
SHBI,SHORE BANCSHARES INC,right,26,3076
SHEN,SHENANDOAH TELECOMM CO,right,26,2639
SHLD,SEARS HOLDINGS CORP,right,25,4298
SHLM,SCHULMAN A INC,left,26,3076
SHLO,SHILOH INDUSTRIES INC,right,26,2813
SHO,SUNSTONE HOTEL INVS INC,left,28,1504
SHOO,MADDEN STEVEN LTD,left,18,4909
SHW,SHERWIN WILLIAMS CO,right,26,2726
SIEB,SIEBERT FINANCIAL CORP,left,26,3512
SIEN,SIENTRA INC,left,26,3687
SIFI,SI FINANCIAL GROUP,left,26,3425
SIG,SIGNET CEWELERS LTD,left,26,4123
SIGA,SIGA TECHNOLOGIES INC,left,26,3861
SIGI,SELECTIVE INSURANCE GRP,right,25,5258
SIGM,SIGMA DESIGNS INC,left,26,3948
SIR,SELECT INCOME REIT,right,25,4996
SIRI,SIRIUS XM HOLDINGS INC,left,26,5084
SITE,SITEONE LANDSCAPE SUPPLY,left,26,5171
SIVB,SVB FINANCIAL GROUP,left,28,2551
SIX,SIX FLAGS ENTMT CORP,left,26,5258
SKT,TANGER FACTORY OUTLET,right,27,4822
SKX,SKECHERS USA INC,left,27,1242
SKY,SKYLINE CHAMPION CORP,left,27,1329
SKYW,SKYWEST INC,left,27,1416
SLAB,SILICON LABORATORIES INC,left,26,4298
SLB,SCHLUMBERGER LTD,left,26,2726
SLCA,U S SILICA HLDGS INC,left,29,4123
SLCT,SELECT BANCORP INC,right,25,4822
SLD,SUTHERLAND ASSET MGMT,left,28,2464
SLDB,SOLID BIOSCIENCES INC,left,27,2639
SLG,SL GREEN REALTY CORP,left,27,1591
SLGN,SILGAN HOLDINGS INC,left,26,4210
SLM,SLM CORP,left,27,1766
SLP,SIMULATIONS PLUS INC,left,26,4909
SM,SM ENERGY CO,left,27,1853
SMBC,SOUTHERN MO BANCORP INC,right,26,3512
SMBK,SMARTFINANCIAL INC,left,27,2202
SMCI,SUPER MICRO COMPUTER INC,left,28,1679
SMG,SCOTTS MIRACLE-GRO CO,right,25,3599
SMHI,SEACOR MARINE HOLDINGS,right,25,4123
SMMF,SUMMIT FINANCIAL GROUP,left,27,4996
SMP,STANDARD MOTOR PRODUCTS,right,27,2639
SMPL,SIMPLY GOOD FOODS,left,26,4734
SMTA,SPIRIT MTA REIT,right,26,5171
SMTC,SEMTECH CORP,right,26,1329
SN,SANCHEZ ENERGY CORP,left,26,1329
SNA,SNAP ON INC,left,27,2464
SNBR,SLEEP NUMBER CORPORATION,left,27,1679
SND,SMART SAND INC,left,27,2115
SNDR,SCHNEIDER NATIONAL INC,left,26,2813
SNDX,SYNDAX PHARMACEUTICALS,left,28,3163
SNH,SENIOR HOUSING PPTYS TR,right,26,1591
SNHY,SUN HYDRAULICS CORP,left,27,5345
SNNA,SIENNA BIOPHARMA,left,26,3599
SNPS,SYNOPSYS INC,right,27,3512
SNR,NEW SR INVT GROUP INC,right,20,3774
SNV,SYNOVUS FINANCIAL CORP,right,27,3599
SNX,SYNNEX CORP,right,27,3425
SO,SOUTHERN CO,left,27,3337
SOI,SOLARIS OILFIELD,left,27,2551
SON,SONOCO PRODUCTS CO,left,27,2901
SONA,SOUTHERN NATL BANCORP,right,26,3599
SONC,SONIC CORP,left,27,2813
SP,SP PLUS CORPORATION,right,26,4036
SPA,SPARTON CORP,right,26,4473
SPAR,SPARTAN MOTORS INC,right,26,4298
SPB,SPECTRUM BRANDS HOLDINGS,right,26,4560
SPG,SIMON PROPERTY GROUP INC,left,26,4647
SPGI,S&P GLOBAL INC,left,25,4385
SPKE,SPARK ENERGY INC,right,26,4123
SPLK,SPLUNK INC,right,27,1242
SPN,SUPERIOR ENERGY SERVICES,left,28,1766
SPNE,SEASPINE HOLDINGS CORP,right,25,4385
SPOK,SPOK HOLDINGS INC,right,27,1329
SPPI,SPECTRUM PHARMACEUTICALS,right,26,4647
SPR,SPIRIT AEROSYSTEMS,right,26,4996
SPRO,SPERO THERAPEUTICS INC,right,26,4822
SPSC,SPS COMM INC,right,27,1766
SPTN,SPARTANNASH COMPANY,right,26,4385
SPWH,SPORTSMANS WHSE HLDGS,right,27,1416
SPWR,SUNPOWER CORP,left,28,1329
SPXC,SPX CORP,right,27,1853
SR,SPIRE INC,right,26,4909
SRC,SPIRIT RLTY CAP INC,right,26,5345
SRCE,1ST SOURCE CORP,left,1,1416
SRCI,SRC ENERGY INC,right,27,2115
SRCL,STERICYCLE INC,left,27,3687
SRDX,SURMODICS INC,left,28,2377
SRE,SEMPRA ENERGY,right,26,1242
SREV,SERVICESOURCE INTL,right,26,2377
SRG,SERITAGE GROWTH PROP,right,26,2028
SRI,STONERIDGE INC,left,27,4385
SRNE,SORRENTO THERAPEUTICS,left,27,2988
SRPT,SAREPTA THERAPEUTICS INC,left,26,2028
SSB,SOUTH STATE CORPORATION,left,27,3250
SSD,SIMPSON MANUFACTURING,left,26,4822
SSNC,SS&C TECHNOLOGIES HLDGS,right,27,2202
SSP,SCRIPPS E W CO,right,25,3774
SSTK,SHUTTERSTOCK INC,left,26,3337
SSYS,STRATASYS LTD,left,27,4560
ST,SENSATA TECHNOLOGIES,right,26,1679
STAA,STAAR SURGICAL CO,right,27,2377
STAG,STAG INDL INC,right,27,2464
STAR,ISTAR INC,left,16,4822
STAY,EXTENDED STAY AMERICA,left,11,4385
STBA,S & T BANCORP INC,left,25,4298
STBZ,STATE BK FINL CORP,right,27,3163
STC,STEWART INFORMATION,left,27,4123
STE,STERIS PLC,left,27,3774
STFC,STATE AUTO FINANCIAL,right,27,3076
STI,SUNTRUST BANKS INC,left,28,1591
STL,STERLING BANCORP,left,27,3861
STLD,STEEL DYNAMICS INC,right,27,3337
STML,STEMLINE THERAPEUTICS,left,27,3512
STMP,STAMPS COM INC,right,27,2551
STNG,SCORPIO TANKERS INC,right,25,3512
STOR,STORE CAPITAL CORP,left,27,4473
STRA,STRAYER EDUCATION INC,left,27,4734
STRL,STERLING CONSTRUCTION CO,left,27,4036
STRS,STRATUS PPTYS INC,left,27,4647
STT,STATE STREET CORP,right,27,3250
STWD,STARWOOD PPTY TRUST INC,right,27,2988
STXB,SPIRIT OF TEXAS BNCSHRES,right,26,5258
STZ,CONSTELLATION BRANDS,left,8,3861
SUI,SUN COMMUNITIES INC,left,27,5258
SUM,SUMMIT MATLS INC,left,27,5171
SUP,SUPERIOR INDUSTRIES INTL,left,28,1940
SUPN,SUPERNUS PHARMACEUTICALS,left,28,2028
SURF,SURFACE ONCOLOGY,left,28,2202
SVRA,SAVARA INC,left,26,2202
SVU,SUPERVALU INC,left,28,2115
SWCH,SWITCH INC,left,28,2639
SWK,STANLEY BLACK & DECKER,right,27,2813
SWKS,SKYWORKS SOLUTIONS INC,left,27,1504
SWM,SCHWEITZER-MAUDUIT INTL,left,26,3250
SWN,SOUTHWESTERN ENERGY CO,right,26,3948
SWX,SOUTHWEST GAS HOLDINGS,right,26,3861
SX,SXUARE INC,right,27,2028
SXC,SUNCOKE ENERGY INC,left,28,1242
SXI,STANDEX INTERNATIONAL,right,27,2726
SXT,SENSIENT TECHNOLOGIES,right,26,1853
SYBT,STOCK YARDS BANCORP INC,left,27,4298
SYBX,SYNLOGIC INC,left,28,3425
SYF,SYNCHRONY FINANCIAL,left,28,3076
SYK,STRYKER CORP,left,27,4822
SYKE,SYKES ENTERPRISES INC,left,28,2726
SYMC,SYMANTEC CORP,left,28,2813
SYNA,SYNAPTICS INC,left,28,2988
SYNH,SYNEOS HEALTH INC,left,28,3250
SYNL,SYNALLOY CORP,left,28,2901
SYNT,SYNTEL INC,right,27,3687
SYRS,SYROS PHARMACEUTICALS,right,27,3774
SYX,SYSTEMAX INC,right,27,3948
SYY,SYSCO CORP,right,27,3861
T,AT&T INC,right,3,4385
TACO,DEL TACO RESTAURANTS INC,left,9,3687
TAHO,TAHOE RES INC,right,27,4385
TALO,TALOS ENERGY INC,right,27,4647
TAP,MOLSON COORS BREWING CO,right,19,3599
TAST,CARROLS RESTAURANT GRP,left,6,4734
TBBK,BANCORP INC,left,4,4647
TBI,TRUEBLUE INC,right,29,2202
TBK,TRIUMPH BANCORP INC,right,29,1853
TBNK,TERRITORIAL BANCORP INC,left,28,3512
TBPH,THERAVANCE BIOPHARMA INC,left,28,5258
TCBI,TEXAS CAPITAL BANCSHARES,left,28,4036
TCBK,TRICO BANCSHARES,right,28,5084
TCF,TCF FINANCIAL CORP,right,27,5345
TCFC,COMMUNITY FINL CORP MD,left,8,1853
TCI,TRANSCONTINENTAL REALTY,right,28,3861
TCMD,TACTILE SYSTEMS TECH,right,27,4298
TCO,TAUBMAN CENTERS INC,right,27,5171
TCS,THE CONTAINER STORE GRP,left,28,4734
TCX,TCX COMPANIES INC,left,29,2639
TDC,TERADATA CORP,right,28,2988
TDG,TRANSDIGM GROUP INC,right,28,3948
TDOC,TELADOC INC,right,28,1940
TDS,TELEPHONE & DATA SYSTEMS,right,28,2377
TDW,TIDEWATER INC,left,29,1504
TDY,TELEDYNE TECHNOLOGIES,right,28,2115
TEAM,ATLASSIAN CORP PLC,right,3,5258
TECD,TECH DATA CORP,right,28,1416
TECH,BIO-TECHNE CORP,right,4,5345
TELL,TELLURIAN INC,right,28,2551
TEN,TENNECO INC,right,28,2901
TER,TERADYNE INC,right,28,3076
TERP,TERRAFORM POWER INC,right,28,3250
TEX,TEREX CORP,right,28,3163
TFSL,TFS FINL CORP,left,28,4473
TFX,TELEFLEX INC,right,28,2202
TG,TREDEGAR CORP,right,28,4647
TGH,TEXTAINER GROUP HLDGS,left,28,4298
TGI,TRIUMPH GROUP INC,right,29,1940
TGNA,TEGNA INC,right,28,1766
TGT,TARGET CORP,right,27,5084
TGTX,TG THERAPEUTICS INC,left,28,4560
THC,TENET HEALTHCARE CORP,right,28,2726
THFF,FIRST FINANCIAL CORP,right,11,5258
THG,HANOVER INSURANCE GROUP,left,14,2988
THO,THOR INDUSTRIES INC,left,29,1416
THR,THERMON GROUP HLDGS INC,left,29,1242
THRM,GENTHERM INC,left,13,3076
THS,TREEHOUSE FOODS INC,right,28,4734
TIER,TIER REIT INC,left,29,1591
TIF,TIFFANY & CO,left,29,1679
TILE,INTERFACE INC,right,16,1329
TIPT,TIPTREE INC,left,29,2202
TISI,TEAM INC,right,28,1329
TITN,TITAN MACHINERY INC,left,29,2377
TIVO,TIVO CORPORATION,left,29,2551
TK,TEEKAY CORP,right,28,1591
TKR,TIMKEN CO,left,29,2028
TLGT,TELIGENT INC,right,28,2464
TLRA,TELARIA INC,right,28,2028
TLRD,TAILORED BRANDS INC,right,27,4473
TLYS,TILLYS INC,left,29,1853
TMHC,TAYLOR MORRISON HOME,right,27,5258
TMK,TORCHMARK CORP,left,29,3163
TMO,THERMO FISHER SCIENTIFIC,left,28,5345
TMP,TOMPKINS FINANCIAL CORP,left,29,2901
TMST,TIMKENSTEEL CORPORATION,left,29,2115
TMUS,T-MOBILE US INC,right,28,3425
TNAV,TELENAV INC,right,28,2290
TNC,TENNANT CO,right,28,2813
TNDM,TANDEM DIABETES CARE INC,right,27,4734
TNET,TRINET GROUP INC,right,28,5345
TNK,TEEKAY TANKERS LTD,right,28,1679
TOCA,TOCAGEN INC,left,29,2726
TOL,TOLL BROTHERS INC,left,29,2813
TORC,RESTORBIO INC,right,24,4036
TOWN,TOWNEBANK PORTSMOUTH VA,right,28,3512
TOWR,TOWER INTERNATIONAL INC,left,29,3425
TPB,TURNING POINT BRANDS INC,right,29,2988
TPC,TUTOR PERINI CORP,right,29,3163
TPH,TRI POINTE GROUP INC,right,28,4909
TPHS,TRINITY PLACE HOLDINGS,right,29,1329
TPIC,TPI COMPOSITES INC,right,28,3687
TPR,TAPESTRY INC,right,27,4909
TPRE,THIRD POINT REINSURANCE,left,29,1329
TPX,TEMPUR SEALY INTL INC,right,28,2639
TR,TOOTSIE ROLL INDUSTRIES,left,29,2988
TRC,TECON RANCH CO,right,28,1853
TRCO,TRIBUNE MEDIA CO,right,28,4996
TREC,TRECORA RESOURCES,right,28,4560
TREE,LENDINGTREE INC,right,17,2726
TREX,TREX INC,right,28,4822
TRGP,TARGA RESOURCES INC,right,27,4996
TRHC,TABULA RASA HEALTHCARE,right,27,4210
TRIP,TRIPADVISOR INC,right,29,1504
TRK,SPEEDWAY MOTORSPORTS INC,right,26,4734
TRMB,TRIMBLE INC,right,28,5258
TRMK,TRUSTMARK CORP,right,29,2551
TRN,TRINITY INDUSTRIES INC,right,29,1242
TRNC,TRONC INC,right,29,2028
TRNO,TERRENO REALTY CORP,right,28,3337
TROW,PRICE T ROWE GROUP INC,left,24,2290
TROX,TRONOX LTD,right,29,2115
TRS,TRIMAS CORP,right,28,5171
TRST,TRUSTCO BANK CORP NY,right,29,2464
TRTN,TRITON INTERNATIONAL LTD,right,29,1766
TRTX,TPG RE FINANCE TRUST,right,28,3599
TRUE,TRUECAR INC,right,29,2290
TRUP,TRUPANION INC,right,29,2377
TRV,TRAVELERS COS INC,right,28,4298
TRXC,TRANSENTERIX INC,right,28,4036
TSBK,TIMBERLAND BANCORP INC,left,29,1940
TSC,TRISTATE CAP HLDGS INC,right,29,1679
TSCO,TRACTOR SUPPLY CO,right,28,3774
TSE,TRINSEO SA,right,29,1416
TSLA,TESLA INC,left,28,3687
TSN,TYSON FOODS INC,left,29,3774
TSRO,TESARO INC,left,28,3599
TSS,TOTAL SYSTEM SERVICES,left,29,3337
TTC,TORO CO,left,29,3250
TTD,THE TRADE DESK INC,left,28,4996
TTEC,TTEC HOLDINGS INC,right,29,2639
TTEK,TETRA TECH INC,left,28,3774
TTGT,TECHTARGET INC,right,28,1504
TTI,TETRA TECHNOLOGIES INC,left,28,3861
TTMI,TTM TECHNOLOGIES INC,right,29,2726
TTOO,T2 BIOSYSTEMS INC,right,27,4036
TTPH,TETRAPHASE PHARMA INC,left,28,3948
TTS,TILE SHOP HLDGS INC,left,29,1766
TTWO,TAKE-TWO INTERACTIVE,right,27,4560
TUP,TUPPERWARE BRANDS CORP,right,29,2901
TUSK,MAMMOTH ENERGY SERVICES,left,19,1504
TVPT,TRAVELPORT WORLDWIDE LTD,right,28,4385
TVTY,TIVITY HEALTH INC,left,29,2464
TWI,TITAN INTERNATIONAL INC,left,29,2290
TWIN,TWIN DISC INC,right,29,3337
TWLO,TWILIO INC,right,29,3250
TWNK,HOSTESS BRANDS INC,right,15,1940
TWO,TWO HBRS INVT CORP,right,29,3512
TWOU,2U INC,left,1,1766
TWTR,TWITTER INC,right,29,3425
TXMD,THERAPEUTICSMD INC,left,28,5171
TXN,TEXAS INSTRUMENTS INC,left,28,4123
TXRH,TEXAS ROADHOUSE INC,left,28,4210
TXT,TEXTRON INC,left,28,4385
TYL,TYLER TECHNOLOGIES INC,left,29,3599
TYPE,MONOTYPE IMAGING HLDG,right,19,4210
UA,UNDER ARMOUR CLASS C,left,29,5345
UAA,UNDER ARMOUR CLASS A,left,29,5258
UAL,UNITED CONTINENTAL HLDGS,left,30,2115
UBA,URSTADT BIDDLE PPTYS INS,right,29,5084
UBFO,UNITED SECURITY BANC,left,30,2726
UBNK,UNITED FINANCIAL BANCORP,left,30,2202
UBNT,UBIXUITI NETWORKS INC,left,29,4210
UBSH,UNION BANKSHARES CORP,left,30,1416
UBSI,UNITED BANKSHARES INC,left,30,1853
UBX,UNITY BIOTECHNOLOGY,left,30,3599
UCBI,UNITED COMMUNITY BANKS,left,30,2028
UCFC,UNITED CMNTY FINL CO,left,30,1940
UCTT,ULTRA CLEAN HOLDINGS INC,left,29,4734
UDR,UDR INC,left,29,4298
UE,URBAN EDGE PROPERTIES,right,29,4909
UEC,URANIUM ENERGY CORP,right,29,4822
UEIC,UNIVERSAL ELECTRONICS,right,29,3948
UFCS,UNITED FIRE GROUP INC,left,30,2290
UFI,UNIFI INC,left,30,1242
UFPI,UNIVERSAL FOREST PRODS,right,29,4036
UFPT,UFP TECHNOLOGIES INC,left,29,4385
UFS,DOMTAR CORPORATION,right,9,2988
UGI,UGI CORP,left,29,4473
UHS,UNIVERSAL HEALTH SVCS,right,29,4210
UHT,UNIVERSAL HEALTH REALTY,right,29,4123
UIHC,UNITED INS HLDGS CORP,left,30,2377
UIS,UNISYS CORP,left,30,1679
ULH,UNIVERSAL LOGISTICS HLDG,right,29,4385
ULTA,ULTA BEAUTY INC,left,29,4560
ULTI,ULTIMATE SOFTWARE GROUP,left,29,4647
UMBF,UMB FINANCIAL CORP,left,29,4996
UMH,UMH PROPERTIES INC,left,29,5084
UMPX,UMPXUA HOLDINGS CORP,left,29,5171
UMRX,UNUM THERAPEUTICS,right,29,4647
UNB,UNION BANKSHARES INC,left,30,1504
UNF,UNIFIRST CORP MASS,left,30,1329
UNFI,UNITED NATURAL FOODS INC,left,30,2464
UNH,UNITEDHEALTH GROUP INC,left,30,3250
UNIT,UNITI GROUP INC,left,30,3337
UNM,UNUM GROUP,right,29,4560
UNP,UNION PACIFIC CORP,left,30,1591
UNT,UNIT CORP,left,30,1766
UNTY,UNITY BANCORP INC,left,30,3512
UNVR,UNIVAR INC,right,29,3687
UPL,ULTRA PETROLEUM CORP,left,29,4822
UPLD,UPLAND SOFTWARE INC,right,29,4734
UPS,UNITED PARCEL SERVICE,left,30,2551
URBN,URBAN OUTFITTERS INC,right,29,4996
URI,UNITED RENTALS INC,left,30,2639
USAK,USA TRUCK INC,right,30,1329
USAP,UNIV STAINLESS AND ALLOY,right,29,3599
USAT,USA TECHNOLOGIES INC,right,30,1242
USB,US BANCORP,right,29,5171
USCR,U S CONCRETE INC,left,29,3861
USFD,US FOODS HOLDING CORP,right,29,5345
USG,U S G CORP,left,29,3948
USLM,UNITED STATES LIME & MIN,left,30,2901
USM,UNITED STATES CELLULAR,left,30,2813
USNA,USANA HEALTH SCIENCES,right,30,1416
USPH,U S PHYSICAL THERAPY INC,left,29,4036
UTHR,UNITED THERAPEUTICS,left,30,3163
UTL,UNITIL CORP,left,30,3425
UTMD,UTAH MED PRODS INC,right,30,1504
UTX,UNITED TECHNOLOGIES,left,30,3076
UUUU,ENERGY FUELS INC,right,10,2028
UVE,UNIVERSAL INSURANCE,right,29,4298
UVSP,UNIVEST CORP OF PENN,right,29,4473
UVV,UNIVERSAL CORP,right,29,3774
V,VISA INC,left,31,1679
VAC,MARRIOTT VAC WORLD CORP,right,18,2988
VALU,VALUE LINE INC,right,30,2202
VAR,VARIAN MEDICAL SYSTEMS,right,30,2551
VBTX,VERITEX HOLDINGS,left,30,4036
VC,VISTEON CORP,left,31,2028
VCEL,VERICEL CORP,right,30,3599
VCRA,VOCERA COMMUNICATIONS,left,31,2464
VCYT,VERACYTE INC,right,30,3337
VEC,VECTRUS INC,right,30,2901
VECO,VEECO INSTRUMENTS INC,right,30,2988
VEEV,VEEVA SYSTEMS INC,right,30,3076
VER,VEREIT INC,right,30,3512
VERI,VERITONE INC,left,30,4210
VFC,V F CORP,right,30,1591
VG,VONAGE HLDGS CORP,left,31,2551
VGR,VECTOR GROUP LTD,right,30,2726
VHC,VIRNETX HOLDING CORP,left,31,1329
VHI,VALHI INC,right,30,1853
VIA,VIACOM INC CL A,left,30,4647
VIAB,VIACOM INC CL B,left,30,4734
VIAV,VIAVI SOLUTIONS INC,left,30,4996
VICI,VICI PROPERTIES INC,left,30,5084
VICR,VICOR CORP,left,30,5171
VIRT,VIRTU FINL INC,left,31,1416
VIVO,MERIDIAN BIOSCIENCE INC,left,19,3512
VKTX,VIKING THERAPEUTICS INC,left,30,5345
VLGEA,VILLAGE SUPER MARKET INC,left,31,1242
VLO,VALERO ENERGY CORP,right,30,1766
VLY,VALLEY NATIONAL BANCORP,right,30,2028
VMC,VULCAN MATERIALS CO,left,31,2988
VMI,VALMONT INDUSTRIES INC,right,30,2115
VMW,VMWARE INC,left,31,2377
VNDA,VANDA PHARMACEUTICALS,right,30,2377
VNO,VORNADO REALTY TRUST,left,31,2639
VOYA,VOYA FINANCIAL INC,left,31,2726
VPG,VISHAY PRECISION GROUP,left,31,1853
VR,VALIDUS HOLDINGS LTD,right,30,1940
VRA,VERA BRADLEY INC,right,30,3250
VRAY,VIEWRAY INC,left,30,5258
VREX,VAREX IMAGING,right,30,2464
VRNS,VARONIS SYSTEMS INC,right,30,2639
VRNT,VERINT SYS INC,left,30,3774
VRS,VERSO CORPORATION,left,30,4385
VRSK,VERISK ANALYTICS INC,left,30,3948
VRSN,VERISIGN INC,left,30,3861
VRTS,VIRTUS INVESTMENT PTNRS,left,31,1504
VRTU,VIRTUSA CORP,left,31,1591
VRTV,VERITIV CORPORATION,left,30,4123
VRTX,VERTEX PHARMACEUTICALS,left,30,4560
VSAT,VIASAT INC,left,30,4909
VSEC,VSE CORP,left,31,2901
VSH,VISHAY INTERTECHNOLOGY,left,31,1766
VSLR,VIVINT SOLAR INC,left,31,2290
VSM,VERSUM MATERIALS,left,30,4473
VST,VISTRA ENERGY CORP,left,31,2115
VSTM,VERASTEM INC,right,30,3425
VSTO,VISTA OUTDOOR INC,left,31,1940
VTL,VITAL THERAPIES INC,left,31,2202
VTR,VENTAS INC,right,30,3163
VUZI,VUZIX CORP,left,31,3076
VVC,VECTREN CORP,right,30,2813
VVI,VIAD CORP,left,30,4822
VVV,VALVOLINE INC,right,30,2290
VYGR,VOYAGER THERAPEUTICS INC,left,31,2813
VZ,VERIZON COMMUNICATIONS,left,30,4298
W,WAYFAIR INC,right,30,4909
WAAS,AXUAVENTURE HOLDINGS LTD,left,3,4210
WAB,WABTEC CORP,left,31,3512
WABC,WESTAMERICA BANCORP,right,31,2377
WAFD,WASHINGTON FED INC,right,30,4036
WAGE,WAGEWORKS INC,left,31,3687
WAIR,WESCO AIRCRAFT HLDGS INC,right,31,2028
WAL,WESTERN ALLIANCE BANCORP,right,31,2464
WASH,WASHINGTON TRUST BANCORP,right,30,4298
WAT,WATERS CORP,right,30,4473
WATT,ENERGOUS CORP,right,10,1940
WBA,WALGREENS BOOTS ALLIANCE,right,30,3687
WBC,WABCO HOLDINGS INC,left,31,3425
WBS,WEBSTER FINANCIAL CORP,right,30,5258
WCC,WESCO INTERNATIONAL INC,right,31,2115
WCG,WELLCARE GROUP INC,right,31,1591
WD,WALKER & DUNLOP INC,right,30,3774
WDAY,WORKDAY INC,left,32,1329
WDC,WESTERN DIGITAL CORP,right,31,2639
WDFC,WD-40 CO,right,30,4996
WDR,WADDELL & REED FINANCIAL,left,31,3599
WEB,WEB.COM GROUP INC,right,30,5171
WEC,WEC ENERGY GROUP INC,right,30,5345
WELL,WELLTOWER INC,right,31,1766
WEN,THE WENDY'S COMPANY,left,28,5084
WERN,WERNER ENTERPRISES INC,right,31,1853
WETF,WISDOMTREE INVTS INC,left,31,5171
WEX,WEX INC,right,31,3163
WEYS,WEYCO GROUP INC,right,31,3250
WFC,WELLS FARGO & CO,right,31,1679
WFT,WEATHERFORD INTL PLC,right,30,5084
WGL,WGL HOLDINGS INC,right,31,3425
WGO,WINNEBAGO INDUSTRIES INC,left,31,4996
WH,WYNDHAM HOTELS & RESORTS,left,32,2290
WHD,CACTUS INC,right,5,4210
WHG,WESTWOOD HOLDINGS GROUP,right,31,3076
WHR,WHIRLPOOL CORP,right,31,3512
WIFI,BOINGO WIRELESS INC,left,5,3163
WIN,WINDSTREAM HOLDINGS INC,left,31,4734
WINA,WINMARK CORP,left,31,4909
WING,WINGSTOP INC,left,31,4822
WIRE,ENCORE WIRE CORP,left,11,1416
WK,WORKIVA INC,left,32,1416
WLDN,WILLDAN GROUP INC,left,31,4123
WLFC,WILLIS LEASE FINANCE,left,31,4473
WLH,WILLIAM LYON HOMES,left,31,4210
WLK,WESTLAKE CHEMICAL CORP,right,31,2901
WLL,WHITING PETROLEUM CORP,left,31,3774
WLTW,WILLIS TOWERS WATSON PLC,left,31,4560
WM,WASTE MGMT INC,right,30,4385
WMB,WILLIAMS COMPANIES INC,left,31,4298
WMC,WESTERN ASSET MTG CAP,right,31,2551
WMGI,WRIGHT MEDICAL GROUP N V,left,32,2028
WMIH,WMIH CORP,left,31,5258
WMK,WEIS MARKETS INC,right,31,1416
WMS,ADVANCED DRAINAGE SYSTEM,right,1,2290
WMT,WALMART INC,right,30,3861
WNC,WABASH NATIONAL CORP,left,31,3337
WNEB,WESTERN NEW ENGLAND,right,31,2726
WOR,WORTHINGTON INDUSTRIES,left,32,1853
WP,WORLDPAY INC,left,32,1766
WPC,W P CAREY INC,left,31,3163
WPG,WASHINGTON PRIME GROUP,right,30,4123
WPX,WPX ENERGY INC,left,32,1940
WRB,BERKLEY W R CORP,right,4,3774
WRD,WILDHORSE RESOURCE DEV,left,31,3948
WRE,WASHINGTON REAL ESTATE,right,30,4210
WRI,WEINGARTEN RLTY INVS,right,31,1329
WRK,WESTROCK CO,right,31,2988
WRLD,WORLD ACCEPTANCE CORP,left,32,1504
WSBC,WESBANCO INC,right,31,1940
WSBF,WATERSTONE FINANCIAL INC,right,30,4560
WSC,WILLSCOT CORPORATION,left,31,4647
WSFS,WSFS FINANCIAL CORP,left,32,2115
WSM,WILLIAMS SONOMA INC,left,31,4385
WSO,WATSCO INC,right,30,4647
WSR,WHITESTONE REIT,right,31,3687
WST,WEST PHARMACEUTICAL SVCS,right,31,2290
WTBA,WEST BANCORPORATION INC,right,31,2202
WTFC,WINTRUST FINANCIAL CORP,left,31,5084
WTI,W&T OFFSHORE INC,left,31,3250
WTM,WHITE MTNS INS GROUP LTD,right,31,3599
WTR,AXUA AMERICA INC,left,3,4036
WTS,WATTS WATER TECH INC,right,30,4734
WTTR,SELECT ENERGY SERVICES,right,25,4909
WTW,WEIGHT WATCHERS INTL INC,right,31,1242
WU,WESTERN UNION CO,right,31,2813
WVE,WAVE LIFE SCIENCES LTD,right,30,4822
WWD,WOODWARD INC,left,32,1242
WWE,WORLD WRESTLING ENTMNT,left,32,1679
WWW,WOLVERINE WORLD WIDE,left,31,5345
WY,WEYERHAEUSER CO,right,31,3337
WYND,WYNDHAM DESTINATIONS INC,left,32,2202
WYNN,WYNN RESORTS LTD,left,32,2377
X,UNITED STATES STEEL CORP,left,30,2988
XADA,XAD INC,right,24,1416
XAN,EXANTAS CAPITAL CORP,left,11,3512
XCOM,XUALCOMM INC,right,24,2115
XCP,XUALITY CARE PROPERTIES,right,24,2202
XCRA,XCERRA CORPORATION,left,32,2551
XCRH,XCR HOLDINGS INC,right,24,1504
XDEL,XUIDEL CORP,right,24,2901
XEC,CIMAREX ENERGY CO,left,7,3948
XEL,XCEL ENERGY INC,left,32,2464
XELA,EXELA TECHNOLOGIES,left,11,3599
XENT,INTERSECT ENT INC,right,16,2028
XEP,XEP RESOURCES INC,right,24,1591
XES,XUINTANA ENERGY SERVICES,right,24,3076
XGEN,XIAGEN NV,right,24,1679
XHC,XUORUM HEALTH CORP,left,24,3163
XHR,XENIA HOTELS & RESORTS,left,32,2726
XL,XL GROUP LTD,left,32,2988
XLNX,XILINX INC,left,32,2901
XLRN,ACCELERON PHARMA INC,left,1,3861
XLYS,XUALYS INC,right,24,2377
XNCR,XENCOR INC,left,32,2639
XNST,XUINSTREET INC,right,24,2988
XOG,EXTRACTION OIL & GAS INC,left,11,4647
XOM,EXXON MOBIL CORP,left,11,4822
XOMA,XOMA CORP,left,32,3163
XON,INTREXON CORP,left,16,2551
XOXO,XO GROUP INC,left,32,3076
XPER,XPERI CORPORATION,left,32,3250
XPO,XPO LOGISTICS INC,left,32,3337
XRAY,DENTSPLY SIRONA INC,left,9,4385
XRTEA,XURATE RETAIL INC,left,24,3337
XRVO,XORVO INC,right,24,1766
XRX,XEROX CORP,left,32,2813
XSII,XUALITY SYSTEMS INC,right,24,2290
XTNA,XUANTENNA COMMUNICATIONS,right,24,2639
XTRX,XUANTERIX CORPORATION,right,24,2726
XTS,XTS REALTY TRUST INC,right,24,1853
XTWO,X2 HLDGS INC,right,24,1329
XUAD,XUAD / GRAPHICS INC,right,24,1940
XUOT,XUOTIENT TECHNOLOGY INC,left,24,3250
XXII,22ND CENTURY GROUP INC,left,1,1679
XYL,XYLEM INC,left,32,3425
Y,ALLEGHANY CORP,left,2,2639
YELP,YELP INC,left,32,3512
YEXT,YEXT INC,left,32,3599
YORW,YORK WATER COMPANY,left,32,3687
YRCW,YRC WORLDWIDE INC,left,32,3774
YUM,YUM! BRANDS INC,right,31,3861
YUMC,YUM CHINA HOLDINGS INC,right,31,3774
Z,ZILLOW GROUP INC CLASS C,right,31,4473
ZAGG,ZAGG INC,right,31,4036
ZAYO,ZAYO GROUP HOLDINGS INC,right,31,4123
ZBH,ZIMMER BIOMET HOLDINGS,right,31,4560
ZBRA,ZEBRA TECHNOLOGIES CORP,right,31,4210
ZEN,ZENDESK INC,right,31,4298
ZEUS,OLYMPIC STEEL INC,right,21,4036
ZFGN,ZAFGEN INC,right,31,3948
ZG,ZILLOW GROUP INC CLASS A,right,31,4385
ZGNX,ZOGENIX INC,right,31,5171
ZION,ZIONS BANCORPORATION,right,31,4734
ZIOP,ZIOPHARM ONCOLOGY INC,right,31,4822
ZIXI,ZIX CORP,right,31,4909
ZN,ZION OIL & GAS INC,right,31,4647
ZNGA,ZYNGA INC,right,32,1329
ZOES,ZOES KITCHEN INC,right,31,4996
ZOM,ZOMEDICA PHARMACEUTICALS,right,31,5258
ZTS,ZOETIS INC,right,31,5084
ZUMZ,ZUMIEZ INC,right,32,1242
