symbol,company,side,page,row_top
A,AGILENT TECHNOLOGIES,right,1,3811
AA,ALCOA CORPORATION,left,2,1747
AADI,AADI BIOSCIENCE INC,left,1,2645
AAL,AMERICAN AIRLINES GROUP,right,2,2746
AAN,THE AARONS COMPANY,right,28,3329
AAON,AAON INC,left,1,2728
AAP,ADVANCE AUTO PARTS,right,1,1896
AAPL,APPLE INC.,left,3,4411
AAT,AMERICAN ASSETS TRUST INC.,right,2,2829
AAWW,ATLAS AIR WORLDWIDE HOLDINGS,left,4,2246
ABBV,ABBVIE INC,left,1,2979
ABC,AMERISOURCEBERGEN,right,2,4744
ABCB,AMERIS BANCORP,right,2,4578
ABCL,ABCELLERA BIOLOGICS,left,1,3061
ABG,ASBURY AUTOMOTIVE GROUP INC,right,3,4328
ABM,ABM INDUSTRIES INC,left,1,3311
ABMD,ABIOMED INC,left,1,3228
ABNB,AIRBNB,right,1,4644
ABR,ARBOR REALTY TRUST,left,3,5078
ABSI,ABSCI,left,1,3394
ABT,ABBOTT LABORATORIES,left,1,2895
ABTX,ALLEGIANCE BANCSHARES,left,2,2996
ABUS,ARBUTUS BIOPHARMA CORP.,left,3,5161
AC,ASSOCIATED CAPITAL GROUP,right,3,4994
ACA,ARCOSA,right,3,1913
ACAD,ACADIA PHARMACEUTICALS,left,1,3644
ACC,AMERICAN CAMPUS COMMUNITIES,right,2,2996
ACCD,ACCOLADE,left,1,4061
ACCO,ACCO BRANDS,left,1,3977
ACEL,ACCEL ENTERTAINMENT (A),left,1,3811
ACET,ADICET BIO INC,right,1,1226
ACGL,ARCH CAPITAL GP,right,3,1330
ACHC,ACADIA HEALTHCARE,left,1,3562
ACHR,ARCHER AVIATION INC (A),right,3,1580
ACI,ALBERTSONS COMPANIES,left,2,1580
ACIW,ACI WORLDWIDE,left,1,4227
ACLS,AXCELIS TECHS,left,4,5078
ACLX,ARCELLX INC,left,4,1330
ACM,AECOM,right,1,2395
ACMR,ACM RESEARCH,left,1,4394
ACN,ACCENTURE CL A,left,1,3894
ACNB,ACNB CORP.,left,1,4477
ACRE,ARES COMMERCIAL REAL ESTATE,right,3,2496
ACRS,ACLARIS THERAPEUTICS,left,1,4311
ACT,ENACT HOLDINGS,right,10,4411
ACVA,ACV AUCTIONS,left,1,4810
ADBE,ADOBE,right,1,1480
ADC,AGREE REALTY,right,1,4311
ADGI,ADAGIO THERAPEUTICS,left,1,4894
ADI,ANALOG DEVICES,left,3,1996
ADM,ARCHER DANIELS MIDLAND,right,3,1663
ADMA,ADMA BIOLOGICS INC,right,1,1396
ADNT,ADIENT PLC,right,1,1313
ADP,AUTOMATIC DATA PROCESS,left,4,3246
ADPT,ADAPTIVE BIOTECHNOLOGIES,left,1,5061
ADSK,AUTODESK,left,4,3162
ADT,ADT INC,right,1,1562
ADTH,ADTHEORENT HOLDING COMPANY INC,right,1,1729
ADTN,ADTRAN INC,right,1,1812
ADUS,ADDUS HOMECARE,left,1,5143
ADV,ADVANTAGE SOLUTIONS INC (A),right,1,2312
AEE,AMEREN CORP,right,2,2496
AEIS,ADVANCED ENERGY INDUSTRIES,right,1,2063
AEL,AMERICAN EQUITY INVESTMENT LIFE,right,2,3246
AEO,AMERICAN EAGLE OUTFITTERS,right,2,3079
AEP,AMERICAN ELEC POWER COM,right,2,3162
AERI,AERIE PHARMACEUTICALS INC,right,1,2562
AES,AES CORP.,right,1,2979
AEVA,AEVA TECHNOLOGIES INC,right,1,3061
AFCG,AFC GAMMA,right,1,3228
AFG,AMERICAN FINANCE GROUP HLDG.,right,2,3411
AFL,AFLAC,right,1,3562
AFMD,AFFIMED N.V.,right,1,3394
AFRM,AFFIRM HOLDINGS,right,1,3478
AGCO,AGCO CORP,right,1,3644
AGEN,AGENUS,right,1,3728
AGIO,AGIOS PHARMACEUTICALS,right,1,4145
AGL,AGILON HEALTH,right,1,3977
AGM,FED AGRICUL MTG,right,12,1497
AGNC,AGNC INVESTMENT,right,1,4227
AGO,ASSURED GUARANTY,right,3,5161
AGR,AVANGRID,left,4,3662
AGTI,AGILITI,right,1,3894
AGX,ARGAN INC.,right,3,2662
AGYS,AGILYSYS,right,1,4061
AHCO,ADAPTHEALTH,left,1,4977
AHH,ARMADA HOFFLER PROPERTIES,right,3,3162
AHT,ASHFORD HOSPITALITY TRUST,right,3,4495
AI,C3 AI,left,6,3162
AIG,AMERICAN INTL GROUP,right,2,3579
AIMC,ALTRA INDUSTRIAL MOTION,left,2,5161
AIN,ALBANY INTERNATIONAL A,left,2,1414
AIP,ARTERIS,right,3,3745
AIR,AAR CORP,left,1,2812
AIRC,APARTMENT INCOME REIT,left,3,3411
AIRS,AIRSCULPT TECHNOLOGIES,right,1,4727
AIT,APPLIED INDUSTRIAL TECHNOLOGY,left,3,4578
AIV,APARTMENT INV MANAGEMENT,left,3,3495
AIZ,ASSURANT,right,3,5078
AJG,ARTHUR J GALLAGHER,right,3,3912
AJRD,AEROJET ROCKETDYNE HOLDINGS,right,1,2645
AKA,A K A BRANDS HOLDING,left,1,2478
AKAM,AKAMAI TECHNOLOGIES,right,1,4810
AKR,ACADIA REALTY,left,1,3728
AKRO,AKERO THERAPEUTICS,right,1,4894
AKTS,AKOUSTIS TECHNOLOGIES INC,right,1,4977
AKYA,AKOYA BIOSCIENCES,right,1,5061
AL,AIR LEASE,right,1,4394
ALB,ALBEMARLE,left,2,1497
ALBO,ALBIREO PHARMA,left,2,1663
ALCO,ALICO INC,left,2,2246
ALE,ALLETE,left,2,3329
ALEC,ALECTOR,left,2,1830
ALEX,ALEXANDER & BALDWIN INC.,left,2,1996
ALG,ALAMO GROUP,right,1,5143
ALGM,ALLEGRO MICROSYSTEMS,left,2,3246
ALGN,ALIGN TECHNOLOGY INC,left,2,2413
ALGT,ALLEGIANT TRAVEL,left,2,3079
ALHC,ALIGNMENT HEALTHCARE,left,2,2496
ALIT,ALIGHT INC (A),left,2,2330
ALK,ALASKA AIR GROUP,left,2,1330
ALKS,ALKERMES PLC,left,2,2662
ALKT,ALKAMI TECHNOLOGY,left,2,2579
ALL,ALLSTATE CORP,left,2,3912
ALLE,ALLEGION PLC,left,2,3162
ALLO,ALLOGENE THERAPEUTICS,left,2,3662
ALLY,ALLY FINANCIAL,left,2,3995
ALNY,ALNYLAM PHARMACEUTICALS,left,2,4078
ALPN,ALPINE IMMUNE SCIENCES,left,2,4661
ALRM,ALARM.COM HOLDINGS,left,2,1243
ALRS,ALERUS FINANCIAL CORP.,left,2,1913
ALSN,ALLISON TRANSMISSION HOLDINGS,left,2,3579
ALTG,ALTA EQUIPMENT GROUP INC (A),left,2,4744
ALTO,ALTO INGREDIENTS INC,left,2,5078
ALTR,ALTAIR ENGINEERING,left,2,4828
ALVR,ALLOVIR,left,2,3745
ALX,ALEXANDERS INC,left,2,2080
ALXO,ALX ONCOLOGY HOLDINGS,right,2,1330
AM,ANTERO MIDSTREAM CORP,left,3,2912
AMAL,AMALGAMATED FINANCIAL CORP,right,2,1414
AMAT,APPLIED MATERIALS,left,3,4661
AMBA,AMBARELLA INC,right,2,1747
AMBC,AMBAC FINANCIAL GROUP INC,right,2,1663
AMBP,ARDAGH METAL PACKAGING SA,right,3,2246
AMC,AMC ENTERTAINMENT,right,2,1830
AMCR,AMCOR,right,2,1996
AMCX,AMC NETWORKS,right,2,1913
AMD,ADVANCED MICRO DEV,right,1,2145
AME,AMETEK INC,right,2,4828
AMED,AMEDISYS INC,right,2,2163
AMEH,APOLLO MEDICAL HOLDINGS INC,left,3,3995
AMG,AFFILIATED MANAGERS GROUP,right,1,3311
AMGN,AMGEN CORP,right,2,4911
AMH,AMERICAN HOMES 4 RENT,right,2,3495
AMK,ASSETMARK FINANCIAL HOLDINGS,right,3,4828
AMKR,AMKOR TECH INC,right,2,5078
AMLX,AMYLYX PHARMACEUTICALS,left,3,1747
AMN,AMN HEALTHCARE SERVICES INC,right,3,1243
AMNB,AMERICAN NATIONAL BANKSHARES,right,2,3662
AMOT,ALLIED MOTION TECHNOLOGIES,left,2,3495
AMP,AMERIPRISE FINANCIAL,right,2,4495
AMPH,AMPHASTAR PHARMACEUTICALS,left,3,1414
AMPL,AMPLITUDE INC,left,3,1663
AMPS,ALTUS POWER INC (A),right,2,1243
AMPY,AMPLIFY ENERGY,left,3,1580
AMR,ALPHA METALLURGICAL RESOURCES INC,left,2,4245
AMRC,AMERESCO,right,2,2579
AMRK,AMARK PRECIOUS METALS,right,2,1497
AMRS,AMYRIS,left,3,1830
AMRX,AMNEAL PHARMACEUTICALS,left,3,1330
AMSF,AMERISAFE,right,2,4661
AMSWA,AMERICAN SOFTWARE CLASS A,right,2,3828
AMT,AMERICAN TOWER CORP,right,2,3995
AMTB,AMERANT BANCORP (A),right,2,2330
AMTX,AEMETIS,right,1,2478
AMWD,AMERICAN WOODMARK,right,2,4328
AMWL,AMERICAN WELL,right,2,4245
AMZN,AMAZON.COM,right,2,1580
AN,AUTONATION,left,4,3329
ANAB,ANAPTYS BIO,left,3,2080
ANDE,ANDERSONS INC,left,3,2246
ANET,ARISTA NETWORKS,right,3,2912
ANF,ABERCROMBIE & FITCH A,left,1,3145
ANGO,ANGIODYNAMICS,left,3,2413
ANIK,ANIKA THERAPEUT,left,3,2579
ANIP,ANI PHARMACEUTICALS,left,3,2496
ANSS,ANSYS INC,left,3,2746
ANTM,ANTHEM,left,3,3079
ANTX,AN2 THERAPEUTICS,left,3,1913
AOMR,ANGEL OAK MORTGAGE,left,3,2330
AON,AON PLC,left,3,3246
AORT,ARTIVION INC,right,3,4078
AOS,SMITH (AO),left,27,1497
AOSL,ALPHA & OMEGA SEMICONDUCTOR,left,2,4162
APA,APA CORPORATION,left,3,3329
APAM,ARTISAN PARTNERS ASSET MANAGEMENT,right,3,3995
APD,AIR PRODUCTS & CHEMICALS INC,right,1,4477
APEI,AMERICAN PUBLIC EDUCATION,right,2,3745
APG,API GROUP,left,3,3662
APH,AMPHENOL CORP A,left,3,1497
APLD,APPLIED BLOCKCHAIN,left,3,4495
APLE,APPLE HOSPITALITY REIT,left,3,4328
APLS,APELLIS PHARMACEUTICALS,left,3,3579
APO,APOLLO GLOBAL MANAGEMENT INC,left,3,3912
APOG,APOGEE ENTERPRISES,left,3,3745
APP,APPLOVIN,left,3,4744
APPF,APPFOLIO,left,3,4078
APPH,APPHARVEST INC,left,3,4162
APPN,APPIAN,left,3,4245
APPS,DIGITAL TURBINE,right,9,4078
APTV,APTIV PLC,left,3,4911
AQUA,EVOQUA WATER TECHNOLOGIES,right,11,2746
AR,ANTERO RESOURCES,left,3,2996
ARCB,ARCBEST CORP,left,4,1243
ARCH,ARCH RESOURCES INC,right,3,1414
ARCT,ARCTURUS THERAPEUTICS HOLDINGS INC,right,3,1996
ARE,ALEXANDRIA REAL ESTATE EQUITY,left,2,2163
AREN,ARENA GROUP HOLDINGS,right,3,2413
ARES,ARES MANAGEMENT CORPORATION,right,3,2579
ARGO,ARGO GROUP INTL,right,3,2746
ARI,APOLLO COMMERCIAL REAL ESTATE FINANCE,left,3,3828
ARIS,ARIS WATER SOLUTIONS,right,3,2829
ARKO,ARKO CORP (A),right,3,2996
ARL,AMER RLTY INV,right,2,2246
ARLO,ARLO TECHNOLOGIES,right,3,3079
ARMK,ARAMARK,left,3,4994
ARNC,ARCONIC CORPORATION,right,3,1830
AROC,ARCHROCK,right,3,1747
AROW,ARROW FINANCIAL,right,3,3579
ARQT,ARCUTIS BIOTHERAPEUTICS,right,3,2163
ARR,ARMOUR RESIDENTIAL REIT,right,3,3246
ARRY,ARRAY TECHNOLOGIES,right,3,3411
ARTNA,ARTESIAN RES A,right,3,3828
ARVN,ARVINAS HOLDING,right,3,4162
ARW,ARROW ELECTRONICS,right,3,3495
ARWR,ARROWHEAD PHARMACEUTICALS INC.,right,3,3662
ASAN,ASANA,right,3,4245
ASB,ASSOCIATED BANC-CORP,right,3,4911
ASC,ARDMORE SHIPPING,right,3,2330
ASGN,ASGN INCORPORATED,right,3,4411
ASH,ASHLAND GLOBAL HOLDINGS INC,right,3,4578
ASIX,ADVANSIX,right,1,2229
ASLE,AERSALE CORPORATION,right,1,2895
ASO,ACADEMY SPORTS AND OUTDOORS,left,1,3478
ASPN,ASPEN AEROGELS,right,3,4661
ASTE,ASTEC INDS INC,right,4,1243
ASTR,ASTRA SPACE INC,right,4,1330
ATCX,ATLAS TECHNICAL CONSULTANTS INC (A),left,4,2330
ATEC,ALPHATEC HOLDINGS INC.,left,2,4578
ATEN,A10 NETWORKS,left,1,2562
ATER,ATERIAN INC,left,4,1747
ATEX,ANTERIX,left,3,2829
ATGE,ADTALEM GLOBAL EDUCATION,right,1,1646
ATHA,ATHIRA PHARMA,left,4,1830
ATI,ALLEGHENY TECHNOLOGIES,left,2,2912
ATIP,ATI PHYSICAL THERAPY INC (A),left,4,1913
ATKR,ATKORE INC,left,4,1996
ATLC,ATLANTICUS HOLDINGS CORP,left,4,2163
ATNI,ATN INTERNATIONAL,left,4,2579
ATO,ATMOS ENERGY,left,4,2496
ATOM,ATOMERA,left,4,2662
ATR,APTARGROUP,left,3,4828
ATRA,ATARA BIOTHERAPEUTICS,left,4,1580
ATRC,ATRICURE,left,4,2746
ATRI,ATRION CORP,left,4,2829
ATRO,ASTRONICS,left,4,1414
ATSG,AIR TRANSPORT SERVICES GROUP,right,1,4560
ATUS,ALTICE USA,left,2,4994
ATVI,ACTIVISION BLIZZARD,left,1,4560
AUB,ATLANTIC UNION BANKSHARES,left,4,2080
AUD,AUDACY,left,4,2912
AUPH,AURINIA PHARMACEUTICALS NASDAQ,left,4,3079
AURA,AURA BIOSCIENCES,left,4,2996
AVA,AVISTA CORP,left,4,4828
AVAH,AVEANNA HEALTHCARE HOLDINGS,left,4,3995
AVAV,AEROVIRONMENT,right,1,2812
AVB,AVALONBAY COMMUNITIES,left,4,3579
AVD,AMERICAN VANGUARD,right,2,4078
AVDX,AVIDXCHANGE HOLDINGS,left,4,4578
AVGO,BROADCOM,right,5,4828
AVID,AVID TECHNOLOGY,left,4,4411
AVIR,ATEA PHARMACEUTICALS,left,4,1663
AVLR,AVALARA,left,4,3495
AVNS,AVANOS MEDICAL,left,4,3745
AVNT,AVIENT CORP,left,4,4661
AVNW,AVIAT NETWORKS,left,4,4245
AVO,MISSION PRODUCE,left,20,1996
AVPT,AVEPOINT INC (A),left,4,4078
AVT,AVNET,left,4,4911
AVTE,AEROVATE THERAPEUTICS,right,1,2728
AVTR,AVANTOR,left,4,3828
AVXL,ANAVEX LIFE SCIENCES,left,3,2163
AVY,AVERY DENNISON CORP,left,4,4162
AVYA,AVAYA HOLDINGS,left,4,3912
AWI,ARMSTRONG WORLD INDUSTRIES INC.,right,3,3329
AWK,AMERICAN WATER WORKS COMPANY,right,2,4162
AWR,AMERICAN STATES WATER,right,2,3912
AX,AXOS FINANCIAL,right,4,1414
AXGN,AXOGEN,left,5,1243
AXL,AMERICAN AXLE & MFG HOLDINGS,right,2,2912
AXNX,AXONICS INC,left,5,1414
AXON,AXON ENTERPRISE,left,5,1330
AXP,AMERICAN EXPRESS COM,right,2,3329
AXS,AXIS CAPITAL HOLDINGS,left,4,5161
AXSM,AXSOME THERAPEUTICS,right,4,1497
AXTA,AXALTA COATING SYSTEMS,left,4,4994
AXTI,AXT INC,right,4,1580
AYI,ACUITY BRANDS INC,left,1,4644
AYX,ALTERYX,left,2,4911
AZEK,THE AZEK COMPANY,left,28,3329
AZO,AUTOZONE,left,4,3411
AZPN,ASPEN TECHNOLOGY,right,3,4744
AZTA,AZENTA INC,right,4,1663
AZZ,AZZ INC,right,4,1747
B,BARNES GROUP INC,right,4,3995
BA,BOEING,right,5,1830
BAC,BANK OF AMERICA,right,4,3079
BAH,BOOZ ALLEN HAMILTON,right,5,2246
BALL,BALL CORP,right,4,2496
BALY,BALLYS CORPORATION,right,4,2579
BANC,BANC OF CALIFORNIA,right,4,2662
BAND,BANDWIDTH CLASS A,right,4,2912
BANF,BANCFIRST,right,4,2746
BANR,BANNER CORP,right,4,3745
BARK,BARK INC (A),right,4,3912
BASE,COUCHBASE,right,8,4495
BATL,BATTALION OIL CORPORATION,right,4,4245
BATRA,LIBERTY BRAVES SERIES A,right,17,3411
BATRK,LIBERTY BRAVES SERIES C,right,17,3495
BAX,BAXTER INTL,right,4,4328
BBBY,BED BATH BEYOND,right,4,4994
BBCP,CONCRETE PUMPING HOLDINGS (A),left,9,1497
BBIG,VINCO VENTURES INC,left,31,1747
BBIO,BRIDGEBIO PHARMA,right,5,3579
BBLN,BABYLON HOLDINGS LTD (A),right,4,2080
BBSI,BARRETT BUS,right,4,4078
BBUC,BROOKFIELD BUSINESS CORPORATION,right,6,1243
BBW,BUILD-A-BEAR WORKSHOP,left,6,2330
BBWI,BATH & BODY WORKS INC,right,4,4162
BBY,BEST BUY COMPANY,left,5,2163
BC,BRUNSWICK CORP,left,6,2080
BCBP,BCB BANCORP INC.,right,4,4495
BCC,BOISE CASCADE COMPANY,right,5,1913
BCML,BAYCOM,right,4,4411
BCO,BRINKS CO,right,5,4495
BCOR,BLUCORA,left,5,5078
BCOV,BRIGHTCOVE,right,5,3995
BCPC,BALCHEM,right,4,2413
BCRX,BIOCRYST PHARM,left,5,2829
BDC,BELDEN,right,4,5078
BDN,BRANDYWINE RLTY,right,5,3329
BDX,BECTON DICKINSON,right,4,4911
BE,BLOOM ENERGY,left,5,4911
BEAM,BEAM THERAPEUTICS,right,4,4661
BECN,BEACON ROOFING SUPPLY,right,4,4578
BEN,FRANKLIN RESOURCES,right,12,4078
BEPC,BROOKFIELD RENEWABLE CORPORATION,right,6,1414
BERY,BERRY GLOBAL GROUP,left,5,2080
BF.A,BROWN-FORMAN CLASS A,left,6,1747
BF.B,BROWN-FORMAN B,left,6,1663
BFAM,BRIGHT HORIZONS FAMILY SOLUTIONS,right,5,3912
BFC,BANK FIRST,right,4,2996
BFH,BREAD FINANCIAL HOLDING INC,right,5,3495
BFLY,BUTTERFLY NETWORK INC (A),left,6,2829
BFS,SAUL CENTERS,left,26,1330
BFST,BUSINESS FIRST BANCSHARES,left,6,2746
BG,BUNGE,left,6,2579
BGCP,BGC PARTNERS,left,5,2330
BGFV,BIG 5 SPORTING GOODS CORP,left,5,2413
BGRY,BERKSHIRE GREY INC (A),left,5,1747
BGS,B&G FOODS,right,4,1913
BH,BIGLARI HOLDINGS B,left,5,2662
BHB,BAR HARBOR BK,right,4,3828
BHE,BENCHMARK ELECT,right,5,1243
BHF,BRIGHTHOUSE FINANCIAL,right,5,4078
BHG,BRIGHT HEALTH GROUP,right,5,3828
BHIL,BENSON HILL INC,right,5,1414
BHLB,BERKSHIRE HILLS BANCORP,left,5,1913
BHR,BRAEMAR HOTELS & RESORTS,right,5,3246
BHVN,BIOHAVEN PHARMACEUTICALS HOLDINGS,left,5,2996
BIG,BIG LOTS,left,5,2496
BIGC,BIGCOMMERCE HOLDINGS,left,5,2579
BIIB,BIOGEN,left,5,2912
BILL,BILL.COM HOLDINGS,left,5,2746
BIO,BIO-RAD LABS A,left,5,3329
BIPC,BROOKFIELD INFRASTRUCTURE,right,6,1330
BIRD,ALLBIRDS,left,2,2746
BJ,BJ'S WHOLESALE CLUB HOLDINGS,left,5,3828
BJRI,BJS RESTAURANTS,left,5,3745
BK,BANK OF NEW YORK MELLON,right,4,3411
BKD,BROOKDALE SENIOR LIVING,right,5,5161
BKE,BUCKLE INC,left,6,2246
BKH,BLACK HILLS CORP,left,5,3912
BKI,BLACK KNIGHT,left,5,3995
BKKT,BAKKT HOLDINGS INC (A),right,4,2330
BKNG,BOOKING HOLDINGS,right,5,2080
BKR,BAKER HUGHES COMPANY,right,4,2246
BKU,BANKUNITED,right,4,3579
BL,BLACKLINE,left,5,4162
BLBD,BLUE BIRD,left,5,5161
BLD,TOPBUILD,left,29,2496
BLDE,BLADE AIR MOBILITY INC (A),left,5,4495
BLDR,BUILDERS FIRSTSOURCE INC.,left,6,2413
BLFS,BIOLIFE SOLUTIONS INC,left,5,3079
BLFY,BLUE FOUNDRY BANCORP,left,6,1243
BLI,BERKELEY LIGHTS,left,5,1580
BLK,BLACKROCK INC,left,5,4245
BLKB,BLACKBAUD,left,5,4078
BLMN,BLOOMIN BRANDS,left,5,4994
BLND,BLEND LABS,left,5,4578
BLNK,BLINK CHARGING,left,5,4661
BLUE,BLUEBIRD BIO,left,6,1497
BLX,BANCO LATINOAMERICANO DE COMERCIO EXTERI,right,4,2829
BMBL,BUMBLE,left,6,2496
BMI,BADGER METER,right,4,2163
BMRC,BANK OF MARIN BANCORP,right,4,3246
BMRN,BIOMARIN PHARM,left,5,3162
BMY,BRISTOL MYERS SQUIBB,right,5,4578
BNFT,BENEFITFOCUS,right,5,1330
BNGO,BIONANO GENOMICS INC,left,5,3246
BNL,BROADSTONE NET LEASE,right,5,5078
BOC,BOSTON OMAHA,right,5,2579
BODY,THE BEACHBODY COMPANY INC (A),left,28,3495
BOH,BANK OF HAWAII,right,4,3162
BOKF,BOK FINANCIAL CORP,right,5,1996
BOOM,DMC GLOBAL,right,9,5161
BOOT,BOOT BARN HOLDINGS,right,5,2163
BORR,BORR DRILLING,right,5,2413
BOWL,BOWLERO CORP (A),right,5,2829
BOX,BOX INC,right,5,2912
BOXD,BOXED INC (A),right,5,2996
BPMC,BLUEPRINT MEDICINES,right,5,1663
BPOP,POPULAR INC,left,23,3162
BR,BROADRIDGE FINANCIAL SOLUTIONS,right,5,4994
BRBR,BELLRING BRANDS,right,4,5161
BRBS,BLUE RIDGE BANKSHARES,left,6,1414
BRC,BRADY CORP,right,5,3162
BRCC,BRC INC (A),right,5,3411
BRDS,BIRD GLOBAL INC (A),left,5,3662
BRG,BLUEROCK RESIDENTIAL GROWTH REIT,right,5,1747
BRK.B,BERKSHIRE HATHAWAY B,left,5,1830
BRKL,BROOKLINE BANCORP INC,right,6,1497
BRKR,BRUKER,left,6,1996
BRMK,BROADMARK REALTY CAPITAL INC (A),right,5,4911
BRO,BROWN & BROWN,left,6,1580
BRP,BRP GROUP,left,6,1830
BRSP,BRIGHTSPIRE CAPITAL INC (A),right,5,4245
BRT,BRT APARTMENTS,left,6,1913
BRX,BRIXMOR PROPERTY GROUP,right,5,4744
BRY,BERRY CORPORATION,left,5,1996
BSIG,BRIGHTSPHERE INVESTMENT GROUP INC,right,5,4162
BSRR,SIERRA BANCORP/CA,right,26,1913
BSX,BOSTON SCIENTIFIC CORP,right,5,2746
BSY,BENTLEY SYSTEMS,left,5,1497
BTAI,BIOXCEL THERAPEUTICS,left,5,3579
BTRS,BTRS HOLDINGS INC (A),left,6,2163
BTU,PEABODY ENERGY CORP,left,23,1747
BURL,BURLINGTON STORES,left,6,2662
BUSE,FIRST BUSEY,left,12,2912
BV,BRIGHTVIEW HOLDINGS,right,5,4328
BVH,BLUEGREEN VACATIONS HOLDING CORPORATION,right,5,1497
BVS,BIOVENTUS,left,5,3495
BW,BABCOCK & WILCOX ENTERPRISES,right,4,1996
BWA,BORGWARNER,right,5,2330
BWB,BRIDGEWATER BANCSHARES,right,5,3662
BWFG,BANKWELL FINANCIAL GROUP,right,4,3662
BWXT,BWX TECHNOLOGIES,left,6,2912
BX,BLACKSTONE INC,left,5,4328
BXC,BLUELINX HOLDINGS,right,5,1580
BXMT,BLACKSTONE MORTGAGE TRUST,left,5,4411
BXP,BOSTON PROPERTIES,right,5,2662
BY,BYLINE BANCORP,left,6,2996
BYD,BOYD GAMING,right,5,3079
BYND,BEYOND MEAT,left,5,2246
BZH,BEAZER HOMES USA,right,4,4828
C,CITIGROUP,right,7,3329
CABO,CABLE ONE,left,6,3329
CAC,CAMDEN NATIONAL,left,6,4911
CACC,CREDIT ACCEPTANCE CP,right,9,1414
CACI,CACI INC CL A,left,6,3495
CADE,CADENCE BANK,left,6,3662
CAG,CONAGRA BRANDS INC,left,9,1330
CAH,CARDINAL HEALTH,right,6,2080
CAKE,CHEESECAKE FACTORY (THE),left,7,4578
CAL,CALERES,left,6,4162
CALM,CAL-MAINE FOODS,left,6,4661
CALX,CALIX NETWORKS,left,6,4411
CANO,CANO HEALTH INC (A),left,7,1330
CAR,AVIS BUDGET GROUP,left,4,4744
CARA,CARA THERAPEUTICS,right,6,1996
CARE,CARTER BANKSHARES INC,right,6,3495
CARG,CARGURUS CLASS A,right,6,2579
CARR,CARRIER GLOBAL,right,6,3329
CARS,CARS.COM,right,6,3411
CASA,CASA SYSTEMS,right,6,3745
CASH,META FINANCIAL GROUP,left,19,3411
CASS,CASS INFORMATION SYSTEMS,right,6,3995
CASY,CASEYS GENERAL STORES,right,6,3912
CAT,CATERPILLAR,right,6,4495
CATC,CAMBRIDGE BANCORP,left,6,4828
CATO,CATO CORP CL A,right,6,4661
CATY,CATHAY BANCORP,right,6,4578
CB,CHUBB LTD,right,7,1996
CBAN,COLONY BANKCORP,left,8,3329
CBL,CBL & ASSOCIATES PROPERTIES,right,6,4911
CBNK,CAPITAL BANCORP,left,7,1580
CBOE,CBOE GLOBAL MARKETS,right,6,4994
CBRE,CBRE GROUP,right,6,5078
CBRL,CRACKER BARREL OLD COUNTRY STORE,right,8,5161
CBSH,COMMERCE BANCSHARES,left,8,3995
CBT,CABOT CORP,left,6,3411
CBTX,CBTX,right,6,5161
CBU,COMMUNITY BANK SYS,left,8,4245
CBZ,CBIZ,right,6,4828
CC,CHEMOURS COMPANY,left,7,4994
CCB,COASTAL FINANCIAL,left,8,1996
CCBG,CAPITAL CITY BANK GP,right,6,1580
CCCC,C4 THERAPEUTICS,left,6,3246
CCCS,CCC INTELLIGENT SOLUTIONS HOLDINGS INC (,right,7,1243
CCF,CHASE CORP,left,7,4411
CCI,CROWN CASTLE INTL CORP,left,9,2080
CCK,CROWN HOLDINGS,left,9,2163
CCL,CARNIVAL CORP A,right,6,2996
CCMP,CMC MATERIALS INC,right,8,1414
CCNE,CNB FINANCIAL,left,8,1747
CCO,CLEAR CHANNEL OUTDOOR HOLDINGS,right,7,4495
CCOI,COGENT COMMUNICATIONS HOLDINGS,left,8,2496
CCRN,CROSS COUNTRY HEALTHCARE,left,9,1830
CCS,CENTURY COMMUNITIES,left,7,2829
CCSI,CONSENSUS CLOUD SOLUTIONS,right,8,2080
CCXI,CHEMOCENTRYX INC,left,7,4911
CDAY,CERIDIAN HCM HOLDING,left,7,3329
CDE,COEUR MINING INC,left,8,2330
CDEV,CENTENNIAL RESOURCE DEVELOPMENT,left,7,2080
CDK,CDK GLOBAL,right,7,1330
CDLX,CARDLYTICS,right,6,2246
CDMO,AVID BIOSERVICES,left,4,4328
CDNA,CAREDX INC,right,6,2330
CDNS,CADENCE DESIGN SYSTEMS,left,6,3745
CDR,CEDAR REALTY TRUST,right,7,1497
CDRE,CADRE HOLDINGS,left,6,3828
CDW,CDW,right,7,1414
CDXS,CODEXIS,left,8,2246
CE,CELANESE,right,7,1580
CEG,CONSTELLATION ENERGY,right,8,2413
CEIX,CONSOL ENERGY,right,8,2163
CELH,CELSIUS HOLDINGS INC.,left,7,1747
CELU,CELULARITY INC (A),left,7,1830
CENN,CENNTRO ELECTRIC GROUP,left,7,1913
CENT,CENTRAL GARDEN & PET,left,7,2413
CENTA,CENTRAL GARDEN & PET CO A,left,7,2330
CENX,CENTURY ALUMINIUM,left,7,2662
CERE,CEREVEL THERAPEUTICS HOLDINGS (A),left,7,3246
CERS,CERUS CORP,left,7,3495
CERT,CERTARA,left,7,3411
CEVA,CEVA,left,7,3579
CF,CF INDUSTRIES HOLDINGS,left,7,3662
CFB,CROSSFIRST BANKSHARES,left,9,1913
CFFN,CAPITOL FEDERAL FINANCIAL,right,6,1747
CFG,CITIZENS FINANCIAL GROUP,right,7,3495
CFLT,CONFLUENT,left,9,1663
CFR,CULLEN FROST BANKERS,left,9,3079
CG,CARLYLE GROUP INC,right,6,2829
CGEM,CULLINAN ONCOLOGY INC,left,9,3162
CGNX,COGNEX CORP,left,8,2579
CHCO,CITY HOLDING,right,7,3662
CHCT,COMMUNITY HEALTHCARE TRUST,left,8,4411
CHD,CHURCH & DWIGHT,right,7,2080
CHDN,CHURCHILL DOWNS,right,7,2163
CHE,CHEMED,left,7,4828
CHEF,CHEFS WAREHOUSE HOLDINGS,left,7,4661
CHGG,CHEGG,left,7,4744
CHH,CHOICE HOTELS INTERNATIONAL,right,7,1913
CHK,CHESAPEAKE ENERGY,left,7,5161
CHNG,CHANGE HEALTHCARE,left,7,3828
CHPT,CHARGEPOINT HOLDINGS INC (A),left,7,4078
CHRS,COHERUS BIOSCIENCES,left,8,2912
CHRW,C.H. ROBINSON WORLDWIDE,left,6,3079
CHS,CHICOS FAS INC,left,8,1497
CHTR,CHARTER COMMUNICATIONS INC. CL A,left,7,4328
CHUY,CHUY'S HOLDINGS INC,right,7,2246
CHX,CHAMPIONX CORPORATION,left,7,3745
CI,CIGNA CORP,right,7,2413
CIEN,CIENA,right,7,2330
CIFR,CIPHER MINING INC,right,7,2912
CIM,CHIMERA INVESTMENT,left,8,1663
CINC,CINCOR PHARMA,right,7,2662
CINF,CINCINNATI FIN CP,right,7,2579
CIO,CITY OFFICE REIT,right,7,3745
CIR,CIRCOR INTL,right,7,2996
CISO,CERBERUS CYBER SENTINEL,left,7,3079
CIVB,CIVISTA BANCSHARES,right,7,3828
CIVI,CIVITAS RESOURCES INC,right,7,3912
CIX,COMPX INTERNATIONAL,left,8,5078
CL,COLGATE-PALMOLIVE,left,8,3162
CLAR,CLARUS CORPORATION,right,7,4162
CLBK,COLUMBIA FINANCIAL,left,8,3495
CLDT,CHATHAM LODGING TRUST,left,7,4495
CLDX,CELLDEX THERAPEUTICS,left,7,1663
CLF,CLEVELAND-CLIFFS,right,7,4994
CLFD,CLEARFIELD INC.,right,7,4661
CLH,CLEAN HARBORS,right,7,4328
CLNE,CLEAN ENERGY FUELS,right,7,4245
CLOV,CLOVER HEALTH INVESTMENTS CORP (A),right,8,1330
CLPR,CLIPPER REALTY,right,7,5078
CLR,CONTINENTAL RESOURCES OK,right,8,2829
CLSK,CLEANSPARK,right,7,4411
CLVT,CLARIVATE PLC (A),right,7,3995
CLW,CLEARWATER PAPER,right,7,4744
CLX,CLOROX,right,7,5161
CMA,COMERICA,left,8,3828
CMAX,CAREMAX INC (A),right,6,2413
CMBM,CAMBIUM NETWORKS,left,6,4744
CMC,COMMERCIAL METALS,left,8,4078
CMCO,COLUMBUS MCKINNON,left,8,3662
CMCSA,COMCAST A,left,8,3745
CME,CME GROUP,right,8,1497
CMG,CHIPOTLE MEXICAN GRILL,right,7,1830
CMI,CUMMINS,left,9,3246
CMLS,CUMULUS MEDIA,left,9,3329
CMP,COMPASS MINERALS INTERNATIONAL,left,8,4828
CMPO,COMPOSECURE INC (A),left,8,4911
CMPR,CIMPRESS PLC,right,7,2496
CMRE,COSTAMARE,right,8,4078
CMRX,CHIMERIX INC,right,7,1663
CMS,CMS ENERGY CORP,right,8,1580
CMTG,CLAROS MORTGAGE TRUST,right,7,4078
CMTL,COMTECH TELECOMMUNICATIONS,left,9,1243
CNA,CNA FINANCIAL CORP,right,8,1663
CNC,CENTENE CORP,left,7,1996
CNDT,CONDUENT,left,9,1580
CNK,CINEMARK HOLDINGS INC.,right,7,2746
CNM,CORE & MAIN,right,8,3329
CNMD,CONMED CORP,left,9,1747
CNNE,CANNAE HOLDINGS,left,7,1243
CNO,CNO FINANCIAL GROUP,left,8,1830
CNOB,CONNECTONE BANCORP,right,8,1747
CNP,CENTERPOINT ENERGY,left,7,2163
CNR,CORNERSTONE BUILDING BRANDS,right,8,3579
CNS,COHEN & STEERS,left,8,2746
CNSL,CONSOLIDATED COMMUNICATIONS HOLDINGS,right,8,2246
CNTY,CENTURY CASINO,left,7,2746
CNVY,CONVEY HEALTH SOLUTIONS HOLDINGS INC,right,8,2912
CNX,CNX RESOURCES,left,8,1913
CNXC,CONCENTRIX,left,9,1414
CNXN,PC CONNECTION,left,23,1330
COCO,THE VITA COCO COMPANY,left,28,4328
CODI,COMPASS DIVERSIFIED,left,8,4744
COF,CAPITAL ONE FINANCIAL,right,6,1663
COGT,COGENT BIOSCIENCES INC,left,8,2413
COHR,COHERENT INC,left,8,2829
COHU,COHU INC,left,8,2996
COIN,COINBASE GLOBAL,left,8,3079
COKE,COCA-COLA CONSOLIDATED,left,8,2163
COLB,COLUMBIA BANKING SYSTEM,left,8,3411
COLD,AMERICOLD REALTY TRUST INC,right,2,4411
COLL,COLLEGIUM PHARMACEUTICAL,left,8,3246
COLM,COLUMBIA SPORTSWEAR CO,left,8,3579
COMM,COMMSCOPE HOLDING COMPANY,left,8,4162
COMP,COMPASS,left,8,4661
CONN,CONN'S,right,8,1830
COO,COOPER COS INC,right,8,2996
COOK,TRAEGER,left,29,3162
COOP,MR. COOPER GROUP,right,19,4828
COP,CONOCOPHILLIPS,right,8,1913
CORT,CORCEPT THERAPEUTICS,right,8,3246
CORZ,CORE SCIENTIFIC INC,right,8,3411
COST,COSTCO WHOLESALE CORP,right,8,4245
COTY,COTY,right,8,4411
COUP,COUPA SOFTWARE,right,8,4578
COUR,COURSERA,right,8,4661
COWN,COWEN,right,8,4994
CPA,COPA HOLDINGS S.A. CL A,right,8,3079
CPB,CAMPBELL SOUP,left,6,5078
CPE,CALLON PETROLEUM,left,6,4578
CPF,CENTRAL PACIFIC FINANCIAL,left,7,2496
CPK,CHESAPEAKE UTILITIES CORP,left,8,1243
CPRI,CAPRI HOLDINGS LIMITED,right,6,1830
CPRT,COPART INC,right,8,3162
CPRX,CATALYST PHARMACEUTICALS,right,6,4328
CPSI,COMPUTER PROGRAMS & SYSTEMS,left,8,4994
CPSS,CONSUMER PORTFOLIO,right,8,2662
CPT,CAMDEN PROPERTY,left,6,4994
CPTN,CEPTON INC (A),left,7,2996
CR,CRANE HOLDINGS CO,right,9,1243
CRAI,CRA INTERNATIONAL,right,8,5078
CRBU,CARIBOU BIOSCIENCES,right,6,2662
CRC,CALIFORNIA RESOURCES,left,6,4245
CRD.A,CRAWFORD CO A,right,9,1330
CRDO,CREDO TECHNOLOGY GROUP HOLDING,right,9,1497
CRGE,CHARGE ENTERPRISES,left,7,3995
CRGY,CRESCENT ENERGY COMPANY,right,9,1580
CRI,CARTERS,right,6,3579
CRK,COMSTOCK RSCS,left,8,5161
CRL,CHARLES RIVER LABORATORIES,left,7,4162
CRM,SALESFORCE INC,left,25,4328
CRMT,AMERICA CAR MART,right,2,2662
CRNC,CERENCE,left,7,3162
CRNX,CRINETICS PHARMACEUTICALS,right,9,1663
CROX,CROCS,right,9,1747
CRS,CARPENTER TECH,right,6,3162
CRSR,CORSAIR GAMING,right,8,3828
CRUS,CIRRUS LOGIC,right,7,3079
CRVL,CORVEL CORP,right,8,3995
CRWD,CROWDSTRIKE HOLDINGS,left,9,1996
CSCO,CISCO SYSTEMS,right,7,3162
CSGP,COSTAR GROUP,right,8,4162
CSGS,CSG SYSTEMS INTL,left,9,2413
CSII,CARDIOVASCULAR SYSTEMS INC,right,6,2163
CSL,CARLISLE COS INC,right,6,2746
CSR,CENTERSPACE,left,7,2246
CSTE,CAESARSTONE LTD,left,6,3995
CSTL,CASTLE BIOSCIENCES,right,6,4162
CSTM,CONSTELLIUM SE,right,8,2496
CSTR,CAPSTAR FINANCIAL HOLDINGS,right,6,1913
CSV,CARRIAGE SVCS,right,6,3246
CSWI,CSW INDUSTRIALS,left,9,2496
CSX,CSX CORP,left,9,2579
CTAS,CINTAS CORP,right,7,2829
CTBI,COMMUNITY TST,left,8,4495
CTIC,CTI BIOPHARMA,left,9,2662
CTKB,CYTEK BIOSCIENCES,left,9,4328
CTLP,CANTALOUPE INC,left,7,1497
CTLT,CATALENT,right,6,4245
CTO,CTO REALTY GROWTH INC,left,9,2746
CTOS,CUSTOM TRUCK ONE SOURCE INC (A),left,9,3662
CTRA,COTERRA ENERGY INC,right,8,4328
CTRE,CARETRUST REIT,right,6,2496
CTRN,CITI TRENDS,right,7,3246
CTS,CTS,left,9,2829
CTSH,COGNIZANT TECH SOLUTIONS,left,8,2662
CTT,CATCHMARK TIMBER TRUST,right,6,4411
CTV,INNOVID CORP (A),right,15,3411
CTVA,CORTEVA,right,8,3912
CTXS,CITRIX SYSTEMS,right,7,3579
CUBE,CUBESMART,left,9,2912
CUBI,CUSTOMERS BANCORP,left,9,3745
CURO,CURO GROUP HOLDINGS,left,9,3411
CURV,TORRID HOLDINGS,left,29,2662
CUTR,CUTERA,left,9,3828
CUZ,COUSINS PROPERTY,right,8,4744
CVBF,CVB FINANCIAL,left,9,3912
CVCO,CAVCO INDUSTRIES,right,6,4744
CVET,COVETRUS,right,8,4911
CVGW,CALAVO GROWERS INC,left,6,4078
CVI,CVR ENERGY,left,9,4078
CVLG,COVENANT LOGISTICS GROUP INC,right,8,4828
CVLT,COMMVAULT SYSTEMS,left,8,4578
CVNA,CARVANA,right,6,3662
CVS,CVS HEALTH CORPORATION,left,9,4162
CVT,CVENT HOLDING CORP (A),left,9,3995
CVX,CHEVRON,left,8,1330
CW,CURTISS WRIGHT,left,9,3495
CWEN,CLEARWAY ENERGY (C),right,7,4911
CWEN.A,CLEARWAY ENERGY,right,7,4828
CWH,CAMPING WORLD HOLDINGS,left,6,5161
CWK,CUSHMAN & WAKEFIELD,left,9,3579
CWST,CASELLA WASTE,right,6,3828
CWT,CALIFORNIA WATER SERVICE GROUP,left,6,4328
CXW,CORECIVIC,right,8,3495
CYBE,CYBEROPTICS CP,left,9,4245
CYH,COMMUNITY HEALTH SYSTEM,left,8,4328
CYRX,CRYOPORT INC.,left,9,2246
CYTK,CYTOKINETICS,left,9,4411
CYXT,CYXTERA TECHNOLOGIES INC (A),left,9,4495
CZNC,CITIZENS & NORTHERN,right,7,3411
CZR,CAESARS ENTERTAINMENT INC,left,6,3912
D,DOMINION ENERGY,right,10,1747
DAL,DELTA AIR LINES,right,9,2080
DAN,DANA,left,9,4828
DAR,DARLING INGREDIENTS,left,9,5161
DASH,DOORDASH,left,10,2246
DAWN,DAY ONE BIOPHARMACEUTICALS,left,10,1580
DBD,DIEBOLD NIXDORF,right,9,3745
DBI,DESIGNER BRANDS,right,9,2662
DBRG,DIGITALBRIDGE GROUP INC,right,9,4162
DBX,DROPBOX,left,10,3411
DC,DAKOTA GOLD CORP,left,9,4744
DCGO,DOCGO INC,right,10,1243
DCI,DONALDSON CO INC,left,10,1996
DCO,DUCOMMUN INC,left,10,3828
DCOM,DIME COMMUNITY BANCSHARES INC,right,9,4411
DCPH,DECIPHERA PHARMACEUTICALS,left,10,1663
DCT,DUCK CREEK TECHNOLOGIES,left,10,3662
DD,DUPONT DE NEMOURS,left,10,4328
DDD,3-D SYSTEMS,left,1,1979
DDOG,DATADOG,left,10,1330
DDS,DILLARD'S INC,right,9,4328
DE,DEERE & CO,left,10,1830
DEA,EASTERLY GOVERNMENT PROPERTIES,left,11,1747
DECK,DECKERS OUTDOOR,left,10,1747
DEI,DOUGLAS EMMETT,left,10,2746
DELL,DELL TECHNOLOGIES,right,9,1996
DEN,DENBURY,right,9,2330
DENN,DENNYS CORP,right,9,2413
DFH,DREAM FINDERS HOMES,left,10,3162
DFIN,DONNELLEY FINANCIAL SOLUTIONS,left,10,2163
DFS,DISCOVER FINANCIAL SERVICES,right,9,4661
DG,DOLLAR GENERAL,right,10,1497
DGICA,DONEGAL GROUP A,left,10,2080
DGII,DIGI INTERNATIONAL,right,9,3828
DGX,QUEST DIAGNOSTICS,right,24,1663
DH,DEFINITIVE HEALTHCARE,right,9,1830
DHC,DIVERSIFIED HEALTHCARE TRUST,right,9,5078
DHI,D.R. HORTON INC,left,9,4578
DHIL,DIAMOND HILL INVESTMENT GRP,right,9,3246
DHR,DANAHER CORP,left,9,4911
DHT,DHT HOLDINGS,right,9,3162
DHX,DHI GROUP,right,9,3079
DIBS,1STDIBS.COM,left,1,1562
DICE,DICE THERAPEUTICS INC,right,9,3579
DIN,DINE BRANDS GLOBAL,right,9,4495
DINO,HF SINCLAIR CORPORATION,right,14,2996
DIOD,DIODES INC,right,9,4578
DIS,DISNEY (WALT) COMPANY,right,9,4828
DISH,DISH NETWORK,right,9,4744
DJCO,DAILY JOURNAL,left,9,4661
DK,DELEK US HOLDINGS,right,9,1913
DKNG,DRAFTKINGS INC (A),left,10,3079
DKS,DICK'S SPORTING GOODS INC,right,9,3662
DLB,DOLBY LABS A,right,10,1414
DLR,DIGITAL REALTY TRUST,right,9,3995
DLTH,DULUTH HOLDINGS,left,10,4078
DLTR,DOLLAR TREE,right,10,1580
DLX,DELUXE CORP,right,9,2163
DM,DESKTOP METAL INC (A),right,9,2746
DMRC,DIGIMARC CORP.,right,9,3912
DNA,GINKGO BIOWORKS HOLDINGS INC (A),left,13,4744
DNB,DUN AND BRADSTREET HOLDINGS,left,10,4162
DNLI,DENALI THERAPEUTICS,right,9,2246
DNMR,DANIMER SCIENTIFIC INC (A),left,9,4994
DNOW,NOW INC.,right,21,2330
DNUT,KRISPY KREME,left,17,3162
DO,DIAMOND OFFSHORE DRILLING,right,9,3329
DOC,PHYSICIANS REALTY TRUST,right,22,4744
DOCN,DIGITALOCEAN HOLDINGS,right,9,4245
DOCS,DOXIMITY,left,10,2996
DOCU,DOCUSIGN,right,10,1330
DOMA,DOMA HOLDINGS INC (A),right,10,1663
DOMO,DOMO INCORPORATED,left,10,1913
DOOR,MASONITE INTERNATIONAL CORP,right,18,3995
DORM,DORMAN PRODUCTS,left,10,2413
DOUG,DOUGLAS ELLIMAN INC,left,10,2662
DOV,DOVER CORP,left,10,2829
DOW,DOW INC,left,10,2912
DOX,AMDOCS,right,2,2080
DPZ,DOMINOS PIZZA,right,10,1830
DRE,DUKE REALTY CORP,left,10,3995
DRH,DIAMONDROCK HOSPITALITY,right,9,3495
DRI,DARDEN RESTAURANTS,left,9,5078
DRQ,DRIL-QUIP,left,10,3246
DRVN,DRIVEN BRANDS HOLDINGS,left,10,3329
DSEY,DIVERSEY HOLDINGS,right,9,4994
DSGN,DESIGN THERAPEUTICS,right,9,2579
DSGR,DISTRIBUTION SOLUTIONS GROUP INC,right,9,4911
DSKE,DASEKE INC,left,10,1243
DSP,VIANT TECHNOLOGY,left,30,4661
DT,DYNATRACE,left,10,4661
DTC,SOLO BRANDS,left,27,2246
DTE,DTE ENERGY,left,10,3579
DTM,DT MIDSTREAM,left,10,3495
DUK,DUKE ENERGY CORP,left,10,3912
DUOL,DUOLINGO,left,10,4245
DV,DOUBLEVERIFY HOLDINGS,left,10,2496
DVA,DAVITA,left,10,1497
DVAX,DYNAVAX TECHNOLOGIES,left,10,4744
DVN,DEVON ENERGY,right,9,2912
DX,DYNEX CAPITAL,left,10,4911
DXC,DXC TECHNOLOGY COMPANY,left,10,4411
DXCM,DEXCOM,right,9,2996
DXLG,DESTINATION XL GROUP,right,9,2829
DXPE,DXP ENTERPRISES,left,10,4495
DY,DYCOM INDS INC,left,10,4578
DYN,DYNE THERAPEUTICS,left,10,4828
DZSI,DZS INC,left,10,4994
EA,ELECTRONIC ARTS,right,10,3579
EAF,GRAFTECH INTERNATIONAL,right,13,3079
EAT,BRINKER INTERNATIONAL,right,5,4411
EB,EVENTBRITE,left,12,1580
EBAY,EBAY,right,10,2163
EBC,EASTERN BANKSHARES,left,11,1830
EBF,ENNIS,right,11,1663
EBIX,EBIX INC,right,10,2246
EBS,EMERGENT BIOSOLUTIONS,right,10,3995
EBTC,ENTERPRISE BANCORP,left,11,2579
ECL,ECOLAB,right,10,2413
ECOM,CHANNELADVISOR CORP,left,7,3912
ECPG,ENCORE CAPITAL GROUP,right,10,4661
ECVT,ECOVYST INC,right,10,2496
ED,CONS EDISON HOLDING,right,8,1996
EDIT,EDITAS MEDICINE,right,10,2912
EE,EXCELERATE ENERGY,right,11,2912
EEFT,EURONET WORLDWIDE,left,12,1414
EFC,ELLINGTON FINANCIAL INC,right,10,3745
EFSC,ENTERPRISE FINANCIAL SERVICES,left,11,2662
EFX,EQUIFAX,left,11,3579
EGAN,EGAIN,right,10,3079
EGBN,EAGLE BANCORP,left,11,1243
EGHT,8X8,left,1,2312
EGIO,EDGIO INC,right,10,2746
EGLE,EAGLE BULK SHIPPING,left,11,1330
EGP,EASTGROUP PROPERTIES,left,11,1913
EGRX,EAGLE PHARMACEUTICALS,left,11,1497
EGY,VAALCO ENERGY,right,29,4911
EHC,ENCOMPASS HEALTH,right,10,4578
EHTH,EHEALTH,right,10,3162
EIG,EMPLOYERS HOLDINGS,right,10,4328
EIGR,EIGER BIOPHARMACEUTICALS,right,10,3246
EIX,EDISON INTERNATIONAL,right,10,2829
EL,LAUDER (ESTEE),left,18,1580
ELAN,ELANCO ANIMAL HEALTH,right,10,3411
ELF,E.L.F BEAUTY,left,10,5078
ELS,EQUITY LIFESTYLE PROPERTIES,left,11,4078
ELY,CALLAWAY GOLF,left,6,4495
EMBC,EMBECTA,right,10,3828
EME,EMCOR GROUP,right,10,3912
EMN,EASTMAN CHEMICAL,right,10,1913
EMR,EMERSON ELECTRIC,right,10,4078
ENDP,ENDO INTERNATIONAL PLC,right,10,4828
ENFN,ENFUSION,right,11,1497
ENOB,ENOCHIAN BIOSCIENCES,right,11,1747
ENOV,ENOVIS CORPORATION,right,11,1913
ENPH,ENPHASE ENERGY INC,left,11,2080
ENR,ENERGIZER HOLDINGS,right,10,4911
ENS,ENERSYS,right,11,1330
ENSG,ENSIGN GROUP,left,11,2246
ENTA,ENANTA PHARMACEUTICALS INC,right,10,4495
ENTG,ENTEGRIS INC,left,11,2413
ENV,ENVESTNET,left,11,2829
ENVA,ENOVA INTERNATIONAL,right,11,1830
ENVX,ENOVIX CORP,left,11,1996
EOG,EOG RESOURCES,left,11,3079
EOLS,EVOLUS,right,11,2579
EP,EMPIRE PETROLEUM CORP.,right,10,4162
EPAC,ENERPAC TOOL GROUP CORP,right,11,1243
EPAM,EPAM SYSTEMS,left,11,3162
EPC,EDGEWELL PERSONAL CARE,right,10,2579
EPR,EPR PROPERTIES,left,11,3329
EPRT,ESSENTIAL PROPERTIES REALTY TRUST,left,11,4994
EQBK,EQUITY BANCSHARES,left,11,3912
EQC,EQUITY COMMONWEALTH,left,11,3995
EQH,EQUITABLE HOLDINGS,left,11,3745
EQIX,EQUINIX INC,left,11,3662
EQR,EQUITY RESIDENTIAL,left,11,4162
EQRX,EQRX INC (A),left,11,3411
EQT,EQT CORPORATION,left,11,3495
ERAS,ERASCA,left,11,4245
ERIE,ERIE INDEMNITY,left,11,4328
ERII,ENERGY RECOVERY INC.,right,10,5078
ES,EVERSOURCE ENERGY,right,11,2163
ESAB,ESAB CORPORATION,left,11,4495
ESE,ESCO TECHNOLOGIES,left,11,4578
ESGR,ENSTAR GROUP,left,11,2330
ESI,ELEMENT SOLUTIONS,right,10,3662
ESMT,ENGAGESMART,right,11,1580
ESNT,ESSENT GROUP,left,11,4911
ESPR,ESPERION THERAPEUTICS INC,left,11,4661
ESQ,ESQUIRE FINANCIAL HOLDINGS,left,11,4744
ESRT,EMPIRE STATE REALTY TRUST,right,10,4245
ESS,ESSEX PROP TRUST,left,11,5161
ESTC,ELASTIC N.V.,right,10,3495
ESTE,EARTHSTONE ENERGY,left,11,1580
ETD,ETHAN ALLEN INTERIORS,left,12,1243
ETN,EATON CORP PLC,right,10,2080
ETR,ENTERGY CORP,left,11,2496
ETRN,EQUITRANS MIDSTREAM,left,11,3828
ETSY,ETSY,left,12,1330
ETWO,E2OPEN PARENT HOLDINGS INC (A),left,10,5161
EVA,ENVIVA INC,left,11,2996
EVBG,EVERBRIDGE,left,12,1663
EVC,ENTRAVISION COMMS,left,11,2746
EVCM,EVERCOMMERCE,left,12,1747
EVER,EVERQUOTE,right,11,2080
EVGO,EVGO INC (A),right,11,2330
EVH,EVOLENT HEALTH,right,11,2496
EVLV,EVOLV TECHNOLOGIES HOLDINGS INC (A),right,11,2662
EVOP,EVO PAYMENTS,right,11,2413
EVR,EVERCORE,left,12,1830
EVRG,EVERGY,left,12,1996
EVRI,EVERI HOLDINGS,right,11,1996
EVTC,EVERTEC,right,11,2246
EW,EDWARDS LIFESCIENCES,right,10,2996
EWBC,EAST WEST BANCORP,left,11,1663
EWCZ,EUROPEAN WAX CENTER,left,12,1497
EWTX,EDGEWISE THERAPEUTICS,right,10,2662
EXAS,EXACT SCIENCES,right,11,2829
EXC,EXELON CORPORATION,right,11,3079
EXEL,EXELIXIS INC,right,11,2996
EXLS,EXLSERVICE HOLDINGS,right,11,3162
EXP,EAGLE MATERIALS,left,11,1414
EXPD,EXPEDITORS INTL WASHINGTON,right,11,3411
EXPE,EXPEDIA GROUP,right,11,3329
EXPI,EXP WORLD HOLDINGS,right,11,3246
EXPO,EXPONENT INC,right,11,3495
EXPR,EXPRESS,right,11,3579
EXR,EXTRA SPACE STORAGE,right,11,3745
EXTR,EXTREME NETWORKS,right,11,3828
EYE,NATIONAL VISION HOLDINGS,left,20,3579
EYPT,EYEPOINT PHARMACEUTICALS,right,11,3995
EZPW,EZCORP INC A,right,11,4078
F,FORD MOTOR COMPANY,right,12,2579
FA,FIRST ADVANTAGE CORPORATION NEW,left,12,2413
FAF,FIRST AMERICAN FINANCIAL,left,12,2496
FANG,DIAMONDBACK ENERGY,right,9,3411
FARO,FARO TECHNOLOGY,right,11,4994
FAST,FASTENAL CO,right,11,5078
FATE,FATE THERAPEUTICS INC,right,12,1243
FATH,FATHOM DIGITAL MANUFACTURING CORP (A),right,12,1330
FBC,FLAGSTAR BANCORP,left,13,1330
FBHS,FORTUNE BRANDS HOME & SECURITY,right,12,3162
FBIZ,FIRST BUSINESS FINANCIAL SERVICES,left,12,2996
FBK,FB FINANCIAL,right,12,1414
FBMS,FIRST BANCSHARES INC.,left,12,2746
FBNC,FIRST BANCORP,left,12,2579
FBP,FIRST BANCORP PUERTO RICO,left,12,2662
FBRT,FRANKLIN BSP REALTY TRUST INC,right,12,3828
FC,FRANKLIN COVEY,right,12,3912
FCBC,FIRST COMMUNITY BANCSHARES,left,12,3246
FCEL,FUELCELL ENERGY,right,12,5161
FCF,FIRST COMMONWEALTH FIN,left,12,3162
FCFS,FIRSTCASH HOLDINGS INC,left,12,4744
FCN,FTI CONSULTING,right,12,4994
FCNCA,FIRST CITIZENS BANCSH A,left,12,3079
FCPT,FOUR CORNERS PROPERTY TRUST,right,12,3411
FCUV,FOCUS UNIVERSAL,right,12,2330
FCX,FREEPORT-MCMORAN,right,12,4245
FDMT,4D MOLECULAR THERAPEUTICS,left,1,2145
FDP,FRESH DEL MONTE,right,12,4328
FDS,FACTSET RESEARCH SYSTEMS,right,11,4495
FDX,FEDEX CORPORATION,right,12,1830
FE,FIRSTENERGY CORP.,left,12,4828
FEAM,5E ADVANCED MATERIALS INC,left,1,2229
FELE,FRANKLIN ELEC,right,12,3995
FF,FUTUREFUEL CORP.,right,13,1747
FFBC,FIRST FINANCIAL BANCORP,left,12,3329
FFIC,FLUSHING FINANCIAL,left,13,1996
FFIE,FARADAY FUTURE INTELLIGENT ELECTRIC INC,right,11,4661
FFIN,FIRST FINL BANKSHARES,left,12,3411
FFIV,F5 INC,right,11,4328
FFWM,FIRST FOUNDATION,left,12,3579
FGBI,FIRST GUARANTY BANCSHARES,left,12,3662
FGEN,FIBROGEN,right,12,1913
FHB,FIRST HAWAIIAN,left,12,3745
FHI,FEDERATED HERMES INC,right,12,1747
FHN,FIRST HORIZON CORPORATION,left,12,3828
FHTX,FOGHORN THERAPEUTICS,right,12,2413
FIBK,FIRST INTERSTATE BANCSYSTEM,left,12,4078
FICO,FAIR ISAAC,right,11,4578
FIGS,FIGS INC,left,12,2163
FIS,FIDELITY NATL INFORMATION SERVICES,right,12,1996
FISI,FINANCIAL INSTITUTIONS,left,12,2330
FISV,FISERV INC,left,12,4911
FITB,FIFTH THIRD BANCORP,left,12,2080
FIVE,FIVE BELOW,left,12,5078
FIVN,FIVE9,left,13,1243
FIX,COMFORT SYSTEMS USA,left,8,3912
FIZZ,NATIONAL BEVERAGE,left,20,2829
FL,FOOT LOCKER INC,right,12,2496
FLGT,FULGENT GENETICS,right,13,1330
FLIC,FIRST LONG ISLAND,left,12,4162
FLL,FULL HOUSE RESORTS INC.,right,13,1414
FLNC,FLUENCE ENERGY,left,13,1830
FLNG,FLEX LNG LIMITED,left,13,1497
FLO,FLOWERS FOODS INC,left,13,1663
FLR,FLUOR CORPORATION,left,13,1913
FLS,FLOWSERVE CP,left,13,1747
FLT,FLEETCOR TECHNOLOGIES,left,13,1414
FLWS,1-800-FLOWERS.COM CL A,left,1,1313
FLYW,FLYWIRE,left,13,2080
FMAO,FARMERS & MERCHANTS BANCORP INC.,right,11,4744
FMBH,FIRST MID BANCSHARES,left,12,4328
FMC,FMC CORP,right,12,2080
FMNB,FARMERS NATIONAL BANC CORP.,right,11,4828
FMTX,FORMA THERAPEUTICS HOLDINGS,right,12,2746
FN,FABRINET,right,11,4411
FNA,PARAGON 28,left,22,3329
FNB,F.N.B. CORPORATION,right,11,4162
FND,FLOOR & DECOR HOLDINGS,left,13,1580
FNF,FNF GROUP,right,12,2163
FNKO,FUNKO CLASS A,right,13,1663
FNLC,THE FIRST BANCORP INC.,left,28,3662
FOA,FINANCE OF AMERICA COMPANIES INC,left,12,2246
FOCS,FOCUS FINANCIAL PARTNERS,right,12,2246
FOLD,AMICUS THERAPEUTICS,right,2,4994
FOR,FORESTAR GROUP,right,12,2662
FORM,FORMFACTOR,right,12,2829
FORR,FORRESTER RESEARCH,right,12,2912
FOSL,FOSSIL GROUP,right,12,3329
FOUR,SHIFT4 PAYMENTS,right,26,1243
FOX,FOX CORPORATION CLASS B,right,12,3579
FOXA,FOX CORPORATION CLASS A,right,12,3495
FOXF,FOX FACTORY HOLDING,right,12,3662
FPI,FARMLAND PARTNERS REIT,right,11,4911
FR,FIRST INDUSTRIAL REALTY TRUST,left,12,3912
FRBA,FIRST BANK,left,12,2829
FRBK,REP FIRST BANCP,left,25,2163
FRC,FIRST REPUBLIC BANK SAN FRANCISCO,left,12,4411
FREE,WHOLE EARTH BRANDS INC (A),left,31,4162
FRG,FRANCHISE GROUP,right,12,3745
FRME,FIRST MERCHANTS,left,12,4245
FRO,FRONTLINE,right,12,4744
FRPH,FRP HOLDINGS,right,12,4828
FRPT,FRESHPET,right,12,4411
FRST,PRIMIS FINANCIAL CORP,left,23,5161
FRT,FEDERAL REALTY INVS,right,12,1580
FSBC,FIVE STAR BANCORP,left,12,5161
FSLR,FIRST SOLAR INC,left,12,4495
FSLY,FASTLY,right,11,5161
FSP,FRANKLIN STREET PROPERTIES,right,12,4162
FSR,FISKER INC (A),left,12,4994
FSS,FEDERAL SIGNAL,right,12,1663
FTCI,FTC SOLAR,right,12,4911
FTDR,FRONTDOOR,right,12,4495
FTNT,FORTINET,right,12,2996
FTV,FORTIVE,right,12,3079
FUBO,FUBOTV,right,12,5078
FUL,FULLER H B CO,right,13,1497
FULC,FULCRUM THERAPEUTICS,right,13,1243
FULT,FULTON FINANCIAL CORP,right,13,1580
FVCB,FVCBANKCORP,right,13,1830
FWONA,LIBERTY FORMULA ONE SERIES A,right,17,3828
FWONK,LIBERTY FORMULA ONE SERIES C,right,17,3912
FWRD,FORWARD AIR CORP,right,12,3246
FWRG,FIRST WATCH RESTAURANT GROUP,left,12,4578
FXLV,F45 TRAINING HOLDINGS,right,11,4245
FYBR,FRONTIER COMMUNICATIONS PARENT INC,right,12,4578
G,GENPACT,left,13,3745
GABC,GERMAN AMERICAN BANCORP,left,13,4245
GAMB,GAMBLING.COM GROUP,right,13,1913
GATX,GATX CORP,left,13,2746
GBCI,GLACIER BANCORP,left,13,4828
GBIO,GENERATION BIO,left,13,3579
GBL,GAMCO INVESTORS,right,13,1996
GBT,GLOBAL BLOOD THERAPEUTICS,left,14,1243
GBX,GREENBRIER CO,right,13,4162
GCBC,GREENE COUNTY,right,13,4245
GCI,GANNETT CO INC,left,13,2330
GCMG,GCM GROSVENOR INC (A),left,13,2829
GCO,GENESCO INC,left,13,3662
GCP,GCP APPLIED TECHNOLOGIES,left,13,2912
GD,GENERAL DYNAMICS CORP,left,13,3246
GDDY,GODADDY,left,14,2163
GDEN,GOLDEN ENTERTAINMENT,right,13,2330
GDOT,GREEN DOT,right,13,3995
GDYN,GRID DYNAMICS HOLDINGS INC (A),right,13,4744
GE,GENERAL ELECTRIC,left,13,3329
GEF,GREIF INC A,right,13,4578
GEF.B,GREIF INC B,right,13,4661
GEO,GEO GROUP,left,13,4162
GERN,GERON CORP,left,13,4328
GES,GUESS INC,right,14,1497
GEVO,GEVO,left,13,4495
GFF,GRIFFON,right,13,4828
GFS,GLOBALFOUNDRIES,left,14,1747
GGG,GRACO INC,right,13,2996
GH,GUARDANT HEALTH,right,14,1414
GHC,GRAHAM HOLDINGS,right,13,3162
GIC,GLOBAL INDUSTRIAL COMPANY,left,14,1330
GIII,G-III APPAREL,right,13,2080
GILD,GILEAD SCIENCES,left,13,4661
GIS,GENERAL MILLS,left,13,3411
GKOS,GLAUKOS,left,13,5161
GL,GLOBE LIFE,left,14,1996
GLDD,GREAT LAKES DREDGE & DOCK,right,13,3745
GLNG,GOLAR LNG LTD.,right,13,2246
GLOB,GLOBANT SA,left,14,1913
GLPI,GAMING & LEISURE PROPERTIES,left,13,2246
GLRE,GREENLIGHT CAPITAL RE LTD,right,13,4495
GLS,GELESIS HOLDING INC (A),left,13,2996
GLT,GLATFELTER CORPORATION,left,13,5078
GLUE,MONTE ROSA THERAPEUTICS INC,right,19,3828
GLW,CORNING,right,8,3662
GM,GENERAL MOTORS,left,13,3495
GME,GAMESTOP CORP,left,13,2163
GMED,GLOBUS MEDICAL,left,14,2080
GMRE,GLOBAL MEDICAL REIT,left,14,1414
GMS,GYPSUM MANAGEMENT AND SUPPLY,right,14,1830
GNK,GENCO SHIPPING & TRADING LTD.,left,13,3079
GNL,GLOBAL NET LEASE,left,14,1497
GNRC,GENERAC HOLDINGS,left,13,3162
GNTX,GENTEX CORP,left,13,3828
GNTY,GUARANTY BANC,right,14,1330
GNW,GENWORTH FINANCIAL CLASS A,left,13,4078
GO,GROCERY OUTLET HOLDING,right,13,4911
GOEV,CANOO INC (A),left,7,1414
GOGL,GOLDEN OCEAN GROUP LIMITED,right,13,2413
GOGO,GOGO INC.,right,13,2163
GOLF,ACUSHNET HOLDINGS,left,1,4727
GOOD,GLADSTONE COMMERCIAL,left,13,4911
GOOG,ALPHABET CLASS C,left,2,4495
GOOGL,ALPHABET CLASS A,left,2,4411
GOSS,GOSSAMER BIO,right,13,2912
GPC,GENUINE PARTS,left,13,3995
GPI,GROUP 1 AUTO,right,13,4994
GPK,GRAPHIC PACKAGING HOLDING,right,13,3579
GPMT,GRANITE POINT MORTGAGE TRUST,right,13,3495
GPN,GLOBAL PAYMENTS INC,left,14,1580
GPOR,GULFPORT ENERGY CORP,right,14,1663
GPRE,GREEN PLAINS,right,13,4078
GPRO,GOPRO,right,13,2746
GPS,GAP,left,13,2413
GRBK,GREEN BRICK PARTNERS,right,13,3912
GRC,GORMAN-RUPP CO,right,13,2829
GREE,GREENIDGE GENERATION HOLDINGS INC,right,13,4328
GRMN,GARMIN LTD,left,13,2496
GRNA,GREENLIGHT BIOSCIENCES HOLDINGS (A),right,13,4411
GRPN,GROUPON,right,13,5078
GRWG,GROWGENERATION,right,13,5161
GS,GOLDMAN SACHS GROUP,right,13,2496
GSAT,GLOBALSTAR,left,14,1830
GSBC,GREAT SOUTHERN BANCORP,right,13,3828
GSHD,GOOSEHEAD INSURANCE,right,13,2662
GT,GOODYEAR TIRE & RUBBER,right,13,2579
GTES,GATES INDUSTRIAL,left,13,2662
GTLS,CHART INDUSTRIES INC.,left,7,4245
GTN,GRAY TELEVISION INC,right,13,3662
GTY,GETTY REALTY,left,13,4411
GTYH,GTY TECHNOLOGY HOLDINGS,right,14,1243
GVA,GRANITE CONSTRUCTION,right,13,3411
GWH,ESS TECH INC (A),left,11,4828
GWRE,GUIDEWIRE SOFTWARE,right,14,1580
GWRS,GLOBAL WATER RESOURCES,left,14,1663
GWW,GRAINGER (W W),right,13,3246
GXO,GXO LOGISTICS,right,14,1747
H,HYATT HOTELS,left,15,3079
HA,HAWAIIAN HOLDINGS,left,14,3662
HAE,HAEMONETICS,right,14,1996
HAFC,HANMI FINANCIAL,left,14,2662
HAIN,HAIN CELESTIAL,right,14,2080
HAL,HALLIBURTON,right,14,2163
HALO,HALOZYME THERAPEUTICS,left,14,2246
HAS,HASBRO,left,14,3411
HASI,HANNON ARMSTRONG SUSTAINABLE INFRASTRUCT,left,14,2746
HAYN,HAYNES INTERNATIONAL INC.,left,14,3828
HAYW,HAYWARD HOLDINGS,left,14,3912
HBAN,HUNTINGTON BANCSHARES,left,15,2746
HBCP,HOME BANCORP INC,right,14,4411
HBI,HANESBRANDS,left,14,2496
HBNC,HORIZON BANCORP INC,right,15,1243
HBT,HBT FINANCIAL,left,14,3995
HCA,HCA HEALTHCARE,left,14,4078
HCAT,HEALTH CATALYST,left,14,4245
HCC,WARRIOR MET COAL,right,30,4661
HCCI,HERITAGE CRYSTAL CLEAN,left,15,2163
HCI,HCI GROUP,left,14,4162
HCKT,THE HACKETT GROUP,left,28,3745
HCSG,HEALTHCARE SERVICES,left,14,4411
HD,HOME DEPOT,right,14,4578
HDSN,HUDSON TECH INC,left,15,2413
HE,HAWAIIAN ELECTRIC,left,14,3579
HEAR,TURTLE BEACH CORP.,right,29,2579
HEES,H&E EQUIPMENT SERVICES,right,14,1913
HEI,HEICO CORP,left,14,5161
HEI.A,HEICO CL A,left,14,5078
HELE,HELEN OF TROY LTD,left,15,1330
HES,HESS CORP.,right,14,2662
HFFG,HF FOODS GROUP INC,right,14,2912
HFWA,HERITAGE FINL,left,15,2246
HGV,HILTON GRAND VACATIONS,right,14,3662
HHC,HOWARD HUGHES,right,15,1830
HI,HILLENBRAND,right,14,3329
HIBB,HIBBETT INC,right,14,3079
HIFS,HINGHAM INST,right,14,3912
HIG,HARTFORD FINANCIAL SERVICES GROUP,left,14,3329
HII,HUNTINGTON INGALLS INDUSTRIES,left,15,2829
HIMS,HIMS AND HERS HEALTH INC (A),right,14,3828
HIPO,HIPPO HOLDINGS INC (A),right,14,3995
HIW,HIGHWOODS PROP,right,14,3246
HL,HECLA MINING CO,left,14,4994
HLF,HERBALIFE NUTRITION,left,15,1913
HLGN,HELIOGEN INC (A),left,15,1414
HLI,HOULIHAN LOKEY,right,15,1663
HLIO,HELIOS TECHNOLOGIES,left,15,1497
HLIT,HARMONIC INC,left,14,3079
HLLY,HOLLEY INC (A),right,14,4245
HLMN,HILLMAN SOLUTIONS CORP (A),right,14,3495
HLNE,HAMILTON LANE CLASS A,left,14,2330
HLT,HILTON WORLDWIDE,right,14,3745
HLTH,CUE HEALTH,left,9,2996
HLVX,HILLEVAX,right,14,3411
HLX,HELIX ENERGY SOLUTIONS GROUP,left,15,1580
HMN,HORACE MANN EDUCATORS,right,14,5161
HMPT,HOME POINT CAPITAL,right,14,4661
HMST,HOMESTREET,right,14,4744
HNGR,HANGER,left,14,2579
HNI,HNI CORPORATION,right,14,4162
HNST,HONEST COMPANY,right,14,4911
HOG,HARLEY-DAVIDSON,left,14,2996
HOLX,HOLOGIC INC,right,14,4328
HOMB,HOME BANCSHARES,right,14,4495
HON,HONEYWELL INTERNATIONAL INCORPORATION,right,14,4994
HONE,HARBORONE BANCRP,left,14,2912
HOOD,ROBINHOOD MARKETS,right,24,4911
HOPE,HOPE BANCORP,right,14,5078
HOUS,ANYWHERE REAL ESTATE INC,left,3,3162
HOV,HOVNANIAN ENTERP,right,15,1747
HP,HELMERICH & PAYNE,left,15,1663
HPE,HEWLETT PACKARD ENTERPRISE,right,14,2746
HPK,HIGHPEAK ENERGY INC (A),right,14,3162
HPP,HUDSON PACIFIC PROPERTIES,left,15,2330
HPQ,HP,right,15,1996
HQY,HEALTHEQUITY,left,14,4578
HR,HEALTHCARE REALTY TRUST,left,14,4328
HRB,BLOCK (H & R) NPV,left,5,4744
HRI,HERC HOLDING,left,15,1996
HRL,HORMEL FOODS,right,15,1414
HRMY,HARMONY BIOSCIENCES HOLDINGS,left,14,3162
HRT,HIRERIGHT HOLDINGS,right,14,4078
HRTX,HERON THERAPEUTICS,right,14,2246
HSC,HARSCO CORP,left,14,3246
HSIC,HENRY SCHEIN,left,15,1830
HSII,HEIDRICK & STRUGGLES,left,15,1243
HSKA,HESKA CORP,right,14,2579
HST,HOST HOTELS & RESORTS,right,15,1497
HSTM,HEALTHSTREAM,left,14,4744
HSY,HERSHEY COMPANY,right,14,2413
HT,HERSHA HOSPITALITY TRUST,right,14,2330
HTA,HEALTHCARE TRUST OF AMERICA INC,left,14,4495
HTBI,HOMETRUST BANCSHARES INC,right,14,4828
HTBK,HERITAGE COMMERCE,left,15,2080
HTH,HILLTOP HOLDINGS,right,14,3579
HTLD,HEARTLAND EXPRESS,left,14,4828
HTLF,HEARTLAND FINANCIAL,left,14,4911
HTZ,HERTZ GLOBAL HOLDINGS,right,14,2496
HUBB,HUBBELL,right,15,2163
HUBG,HUB GROUP A,right,15,2080
HUBS,HUBSPOT,right,15,2246
HUM,HUMANA,left,15,2579
HUMA,HUMACYTE INC (A),left,15,2496
HUN,HUNTSMAN,left,15,2912
HURN,HURON CONSULTING GROUP,left,15,2996
HVT,HAVERTY FURNITURE,left,14,3495
HWC,HANCOCK WHITNEY,left,14,2413
HWKN,HAWKINS,left,14,3745
HWM,HOWMET AEROSPACE INC,right,15,1913
HXL,HEXCEL,right,14,2829
HY,HYSTER-YALE MATERIALS HANDLING CL A,left,15,3411
HYFM,HYDROFARM HOLDINGS,left,15,3246
HYLN,HYLIION HOLDINGS CORP (A),left,15,3329
HYMC,HYCROFT MINING HOLDING CORP (A),left,15,3162
HYZN,HYZON MOTORS INC (A),left,15,3495
HZNP,HORIZON THERAPEUTICS PUBLIC LIMITED COMP,right,15,1330
HZO,MARINEMAX INC,right,18,2829
IAA,IAA,left,15,3662
IAC,IAC INTERACTIVECORP,left,15,3745
IART,INTEGRA LIFESCIENCES HOLDING,right,15,4994
IAS,INTEGRAL AD SCIENCE HOLDING,right,15,5078
IBCP,INDEPENDENT BANK CORP. MICHIGAN,left,16,1996
IBEX,IBEX,left,15,3828
IBKR,INTERACTIVE BROKERS GROUP,right,16,1414
IBM,INTERNATIONAL BUS MACHNS.,right,16,1830
IBOC,INTL BANCSHARES,right,16,2330
IBP,INSTALLED BUILDING PRODUCTS,right,15,4411
IBRX,IMMUNITYBIO INC,left,16,1330
IBTX,INDEPENDENT BANK GROUP INC,left,16,2080
ICE,INTERCONTINENTAL EXCHANGE,right,16,1580
ICFI,ICF INTERNATIONAL,left,15,3912
ICHR,ICHOR HOLDINGS,left,15,3995
ICPT,INTERCEPT PHARMACEUTICALS INC,right,16,1497
ICUI,ICU MEDICAL,left,15,4162
ICVX,ICOSAVAX,left,15,4078
IDA,IDACORP INC,left,15,4245
IDCC,INTERDIGITAL,right,16,1663
IDT,IDT CORP. CL B,left,15,4578
IDXX,IDEXX LABS,left,15,4495
IDYA,IDEAYA BIOSCIENCES,left,15,4328
IEA,INFRASTRUCTURE AND ENERGY ALTERNATIVES,right,15,2662
IESC,IES HOLDINGS,left,15,4661
IEX,IDEX CORP,left,15,4411
IFF,INTL FLAVOURS & FRAGRANCES,left,16,2413
IGMS,IGM BIOSCIENCES,left,15,4744
IGT,INTERNATIONAL GAME TECHNOLOGY PLC,right,16,1913
IHRT,IHEARTMEDIA,left,15,4828
III,INFORMATION SERVICES GROUP INC.,right,15,2579
IIIN,INSTEEL INDS,right,15,4495
IIIV,I3 VERTICALS,left,15,3579
IIPR,INNOVATIVE INDUSTRIAL PROPERTIES,right,15,3329
IIVI,II-VI INC,left,15,4911
ILMN,ILLUMINA INC,left,15,5078
ILPT,INDUSTRIAL LOGISTICS PROPERTIES TRUST,right,15,2330
IMAX,IMAX CORP,left,16,1243
IMGN,IMMUNOGEN INC,left,16,1414
IMGO,IMAGO BIOSCIENCES,left,15,5161
IMKTA,INGLES MARKETS CL A,right,15,2912
IMVT,IMMUNOVANT,left,16,1497
IMXI,INTERNATIONAL MONEY EXPRESS INC,right,16,1996
INBK,FIRST INTERNET BANCORP,left,12,3995
INBX,INHIBRX,right,15,3079
INCY,INCYTE,left,16,1747
INDB,INDEPENDENT BANK MASS,left,16,2163
INDI,INDIE SEMICONDUCTOR INC (A),left,16,2246
INDT,INDUS REALTY TRUST INC,left,16,2330
INFA,INFORMATICA,right,15,2496
INFN,INFINERA,right,15,2413
INGN,INOGEN INC,right,15,3579
INGR,INGREDION,right,15,2996
INN,SUMMIT HOTEL PROPERTIES,left,27,4578
INNV,INNOVAGE HOLDING,right,15,3246
INO,INOVIO PHARMACEUTICALS INC,right,15,3745
INSE,INSPIRED ENTERTAINMENT,right,15,4328
INSG,INSEEGO CORP,right,15,3828
INSM,INSMED INC,right,15,3995
INSP,INSPIRE MEDICAL SYSTEMS,right,15,4245
INST,INSTRUCTURE HOLDINGS,right,15,4661
INSW,INTERNATIONAL SEAWAYS,right,16,2163
INT,WORLD FUEL SERVICES,left,32,1996
INTA,INTAPP,right,15,4828
INTC,INTEL CORP,right,15,5161
INTU,INTUIT,left,16,2662
INVA,INNOVIVA,right,15,3495
INVE,IDENTIV,left,16,1830
INVH,INVITATION HOMES,left,16,3246
IONQ,IONQ INC (A),left,16,3411
IONS,IONIS PHARMACEUTICALS,left,16,3329
IOSP,INNOSPEC,right,15,3162
IOVA,IOVANCE BIOTHERAPEUTICS,left,16,3495
IP,INTERNATIONAL PAPER,right,16,2080
IPAR,INTER PARFUMS,right,16,1330
IPG,INTERPUBLIC GROUP COS,right,16,2246
IPGP,IPG PHOTONICS,left,16,3579
IPI,INTREPID POTASH,left,16,2579
IPSC,CENTURY THERAPEUTICS,left,7,2912
IQV,IQVIA HOLDINGS,left,16,3662
IR,INGERSOLL-RAND INC,right,15,2746
IRBT,IROBOT,left,16,3995
IRDM,IRIDIUM COMMUNICATIONS INC,left,16,3912
IRM,IRON MOUNTAIN,left,16,4078
IRMD,IRADIMED CORP,left,16,3745
IRNT,IRONNET INC (A),left,16,4162
IRT,INDEPENDENCE REALTY TRUST,left,16,1913
IRTC,IRHYTHM TECHNOLOGIES,left,16,3828
IRWD,IRONWOOD PHARMACEUTICALS,left,16,4245
ISEE,IVERIC BIO,left,16,4661
ISPO,INSPIRATO INCORPORATED (A),right,15,4162
ISRG,INTUITIVE SURGICAL,left,16,2746
IT,GARTNER,left,13,2579
ITCI,INTRA-CELLUAR THERAPIES,left,16,2496
ITGR,INTEGER HOLDINGS,right,15,4911
ITIC,INVESTORS TITL,left,16,3079
ITOS,ITEOS THERAPEUTICS,left,16,4411
ITRI,ITRON INC,left,16,4495
ITT,ITT INC.,left,16,4578
ITW,ILLINOIS TOOL WKS,left,15,4994
IVR,INVESCO MORTGAGE CAPITAL,left,16,2996
IVT,INVENTRUST PROPERTIES,left,16,2829
IVZ,INVESCO LIMITED,left,16,2912
J,JACOBS ENGINEERING GROUP,left,16,5161
JACK,JACK IN THE BOX,left,16,4994
JAMF,JAMF HOLDING,left,17,1330
JANX,JANUX THERAPEUTICS INC,left,17,1580
JAZZ,JAZZ PHARMACEUTICALS,left,17,1663
JBGS,JBG SMITH PROPERTIES,left,17,1747
JBHT,HUNT (JB) TRANSPORT SERVICES,left,15,2662
JBI,JANUS INTERNATIONAL GROUP (A),left,17,1497
JBL,JABIL,left,16,4911
JBLU,JETBLUE AIRWAYS CORP,left,17,1996
JBSS,SANFILIPP & SON,left,25,4828
JBT,JOHN BEAN TECHNOLOGIES,left,17,2246
JCI,JOHNSON CONTROLS INTERNATIONAL PLC,right,16,2413
JEF,JEFFERIES FINANCIAL GROUP,left,17,1830
JELD,JELD-WEN HOLDING,left,17,1913
JHG,JANUS HENDERSON GROUP,left,17,1414
JJSF,J & J SNACK FOODS,left,16,4744
JKHY,HENRY (JACK) & ASSOCIATES,left,15,1747
JLL,JONES LANG LASALLE,right,16,2662
JMSB,JOHN MARSHALL BANCORP INC,left,17,2330
JNCE,JOUNCE THERAPEUTICS,right,16,2746
JNJ,JOHNSON & JOHNSON,left,17,2413
JNPR,JUNIPER NETWORKS,right,16,2912
JOAN,JOANN,left,17,2080
JOBY,JOBY AVIATION INC,left,17,2163
JOE,ST JOE CO (THE),right,27,1330
JOUT,JOHNSON OUTDOOR,right,16,2496
JPM,JPMORGAN CHASE & CO,right,16,2829
JRVR,JAMES RIVER GROUP HOLDINGS,left,17,1243
JWN,NORDSTROM,right,20,4828
JXN,JACKSON FINANCIAL,left,16,5078
JYNT,JOINT CORP,right,16,2579
K,KELLOGG,right,16,3995
KAI,KADANT INC,right,16,2996
KALU,KAISER ALUMINUM,right,16,3079
KALV,KALVISTA PHARMACEUTICALS,right,16,3246
KAMN,KAMAN,right,16,3329
KAR,KAR AUCTION SERVICES,right,16,3411
KBAL,KIMBALL INTL B,right,16,5078
KBH,KB HOME,right,16,3745
KBR,KBR,right,16,3828
KD,KYNDRYL HOLDINGS,left,17,3912
KDNY,CHINOOK THERAPEUTICS INC,right,7,1747
KDP,KEURIG DR PEPPER,right,16,4495
KE,KIMBALL ELECTRONICS,right,16,4994
KELYA,KELLY SERVICES A,right,16,4078
KEX,KIRBY CORP,right,17,1747
KEY,KEYCORP,right,16,4578
KEYS,KEYSIGHT TECHNOLOGIES,right,16,4661
KFRC,KFORCE,right,16,4828
KFY,KORN FERRY,left,17,2829
KHC,KRAFT HEINZ,left,17,2996
KIDS,ORTHOPEDIATRICS,right,21,4578
KIM,KIMCO REALTY CP,right,17,1243
KKR,KKR & CO INC,right,17,1913
KLAC,KLA CORPORATION,right,17,2080
KLIC,KULICKE SOFFA,left,17,3579
KLR,KALEYRA,right,16,3162
KMB,KIMBERLY-CLARK,right,16,5161
KMI,KINDER MORGAN,right,17,1330
KMPR,KEMPER CORP,right,16,4162
KMT,KENNAMETAL INC,right,16,4245
KMX,CARMAX INC,right,6,2912
KN,KNOWLES CORP.,right,17,2330
KNBE,KNOWBE4,right,17,2246
KNSA,KINIKSA PHARMACEUTICALS,right,17,1497
KNSL,KINSALE CAPITAL GROUP,right,17,1663
KNTE,KINNATE BIOPHARMA,right,17,1580
KNTK,KINETIK HOLDINGS INC (A),right,17,1414
KNX,KNIGHT-SWIFT TRANSPORTATION HOLDINGS,right,17,2163
KO,COCA-COLA,left,8,2080
KOD,KODIAK SCIENCES,right,17,2413
KODK,EASTMAN KODAK CO,right,10,1996
KOP,KOPPERS HOLDINGS,left,17,2662
KORE,KORE GROUP HOLDINGS INC (A),left,17,2746
KOS,KOSMOS ENERGY,left,17,2912
KPTI,KARYOPHARM THERAPEUTICS,right,16,3662
KR,KROGER,left,17,3246
KRC,KILROY REALTY,right,16,4911
KREF,KKR REAL ESTATE FINANCE TRUST,right,17,1996
KRG,KITE REALTY GROUP TRUST,right,17,1830
KRNY,KEARNY FINANCIAL,right,16,3912
KRO,KRONOS WORLDWIDE,left,17,3411
KRON,KRONOS BIO,left,17,3329
KROS,KEROS THERAPEUTICS,right,16,4411
KRT,KARAT PACKAGING,right,16,3495
KRTX,KARUNA THERAPEUTICS,right,16,3579
KRUS,KURA SUSHI USA,left,17,3745
KRYS,KRYSTAL BIOTECH,left,17,3495
KSS,KOHL'S CORP,left,17,2496
KTB,KONTOOR BRANDS,left,17,2579
KTOS,KRATOS DEFENSE & SECURITY SOLUTIONS,left,17,3079
KURA,KURA ONCOLOGY,left,17,3662
KW,KENNEDY-WILSON HOLDINGS INC,right,16,4328
KWR,QUAKER HOUGHTON,right,23,4994
KYMR,KYMERA THERAPEUTICS,left,17,3828
KZR,KEZAR LIFE SCIENCES,right,16,4744
L,LOEW'S,left,18,2912
LAD,LITHIA MOTORS,right,18,1830
LADR,LADDER CAPITAL,left,17,4162
LAMR,LAMAR ADVERTISING,left,17,4495
LANC,LANCASTER COLONY,left,17,4661
LAND,GLADSTONE LAND,left,13,4994
LASR,NLIGHT,right,20,4328
LAUR,LAUREATE EDUCATION,left,18,1663
LAW,CS DISCO,left,9,2330
LAZ,LAZARD CLASS A,left,18,1747
LAZR,LUMINAR TECHNOLOGIES INC (A),left,18,4078
LBAI,LAKELAND BANCORP INC,left,17,4245
LBC,LUTHER BURBANK,left,18,4162
LBRDA,LIBERTY BROADBAND SERIES A,right,17,3579
LBRDK,LIBERTY BROADBAND SERIES C,right,17,3662
LBRT,LIBERTY ENERGY INC (A),right,17,3745
LC,LENDINGCLUB,right,17,2579
LCID,LUCID GROUP INC (A),left,18,3662
LCII,LCI INDUSTRIES,left,18,1913
LCUT,LIFETIME BRANDS,right,17,4578
LDOS,LEIDOS HOLDINGS,left,18,2413
LE,LANDS END,left,17,4828
LEA,LEAR CORP,left,18,2080
LECO,LINCOLN ELECTRIC HOLDINGS,right,17,5078
LEG,LEGGETT & PLATT,left,18,2330
LEGH,LEGACY HOUSING CORP,left,18,2163
LEN,LENNAR CLASS A,right,17,2746
LEN.B,LENNAR CORP. CL B,right,17,2829
LESL,LESLIES,right,17,2996
LEU,CENTRUS ENERGY CORPORATION,left,7,2579
LFG,ARCHAEA ENERGY INC (A),right,3,1497
LFLY,LEAFLY HOLDINGS INC,left,18,1996
LFST,LIFESTANCE HEALTH GROUP,right,17,4495
LFUS,LITTELFUSE,right,18,1913
LGF.A,LIONS GATE ENTERTAINMENT CLASS A,right,18,1497
LGF.B,LIONS GATE ENTERTAINMENT CLASS B,right,18,1580
LGIH,LGI HOMES,right,17,3162
LGND,LIGAND PHARM B,right,17,4661
LH,LABORATORY CORP OF AMERICA,left,17,4078
LHCG,LHC GROUP,right,17,3246
LHX,L3HARRIS TECHNOLOGIES,left,17,3995
LICY,LI CYCLE HOLDINGS CORP (A),right,17,3329
LIDR,AEYE INC,right,1,3145
LII,LENNOX INTL INC,right,17,2912
LILA,LIBERTY LATIN AMERICA A,right,17,3995
LILAK,LIBERTY LATIN AMERICA C,right,17,4078
LIN,LINDE PLC,right,18,1330
LIND,LINDBLAD EXPEDITIONS HOLDINGS,right,18,1243
LITE,LUMENTUM HOLDINGS,left,18,3995
LIVN,LIVANOVA,right,18,1996
LKFN,LAKELAND FINANCIAL,left,17,4328
LKQ,LKQ,left,18,2579
LL,LL FLOORING HOLDINGS INC,left,18,2662
LLAP,TERRAN ORBITAL CORPORATION (A),right,28,2246
LLY,LILLY (ELI) & CO,right,17,4994
LMAT,LEMAITRE VASCULAR,left,18,2496
LMND,LEMONADE,right,17,2496
LMT,LOCKHEED MARTIN CORP,left,18,2829
LNC,LINCOLN NATIONAL CORP,right,17,5161
LNDC,LANDEC CORP,left,17,4744
LNG,CHENIERE ENERGY,left,7,5078
LNN,LINDSAY CORPORATION,right,18,1414
LNT,ALLIANT ENERGY,left,2,3411
LNTH,LANTHEUS HOLDINGS,left,17,5078
LNW,LIGHT & WONDER INC,right,17,4744
LOB,LIVE OAK BANCSHARES,right,18,2163
LOCL,LOCAL BOUNTI CORPORATION (A),left,18,2746
LOCO,EL POLLO LOCO HOLDINGS,right,10,3329
LOPE,GRAND CANYON EDUCATION INC.,right,13,3329
LOVE,LOVESAC,left,18,3162
LOW,LOWES COS INC,left,18,3246
LPG,DORIAN LPG,left,10,2330
LPI,LAREDO PETROLEUM,left,17,5161
LPLA,LPL FINANCIAL HOLDINGS,left,18,3411
LPRO,OPEN LENDING CORPORATION (A),right,21,2912
LPSN,LIVEPERSON INC,right,18,2330
LPX,LOUISIANA-PACIFIC,left,18,3079
LQDA,LIQUIDIA CORPORATION,right,18,1663
LQDT,LIQUIDITY SERVICES,right,18,1747
LRCX,LAM RESEARCH,left,17,4411
LRN,STRIDE INC,left,27,4245
LSCC,LATTICE SEMICONDUCTOR,left,18,1497
LSEA,LANDSEA HOMES CORP (A),left,17,4911
LSI,LIFE STORAGE,right,17,4328
LSTR,LANDSTAR SYS,left,17,4994
LSXMA,LIBERTY SIRIUSXM SERIES A,right,17,4162
LSXMK,LIBERTY SIRIUSXM SERIES C,right,17,4245
LTC,LTC PROPERTIES,left,18,3579
LTCH,LATCH INC (A),left,18,1330
LTH,LIFE TIME GROUP HOLDINGS,right,17,4411
LTHM,LIVENT,right,18,2246
LULU,LULULEMON ATHLETICA INC.,left,18,3745
LUMN,LUMEN TECHNOLOGIES INC,left,18,3912
LUNG,PULMONX,right,23,3912
LUV,SOUTHWEST AIRLINES,right,26,3411
LVLU,LULUS FASHION LOUNGE HOLDINGS,left,18,3828
LVOX,LIVEVOX HOLDINGS INC (A),right,18,2496
LVS,LAS VEGAS SANDS,left,18,1243
LW,LAMB WESTON HOLDINGS,left,17,4578
LWLG,LIGHTWAVE LOGIC,right,17,4911
LXFR,LUXFER HOLDINGS,left,18,4245
LXP,LXP INDUSTRIAL TRUST,left,18,4328
LXRX,LEXICON PHARMACEUTICALS INC,right,17,3079
LXU,LSB INDUSTRIES,left,18,3495
LYB,LYONDELLBASELL INDUSTRIES CL A,left,18,4578
LYEL,LYELL IMMUNOPHARMA,left,18,4411
LYFT,LYFT,left,18,4495
LYLT,LOYALTY VENTURES,left,18,3329
LYV,LIVE NATION ENTERTAINMENT,right,18,2080
LZ,LEGALZOOM.COM INC,left,18,2246
LZB,LA-Z-BOY INC,left,18,1830
M,MACYS,left,18,5161
MA,MASTERCARD CL A,right,18,4162
MAA,MID-AMERICA APARTMENT COMM,left,19,4994
MAC,MACERICH,left,18,4911
MAN,MANPOWERGROUP,left,19,2163
MANH,MANHATTAN ASSOC,left,19,1830
MANT,MANTECH INTL CORP,left,19,2246
MAPS,WM TECHNOLOGY INC (A),left,32,1330
MAR,MARRIOTT INTERNATIONAL,right,18,3329
MARA,MARATHON DIGITAL HOLDINGS INC,left,19,2330
MAS,MASCO CORP,right,18,3828
MASI,MASIMO,right,18,3912
MASS,908 DEVICES,left,1,2395
MAT,MATTEL,right,18,4661
MATW,MATTHEWS INTL A,right,18,4828
MATX,MATSON INC.,right,18,4578
MAX,MEDIAALPHA,right,19,1830
MAXR,MAXAR TECHNOLOGIES,right,18,4911
MBI,MBIA,right,19,1243
MBIN,MERCHANTS BANCORP,right,19,2496
MBUU,MALIBU BOATS,left,19,1663
MBWM,MERCANTILE BANK,right,19,2413
MC,MOELIS & COMPANY,left,20,2662
MCB,METROPOLITAN BANK HOLDING,left,19,3828
MCBC,MACATAWA BANK,left,18,4828
MCBS,METROCITY BANKSHARES,left,19,3745
MCD,MCDONALDS CORP,right,19,1414
MCFT,MASTERCRAFT BOAT HOLDINGS,right,18,4245
MCHP,MICROCHIP TECHNOLOGY,left,19,4411
MCK,MCKESSON,right,19,1580
MCO,MOODYS CORPORATION,right,19,3995
MCRB,SERES THERAPEUTICS,right,25,4328
MCRI,MONARCH CASINO,right,19,3079
MCS,MARCUS CORPORATION,right,18,2662
MCW,MISTER CAR WASH,left,20,2080
MCY,MERCURY GENERAL,left,19,2662
MD,MEDNAX,right,19,2080
MDB,MONGODB,right,19,3411
MDC,MDC HOLDINGS INC,right,19,1663
MDGL,MADRIGAL PHARMACEUTICALS,left,19,1414
MDLZ,MONDELEZ INTERNATIONAL INC.,right,19,3162
MDRX,ALLSCRIPTS HEALTHCARE SOLUTIONS,left,2,3828
MDT,MEDTRONIC PLC,right,19,2246
MDU,MDU RESOURCES,right,19,1747
MDXG,MIMEDX GROUP,left,20,1580
ME,23ANDME HOLDING CO,left,1,1729
MED,MEDIFAST INC,right,19,1996
MEDP,MEDPACE HOLDINGS,right,19,2163
MEG,MONTROSE ENVIRONMENTAL GROUP,right,19,3912
MEI,METHODE ELECTRONICS,left,19,3579
MET,METLIFE,left,19,3662
META,META PLATFORMS INC,left,19,3495
METC,RAMACO RESOURCES,right,24,2746
MFA,MFA FINANCIAL,left,19,3995
MGEE,MGE ENERGY,left,19,4078
MGI,MONEYGRAM INTERNATIONAL,right,19,3246
MGM,MGM RESORTS INTERNATIONAL,left,19,4245
MGNI,MAGNITE INC,left,19,1497
MGNX,MACROGENICS,left,18,5078
MGPI,MGP INGREDIENTS,left,19,4328
MGRC,MCGRATH RENT CORP,right,19,1497
MGTX,MEIRAGTX HOLDINGS PLC,right,19,2330
MGY,MAGNOLIA OIL & GAS CORPORATION (A),left,19,1580
MHK,MOHAWK INDUSTRIES,right,19,2662
MHO,M/I HOMES,left,18,4744
MIDD,MIDDLEBY,left,19,5078
MIR,MIRION TECHNOLOGIES INC,left,20,1830
MIRM,MIRUM PHARMACEUTICALS,left,20,1913
MITK,MITEK SYSTEMS,left,20,2163
MKC,MCCORMICK & CO,right,19,1330
MKFG,MARKFORGED HOLDING CORPORATION (A),right,18,3162
MKL,MARKEL CORP,right,18,2912
MKSI,MKS INSTRUMENTS,left,20,2246
MKTW,MARKETWISE INC (A),right,18,3079
MKTX,MARKETAXESS HOLDINGS,right,18,2996
ML,MONEYLION INC (A),right,19,3329
MLAB,MESA LAB,left,19,3329
MLI,MUELLER INDS,right,20,1243
MLKN,MILLERKNOLL INC,left,20,1497
MLM,MARTIN MERIETTA MATERIALS,right,18,3662
MLNK,MERIDIANLINK,left,19,2912
MLR,MILLER INDS,left,20,1414
MMC,MARSH & MCLENNAN,right,18,3495
MMI,MARCUS & MILLICHAP,right,18,2579
MMM,3M COMPANY,left,1,2063
MMS,MAXIMUS,right,18,5078
MMSI,MERIT MEDICAL SYSTEMS,left,19,2996
MN,MANNING & NAPIER,left,19,1996
MNDT,MANDIANT INC,left,19,1747
MNKD,MANNKIND,left,19,2080
MNRL,BRIGHAM MINERALS,right,5,3745
MNRO,MONRO,right,19,3579
MNST,MONSTER BEVERAGE,right,19,3662
MNTK,MONTAUK RENEWABLES,right,19,3745
MNTS,MOMENTUS INC (A),right,19,2996
MNTV,MOMENTIVE GLOBAL INC,right,19,2912
MO,ALTRIA GROUP,left,3,1243
MOD,MODINE MANUFACTURING CO,left,20,2496
MODN,MODEL N INC,left,20,2330
MODV,MODIVCARE INC,left,20,2579
MOFG,MIDWESTONE FINANCIAL GROUP,left,20,1330
MOG.A,MOOG INC A,right,19,4078
MOH,MOLINA HEALTHCARE,right,19,2746
MORF,MORPHIC HOLDINGS,right,19,4328
MORN,MORNINGSTAR INC.,right,19,4245
MOS,MOSAIC COMPANY,right,19,4411
MOV,MOVADO GROUP,right,19,4661
MP,MP MATERIALS CORP (A),right,19,4744
MPAA,MOTORCAR PARTS OF AMERICA INC.,right,19,4495
MPB,MID PENN BANCP,left,19,4911
MPC,MARATHON PETROLEUM,left,19,2496
MPLN,MULTIPLAN CORPORATION (A),right,20,1497
MPW,MEDICAL PROPERTIES TRUST,right,19,1913
MPWR,MONOLITHIC POWER SYSTEMS,right,19,3495
MPX,MARINE PRODUCTS,right,18,2746
MQ,MARQETA,right,18,3246
MRC,MRC GLOBAL,right,19,4911
MRCY,MERCURY SYSTEMS,left,19,2746
MRK,MERCK & CO,right,19,2579
MRNA,MODERNA,left,20,2413
MRO,MARATHON OIL CORP,left,19,2413
MRSN,MERSANA THERAPEUTICS,left,19,3246
MRTN,MARTEN TRANSPORT,right,18,3579
MRTX,MIRATI THERAPEUTICS INC,left,20,1747
MRVI,MARAVAI LIFESCIENCES HOLDINGS,left,19,2579
MRVL,MARVELL TECHNOLOGY,right,18,3745
MS,MORGAN STANLEY,right,19,4162
MSA,MSA SAFETY,right,19,4994
MSBI,MIDLAND STATES BANCORP,left,20,1243
MSCI,MSCI,right,19,5161
MSEX,MIDDLESEX WATER,left,19,5161
MSFT,MICROSOFT CORP,left,19,4578
MSGE,MADISON SQUARE GARDEN ENTERTAINMENT,left,19,1243
MSGS,MADISON SQUARE GARDEN SPORTS CORP,left,19,1330
MSI,MOTOROLA SOLUTIONS,right,19,4578
MSM,MSC INDUSTRIAL A,right,19,5078
MSTR,MICROSTRATEGY CLASS A,left,19,4661
MTB,M&T BANK,left,18,4661
MTCH,MATCH GROUP,right,18,4411
MTD,METTLER-TOLEDO,left,19,3912
MTDR,MATADOR RESOURCES,right,18,4328
MTG,MGIC INVESTMENT,left,19,4162
MTH,MERITAGE HOMES,left,19,3079
MTN,VAIL RESORTS,right,29,5078
MTOR,MERITOR,left,19,3162
MTRN,MATERION,right,18,4495
MTSI,MACOM TECHNOLOGY SOLUTIONS HOLDINGS,left,18,4994
MTTR,MATTERPORT INC (A),right,18,4744
MTW,MANITOWOC CO,left,19,1913
MTX,MINERALS TECH,left,20,1663
MTZ,MASTEC INC,right,18,4078
MU,MICRON TECHNOLOGY,left,19,4495
MULN,MULLEN AUTOMOTIVE INC,right,20,1414
MUR,MURPHY OIL CORP,right,20,1580
MUSA,MURPHY USA,right,20,1663
MVBF,MVB FINANCIAL CORP,right,20,1747
MVIS,MICROVISION INC,left,19,4828
MVST,MICROVAST HOLDINGS INC,left,19,4744
MWA,MUELLER WATER PRODUCTS,right,20,1330
MXCT,MAXCYTE,right,18,4994
MXL,MAXLINEAR,right,18,5161
MYE,MYERS INDUSTRIES INC,right,20,1830
MYFW,FIRST WESTERN FINANCIAL,left,12,4661
MYGN,MYRIAD GENETICS,right,20,1996
MYPS,PLAYSTUDIOS INC (A),right,23,2080
MYRG,MYR GROUP INC.,right,20,1913
NABL,N-ABLE,right,20,2080
NAPA,DUCKHORN PORTFOLIO,left,10,3745
NARI,INARI MEDICAL,left,16,1663
NAT,NORDIC AMERICAN TANKER,right,20,4661
NATI,NATIONAL INSTRUMENTS,left,20,3162
NATR,NATURES SUNSHINE PRODUCTS,left,20,3912
NAUT,NAUTILUS BIOTECHNOLOGY INC,left,20,4078
NAVI,NAVIENT CORP,left,20,4162
NBHC,NATIONAL BANK HOLDINGS,left,20,2746
NBIX,NEUROCRINE BIOSCIENCES,left,21,1663
NBN,NORTHEAST BANK,right,20,4994
NBR,NABORS INDUSTRIES,right,20,2163
NBTB,NBT BANCORP INC.,left,20,4245
NC,NACCO INDS INC,right,20,2246
NCLH,NORWEGIAN CRUISE LINE,right,21,1830
NCNO,NCINO,left,20,4328
NCR,NCR CORP,left,20,4411
NDAQ,NASDAQ,right,20,2579
NDLS,NOODLES & COMPANY,right,20,4578
NDSN,NORDSON CP,right,20,4744
NE,NOBLE,right,20,4495
NEE,NEXTERA ENERGY INC,right,20,3246
NEM,NEWMONT CORPORATION,left,21,2662
NEO,NEOGENOMICS INC.,left,20,4911
NEOG,NEOGEN CORP,left,20,4828
NESR,NATIONAL ENERGY SERVICES REUNITED,left,20,2912
NET,CLOUDFLARE,right,8,1243
NETI,ENETI INC,right,11,1414
NEU,NEWMARKET,left,21,2579
NEWR,NEW RELIC,left,21,1996
NEX,NEXTIER OILFIELD SOLUTIONS INC,right,20,3411
NEXT,NEXTDECADE,right,20,3162
NFBK,NORTHFIELD BANCORP INC.,right,21,1243
NFE,NEW FORTRESS ENERGY,left,21,1830
NFG,NATL FUEL GAS CO,left,20,3745
NFLX,NETFLIX INC,left,21,1330
NG,NOVAGOLD RESOURCES INC.,right,21,1996
NGM,NGM BIOPHARMACEUTICALS,right,20,3579
NGMS,NEOGAMES,left,20,4744
NGVC,NATURAL GROCERS BY VITAMIN COTTAGE INC,left,20,3828
NGVT,INGEVITY,right,15,2829
NHC,NATIONAL HEALTHCARE,left,20,3079
NHI,NATIONAL HEALTH INVESTORS,left,20,2996
NI,NISOURCE,right,20,4078
NIC,NICOLET BANKSHARES INC,right,20,3745
NJR,NEW JERSEY RES,left,21,1913
NKE,NIKE INC CL B,right,20,3912
NKLA,NIKOLA CORPORATION,right,20,3995
NKTR,NEKTAR THERAPEUTICS,left,20,4578
NKTX,NKARTA,right,20,4162
NL,NL INDUSTRIES,right,20,4245
NLOK,NORTONLIFELOCK INC,right,21,1747
NLSN,NIELSEN HOLDINGS,right,20,3828
NLY,ANNALY CAPITAL MANAGEMENT,left,3,2662
NMIH,NMI HOLDINGS INC,right,20,4411
NMRK,NEWMARK GROUP,left,21,2496
NN,NEXTNAV INC (A),right,20,3495
NNI,NELNET CLASS A,left,20,4661
NNN,NATIONAL RETAIL PROPERTIES,left,20,3411
NNOX,NANO X IMAGING,right,20,2330
NOC,NORTHROP GRUMMAN CORP,right,21,1330
NODK,NI HOLDINGS,right,20,3662
NOG,NORTHERN OIL AND GAS,right,20,5078
NOTV,INOTIV INC,right,15,3662
NOV,NOV INC,right,21,1913
NOVA,SUNNOVA ENERGY INTERNATIONAL,left,27,5161
NOVT,NOVANTA INC,right,21,2080
NOW,SERVICENOW,right,25,4661
NP,NEENAH,left,20,4495
NPK,NATIONAL PRESTO,left,20,3246
NPO,ENPRO INDUSTRIES INC,left,11,2163
NPTN,NEOPHOTONICS,left,20,4994
NR,NEWPARK RESOURCES,left,21,2746
NRC,NATIONAL RESEARCH,left,20,3329
NRDS,NERDWALLET,left,20,5078
NRDY,NERDY INC (A),left,20,5161
NREF,NEXPOINT REAL ESTATE FINANCE,right,20,2912
NRG,NRG ENERGY,right,21,2413
NRGV,ENERGY VAULT HOLDINGS INC (A),right,10,5161
NRIX,NURIX THERAPEUTICS,right,21,2662
NRZ,NEW RESIDENTIAL INVESTMENT CORP.,left,21,2080
NSA,NATIONAL STORAGE AFFILIATES TRUST,left,20,3495
NSC,NORFOLK STHN CORP,right,20,4911
NSIT,INSIGHT ENTERPRISES,right,15,3912
NSP,INSPERITY,right,15,4078
NSSC,NAPCO SECURITY SYSTEMS,right,20,2496
NSTG,NANOSTRING TECHNOLOGIES,right,20,2413
NTAP,NETAPP,left,21,1243
NTB,BANK OF N.T. BUTTERFIELD & SON,right,4,3329
NTCT,NETSCOUT SYS,left,21,1497
NTGR,NETGEAR INC.,left,21,1414
NTLA,INTELLIA THERAPEUTICS,right,16,1243
NTNX,NUTANIX,left,21,2829
NTRA,NATERA,right,20,2662
NTRS,NORTHERN TRUST,right,20,5161
NTST,NETSTREIT,left,21,1580
NTUS,NATUS MEDICAL,left,20,3995
NUE,NUCOR CORP,right,21,2579
NUS,NU SKIN ENTERPR A,right,21,2496
NUTX,NUTEX HEALTH,left,21,2912
NUVA,NUVASIVE,left,21,3079
NUVB,NUVATION BIO INC (A),left,21,3162
NUVL,NUVALENT,left,21,2996
NVAX,NOVAVAX,right,21,2163
NVCR,NOVOCURE,right,21,2246
NVDA,NVIDIA,left,21,3411
NVEE,NV5 GLOBAL INC.,left,21,3246
NVR,NVR INC,left,21,3495
NVRO,NEVRO,left,21,1747
NVST,ENVISTA HOLDINGS,left,11,2912
NVT,NVENT ELECTRIC,left,21,3329
NVTA,INVITAE CORP,left,16,3162
NWBI,NORTHWEST BANCSHARES,right,21,1414
NWE,NORTHWESTERN CORP,right,21,1663
NWL,NEWELL BRANDS,left,21,2413
NWLI,NATIONAL WESTERN LIFE GROUP - CL A,left,20,3662
NWN,NORTHWEST NATURAL HOLDING COMPANY,right,21,1497
NWPX,NORTHWEST PIPE,right,21,1580
NWS,NEWS CORPORATION CL B,right,20,2829
NWSA,NEWS CORPORATION CL A,right,20,2746
NX,QUANEX BUILDING PRODUCTS,right,24,1243
NXGN,NEXTGEN HEALTHCARE INC,right,20,3329
NXRT,NEXPOINT RESIDENTIAL TRUST,right,20,2996
NXST,NEXSTAR MEDIA GROUP INC.,right,20,3079
NYCB,NEW YORK COMMUNITY BANCORP,left,21,2163
NYMT,NEW YORK MORTGAGE TRUST,left,21,2246
NYT,NEW YORK TIMES CL A,left,21,2330
O,REALTY INCOME,left,24,4078
OAS,OASIS PETROLEUM,left,21,3745
OB,OUTBRAIN,right,21,5161
OBNK,ORIGIN BANCORP,right,21,3995
OC,OWENS CORNING,right,22,1747
OCFC,OCEANFIRST FINANCIAL,left,21,3995
OCGN,OCUGEN INC,left,21,4078
OCUL,OCULAR THERAPEUTIX,left,21,4162
ODFL,OLD DOMINION FREIGHT LINE,left,21,4911
ODP,THE ODP CORPORATION,left,28,3912
OEC,ORION ENGINEERED CARBONS S.A.,right,21,4162
OFC,CORPORATE OFFICE PROPERTIES,right,8,3745
OFG,OFG BANCORP,left,21,4411
OFIX,ORTHOFIX MEDICAL,right,21,4495
OFLX,OMEGA FLEX,left,22,1580
OGE,OGE ENERGY,left,21,4495
OGN,ORGANON,right,21,3912
OGS,ONE GAS,left,22,2163
OHI,OMEGA HEALTHCARE INVESTORS,left,22,1663
OI,O-I GLASS INC,left,21,4578
OII,OCEANEERING INTL,left,21,3912
OIS,OIL STATES INTL,left,21,4661
OKE,ONEOK INC,left,22,2496
OKTA,OKTA,left,21,4744
OLED,UNIVERSAL DISPLAY CORP.,left,30,2496
OLLI,OLLIE'S BARGAIN OUTLET HOLDINGS,left,22,1330
OLN,OLIN CORP,left,22,1243
OLO,OLO,left,22,1414
OLP,ONE LIBERTY,left,22,2330
OLPX,OLAPLEX HOLDINGS,left,21,4828
OM,OUTSET MEDICAL,right,22,1414
OMC,OMNICOM GROUP,left,22,1830
OMCL,OMNICELL INC,left,22,1747
OMF,ONEMAIN HOLDINGS,left,22,2413
OMI,OWENS & MINOR,right,22,1663
OMIC,SINGULAR GENOMICS SYSTEMS,left,26,3495
ON,ON SEMICONDUCTOR CORP,left,22,1913
ONB,OLD NATL BNCP,left,21,4994
ONDS,ONDAS HOLDINGS,left,22,2080
ONEM,1LIFE HEALTHCARE,left,1,1396
ONEW,ONEWATER MARINE,left,22,2746
ONL,ORION OFFICE REIT,right,21,4245
ONTF,ON24,left,22,1996
ONTO,ONTO INNOVATION INC,left,22,2829
OOMA,OOMA,right,21,2829
OPAD,OFFERPAD SOLUTIONS INC (A),left,21,4245
OPCH,OPTION CARE HEALTH INC,right,21,3495
OPEN,OPENDOOR TECHNOLOGIES INC (A),right,21,2996
OPFI,OPPFI INC,right,21,3329
OPI,OFFICE PROPERTIES INCOME TRUST,left,21,4328
OPK,OPKO HEALTH,right,21,3079
OPRT,OPORTUN FINANCIAL,right,21,3162
OPRX,OPTIMIZERX CORP,right,21,3411
OPY,OPPENHEIMER HOLDINGS INC.,right,21,3246
ORA,ORMAT TECHNOLOGIES,right,21,4328
ORC,ORCHID ISLAND CAPITAL,right,21,3745
ORCL,ORACLE CORP.,right,21,3579
ORGN,ORIGIN MATERIALS INC (A),right,21,4078
ORGO,ORGANOGENESIS HOLDINGS (A),right,21,3828
ORI,OLD REPUBLIC INTL,left,21,5078
ORLY,O REILLY AUTO,left,21,3579
ORRF,ORRSTOWN FINANCIAL SERVICES INC.,right,21,4411
OSBC,OLD SECOND BNCP,left,21,5161
OSCR,OSCAR HEALTH,right,21,4661
OSH,OAK STREET HEALTH,left,21,3662
OSIS,OSI SYSTEMS INC,right,21,4828
OSK,OSHKOSH,right,21,4744
OSPN,ONESPAN,left,22,2579
OSTK,OVERSTOCK.COM,right,22,1497
OSUR,ORASURE TECH,right,21,3662
OSW,ONESPAWORLD HOLDINGS (A),left,22,2662
OTIS,OTIS WORLDWIDE,right,21,4911
OTLK,OUTLOOK THERAPEUTICS,right,22,1330
OTTR,OTTER TAIL CP,right,21,4994
OUST,OUSTER INC (A),right,21,5078
OUT,OUTFRONT MEDIA,right,22,1243
OVV,OVINTIV INC,right,22,1580
OWL,BLUE OWL CAPITAL,left,6,1330
OWLT,OWLET INC (A),right,22,1830
OXM,OXFORD INDUSTRIES,right,22,1913
OXY,OCCIDENTAL PETROLEUM,left,21,3828
OZK,BANK OZK,right,4,3495
PACB,PACIFIC BIOSCIENCES OF CALIFORNIA,right,22,2246
PACK,RANPAK HOLDINGS (A),left,24,3079
PACW,PACWEST BANCORP,right,22,2662
PAG,PENSKE AUTOMOTIVE GROUP,left,23,2496
PAHC,PHIBRO ANIMAL HEALTH,right,22,4245
PANW,PALO ALTO NETWORKS,left,22,2912
PAR,PAR TECHNOLOGY,left,22,3246
PARA,PARAMOUNT GLOBAL (B),left,22,3495
PARAA,PARAMOUNT GLOBAL (A),left,22,3411
PARR,PAR PACIFIC HOLDINGS,left,22,3162
PATH,UIPATH,left,29,4162
PATK,PATRICK INDUSTRIES,left,22,4328
PAYA,PAYA HOLDINGS INC (A),left,22,4578
PAYC,PAYCOM SOFTWARE,left,22,4744
PAYO,PAYONEER GLOBAL INC (A),left,22,4994
PAYX,PAYCHEX,left,22,4661
PB,PROSPERITY BANCSHARES,left,24,2746
PBF,PBF ENERGY,left,23,1243
PBFS,PIONEER BANCORP,right,23,1414
PBH,PRESTIGE CONSUMER HEALTHCARE,left,23,4828
PBI,PITNEY BOWES,right,23,1663
PCAR,PACCAR,right,22,2163
PCB,PCB BANCORP,left,23,1414
PCG,PG & E CORP.,right,22,3995
PCH,POTLATCHDELTIC,left,23,3745
PCOR,PROCORE TECHNOLOGIES,left,24,1830
PCRX,PACIRA BIOSCIENCES,right,22,2413
PCSB,PCSB FINANCIAL,left,23,1497
PCT,PURECYCLE TECHNOLOGIES INC,right,23,4245
PCTY,PAYLOCITY HOLDING,left,22,4911
PCVX,VAXCYTE,right,30,2080
PCYO,PURECYCLE,right,23,4162
PD,PAGERDUTY,right,22,2746
PDCE,PDC ENERGY,left,23,1580
PDCO,PATTERSON COS,left,22,4411
PDFS,PDF SOLUTIONS,left,23,1663
PDM,PIEDMONT OFFICE REALTY TRUST CL A,right,22,4911
PEAK,HEALTHPEAK PROPERTIES INC,left,14,4661
PEB,PEBBLEBROOK HOTEL TRUST,left,23,1913
PEBO,PEOPLES BANCORP,left,23,2746
PECO,PHILLIPS EDISON & COMPANY,right,22,4495
PEG,PUBLIC SVC ENTERPRISE GROUP,right,23,3745
PEGA,PEGASYSTEMS INC,left,23,1996
PEN,PENUMBRA,left,23,2662
PENN,PENN NATIONAL GAMING,left,23,2163
PEP,PEPSICO,right,22,2912
PEPG,PEPGEN INC,left,23,2912
PETQ,PETIQ,right,22,3662
PETS,PETMED EXPRESS,right,22,3745
PFBC,PREFERRED BANK LOS ANGELES,left,23,4495
PFC,PREMIER FINANCIAL CORP,left,23,4661
PFE,PFIZER,right,22,3828
PFG,PRINCIPAL FINANCIAL GROUP,left,24,1414
PFGC,PERFORMANCE FOOD GROUP,right,22,3246
PFHD,PROFESSIONAL HOLDING,left,24,1996
PFIS,PEOPLES FINANCIAL SERVICES CORP.,left,23,2829
PFS,PROVIDENT FINANCIAL SERVICES INC,right,23,3246
PFSI,PENNYMAC FINANCIAL SERVICES,left,23,2330
PFSW,PFSWEB INC,right,22,3912
PG,PROCTER & GAMBLE,left,24,1913
PGC,PEAPACK GLADSTONE FINANCIAL,left,23,1830
PGEN,PRECIGEN,left,23,4411
PGNY,PROGYNY,left,24,2330
PGR,PROGRESSIVE CORP,left,24,2246
PGRE,PARAMOUNT GROUP,left,22,3579
PGTI,PGT INNOVATIONS,right,22,4078
PH,PARKER-HANNIFIN,left,22,4078
PHAT,PHATHOM PHARMACEUTICALS,right,22,4162
PHM,PULTE GROUP,right,23,3995
PHR,PHREESIA,right,22,4661
PI,IMPINJ INC,left,16,1580
PII,POLARIS,right,23,2912
PIII,P3 HEALTH PARTNERS INC (A),right,22,2080
PINC,PREMIER INC,left,23,4744
PING,PING IDENTITY HOLDING,right,22,5078
PINS,PINTEREST,right,23,1330
PIPR,PIPER SANDLER COMPANIES,right,23,1580
PJT,PJT PARTNERS,right,23,1747
PK,PARK HOTELS & RESORTS,left,22,3828
PKBK,PARKE BANCORP,left,22,3995
PKE,PARK AEROSPACE,left,22,3745
PKG,PACKAGING CORP OF AMERICA,right,22,2496
PKI,PERKINELMER INC,right,22,3411
PL,PLANET LABS PBC (A),right,23,1913
PLAB,PHOTRONICS INC,right,22,4578
PLAY,DAVE & BUSTERS ENTERTAINMENT,left,10,1414
PLBY,PLBY GROUP INC,right,23,2246
PLCE,CHILDRENS PLACE,left,8,1580
PLD,PROLOGIS,left,24,2413
PLL,PIEDMONT LITHIUM,right,22,4828
PLM,POLYMET MINING,left,23,2996
PLMR,PALOMAR HOLDINGS,left,22,2996
PLNT,PLANET FITNESS,right,23,1830
PLOW,DOUGLAS DYNAMICS,left,10,2579
PLPC,PREFORMED LINE PRODUCTS,left,23,4578
PLTK,PLAYTIKA HOLDING,right,23,2163
PLTR,PALANTIR TECHNOLOGIES,right,22,2829
PLUG,PLUG POWER INC,right,23,2413
PLUS,EPLUS INC,left,11,3246
PLXS,PLEXUS CORP,right,23,2330
PLYM,PLYMOUTH INDUSTRIAL REIT,right,23,2496
PM,PHILIP MORRIS INTERNATIONAL,right,22,4328
PMT,PENNYMAC MORTGAGE INVESTMENT TRUST,left,23,2413
PMVP,PMV PHARMACEUTICALS,right,23,2579
PNC,PNC FINANCIAL SERVICES GROUP,right,23,2662
PNFP,PINNACLE FINL,right,22,5161
PNM,PNM RESOURCES,right,23,2746
PNR,PENTAIR PLC,left,23,2579
PNT,POINT BIOPHARMA GLOBAL INC,right,23,2829
PNTG,PENNANT GROUP,left,23,2246
PNW,PINNACLE WEST CAPITAL CORP,right,23,1243
PODD,INSULET CORP.,right,15,4744
POLY,PLANTRONICS,right,23,1996
POOL,POOL,left,23,3079
POR,PORTLAND GENERAL ELECTRIC,left,23,3411
POSH,POSHMARK,left,23,3495
POST,POST HOLDINGS,left,23,3579
POWI,POWER INTEGRATIONS,left,23,3912
POWL,POWELL INDS,left,23,3828
POWW,AMMO INC,right,2,5161
PPBI,PACIFIC PREMIER BANCORP INC,right,22,2330
PPC,PILIGRIM'S PRIDE CORP.,right,22,4994
PPG,PPG INDUSTRIES,left,23,4078
PPL,PPL CORPORATION,left,23,4162
PRA,PROASSURANCE,left,24,1663
PRAA,PRA GROUP,left,23,4245
PRAX,PRAXIS PRECISION MEDICINES,left,23,4328
PRCH,PORCH GROUP INC (A),left,23,3246
PRCT,PROCEPT BIOROBOTICS,left,24,1747
PRDO,PERDOCEO EDUCATION CORP,right,22,2996
PRDS,PARDES BIOSCIENCES INC (A),left,22,3662
PRFT,PERFICIENT INC,right,22,3162
PRG,PROG HOLDINGS INC,left,24,2080
PRGO,PERRIGO COMPANY PLC,right,22,3495
PRGS,PROGRESS SOFTWARE,left,24,2163
PRI,PRIMERICA,left,23,5078
PRIM,PRIMORIS SERVICES CORP.,left,24,1330
PRK,PARK NATIONAL,left,22,3912
PRLB,PROTO LABS INC,right,23,2996
PRM,PERIMETER SOLUTIONS SA,right,22,3329
PRMW,PRIMO WATER,left,24,1243
PRO,PROS HOLDINGS INC.,left,24,2662
PRPL,PURPLE INNOVATION,right,23,4328
PRTA,PROTHENA PLC,left,24,2996
PRTH,PRIORITY TECHNOLOGY HOLDINGS,left,24,1497
PRTS,CARPARTS COM,right,6,3079
PRTY,PARTY CITY HOLDCO,left,22,4245
PRU,PRUDENTIAL FINANCIAL,right,23,3329
PRVA,PRIVIA HEALTH GROUP,left,24,1580
PRVB,PROVENTION BIO,right,23,3079
PSA,PUBLIC STORAGE,right,23,3662
PSB,PS BUSINESS PARKS,right,23,3411
PSFE,PAYSAFE LIMITED (A),left,22,5161
PSMT,PRICESMART,left,23,4994
PSN,PARSONS,left,22,4162
PSTG,PURE STORAGE,right,23,4078
PSTL,POSTAL REALTY TRUST,left,23,3662
PSX,PHILLIPS 66,right,22,4411
PTC,PTC,right,23,3495
PTCT,PTC THERAPEUTICS,right,23,3579
PTEN,PATTERSON-UTI ENERGY,left,22,4495
PTGX,PROTAGONIST THERAPEUTICS,left,24,2829
PTLO,PORTILLOS,left,23,3329
PTON,PELOTON INTERACTIVE,left,23,2080
PTRA,PROTERRA INC (A),left,24,2912
PTSI,P.A.M. TRANS SVC,right,22,1996
PTVE,PACTIV EVERGREEN,right,22,2579
PUBM,PUBMATIC,right,23,3828
PUMP,PROPETRO HOLDING,left,24,2579
PVBC,PROVIDENT BANCORP INC,right,23,3162
PVH,PVH CORP.,right,23,4411
PWP,PERELLA WEINBERG PARTNERS,right,22,3079
PWR,QUANTA SERVICES,right,24,1330
PWSC,POWERSCHOOL HOLDINGS,left,23,3995
PXD,PIONEER NATURAL RESOURCE,right,23,1497
PYCR,PAYCOR HCM,left,22,4828
PYPL,PAYPAL HOLDINGS,left,22,5078
PZN,PZENA INVESTMENT MANAGEMENT,right,23,4495
PZZA,PAPA JOHN'S INTERNATIONAL,left,22,3079
QCOM,QUALCOMM,right,23,5078
QCRH,QCR HOLDINGS INC,right,23,4661
QDEL,QUIDELORTHO CORPORATION,right,24,1747
QGEN,QIAGEN N.V.,right,23,4744
QLYS,QUALYS INC,right,23,5161
QNST,QUINSTREET,right,24,1830
QRTEA,QURATE RETAIL,right,24,1996
QRVO,QORVO INC.,right,23,4828
QS,QUANTUMSCAPE,right,24,1580
QSI,QUANTUM SI INC (A),right,24,1497
QTRX,QUANTERIX CORP,right,24,1414
QTWO,Q2 HOLDINGS,right,23,4578
QUAD,QUAD/GRAPHICS INC.,right,23,4911
QUOT,QUOTIENT TECHNOLOGY INC.,right,24,1913
R,RYDER SYSTEM,left,25,3246
RAD,RITE AID,right,24,4411
RADI,RADIUS GLOBAL INFRASTRUCTURE,right,24,2330
RAMP,LIVERAMP HOLDINGS,right,18,2413
RAPT,RAPT THERAPEUTICS,left,24,3246
RARE,ULTRAGENYX PHARMACEUTICAL,left,29,4411
RBB,RBB BANCORP,left,24,3662
RBBN,RIBBON COMMUNICATIONS,right,24,3745
RBCAA,REPUBLIC BANCORP,left,25,2496
RBLX,ROBLOX,right,24,4994
RBOT,VICARIOUS SURGICAL INC (A),left,30,4994
RC,READY CAPITAL CORPORATION,left,24,3995
RCII,RENT-A-CENTER,left,25,2080
RCKT,ROCKET PHARMACEUTICALS,right,25,1243
RCKY,ROCKY BRANDS,right,25,1497
RCL,ROYAL CARIBBEAN GROUP,right,25,2163
RCM,ACCRETIVE HEALTH,left,1,4145
RCUS,ARCUS BIOSCIENCES,right,3,2080
RDBX,REDBOX ENTERTAINMENT INC (A),left,24,4578
RDFN,REDFIN CORP,left,24,4661
RDN,RADIAN GROUP,right,24,2163
RDNT,RADNET,right,24,2496
RDUS,RADIUS HEALTH INC,right,24,2413
RDVT,RED VIOLET,left,24,4495
RDW,REDWIRE CORP,left,24,4744
RE,EVEREST RE GROUP,left,12,1913
REAL,THE REALREAL,left,28,4078
REFI,CHICAGO ATLANTIC REAL ESTATE FINANCE,left,8,1414
REG,REGENCY CENTERS,left,24,4994
REGN,REGENERON PHAR,left,24,5078
REI,RING ENERGY INC,right,24,4162
RELY,REMITLY GLOBAL,left,25,1747
RENT,RENT THE RUNWAY,left,25,1996
REPL,REPLIMUNE GROUP,left,25,2413
REPX,RILEY EXPLORATION PERMIAN,right,24,3995
RES,RPC,right,25,2413
RETA,REATE PHARMACEUTICALS,left,24,4162
REVG,REV GROUP,right,24,3079
REX,REX AMERICAN RESOURCES,right,24,3411
REXR,REXFORD INDUSTRIAL REALTY,right,24,3495
REYN,REYNOLDS CONSUMER PRODUCTS,right,24,3579
REZI,RESIDEO TECHNOLOGIES,left,25,2746
RF,REGIONS FINANCIAL,left,25,1330
RFP,RESOLUTE FOREST PRODUCTS,left,25,2912
RGA,REINSURANCE GROUP OF AMERICA,left,25,1414
RGEN,REPLIGEN CORP,left,25,2330
RGLD,ROYAL GOLD,right,25,2246
RGNX,REGENXBIO,left,24,5161
RGP,RESOURCES CONNECTION INC,left,25,2996
RGR,STURM RUGER & CO,left,27,4411
RGTI,RIGETTI COMPUTING INC (A),right,24,3912
RH,RH,right,24,3662
RHI,ROBERT HALF INTERNATIONAL,right,24,4828
RHP,RYMAN HOSPITALITY PROPERTIES,left,25,3411
RICK,RCI HOSPITALITY HOLDINGS,left,24,3828
RIDE,LORDSTOWN MOTORS CORP (A),left,18,2996
RIGL,RIGEL PHARMACEUTICALS INC,right,24,3828
RILY,B RILEY SECURITIES INC,right,4,1830
RIOT,RIOT BLOCKCHAIN,right,24,4328
RIVN,RIVIAN AUTOMOTIVE,right,24,4495
RJF,RAYMOND JAMES FINANCIAL,left,24,3329
RKLB,ROCKET LAB USA INC (A),right,24,5161
RKLY,ROCKLEY PHOTONICS HOLDINGS LIMITED (A),right,25,1330
RKT,ROCKET COMPANIES,right,24,5078
RL,RALPH LAUREN CORP,right,24,2662
RLAY,RELAY THERAPEUTICS,left,25,1497
RLGT,RADIANT LOGISTICS,right,24,2246
RLI,RLI CORPORATION,right,24,4578
RLJ,RLJ LODGING TRUST,right,24,4661
RLMD,RELMADA THERAPEUTICS,left,25,1663
RLYB,RALLYBIO,right,24,2579
RM,REGIONAL MANAGEMENT CORP,left,25,1243
RMAX,RE/MAX HOLDINGS,left,24,3912
RMBL,RUMBLEON INC,right,25,2662
RMBS,RAMBUS INC,right,24,2829
RMD,RESMED INC,left,25,2829
RMNI,RIMINI STREET,right,24,4078
RMR,RMR GROUP,right,24,4744
RNA,AVIDITY BIOSCIENCES,left,4,4495
RNG,RINGCENTRAL,right,24,4245
RNR,RENAISSANCERE,left,25,1830
RNST,RENASANT CORP,left,25,1913
ROAD,CONSTRUCTION PARTNERS,right,8,2579
ROCC,RANGER OIL CORP,right,24,2996
ROCK,GIBRALTAR INDUSTRIES,left,13,4578
ROG,ROGERS CORP,right,25,1580
ROIC,RETAIL OPPORTUNITY,left,25,3079
ROK,ROCKWELL AUTOMATION,right,25,1414
ROKU,ROKU,right,25,1663
ROL,ROLLINS INC,right,25,1747
ROLL,RBC BEARINGS,left,24,3745
ROOT,ROOT,right,25,1830
ROP,ROPER TECHNOLOGIES,right,25,1913
ROST,ROSS STORES,right,25,1996
ROVR,ROVER GROUP INC (A),right,25,2080
RPAY,REPAY HOLDINGS (A),left,25,2246
RPD,RAPID7,left,24,3162
RPM,RPM INC,right,25,2496
RPRX,ROYALTY PHARMA,right,25,2330
RPT,RPT REALTY,right,25,2579
RRBI,RED RIVER BANCSHARES,left,24,4328
RRC,RANGE RESOURCES,right,24,2912
RRR,RED ROCK RESORTS,left,24,4411
RRX,REGAL REXNORD CORPORATION,left,24,4911
RS,RELIANCE STEEL & ALUMINIUM,left,25,1580
RSG,REPUBLIC SERVICES,left,25,2579
RSI,RUSH STREET INTERACTIVE INC (A),right,25,2912
RSVR,RESERVOIR MEDIA INC,left,25,2662
RTL,THE NECESSITY RETAIL REIT INC,left,28,3828
RTX,RAYTHEON TECHNOLOGIES CORPORATION,left,24,3579
RUN,SUNRUN,left,28,1414
RUSHA,RUSH ENTERPISES A,right,25,2746
RUSHB,RUSH ENTERPRISES INC -CL B,right,25,2829
RUTH,RUTHS HOSPITALITY GROUP,right,25,2996
RVLV,REVOLVE GROUP,right,24,3329
RVMD,REVOLUTION MEDICINES,right,24,3246
RVNC,REVANCE THERAPEUTICS,right,24,3162
RWT,REDWOOD TRUST,left,24,4828
RXDX,PROMETHEUS BIOSCIENCES,left,24,2496
RXRX,RECURSION PHARMACEUTICALS,left,24,4245
RXST,RXSIGHT,right,25,3079
RXT,RACKSPACE TECHNOLOGY,right,24,2080
RYAM,RAYONIER ADVANCED MATERIALS,left,24,3495
RYAN,RYAN SPECIALTY HOLDINGS INC (A),left,25,3162
RYI,RYERSON HOLDING CORP,left,25,3329
RYN,RAYONIER,left,24,3411
S,SENTINELONE,right,25,4245
SABR,SABRE CORP,left,25,3745
SAFE,SAFEHOLD INC,left,25,3912
SAFM,SANDERSON FARMS,left,25,4578
SAFT,SAFETY INSURANCE GROUP INC,left,25,3995
SAGE,SAGE THERAPEUTICS,left,25,4078
SAH,SONIC AUTOMOTIVE,left,27,2496
SAIA,SAIA,left,25,4162
SAIC,SCIENCE APPLICATIONS INTERNATIONAL CORPO,left,26,2246
SAIL,SAILPOINT TECHNOLOGIES,left,25,4245
SAM,BOSTON BEER,right,5,2496
SAMG,SILVERCREST ASSET MANAGEMENT GROUP INC,right,26,2829
SANA,SANA BIOTECHNOLOGY,left,25,4495
SANM,SANMINA CORP,left,25,4994
SASR,SANDY SPRING BANCORP,left,25,4744
SATS,ECHOSTAR,right,10,2330
SAVA,CASSAVA SCIENCES,right,6,4078
SAVE,SPIRIT AIRLINES,right,26,4245
SB,SAFE BULKERS,left,25,3828
SBAC,SBA COMMUNICATIONS,left,26,1414
SBCF,SEACOAST BANKING,left,26,2746
SBGI,SINCLAIR BROADCAST A,left,26,3411
SBH,SALLY BEAUTY,left,25,4411
SBNY,SIGNATURE BANK,right,26,2246
SBOW,SILVERBOW RESOURCES,right,26,2746
SBRA,SABRA HEALTH CARE REIT,left,25,3662
SBSI,SOUTHSIDE BANCSHARES,right,26,3246
SBT,STERLING BANCORP INC,right,27,2829
SBUX,STARBUCKS,right,27,1830
SCCO,SOUTHERN COPPER CORP.,left,27,3162
SCHL,SCHOLASTIC CORP,left,26,1830
SCHN,SCHNITZER STEEL,left,26,1747
SCHW,SCHWAB (CHARLES) CORP,left,26,1996
SCI,SERVICE CORP INTL,right,25,4495
SCL,STEPAN CO,right,27,2496
SCS,STEELCASE INC,right,27,2330
SCSC,SCANSOURCE,left,26,1497
SCU,SCULPTOR CAPITAL MANAGEMENT INC (A),left,26,2579
SCVL,SHOE CARNIVAL,right,26,1497
SCWX,SECUREWORKS,left,26,3162
SD,SANDRIDGE ENERGY,left,25,4661
SDGR,SCHRODINGER,left,26,1913
SEAS,SEAWORLD ENTERTAINMENT,left,26,3079
SEAT,VIVID SEATS INC (A),left,31,2996
SEB,SEABOARD,left,26,2662
SEE,SEALED AIR,left,26,2912
SEER,SEER,right,25,3162
SEIC,SEI INVEST CO,right,25,3246
SEM,SELECT MEDICAL HOLDINGS,right,25,3411
SENEA,SENECA FOOD A,right,25,3912
SENS,SENSEONICS HOLDINGS,right,25,4078
SF,STIFEL FIN CORP,left,27,3329
SFBS,SERVISFIRST BANCSHARES,right,25,4744
SFIX,STITCH FIX CLASS A,left,27,3411
SFL,SFL CORPORATION LTD,right,25,4828
SFM,SPROUTS FARMERS MARKET,right,26,4828
SFNC,SIMMONS FIRST NATIONAL CORP - CL A,right,26,2996
SFST,SOUTHERN FIRST BANCSHARES,left,27,3246
SG,SWEETGREEN,left,28,2163
SGC,SUPERIOR GROUP OF COMPANIES,left,28,1663
SGEN,SEAGEN INC,left,26,2829
SGFY,SIGNIFY HEALTH,right,26,2413
SGH,SMART GLOBAL HOLDINGS,left,26,5161
SGHT,SIGHT SCIENCES,right,26,2163
SGMO,SANGAMO THERAPEUTICS,left,25,4911
SGRY,SURGERY PARTNERS,left,28,1830
SHAK,SHAKE SHACK,right,25,4911
SHBI,SHORE BANCSHARES INC,right,26,1580
SHC,SOTERA HEALTH,left,27,2829
SHCR,SHARECARE INC,right,25,4994
SHEN,SHENANDOAH TELECOMS,right,25,5078
SHLS,SHOALS TECHNOLOGIES GROUP,right,26,1330
SHO,SUNSTONE HOTEL INVESTORS,left,28,1497
SHOO,STEVEN MADDEN,right,27,3079
SHW,SHERWIN-WILLIAMS,right,25,5161
SHYF,THE SHYFT GROUP INC,left,28,4162
SI,SILVERGATE CAPITAL,right,26,2912
SIBN,SI-BONE,right,26,1830
SIG,SIGNET JEWELERS,right,26,2330
SIGA,SIGA TECH INC,right,26,2080
SIGI,SELECTIVE INSURANCE GROUP,right,25,3495
SILK,SILK ROAD MEDICAL,right,26,2662
SIRI,SIRIUS XM HOLDINGS,left,26,3579
SITC,SITE CENTERS,left,26,3745
SITE,SITEONE LANDSCAPE SUPPLY,left,26,3828
SITM,SITIME,left,26,3912
SIVB,SVB FINANCIAL GROUP,left,28,2080
SIX,SIX FLAGS ENTERTAINMENT CORP.,left,26,4078
SJI,SOUTH JERSEY IND,left,27,2912
SJM,J M SMUCKER,left,16,4828
SJW,SJW GROUP,left,26,4162
SKIL,SKILLSOFT CORP (A),left,26,4328
SKIN,BEAUTY HEALTH CO,right,4,4744
SKLZ,SKILLZ INC (A),left,26,4411
SKT,TANGER FACTORY OUTLET CENTER,right,27,3495
SKX,SKECHERS USA CL A,left,26,4245
SKY,SKYLINE CHAMPION CORPORATION,left,26,4495
SKYT,SKYWATER TECHNOLOGY,left,26,4578
SKYW,SKYWEST INC,left,26,4661
SLAB,SILICON LABS,right,26,2579
SLB,SCHLUMBERGER,left,26,1580
SLCA,US SILICA HOLDINGS,right,29,4245
SLDP,SOLID POWER INC (A),left,27,2163
SLG,SL GREEN REALTY,left,26,4828
SLGC,SOMALOGIC INC (A),left,27,2330
SLGN,SILGAN HLDG INC,right,26,2496
SLM,SLM CORP,left,26,4994
SLP,SIMULATIONS PLUS,left,26,3329
SLQT,SELECTQUOTE,right,25,3579
SLVM,SYLVAMO,left,28,2413
SM,SM ENERGY,left,26,5078
SMAR,SMARTSHEET,left,27,1414
SMBC,STHN MISSOURI,right,27,3246
SMBK,SMARTFINANCIAL INC,left,27,1243
SMCI,SUPER MICRO COMPUTER,left,28,1580
SMFR,SEMA4 HOLDINGS CORP (A),right,25,3662
SMG,SCOTTS MIRACLE-GRO,left,26,2413
SMMF,SUMMIT FINANCIAL GROUP,left,27,4495
SMP,STD MOTOR PRODS,right,27,2163
SMPL,SIMPLY GOOD FOODS,right,26,3162
SMR,NUSCALE POWER CORPORATION (A),right,21,2746
SMRT,SMARTRENT INC,left,27,1330
SMTC,SEMTECH CORP,right,25,3828
SNA,SNAP-ON INC,left,27,1747
SNBR,SLEEP NUMBER,left,26,4911
SNCE,SCIENCE 37 HOLDINGS INC,left,26,2163
SNCY,SUN COUNTRY AIRLINES HOLDINGS,left,27,4911
SNDR,SCHNEIDER NATIONAL CL B,left,26,1663
SNDX,SYNDAX PHARMACEUTICALS,left,28,2662
SNEX,STONEX GROUP INC,left,27,3912
SNOW,SNOWFLAKE,left,27,1830
SNPO,SNAP ONE HOLDINGS,left,27,1663
SNPS,SYNOPSYS INC,left,28,2829
SNV,SYNOVUS FINANCIAL CORP,left,28,2912
SNX,TD SYNNEX CORP,right,27,4245
SO,SOUTHERN CO,left,27,3079
SOFI,SOFI TECHNOLOGIES INC,left,27,1913
SOI,SOLARIS OILFIELD INFRASTRUCTURE,left,27,1996
SON,SONOCO PRODUCTS,left,27,2579
SOND,SONDER HOLDINGS INC,left,27,2413
SONO,SONOS INC,left,27,2662
SOVO,SOVOS BRANDS,right,26,3662
SP,SP PLUS,right,26,3745
SPB,SPECTRUM BRANDS HOLDINGS,right,26,3912
SPCE,VIRGIN GALACTIC HOLDINGS (A),left,31,1996
SPFI,SOUTH PLAINS FINANCIAL,left,27,2996
SPG,SIMON PROPERTY GROUP,right,26,3079
SPGI,S&P GLOBAL,left,25,3495
SPIR,SPIRE GLOBAL INC (A),right,26,3995
SPLK,SPLUNK,right,26,4411
SPNE,SEASPINE HOLDINGS CORP.,left,26,2996
SPNS,SAPIENS INTERNATIONAL CORP,left,25,5078
SPNT,SIRIUSPOINT LTD,left,26,3662
SPOT,SPOTIFY TECHNOLOGY SA,right,26,4578
SPR,SPIRIT AEROSYSTEMS HOLDINGS INC. CL A,right,26,4162
SPSC,SPS COMMERCE,right,26,4911
SPT,SPROUT SOCIAL,right,26,4744
SPTN,SPARTANNASH,right,26,3828
SPWH,SPORTMANS WAREHOUSE HOLDINGS,right,26,4495
SPWR,SUNPOWER CORPORATION,left,28,1330
SPXC,SPX CORP,right,26,4994
SQ,BLOCK INC (A),left,5,4828
SQSP,SQUARESPACE,right,26,5078
SR,SPIRE INC.,right,26,4078
SRC,SPIRIT REALTY CAPITAL,right,26,4328
SRCE,1ST SOURCE,left,1,1480
SRCL,STERICYCLE INC,right,27,2662
SRDX,SURMODICS INC,left,28,1913
SRE,SEMPRA,right,25,3745
SRG,SERITAGE GROWTH PROPERTIES,right,25,4411
SRI,STONERIDGE,left,27,3828
SRNE,SORRENTO THERAPEUTICS INC,left,27,2746
SRPT,SAREPTA THERAPEUTICS,left,26,1243
SRRA,SIERRA ONCOLOGY,right,26,1996
SSB,SOUTHSTATE CORP,right,26,3329
SSD,SIMPSON MANUFACTURING,left,26,3246
SSNC,SS&C TECHNOLOGIES HOLDINGS,right,26,5161
SSP,SCRIPPS (E.W) CLASS A,left,26,2496
SSRM,SSR MINING,right,27,1243
SSTI,SHOTSPOTTER,right,26,1663
SSTK,SHUTTERSTOCK INC,right,26,1747
ST,SENSATA TECHNOLOGIES HOLDING PLC,right,25,3995
STAA,STAAR SURGICAL,right,27,1414
STAG,STAG INDUSTRIAL,right,27,1497
STAR,ISTAR INC.,left,16,4328
STBA,S&T BANCORP,left,25,3579
STC,STEWART INFO,right,27,3162
STE,STERIS PLC,right,27,2746
STEM,STEM INC (A),right,27,2413
STEP,STEPSTONE GROUP,right,27,2579
STER,STERLING CHECK,right,27,2912
STGW,STAGWELL INC,right,27,1580
STKL,SUNOPTA INC.,left,28,1243
STKS,ONE GROUP HOSPITALITY,left,22,2246
STLD,STEEL DYNAMICS,right,27,2246
STNE,STONECO,left,27,3662
STNG,SCORPIO TANKERS,left,26,2330
STOK,STOKE THERAPEUTICS,left,27,3579
STON,STONEMOR INC,left,27,3745
STOR,STORE CAPITAL REIT,left,27,3995
STR,SITIO ROYALTIES CORP (A),left,26,3995
STRA,STRATEGIC EDUCATION,left,27,4078
STRC,SARCOS TECHNOLOGY AND ROBOTICS CORP (A),left,25,5161
STRL,STERLING INFRASTRUCTURE INC,right,27,2996
STRO,SUTRO BIOPHARMA,left,28,1996
STRS,STRATUS PROPERTIES INC,left,27,4162
STRY,STARRY GROUP HOLDINGS INC (A),right,27,1913
STT,STATE STREET CORP.,right,27,2080
STWD,STARWOOD PROPERTY TRUST INC.,right,27,1996
STZ,CONSTELLATION BRANDS A,right,8,2330
SUI,SUN COMMUNITIES,left,27,4828
SUM,SUMMIT MATERIALS,left,27,4661
SUMO,SUMO LOGIC,left,27,4744
SUNL,SUNLIGHT FINANCIAL HOLDINGS INC (A),left,27,5078
SUPN,SUPERNUS PHARMACEUTICALS,left,28,1747
SVC,SERVICE PROPERTIES TRUST,right,25,4578
SWAV,SHOCKWAVE MEDICAL,right,26,1414
SWBI,SMITH AND WESSON BRANDS INC,left,27,1580
SWCH,SWITCH,left,28,2246
SWI,SOLARWINDS,left,27,2080
SWIM,LATHAM GROUP,left,18,1414
SWK,STANLEY BLACK & DECKER,right,27,1747
SWKH,SWK HOLDINGS,left,28,2330
SWKS,SKYWORKS SOLUTIONS INC,left,26,4744
SWM,SCHWEITZER-MAUDUIT INTL,left,26,2080
SWN,SOUTHWESTERN ENERGY,right,26,3579
SWTX,SPRINGWORKS THERAPEUTICS,right,26,4661
SWX,SOUTHWEST GAS HOLDINGS,right,26,3495
SXC,SUNCOKE ENERGY,left,27,4994
SXI,STANDEX INTL,right,27,1663
SXT,SENSIENT TECH,right,25,4162
SYBT,STOCK YARDS BANCORP,left,27,3495
SYF,SYNCHRONY FINANCIAL,left,28,2579
SYK,STRYKER,left,27,4328
SYNA,SYNAPTICS,left,28,2496
SYNH,SYNEOS HEALTH,left,28,2746
SYY,SYSCO CORP,left,28,2996
T,AT&T,left,4,1497
TA,TRAVELCENTERS OF AMERICA INC,right,28,3828
TALO,TALOS ENERGY,right,27,3329
TALS,TALARIS THERAPEUTICS,left,28,3246
TAP,MOLSON COORS BEVERAGE COMPANY,right,19,2829
TARS,TARSUS PHARMACEUTICALS,right,27,3995
TBBK,THE BANCORP,left,28,3411
TBI,TRUEBLUE,right,29,1580
TBK,TRIUMPH BANCORP,right,29,1330
TBPH,THERAVANCE BIOPHARMA,left,28,4411
TCBI,TEXAS CAPITAL BANCSHARES,right,28,2662
TCBK,TRICO BANCSHARES,right,28,4661
TCBX,THIRD COAST BANCSHARES,left,28,4744
TCDA,TRICIDA,right,28,4578
TCI,TRANSCONTINENTAL REALTY INVESTORS INC,left,29,3411
TCMD,TACTILE SYSTEMS TECHNOLOGY,left,28,3079
TCS,THE CONTAINER STORE GROUP,left,28,3579
TCX,TUCOWS,right,29,2246
TDC,TERADATA,right,28,1830
TDG,TRANSDIGM,right,28,3411
TDOC,TELADOC HEALTH,right,27,4744
TDS,TELEPHONE & DATA SYSTEMS,right,27,4994
TDUP,THREDUP,left,28,5078
TDW,TIDEWATER INC,left,29,1243
TDY,TELEDYNE TECH,right,27,4828
TEAM,ATLASSIAN,left,4,2413
TECH,BIO-TECHNE,left,5,3411
TELL,TELLURIAN,right,27,5078
TEN,TENNECO,right,28,1663
TENB,TENABLE HOLDINGS,right,28,1330
TER,TERADYNE,right,28,1913
TEX,TEREX CORP,right,28,2080
TFC,TRUIST FINANCIAL CORPORATION,right,29,1747
TFSL,TFS FINANCIAL,right,28,3162
TFX,TELEFLEX INC,right,27,4911
TG,TREDEGAR CORP,right,28,4245
TGAN,TRANSPHORM,right,28,3579
TGH,TEXTAINER GROUP HOLDINGS LTD.,right,28,2996
TGI,TRIUMPH GROUP,right,29,1414
TGNA,TEGNA,right,27,4578
TGT,TARGET CORP,right,27,3828
TGTX,TG THERAPEUTICS INC,right,28,3246
TH,TARGET HOSPITALITY CORP (A),right,27,3912
THC,TENET HEALTHCARE,right,28,1497
THFF,FIRST FINL CORP,left,12,3495
THG,HANOVER INSURANCE GP,left,14,2829
THO,THOR INDUSTRIES,left,28,4828
THR,THERMON GROUP HOLDINGS,left,28,4578
THRM,GENTHERM,left,13,3912
THRN,THORNE HEALTHTECH,left,28,4911
THRX,THESEUS PHARMACEUTICALS,left,28,4661
THRY,THRYV HOLDINGS,left,28,5161
THS,TREEHOUSE FOODS,right,28,4328
TIG,TREAN INSURANCE GROUP,right,28,4162
TIL,INSTIL BIO,right,15,4578
TILE,INTERFACE,right,16,1747
TIPT,TIPTREE INC,left,29,1663
TITN,TITAN MACHINERY,left,29,1830
TJX,TJX COMPANIES,left,29,1996
TK,TEEKAY,right,27,4411
TKNO,ALPHA TEKNOVA,left,2,4328
TKR,TIMKEN CO,left,29,1497
TLS,TELOS,right,27,5161
TLYS,TILLYS,left,29,1414
TMCI,TREACE MEDICAL CONCEPTS,right,28,4078
TMDX,TRANSMEDICS GROUP,right,28,3495
TMHC,TAYLOR MORRISON HOME II CORPORATION,right,27,4162
TMO,THERMO FISHER SCIENTIFIC,left,28,4495
TMP,TOMPKINS FINANCIAL,left,29,2330
TMST,TIMKENSTEEL CORP,left,29,1580
TMUS,T-MOBILE US INC.,left,29,2080
TMX,TERMINIX GLOBAL HOLDINGS INC,right,28,2163
TNC,TENNANT CO,right,28,1580
TNDM,TANDEM DIABETES CARE,right,27,3411
TNET,TRINET GROUP,right,28,4911
TNGX,TANGO THERAPEUTICS INC,right,27,3579
TNK,TEEKAY TANKERS,right,27,4495
TNL,TRAVEL PLUS LEISURE CO,right,28,3745
TNON,TENON MEDICAL INC,right,28,1747
TNYA,TENAYA THERAPEUTICS,right,28,1414
TOI,THE ONCOLOGY INSTITUTE INC (A),left,28,3995
TOL,TOLL BROTHERS,left,29,2246
TOST,TOAST,left,29,2163
TOWN,TOWNE BANK,left,29,2746
TPB,TURNING POINT BRANDS,right,29,2413
TPC,TUTOR PERINI,right,29,2746
TPH,TRI POINTE HOMES INC,right,28,4495
TPIC,TPI COMPOSITES,left,29,2912
TPL,TEXAS PACIFIC LAND CORPORATION,right,28,2829
TPR,TAPESTRY,right,27,3662
TPTX,TURNING POINT THERAPEUTICS,right,29,2496
TPX,TEMPUR SEALY INTERNATIONAL,right,28,1243
TR,TOOTSIE ROLL IND,left,29,2413
TRC,TEJON RANCH,right,27,4661
TREE,LENDINGTREE,right,17,2662
TREX,TREX COMPANY,right,28,4411
TRGP,TARGA RESOURCES CORP.,right,27,3745
TRIP,TRIPADVISOR,right,28,5161
TRMB,TRIMBLE,right,28,4828
TRMK,TRUSTMARK CORP,right,29,1996
TRN,TRINITY INDS,right,28,4994
TRNO,TERRENO REALTY,right,28,2330
TRNS,TRANSCAT,left,29,3329
TROW,PRICE (T. ROWE) GROUP,left,23,4911
TROX,TRONOX HOLDINGS PLC,right,29,1497
TRS,TRIMAS CORP.,right,28,4744
TRST,TRUSTCO BANK,right,29,1913
TRTN,TRITON INTERNATIONAL,right,29,1243
TRTX,TPG RE FINANCE TRUST,left,29,2829
TRU,TRANSUNION,right,28,3662
TRUE,TRUECAR,right,29,1663
TRUP,TRUPANION,right,29,1830
TRV,TRAVELERS COS INC.,right,28,3912
TSCO,TRACTOR SUPPLY,left,29,2996
TSE,TRINSEO PLC,right,28,5078
TSLA,TESLA,right,28,2413
TSN,TYSON FOODS INC A,right,29,3329
TSP,TUSIMPLE HOLDINGS,right,29,2662
TSVT,2SEVENTY BIO,left,1,1812
TT,TRANE TECHNOLOGIES PLC,left,29,3246
TTC,TORO CO,left,29,2579
TTCF,TATTOOED CHEF INC (A),right,27,4078
TTD,THE TRADE DESK,left,28,4245
TTEC,TTEC HOLDINGS,right,29,2080
TTEK,TETRA TECH INC,right,28,2496
TTGT,TECHTARGET INC.,right,27,4328
TTI,TETRA TECHNOLOGIES,right,28,2579
TTMI,TTM TECHNOLOGIES,right,29,2163
TTSH,TILE SHOP HOLDINGS,left,29,1330
TTWO,TAKE-TWO INTERACTIVE SOFTWARE,left,28,3162
TUP,TUPPERWARE BRANDS CORP.,right,29,2330
TVTX,TRAVERE THERAPEUTICS INC,right,28,3995
TVTY,TIVITY HEALTH,left,29,1913
TW,TRADEWEB MARKETS,left,29,3079
TWI,TITAN INTL,left,29,1747
TWKS,THOUGHTWORKS HOLDING,left,28,4994
TWLO,TWILIO,right,29,2829
TWNK,HOSTESS BRANDS,right,15,1580
TWO,TWO HARBORS INVESTMENT,right,29,3079
TWOU,2U,left,1,1896
TWST,TWIST BIOSCIENCE,right,29,2912
TWTR,TWITTER,right,29,2996
TXG,10X GENOMICS,left,1,1226
TXN,TEXAS INSTRUMENTS,right,28,2746
TXRH,TEXAS ROADHOUSE,right,28,2912
TXT,TEXTRON,right,28,3079
TYL,TYLER TECHNOLOGIES,right,29,3162
TYRA,TYRA BIOSCIENCES,right,29,3246
U,UNITY SOFTWARE,left,30,2246
UA,UNDER ARMOUR CLASS C,left,29,4828
UAA,UNDER ARMOUR CLASS A,left,29,4744
UAL,UNITED AIRLINES HOLDINGS INC,left,30,1243
UBA,URSTADT BIDDLE PPTYS,right,29,3912
UBER,UBER TECHNOLOGIES,left,29,3579
UBSI,UTD BANKSHARES,right,29,4661
UCBI,UNITED COMMUNITY BANKS INC,left,30,1330
UCTT,ULTRA CLEAN HOLDINGS,left,29,4328
UDMY,UDEMY,left,29,3745
UDR,UDR,left,29,3828
UE,URBAN EDGE PROPERTIES,right,29,3579
UEC,URANIUM ENERGY CORP,right,29,3495
UEIC,UNIVERSAL ELECTRONICS,left,30,2579
UFCS,UNITED FIRE GROUP,left,30,1414
UFI,UNIFI INC,left,29,4911
UFPI,UFP INDUSTRIES INC,left,29,3912
UFPT,UFP TECHNOLOGIES,left,29,3995
UGI,UGI CORP HLDS,left,29,4078
UHAL,AMERCO,right,2,2413
UHS,UNIVERSAL HEALTH SERVICES B,left,30,2746
UHT,UNIVERSAL HEALTH RLTY INCOME,left,30,2662
UI,UBIQUITI,left,29,3662
UIS,UNISYS CORP,left,29,5161
ULCC,FRONTIER GROUP HOLDINGS,right,12,4661
ULH,UNIVERSAL LOGISTICS HOLDINGS INC.,left,30,2912
ULTA,ULTA BEAUTY,left,29,4245
UMBF,UMB FINL CO,left,29,4495
UMH,UMH PROPERTIES,left,29,4578
UMPQ,UMPQUA HLDGS CP,left,29,4661
UNF,UNIFIRST CORP,left,29,4994
UNFI,UNITED NATURAL FOODS,left,30,1497
UNH,UNITEDHEALTH GROUP,left,30,1913
UNIT,UNITI GROUP,left,30,1996
UNM,UNUM GROUP,left,30,3162
UNP,UNION PACIFIC CORP,left,29,5078
UNTY,UNITY BANCORP,left,30,2163
UNVR,UNIVAR SOLUTIONS INC,left,30,2330
UONE,URBAN ONE,right,29,3662
UONEK,URBAN ONE INC CL D,right,29,3745
UP,WHEELS UP EXPERIENCE INC,left,31,3745
UPLD,UPLAND SOFTWARE,left,30,3246
UPS,UNITED PARCEL SERVICE,left,30,1580
UPST,UPSTART HOLDINGS,left,30,3329
UPWK,UPWORK,left,30,3411
URBN,URBAN OUTFITTERS,right,29,3828
URG,UR-ENERGY INC.,left,30,3495
URI,UNITED RENTALS,left,30,1663
USB,US BANCORP,right,29,3995
USCB,USCB FINANCIAL HOLDINGS INC (A),right,29,4411
USER,USERTESTING,right,29,4495
USFD,US FOODS HOLDING,right,29,4078
USLM,U.S. LIME & MINERALS,left,29,3495
USM,U.S. CELLULAR CP,right,29,3411
USNA,USANA HEALTH SCIENCES,right,29,4328
USPH,US PHYSICAL THERAPY INC,right,29,4162
UTHR,UNITED THERAPEUTICS,left,30,1830
UTI,UNIVERSAL TECHNICAL INSTITUTE,left,30,2996
UTL,UNITIL CORP,left,30,2080
UTMD,UTAH MEDICAL PRODUCTS INC,right,29,4578
UTZ,UTZ BRANDS INC (A),right,29,4744
UUUU,ENERGY FUELS INC,right,10,4994
UVE,UNIVERSAL HLDGS,left,30,2829
UVSP,UNIVEST FINANCIAL CORPORATION,left,30,3079
UVV,UNIVERSAL CORP,left,30,2413
UWMC,UWM HOLDINGS CORPORATION (A),right,29,4828
V,VISA,left,31,2330
VAC,MARRIOTT VACATIONS WORLDWIDE,right,18,3411
VAL,VALARIS,right,29,5161
VALU,VALUE LINE INC,right,30,1580
VBIV,VBI VACCINES,right,30,2163
VBTX,VERITEX HOLDINGS INC,left,30,3579
VC,VISTEON CORP.,left,31,2746
VCEL,VERICEL,right,30,3162
VCSA,VACASA INC (A),right,29,4994
VCTR,VICTORY CAPITAL HOLDINGS CLASS A,left,31,1330
VCYT,VERACYTE INC,right,30,3079
VEC,VECTRUS,right,30,2330
VECO,VEECO INSTR INC,right,30,2413
VEEV,VEEVA SYSTEMS,right,30,2496
VEL,VELOCITY FINANCIAL INC,right,30,2662
VERA,VERA THERAPEUTICS,right,30,2996
VERI,VERITONE INC,left,30,3745
VERU,VERU,left,30,4245
VERV,VERVE THERAPEUTICS,left,30,4328
VFC,VF CORP,left,30,4411
VG,VONAGE HOLDINGS,left,31,3411
VGR,VECTOR GP LTD,right,30,2246
VHI,VALHI INC,right,30,1330
VIA,VIA RENEWABLE INC,left,30,4495
VIAV,VIAVI SOLUTIONS,left,30,4911
VICI,VICI PROPERTIES,left,30,5078
VICR,VICOR CORP,left,30,5161
VIEW,VIEW INC (A),left,31,1414
VIR,VIR BIOTECHNOLOGY,left,31,1913
VIRT,VIRTU FINANCIAL,left,31,2163
VITL,VITAL FARMS,left,31,2912
VIVO,MERIDIAN BIOSCIENCE,left,19,2829
VLD,VELO3D INC (A),right,30,2579
VLDR,VELODYNE LIDAR INC,right,30,2746
VLGEA,VILLAGE SUPER MARKET,left,31,1580
VLO,VALERO ENERGY,right,30,1243
VLTA,VOLTA INC (A),left,31,3329
VLY,VALLEY NATIONAL BANCORP,right,30,1414
VMC,VULCAN MATERIALS,right,30,3745
VMEO,VIMEO,left,31,1663
VMI,VALMONT INDS,right,30,1497
VMW,VMWARE INC.,left,31,3246
VNDA,VANDA PHARMACEUTICALS,right,30,1747
VNO,VORNADO REALTY,left,31,3579
VNT,VONTIER,left,31,3495
VOYA,VOYA FINANCIAL,right,30,3579
VPG,VISHAY PRECISION GROUP,left,31,2496
VRAY,VIEWRAY INC,left,31,1497
VRDN,VIRIDIAN THERAPEUTICS INC,left,31,2080
VRE,VERIS RESIDENTIAL INC,right,30,3329
VREX,VAREX IMAGING,right,30,1830
VRNS,VARONIS SYSTEMS,right,30,1913
VRNT,VERINT SYSTEMS,right,30,3246
VRRM,VERRA MOBILITY CORPORATION (A),left,30,3912
VRSK,VERISK ANALYTICS,right,30,3495
VRSN,VERISIGN INC,right,30,3411
VRT,VERTIV HOLDINGS CO (A),left,30,4162
VRTS,VIRTUS INVESTMENT PARTNERS INC.,left,31,2246
VRTV,VERITIV CORP.,left,30,3662
VRTX,VERTEX PHARM,left,30,4078
VSAT,VIASAT,left,30,4744
VSCO,VICTORIAS SECRET & CO,left,31,1243
VSEC,VSE CORP,right,30,3662
VSH,VISHAY INTERTECH,left,31,2413
VST,VISTRA CORP,left,31,2829
VSTO,VISTA OUTDOOR,left,31,2579
VTGN,VISTAGEN THERAPEUTICS,left,31,2662
VTNR,VERTEX ENERGY INC.,left,30,3995
VTOL,BRISTOW GROUP INC,right,5,4661
VTR,VENTAS INC,right,30,2829
VTRS,VIATRIS,left,30,4828
VTYX,VENTYX BIOSCIENCES,right,30,2912
VUZI,VUZIX CORP,right,30,3828
VVI,VIAD CORP,left,30,4578
VVNT,VIVINT SMART HOME INC (A),left,31,3079
VVV,VALVOLINE,right,30,1663
VWE,VINTAGE WINE ESTATES,left,31,1830
VXRT,VAXART,right,30,1996
VZ,VERIZON COMMUNICATIONS,left,30,3828
VZIO,VIZIO HOLDING,left,31,3162
W,WAYFAIR,right,31,1414
WAB,WABTEC,right,30,4162
WABC,WESTAMERICA BANCP,right,31,2912
WAFD,WASHINGTON FEDERAL,right,30,4744
WAL,WESTERN ALLIANCE BANCORP,right,31,2996
WASH,WASHINGTON TRUST BANCORP,right,30,4911
WAT,WATERS CORP,right,30,5078
WBA,WALGREENS BOOTS ALLIANCE,right,30,4245
WBD,WARNER BROS DISCOVERY INC,right,30,4578
WBS,WEBSTER FINANCIAL,right,31,1830
WBT,WELBILT,right,31,2163
WCC,WESCO INTERNATIONAL,right,31,2662
WD,WALKER & DUNLOP,right,30,4328
WDAY,WORKDAY,left,32,1663
WDC,WESTERN DIGITAL,right,31,3079
WDFC,WD-40 CO,right,31,1497
WE,WEWORK INC (A),right,31,3411
WEAV,WEAVE COMMUNICATIONS,right,31,1663
WEBR,WEBER,right,31,1747
WEC,WEC ENERGY GROUP,right,31,1913
WEJO,WEJO GROUP LIMITED (A),right,31,2080
WELL,WELLTOWER INC.,right,31,2330
WEN,WENDYS COMPANY,right,31,2413
WERN,WERNER ENTERPRISES,right,31,2496
WETF,WISDOMTREE INVESTMENTS,left,31,5161
WEX,WEX,right,31,3495
WEYS,WEYCO GRP INC,right,31,3579
WFC,WELLS FARGO & COMPANY,right,31,2246
WFRD,WEATHERFORD INTERNATIONAL,right,31,1580
WGO,WINNEBAGO INDS,left,31,4994
WH,WYNDHAM HOTELS & RESORTS,left,32,2413
WHD,CACTUS CLASS A,left,6,3579
WHR,WHIRLPOOL CORP,left,31,3828
WINA,WINMARK CORP,left,31,4911
WING,WINGSTOP,left,31,4828
WIRE,ENCORE WIRE,right,10,4744
WISH,CONTEXTLOGIC INC,right,8,2746
WIX,WIX.COM,left,32,1243
WK,WORKIVA,left,32,1830
WKHS,WORKHORSE GROUP,left,32,1747
WLDN,WILLDAN GROUP,left,31,4411
WLK,WESTLAKE CORPORATION,right,31,3246
WLL,WHITING PETROLEUM,left,31,4078
WLY,WILEY (JOHN) & SONS - CL A,left,31,4328
WM,WASTE MGMT INC,right,30,4994
WMB,WILLIAMS COS,left,31,4495
WMK,WEIS MARKETS,right,31,1996
WMS,ADVANCED DRAINAGE SYSTEMS,right,1,1979
WMT,WALMART,right,30,4411
WNC,WABASH NATIONAL,right,30,4078
WOLF,WOLFSPEED INC,left,32,1414
WOOF,PETCO HEALTH AND WELLNESS,right,22,3579
WOR,WORTHINGTON INDS,left,32,2080
WOW,WIDEOPENWEST,left,31,4245
WPC,W. P. CAREY INC.,right,30,3995
WRB,BERKLEY W R,left,5,1663
WRBY,WARBY PARKER,right,30,4495
WRE,WASHINGTON REAL ESTATE INV,right,30,4828
WRK,WESTROCK COMPANY,right,31,3329
WRLD,WORLD ACCEPTANCE,left,32,1913
WSBC,WESBANCO,right,31,2579
WSBF,WATERSTONE FINANCIAL,right,30,5161
WSC,WILLSCOT MOBILE MINI HOLDINGS CORP,left,31,4744
WSFS,WSFS FINANCIAL CORP,left,32,2163
WSM,WILLIAMS SONOMA,left,31,4578
WSO,WATSCO INC,right,31,1243
WSR,WHITESTONE REIT,left,31,3995
WST,WEST PHARM SVCS,right,31,2829
WTBA,WEST BANCORPORATION,right,31,2746
WTFC,WINTRUST FINANCIAL CORP,left,31,5078
WTI,W&T OFFSHORE,right,30,3912
WTM,WHITE MOUNTAINS INSURANCE,left,31,3912
WTRG,ESSENTIAL UTILITIES INC,left,11,5078
WTS,WATTS WATER TECHNOLOGIES,right,31,1330
WTTR,SELECT ENERGY SERVICES,right,25,3329
WTW,WILLIS TOWERS WATSON PLC,left,31,4661
WU,WESTERN UNION,right,31,3162
WULF,TERAWULF INC,right,28,1996
WW,WW INTERNATIONAL INC,left,32,2247
WWD,WOODWARD,left,32,1579
WWE,WWF ENTMNT,left,32,2330
WWW,WOLVERINE WORLD WIDE,left,32,1497
WY,WEYERHAEUSER,left,31,3662
WYNN,WYNN RESORTS,left,32,2496
X,UNITED STATES STEEL CORP,left,30,1747
XEL,XCEL ENERGY,left,32,2579
XERS,XERIS BIOPHARMA HOLDINGS INC,left,32,2830
XHR,XENIA HOTELS & RESORTS,left,32,2746
XMTR,XOMETRY,left,32,2996
XNCR,XENCOR,left,32,2663
XOM,EXXON MOBIL CORPORATION,right,11,3912
XOS,XOS INC (A),left,32,3079
XPEL,XPEL INC,left,32,3162
XPER,XPERI HOLDING CORPORATION,left,32,3246
XPO,XPO LOGISTICS,left,32,3329
XPOF,XPONENTIAL FITNESS,left,32,3412
XPRO,EXPRO GROUP HOLDINGS NV,right,11,3662
XRAY,DENTSPLY SIRONA,right,9,2496
XRX,XEROX HOLDINGS,left,32,2912
XXII,22ND CENTURY GROUP INC.,left,1,1646
XYL,XYLEM INC.,left,32,3495
Y,ALLEGHANY,left,2,2829
YELP,YELP,left,32,3579
YETI,YETI HOLDINGS,right,31,3662
YEXT,YEXT,right,31,3745
YMAB,Y-MABS THERAPEUTICS,left,32,3662
YORW,YORK WATER CO,right,31,3828
YOU,CLEAR SECURE INC,right,7,4578
YUM,YUM BRANDS,right,31,3912
Z,ZILLOW GROUP CL C,right,31,4495
ZBH,ZIMMER BIOMET HOLDINGS,right,31,4578
ZBRA,ZEBRA TECHNOLOGIES,right,31,3995
ZD,ZIFF DAVIS INC,right,31,4328
ZEN,ZENDESK,right,31,4078
ZETA,ZETA GLOBAL HOLDINGS,right,31,4245
ZEUS,OLYMPIC STEEL,left,22,1497
ZEV,LIGHTNING EMOTORS INC,right,17,4828
ZG,ZILLOW GROUP,right,31,4411
ZGN,ERMENEGILDO ZENGA N V (A),left,11,4411
ZI,ZOOMINFO TECHNOLOGIES,right,31,5078
ZIMV,ZIMVIE,right,31,4661
ZION,ZIONS BANCORPORATION N.A.,right,31,4744
ZIP,ZIPRECRUITER,right,31,4828
ZM,ZOOM VIDEO COMMUNICATIONS,right,31,4994
ZNTL,ZENTALIS PHARMACEUTICALS,right,31,4162
ZS,ZSCALER,right,31,5161
ZTS,ZOETIS,right,31,4911
ZUMZ,ZUMIEZ,right,32,1243
ZUO,ZUORA,right,32,1330
ZWS,ZURN WATER SOLUTIONS CORPORATION,right,32,1414
ZYXI,ZYNEX,right,32,1497
