symbol,company,side,page,row_top
A,AGILENT TECHNOLOGIES IN,left,1,4328
AA,ALCOA INC,left,2,1479
AACC,ASSET ACCEPTANCE CAPITA,left,3,3451
AAI,AIRTRAN HOLDINGS INC,left,1,4986
AAN,AARONS INC,left,1,4046
AAON,AAON INC,left,1,1321
AAP,ADVANCE AUTO PARTS INC,left,1,2918
AAPL,APPLE INC,left,3,3734
AATI,ADVANCED ANALOGIC TECH,left,1,3107
AAWW,ATLAS AIR WORLDWIDE HLD,left,3,4579
ABAT,ADVANCED BATTERY TECH,left,1,3012
ABAX,ABAXIS INC,left,1,4139
ABBC,ABINGTON BANCORP INC,left,1,4422
ABC,AMERISOURCEBERGEN CORP,left,2,4767
ABCB,AMERIS BANCORP,left,2,5049
ABCD,CAMBIUM LEARNING GRP IN,left,6,2512
ABCO,ADVISORY BOARD CO,left,1,3200
ABD,ACCO BRANDS CORP,left,1,1509
ABFS,ARKANSAS BEST CORP,left,3,1572
ABG,ASBURY AUTOMOTIVE GROUP,left,3,2888
ABII,ABRAXIS BIOSCIENCE INC,left,1,4797
ABK,AMBAC FINANCIAL GRP INC,left,2,4955
ABM,ABM INDUSTRIES INC,left,1,1697
ABMD,ABIOMED INC,left,1,4515
ABT,ABBOTT LABORATORIES,left,1,4234
ABVT,ABOVENET INC,left,1,4610
ACAP,AMERICAN PHYSICIANS CAP,left,2,3076
ACAS,AMERICAN CAPITAL LTD,left,2,1479
ACAT,ARCTIC CAT INC,left,3,5143
ACC,AMERICAN CAMPUS COMMUN,left,2,1291
ACCL,ACCELRYS INC,left,1,5079
ACE,ACE LTD,left,32,1291
ACET,ACETO CORP,left,1,1509
ACF,AMERICREDIT CORP,left,2,4203
ACGL,ARCH CAP GROUP LTD,left,31,5049
ACI,ARCH COAL INC,left,3,4767
ACIW,ACI WORLDWIDE INC,left,1,1603
ACL,ALCON INC,left,32,1385
ACLI,AMERICAN COMMERCIAL LIN,left,2,1572
ACLS,AXCELIS TECHNOLOGIES IN,left,4,2324
ACM,AECOM TECHNOLOGY CORP D,left,1,3294
ACN,ACCENTURE PLC,left,31,1196
ACO,AMCOL INTERNATIONAL COR,left,2,5143
ACOM,ANCESTRY.COM INC,left,3,1948
ACOR,ACORDA THERAPEUTICS INC,left,1,1791
ACTG,ACACIA RESEARCH CORP,left,1,4891
ACTL,ACTEL CORP,left,1,1884
ACTU,ACTUATE CORP,left,1,2073
ACUR,ACURA PHARMACEUTICALS,left,1,2355
ACV,ALBERTO CULVER CO,left,2,1385
ACXM,ACXIOM CORP,left,1,2449
ADBE,ADOBE SYSTEMS INC,left,1,2636
ADC,AGREE REALTY CORP,left,1,4515
ADCT,ADC TELECOMMUNICATIONS,left,1,1603
ADGE,AMERICAN DG ENERGY INC,left,2,1761
ADI,ANALOG DEVICES INC,left,3,1667
ADM,ARCHER DANIELS MIDLAND,left,3,4861
ADP,AUTOMATIC DATA PROCESS,left,4,915
ADPI,AMERICAN DENTAL PARTNER,left,2,1667
ADPT,ADPT CORPORATION,left,1,1791
ADS,ALLIANCE DATA SYSTEMS,left,2,2982
ADSK,AUTODESK INC,left,4,727
ADTN,ADTRAN INC,left,1,2731
ADVS,ADVENT SOFTWARE INC,left,1,3670
AEA,ADVANCE AMERICA CASH AD,left,1,2824
AEC,ASSOCIATED ESTATES RLTY,left,3,3734
AEE,AMEREN CORP,left,2,915
AEIS,ADVANCED ENERGY INDS IN,left,1,3576
AEL,AMERICAN EQUITY INVST,left,2,2043
AEO,AMERICAN EAGLE OUTFITTE,left,2,1948
AEP,AMERICAN ELECTRIC POWER,left,2,1854
AEPI,AEP INDUSTRIES INC,left,1,1884
AERG,APPLIED ENERGETICS INC,left,3,3827
AES,AES CORP,left,1,2449
AET,AETNA INC,left,1,3858
AEZ,AMERICAN OIL & GAS INC,left,2,2888
AF,ASTORIA FINANCIAL CORP,left,3,4109
AFAM,ALMOST FAMILY INC,left,2,4109
AFCE,AFC ENTERPRISES INC,left,1,1979
AFFX,AFFYMETRIX INC,left,1,4139
AFFY,AFFYMAX INC,left,1,4046
AFG,AMERICAN FINANCIAL GROU,left,2,2230
AFL,AFLAC INC,left,1,2073
AFP,UNITED CAPITAL CORP,left,29,2982
AFSI,AMTRUST FINL SVCS,left,3,1385
AGAM,AGA MEDICAL HOLDINGS IN,left,1,4234
AGCO,AGCO CORP,left,1,2167
AGII,ARGO GROUP INTL,left,31,5143
AGL,AGL RESOURCES INC,left,1,2260
AGM,FEDERAL AGRIC MTG CO,left,11,1009
AGN,ALLERGAN INC,left,2,2794
AGNC,AMERICAN CAPITAL AGENCY,left,2,1385
AGO,ASSURED GUARANTY LTD,left,31,915
AGP,AMERIGROUP CORP,left,2,4861
AGX,ARGAN INC,left,3,1103
AGYS,AGILYSYS INC,left,1,4422
AH,ACCRETIVE HEALTH INC,left,1,1321
AHC,A H BELO CORP,left,1,2355
AHCI,ALLIED HEALTHCARE INTL,left,2,3546
AHL,ASPEN INSURANCE HOLDING,left,31,821
AHS,AMN HEALTHCARE SERVICES,left,1,2824
AHT,ASHFORD HOSPITALITY,left,3,3076
AI,ARLINGTON ASSET INVT,left,3,1667
AIG,AMERICAN INTL GROUP,left,2,2419
AIMC,ALTRA HOLDINGS INC,left,2,4674
AIN,ALBANY INTERNATIONAL,left,2,1103
AINV,APOLLO INVESTMENT CORP,left,3,3546
AIPC,AMERICAN ITALIAN PASTA,left,2,2512
AIQ,ALLIANCE HEALTHCARE SVC,left,2,3076
AIR,AAR CORP,left,1,1415
AIRM,AIR METHODS CORP,left,1,4610
AIS,ANTARES PHARMA INC,left,3,2606
AIT,APPLIED INDUSTRIAL TECH,left,3,3922
AIV,APARTMENT INVT & MGMT,left,3,3264
AIZ,ASSURANT INC,left,3,3827
AJG,GALLAGHER ARTHUR J & CO,left,12,1385
AKAM,AKAMAI TECHNOLOGIES,left,1,5079
AKR,ACADIA REALTY TRUST,left,1,4986
AKRX,AKORN INC,left,2,727
AKS,AK STEEL HOLDING CORP,left,1,2542
ALB,ALBEMARLE CORP,left,2,1291
ALC,ASSISTED LIVING CONCPT,left,3,3546
ALCO,ALICO INC,left,2,2043
ALE,ALLETE INC,left,2,2888
ALEX,ALEXANDER & BALDWIN INC,left,2,1572
ALG,ALAMO GROUP INC,left,2,821
ALGN,ALIGN TECHNOLOGY INC,left,2,2136
ALGT,ALLEGIANT TRAVEL CO,left,2,2700
ALIM,ALIMERA SCIENCES INC,left,2,2230
ALJ,ALON USA ENERGY INC,left,2,4298
ALK,ALASKA AIR GROUP INC,left,2,915
ALKS,ALKERMES INC,left,2,2324
ALL,ALLSTATE CORP,left,2,4016
ALNC,ALLIANCE FINANCIAL CORP,left,2,3451
ALNY,ALNYLAM PHARMACEUTICALS,left,2,4203
ALOG,ANALOGIC CORP,left,3,1761
ALSK,ALASKA COMMUNICATIONS,left,2,1009
ALTE,ALTERRA CAPITAL HOLDING,left,31,4767
ALTH,ALLOS THERAPEUTICS INC,left,2,3827
ALTR,ALTERA CORP,left,2,4579
ALV,AUTOLIV INC,left,4,821
ALX,ALEXANDERS INC,left,2,1667
ALXA,ALEXZA PHARMACEUTICALS,left,2,1948
ALXN,ALEXION PHARMACEUTICALS,left,2,1854
ALY,ALLIS CHALMERS ENERGY,left,2,3734
AM,AMERICAN GREETINGS,left,2,2324
AMAG,AMAG PHARMACEUTICALS IN,left,1,2731
AMAT,APPLIED MATLS INC,left,3,4016
AMB,AMB PROPERTY CORP,left,1,2636
AMCC,APPLIED MICRO CIRCUITS,left,3,4109
AMD,ADVANCED MICRO DEVICES,left,1,3482
AME,AMETEK INC,left,3,727
AMED,AMEDISYS INC,left,2,727
AMG,AFFILIATED MANAGERS GRP,left,1,3952
AMGN,AMGEN INC,left,3,821
AMKR,AMKOR TECHNOLOGY INC,left,3,915
AMLN,AMYLIN PHARMACEUTICALS,left,3,1291
AMMD,AMERICAN MEDICAL SYSTEM,left,2,2606
AMN,AMERON INTERNATIONAL IN,left,2,4579
AMNB,AMERICAN NATL BANKSHARE,left,2,2700
AMP,AMERIPRISE FINANCIAL IN,left,2,4955
AMPH,AMERICAN PHYSICIANS,left,2,2982
AMR,AMR CORP,left,1,2918
AMRI,ALBANY MOLECULAR RESRCH,left,2,1196
AMSC,AMERICAN SUPERCONDUCTOR,left,2,3827
AMSF,AMERISAFE INC,left,2,4674
AMSG,AMSURG CORP,left,3,1196
AMSWA,AMERICAN SOFTWARE INC,left,2,3546
AMT,AMERICAN TOWER CORP,left,2,3734
AMTD,TD AMERITRADE HOLDING,left,27,821
AMWD,AMERICAN WOODMARK CORP,left,2,4109
AMZN,AMAZON COM INC,left,2,4861
AN,AUTONATION INC,left,4,1009
ANAD,ANADIGICS INC,left,3,1572
ANAT,AMERICAN NATIONAL INS C,left,2,2794
ANDE,ANDERSONS INC,left,3,2043
ANEN,ANAREN INC,left,3,1854
ANF,ABERCROMBIE & FITCH,left,1,4328
ANGO,ANGIODYNAMICS INC,left,3,2136
ANH,ANWORTH MORTGAGE ASSET,left,3,2794
ANN,ANNTAYLOR STORES CORP,left,3,2419
ANR,ALPHA NATURAL RESOURCES,left,2,4391
ANSS,ANSYS INC,left,3,2512
ANTH,ANTHERA PHARMACEUTICALS,left,3,2700
ANV,ALLIED NEVADA GOLD CORP,left,2,3640
AOI,ALLIANCE ONE INTL INC,left,2,3170
AOL,AOL INC,left,1,3012
AON,AON CORP,left,3,2888
AONE,A123 SYSTEMS INC,left,3,2982
AOS,SMITH A O CORP,left,26,1291
AOSL,ALPHA & OMEGA SEMICON,left,31,3640
AP,AMPCO-PITTSBURGH CORP,left,3,1009
APA,APACHE CORP,left,3,3170
APAC,APAC CUSTOMER SERVICES,left,1,3107
APAGF,APCO OIL & GAS INTL INC,left,31,727
APC,ANADARKO PETROLEUM CORP,left,3,1479
APD,AIR PRODS & CHEMS INC,left,1,4704
APEI,AMER PUBLIC EDUCATION,left,2,3170
APH,AMPHENOL CORP,left,3,1103
APKT,ACME PACKET INC,left,1,1697
APOG,APOGEE ENTERPRISES INC,left,3,3358
APOL,APOLLO GROUP INC,left,3,3451
APP,AMERICAN APPAREL INC,left,2,1103
APPY,ASPENBIO PHARMA INC,left,3,3358
APSG,APPLIED SIGNAL TECH,left,3,4203
ARAY,ACCURAY INC,left,1,1415
ARB,ARBITRON INC,left,3,4579
ARBA,ARIBA INC,left,3,1479
ARCC,ARES CAP CORP,left,3,1196
ARCL,ARCHIPELAGO LEARNING IN,left,3,4955
ARD,ARENA RESOURCES INC,left,3,1009
ARDNA,ARDEN GROUP INC,left,3,821
ARE,ALEXANDRIA REAL ESTATE,left,2,1761
AREX,APPROACH RESOURCES INC,left,3,4391
ARG,AIRGAS INC,left,1,4891
ARGN,AMERIGON INC,left,2,4391
ARI,APOLLO COMMERCIAL RE,left,3,3640
ARIA,ARIAD PHARMACEUTICALS,left,3,1385
ARII,AMERICAN RAILCAR IND,left,2,3264
ARJ,ARCH CHEMICALS INC,left,3,4674
ARM,ARVINMERITOR INC,left,3,2794
ARNA,ARENA PHARMACEUTICALS,left,3,915
ARO,AEROPOSTALE INC,left,1,3388
AROW,ARROW FINANCIAL CORP,left,3,2230
ARP,AMERICAN REPROGRAPHICS,left,2,3358
ARQL,ARQULE INC,left,3,1854
ARRS,ARRIS GROUP INC,left,3,1948
ARRY,ARRAY BIOPHARMA INC,left,3,2043
ARST,ARCSIGHT INC,left,3,5049
ART,ARTIO GLOBAL INVESTORS,left,3,2606
ARTC,ARTHROCARE CORP,left,3,2512
ARTG,ART TECHNOLOGY GROUP IN,left,3,2324
ARTNA,ARTESIAN RESOURCES CORP,left,3,2419
ARUN,ARUBA NETWORKS INC,left,3,2700
ARW,ARROW ELECTRONICS INC,left,3,2136
ASBC,ASSOCIATED BANC CORP,left,3,3640
ASCA,AMERISTAR CASINOS INC,left,2,4485
ASCMA,ASCENT MEDIA CORP,left,3,2982
ASEI,AMERICAN SCIENCE & ENGR,left,2,3451
ASF,ADMINISTAFF INC,left,1,2542
ASFI,ASTA FDG INC,left,3,3922
ASGN,ON ASSIGNMENT INC,left,21,4674
ASGR,AMERICA SERVICE GROUP,left,2,1009
ASH,ASHLAND INC,left,3,3170
ASI,AMERICAN SAFETY INS HLD,left,31,4955
ASTE,ASTEC INDUSTRIES INC,left,3,4016
ATAC,ATC TECHNOLOGY CORP,left,1,3576
ATEC,ALPHATEC HOLDINGS,left,2,4485
ATHN,ATHENAHEALTH INC,left,3,4298
ATHR,ATHEROS COMMUNICATIONS,left,3,4391
ATI,ALLEGHENY TECHNOLOGIES,left,2,2606
ATK,ALLIANT TECHSYSTEMS,left,2,3358
ATLO,AMES NATL CORP,left,2,5143
ATLS,ATLAS ENERGY INC,left,3,4674
ATMI,ATMI INC,left,1,3294
ATML,ATMEL CORP,left,3,4767
ATNI,ATLANTIC TELE-NETWORK,left,3,4485
ATO,ATMOS ENERGY CORP,left,3,4861
ATPG,ATP OIL & GAS CORP,left,1,3482
ATR,APTARGROUP INC,left,3,4298
ATRI,ATRION CORP,left,3,4955
ATRO,ASTRONICS CORP,left,3,4203
ATSG,AIR TRANSPORT SERVICES,left,1,4797
ATSI,ATS MEDICAL INC,left,1,3388
ATU,ACTUANT CORP,left,1,2167
ATVI,ACTIVISION BLIZZARD INC,left,1,1979
ATW,ATWOOD OCEANICS INC,left,3,5049
AUXL,AUXILIUM PHARMACEUTICAL,left,4,1196
AVA,AVISTA CORP,left,4,2043
AVAV,AEROVIRONMENT INC,left,1,3764
AVB,AVALONBAY CMNTYS INC,left,4,1291
AVD,AMERICAN VANGUARD CORP,left,2,3922
AVEO,AVEO PHARMACEUTICALS IN,left,4,1572
AVGO,AVAGO TECHNOLOGIES LTD,left,32,1385
AVID,AVID TECHNOLOGY INC,left,4,1854
AVII,AVI BIOPHARMA INC,left,1,3670
AVNR,AVANIR PHARMACEUTICALS,left,4,1385
AVNW,AVIAT NETWORKS INC,left,4,1761
AVP,AVON PRODUCTS INC,left,4,2230
AVT,AVNET INC,left,4,2136
AVTR,AVATAR HOLDINGS INC,left,4,1479
AVX,AVX CORP,left,1,3764
AVY,AVERY DENNISON CORP,left,4,1667
AWH,ALLIED WRLD ASSUR COM,left,31,4674
AWI,ARMSTRONG WORLD INDS IN,left,3,1761
AWK,AMERICAN WTR WKS CO INC,left,2,4016
AWR,AMERICAN STATES WATER C,left,2,3640
AXAS,ABRAXAS PETE CORP,left,1,4704
AXE,ANIXTER INTERNATIONAL,left,3,2230
AXL,AMERICAN AXLE & MFG,left,2,1196
AXN,AOXING PHARMACEUTICAL C,left,3,3076
AXP,AMERICAN EXPRESS CO,left,2,2136
AXS,AXIS CAPITAL HOLDINGS,left,31,1009
AXTI,AXT INC,left,1,3858
AYE,ALLEGHENY ENERGY INC,left,2,2512
AYI,ACUITY BRANDS INC,left,1,2260
AYR,AIRCASTLE LTD,left,31,4579
AZO,AUTOZONE INC,left,4,1103
AZPN,ASPEN TECHNOLOGY INC,left,3,3264
AZZ,AZZ INC,left,1,3952
B,BARNES GROUP INC,left,4,915
BA,BOEING CO,left,5,1761
BABY,NATUS MEDICAL INC,left,20,3922
BAC,BANK OF AMERICA CORP,left,4,4579
BAGL,EINSTEIN NOAH REST GROU,left,10,4955
BALT,BALTIC TRADING LIMITED,left,32,1479
BAMM,BOOKS-A-MILLION INC,left,5,2043
BANF,BANCFIRST CORP,left,4,4203
BARI,BANCORP RHODE ISLAND IN,left,4,4298
BAS,BASIC ENERGY SERVICES,left,4,1291
BAX,BAXTER INTERNATIONAL IN,left,4,1385
BBBB,BLACKBOARD INC,left,4,5049
BBBY,BED BATH & BEYOND INC,left,4,2136
BBG,BILL BARRETT CORP,left,4,1103
BBGI,BEASLEY BROADCAST GROUP,left,4,1667
BBND,BIGBAND NETWORKS INC,left,4,3546
BBOX,BLACK BOX CORP,left,4,4955
BBSI,BARRETT BUSINESS SERVIC,left,4,1009
BBT,BB&T CORP,left,4,2419
BBW,BUILD A BEAR WORKSHOP,left,5,1479
BBY,BEST BUY INC,left,4,3264
BC,BRUNSWICK CORP,left,5,821
BCO,BRINKS CO,left,5,3922
BCPC,BALCHEM CORP,left,4,3640
BCR,BARD C R INC,left,4,727
BCRX,BIOCRYST PHARMACEUTICAL,left,4,3922
BCSI,BLUE COAT SYSTEMS INC,left,5,1196
BDC,BELDEN INC,left,4,2324
BDGE,BRIDGE BANCORP INC,left,5,3264
BDN,BRANDYWINE REALTY TRUST,left,5,3170
BDX,BECTON DICKINSON & CO,left,4,2043
BEAT,CARDIONET INC,left,6,4485
BEAV,BE AEROSPACE INC,left,4,1479
BEBE,BEBE STORES INC,left,4,1854
BEC,BECKMAN COULTER INC,left,4,1948
BECN,BEACON ROOFING SUPPLY,left,4,1572
BEE,STRATEGIC HOTEL & RESOR,left,26,4861
BELFB,BEL FUSE INC,left,4,2230
BELM,BELL MICROPRODUCTS INC,left,4,2419
BEN,FRANKLIN RESOURCES INC,left,12,3451
BEXP,BRIGHAM EXPLORATION,left,5,3640
BEZ,BALDOR ELECTRIC CO,left,4,3734
BF.B,BROWN FORMAN CORP,left,5,5049
BFIN,BANKFINANCIAL CORP,left,4,5143
BFS,SAUL CENTERS INC,left,25,3640
BG,BUNGE LIMITED,left,31,1291
BGC,GENERAL CABLE CORP,left,12,2419
BGCP,BGC PARTNERS INC,left,4,2606
BGFV,BIG 5 SPORTING GOODS,left,4,3358
BGG,BRIGGS & STRATTON CO,left,5,3546
BGP,BORDERS GROUP INC,left,5,2230
BGS,B & G FOODS INC,left,4,2512
BH,BIGLARI HOLDINGS INC,left,4,3640
BHE,BENCHMARK ELECTRONICS,left,4,2700
BHI,BAKER HUGHES INC,left,4,3546
BHLB,BERKSHIRE HILLS BANCORP,left,4,3076
BHS,BROOKFIELD HOMES CORP,left,5,4674
BID,SOTHEBYS,left,26,3076
BIG,BIG LOTS INC,left,4,3451
BIIB,BIOGEN IDEC INC,left,4,4109
BIO,BIO-RAD LABORATORIES IN,left,4,3734
BIOD,BIODEL INC,left,4,4298
BIOS,BIOSCRIP INC,left,4,4674
BJ,BJS WHOLESALE CLUB INC,left,4,2700
BJGP,BMP SUNSTONE CORP,left,4,3170
BJRI,BJS RESTAURANTS INC,left,4,4861
BK,BANK OF NEW YORK MELLON,left,4,5049
BKC,BURGER KING HLDGS INC,left,5,1667
BKCC,BLACKROCK KELSO CAP COR,left,5,915
BKD,BROOKDALE SENIOR LIVING,left,5,4579
BKE,BUCKLE INC,left,5,1196
BKH,BLACK HILLS CORP,left,4,5143
BKI,BUCKEYE TECHNOLOGIES IN,left,5,1103
BKMU,BANK MUTUAL CORP,left,4,4861
BKR,BAKER MICHAEL CORP,left,4,3451
BKS,BARNES & NOBLE INC,left,4,821
BLC,BELO CORP,left,4,2512
BLDR,BUILDERS FIRSTSOURCE IN,left,5,1572
BLK,BLACKROCK INC,left,5,821
BLKB,BLACKBAUD INC,left,5,727
BLL,BALL CORP,left,4,3922
BLT,BLOUNT INTERNATIONAL IN,left,5,1103
BLUD,IMMUCOR INC,left,15,1385
BLX,BANCO LATINOAMERICANO,left,32,821
BMC,BMC SOFTWARE INC,left,4,3264
BMI,BADGER METER INC,left,4,3358
BMR,BIOMED REALTY TRUST INC,left,4,4203
BMRC,BANK OF MARIN BANCORP,left,4,4767
BMRN,BIOMARIN PHARMACEUTICAL,left,4,4016
BMS,BEMIS INC,left,4,2606
BMTC,BRYN MAWR BANK CORP,left,5,1009
BMTI,BIOMIMETIC THERAPEUTICS,left,4,4391
BMY,BRISTOL MYERS SQUIBB,left,5,4016
BNCL,BENEFICIAL MUTUAL INC,left,4,2794
BNE,BOWNE & CO INC,left,5,2888
BOBE,BOB EVANS FARMS INC,left,5,1667
BOFI,BOFI HLDG INC,left,4,3076
BOH,BANK OF HAWAII CORP,left,4,4674
BOKF,BOK FINANCIAL CORP,left,4,2794
BONT,BON-TON STORES INC,left,5,1948
BOOM,DYNAMIC MATERIALS CORP,left,10,1479
BOOT,LACROSSE FOOTWEAR INC,left,17,1103
BPAX,BIOSANTE PHARMACEUTICAL,left,4,4485
BPFH,BOSTON PRIVATE FINANCIA,left,5,2512
BPI,BRIDGEPOINT ED INC,left,5,3358
BPOP,POPULAR INC,left,23,1291
BPZ,BPZ RESOURCES INC,left,4,2888
BR,BROADRIDGE FINANCIAL IN,left,5,4298
BRC,BRADY CORP,left,5,3076
BRCD,BROCADE COMMUNICATIONS,left,5,4485
BRCM,BROADCOM CORP,left,5,4203
BRE,BRE PROPERTIES INC,left,4,2982
BRID,BRIDGFORD FOODS CORP,left,5,3451
BRK.B,BERKSHIRE HATHAWAY INC,left,4,2982
BRKL,BROOKLINE BANCORP INC,left,5,4767
BRKR,BRUKER CORP,left,5,727
BRKS,BROOKS AUTOMATION INC,left,5,4861
BRLI,BIO-REFERENCE LABS INC,left,4,3827
BRO,BROWN & BROWN INC,left,5,4955
BRS,BRISTOW GROUP INC,left,5,4109
BRY,BERRY PETROLEUM CO,left,4,3170
BSRR,SIERRA BANCORP,left,25,3734
BSTC,BIOSPECIFICS TECHNO COR,left,4,4767
BSX,BOSTON SCIENTIFIC CO,left,5,2700
BTH,BLYTH INC,left,5,1572
BTIM,BIOTIME INC,left,4,4579
BTN,BALLANTYNE STRONG INC,left,4,4016
BTU,PEABODY ENERGY CORP,left,22,4298
BUCY,BUCYRUS INTERNATIONAL,left,5,1291
BUSE,FIRST BUSEY CORP,left,11,3170
BW,BRUSH ENGINEERED MAT,left,5,915
BWA,BORG WARNER INC,left,5,2324
BWEN,BROADWIND ENERGY INC,left,5,4391
BWINB,BALDWIN & LYONS INC,left,4,3827
BWLD,BUFFALO WILD WINGS INC,left,5,1385
BWS,BROWN SHOE INC,left,5,5143
BXC,BLUELINX HOLDINGS INC,left,5,1479
BXG,BLUEGREEN CORP,left,5,1385
BXP,BOSTON PROPERTIES INC,left,5,2606
BXS,BANCORPSOUTH INC,left,4,4391
BYD,BOYD GAMING CORP,left,5,2982
BYI,BALLY TECHNOLOGIES INC,left,4,4109
BZ,BOISE INC,left,5,1854
BZH,BEAZER HOMES USA INC,left,4,1761
C,CITIGROUP INC,left,7,3827
CA,CA INC,left,5,4674
CAB,CABELAS INC,left,5,4767
CAC,CAMDEN NATIONAL CORP,left,6,2606
CACC,CREDIT ACCEP CORP MICH,left,8,1948
CACI,CACI INTERNATIONAL INC,left,6,727
CADX,CADENCE PHARMACEUTICALS,left,6,915
CAG,CONAGRA FOODS INC,left,8,1667
CAH,CARDINAL HEALTH INC,left,6,4391
CAK,CAMAC ENERGY INC,left,6,2324
CAKE,CHEESECAKE FACTORY INC,left,7,727
CAL,CONTINENTAL AIRLINES IN,left,8,3451
CALM,CAL MAINE FOODS INC,left,6,1196
CALP,CALIPER LIFE SCIENCES,left,6,1854
CALX,CALIX INC,left,6,1948
CAM,CAMERON INTL CORP,left,6,2794
CAP,CAI INTERNATIONAL INC,left,5,1761
CAR,AVIS BUDGET GROUP INC,left,4,1948
CAS,CASTLE A M & CO,left,6,1667
CASC,CASCADE CORP,left,6,1196
CASS,CASS INFORMATION SYSTEM,left,6,1572
CASY,CASEYS GENERAL STORES,left,6,1385
CAT,CATERPILLAR INC,left,6,1948
CATM,CARDTRONICS INC,left,6,4579
CATO,CATO CORP,left,6,2136
CATY,CATHAY GENERAL BANCORP,left,6,2043
CAVM,CAVIUM NETWORKS INC,left,6,2324
CB,CHUBB CORP,left,7,2512
CBB,CINCINNATI BELL INC,left,7,3076
CBE,COOPER INDUSTRIES PLC,left,31,1667
CBEY,CBEYOND INC,left,6,2419
CBG,CB RICHARD ELLIS GROUP,left,5,2136
CBI,CHICAGO BRIDGE & IRON,left,7,1667
CBK,CHRISTOPHER & BANKS COR,left,7,2419
CBL,CBL & ASSOC PPTYS INC,left,5,1948
CBM,CAMBREX CORP,left,6,2419
CBOU,CARIBOU COFFEE CO INC,left,6,4861
CBR,CIBER INC,left,7,2794
CBRL,CRACKER BARREL STORE,left,8,1572
CBS,CBS CORPORATION,left,5,2043
CBSH,COMMERCE BANCSHARES INC,left,7,4109
CBST,CUBIST PHARMACEUTICALS,left,8,2982
CBT,CABOT CORP,left,5,4955
CBU,COMMUNITY BANK SYSTEMS,left,7,4485
CBZ,CBIZ INC,left,5,1854
CCBG,CAPITAL CITY BANK GROUP,left,6,3170
CCC,CALGON CARBON CORP,left,6,1479
CCE,COCA COLA ENTERPRISE,left,7,1572
CCI,CROWN CASTLE INTL CORP,left,8,2512
CCIX,COLEMAN CABLE INC,left,7,2888
CCK,CROWN HOLDINGS INC,left,8,2606
CCL,CARNIVAL CORP,left,6,727
CCMP,CABOT MICROELECTRONICS,left,5,5143
CCNE,CNB FINL CORP PA,left,5,3640
CCO,CLEAR CHANNEL OUTDOOR,left,7,4861
CCOI,COGENT COMMUNICATIONS,left,7,1948
CCRN,CROSS COUNTRY HEALTHCAR,left,8,2324
CCRT,COMPUCREDIT HOLDINGS,left,8,727
CDE,COEUR D ALENE MINES COR,left,7,1761
CDI,CDI CORP,left,5,2230
CDNS,CADENCE DESIGN SYSTEMS,left,6,821
CDR,CEDAR SHOPPING CTRS INC,left,6,2512
CDXS,CODEXIS INC,left,7,1667
CDZI,CADIZ INC,left,6,1009
CE,CELANESE CORP,left,6,2700
CEC,CEC ENTMT INC,left,5,2324
CECO,CAREER EDUCATION CORP,left,6,4674
CEDC,CENTRAL EUROPEAN DISTRI,left,6,3546
CEG,CONSTELLATION ENERGY GR,left,8,3264
CELG,CELGENE CORP,left,6,2888
CELL,BRIGHTPOINT INC,left,5,3734
CENTA,CENTRAL GARDEN & PET CO,left,6,3640
CENX,CENTURY ALUMINUM CO,left,6,3827
CEPH,CEPHALON INC,left,6,4109
CERN,CERNER CORP,left,6,4485
CERS,CERUS CORP,left,6,4579
CETV,CENTRAL EUROPEAN MEDIA,left,31,1385
CEVA,CEVA INC,left,6,4674
CF,CF INDUSTRIES HOLDINGS,left,5,2419
CFFN,CAPITOL FEDERAL FINL,left,6,3827
CFI,CULP INC,left,8,3170
CFN,CAREFUSION CORP,left,6,4767
CFNB,CALIFORNIA FIRST NATL,left,6,1572
CFNL,CARDINAL FINANCIAL CORP,left,6,4298
CFR,CULLEN FROST BANKERS,left,8,3076
CFX,COLFAX CORP,left,7,2982
CGC,CAPITAL GOLD CORP,left,6,3264
CGI,CELADON GROUP INC,left,6,2606
CGNX,COGNEX CORP,left,7,2136
CGX,CONSOLIDATED GRAPHIC,left,8,2888
CHCO,CITY HOLDING CO,left,7,4298
CHD,CHURCH & DWIGHT INC,left,7,2606
CHDN,CHURCHILL DOWNS INC,left,7,2700
CHDX,CHINDEX INTERNATIONAL,left,7,2043
CHE,CHEMED CORPORATION,left,7,915
CHFC,CHEMICAL FINANCIAL CORP,left,7,1009
CHG,CH ENERGY GROUP INC,left,5,2512
CHH,CHOICE HOTELS INTL INC,left,7,2230
CHINA,CDC CORP,left,31,1479
CHK,CHESAPEAKE ENERGY CORP,left,7,1291
CHKE,CHEROKEE INC,left,7,1196
CHRS,CHARMING SHOPPES INC,left,6,4861
CHRW,C H ROBINSON WORLDWIDE,left,5,2606
CHS,CHICOS FAS INC,left,7,1761
CHSI,CATALYST HLTH SOLUTIONS,left,6,1854
CHSP,CHESAPEAKE LODGING TRUS,left,7,1385
CHTP,CHELSEA THERAPEUTICS IN,left,7,821
CHUX,O CHARLEYS INC,left,21,1854
CI,CIGNA CORP,left,5,2700
CIA,CITIZENS INC,left,7,4109
CIE,COBALT INTL ENERGY,left,7,1196
CIEN,CIENA CORP,left,7,2888
CIGX,STAR SCIENTIFIC INC,left,26,2324
CIM,CHIMERA INVESTMENT CORP,left,7,1948
CINF,CINCINNATI FINANCIAL,left,7,3170
CIR,CIRCOR INTERNATIONAL IN,left,7,3358
CIT,CIT GROUP INC,left,5,2794
CIX,COMPX INTERNATIONAL,left,8,1196
CKEC,CARMIKE CINEMAS INC,left,6,5143
CKH,SEACOR HOLDINGS INC,left,25,1291
CKP,CHECKPOINT SYSTEMS INC,left,6,5143
CKR,CKE RESTAURANTS INC,left,5,2888
CKXE,CKX INC,left,5,3076
CL,COLGATE PALMOLIVE CO,left,7,3076
CLB,CORE LABORATORIES N V,left,32,2043
CLC,CLARCOR INC,left,7,4485
CLD,CLOUD PEAK ENERGY INC,left,7,1009
CLDA,CLINICAL DATA INC,left,7,821
CLDT,CHATHAM LODGING TR,left,6,5049
CLDX,CELLDEX THERAPEUTICS IN,left,6,3076
CLF,CLIFFS NATURAL RESOURCE,left,7,5143
CLFC,CENTER FINANCIAL CORP,left,6,3264
CLGX,CORELOGIC INC,left,8,4391
CLH,CLEAN HARBORS INC,left,7,4674
CLI,MACK CALI REALTY CORP,left,18,2324
CLMS,CALAMOS ASSET MGMT INC,left,6,1291
CLNE,CLEAN ENERGY FUELS CORP,left,7,4767
CLNY,COLONY FINANCIAL INC,left,7,3358
CLP,COLONIAL PROPERTIES TR,left,7,3264
CLR,CONTINENTAL RESOURCES I,left,8,3546
CLRT,CLARIENT INC,left,7,4579
CLU,CELLU TISSUE HOLDINGS,left,6,2982
CLW,CLEARWATER PAPER CORP,left,7,5049
CLWR,CLEARWIRE CORP,left,7,4955
CLX,CLOROX CO,left,7,915
CMA,COMERICA INC,left,7,4016
CMC,COMMERCIAL METALS CO,left,7,4203
CMCO,COLUMBUS MCKINNON CORP,left,7,3640
CMCSA,COMCAST CORP,left,7,3922
CME,CME GROUP INC,left,5,3170
CMG,CHIPOTLE MEXICAN GRILL,left,7,2136
CMI,CUMMINS INC,left,8,3358
CML,COMPELLENT TECH INC,left,7,5049
CMLS,CUMULUS MEDIA INC,left,8,3451
CMN,CANTEL MEDICAL CORP,left,6,2982
CMO,CAPSTEAD MORTGAGE CORP,left,6,4016
CMP,COMPASS MINERALS INTL,left,7,4861
CMRG,CASUAL MALE RETAIL GROU,left,6,1761
CMS,CMS ENERGY CORP,left,5,3264
CMTL,COMTECH TELECOMM,left,8,1479
CNA,CNA FINANCIAL CORP,left,5,3546
CNBKA,CENTURY BANCORP INC,left,6,3922
CNC,CENTENE CORP,left,6,3170
CNH,CNH GLOBAL N V,left,32,1948
CNK,CINEMARK HOLDINGS INC,left,7,3264
CNL,CLECO CORP,left,5,2982
CNMD,CONMED CORP,left,8,2230
CNO,CNO FINANCIAL GROUP,left,5,4016
CNP,CENTERPOINT ENERGY INC,left,6,3358
CNQR,CONCUR TECHNOLOGIES INC,left,8,2043
CNS,COHEN & STEERS INC,left,7,2419
CNSL,CONSOLIDATED COMM,left,8,2700
CNU,CONTINUCARE CORP,left,8,3640
CNVO,CONVIO INC,left,8,3827
CNW,CON-WAY INC,left,8,1761
CNX,CONSOL ENERGY INC,left,8,2606
CNXT,CONEXANT SYSTEMS INC,left,8,2136
COBZ,COBIZ FINANCIAL INC,left,7,1291
COCO,CORINTHIAN COLLEGES INC,left,8,4485
CODE,SPANSION INC,left,26,4391
CODI,COMPASS DIVERSIFIED HLD,left,7,4955
COF,CAPITAL ONE FINANCIAL,left,6,3451
COG,CABOT OIL & GAS CORP,left,5,5049
COGT,COGENT INC,left,7,2043
COH,COACH INC,left,7,1103
COHR,COHERENT INC,left,7,2324
COHU,COHU INC,left,7,2512
COKE,COCA COLA BOTTLING,left,7,1385
COL,ROCKWELL COLLINS INC,left,24,1479
COLB,COLUMBIA BKG SYSTEM INC,left,7,3451
COLM,COLUMBIA SPORTSWEAR CO,left,7,3546
COMV,COMVERGE INC,left,8,1572
CONN,CONNS INC,left,8,2419
COO,COOPER COMPANIES INC,left,8,3922
COP,CONOCOPHILLIPS,left,8,2512
CORE,CORE MARK HOLDING CO IN,left,8,4298
CORT,CORCEPT THERAPEUTICS IN,left,8,4203
COST,COSTCO WHOLESALE CORP,left,8,821
COV,COVIDIEN PLC,left,31,1761
COWN,COWEN GROUP INC,left,8,1479
CPA,COPA HOLDINGS SA,left,32,915
CPB,CAMPBELL SOUP CO,left,6,2888
CPD,CARACO PHARMACEUTICAL,left,6,4109
CPE,CALLON PETROLEUM CO,left,6,2136
CPHD,CEPHEID INC,left,6,4203
CPII,CPI INTERNATIONAL INC,left,5,3827
CPIX,CUMBERLAND PHARM,left,8,3264
CPK,CHESAPEAKE UTILITIES,left,7,1479
CPKI,CALIFORNIA PIZZA KITCHE,left,6,1667
CPLA,CAPELLA EDUCATION CO,left,6,3076
CPN,CALPINE CORP,left,6,2230
CPO,CORN PRODS INTERNATIONA,left,8,4579
CPRT,COPART INC,left,8,4109
CPSI,COMPUTER PROGRAMS & SYS,left,8,821
CPST,CAPSTONE TURBINE CORP,left,6,3922
CPT,CAMDEN PROPERTY TRUST,left,6,2700
CPTS,CONCEPTUS INC,left,8,1854
CPWR,COMPUWARE CORP,left,8,1103
CPX,COMPLETE PRODUCTION SER,left,7,5143
CPY,CPI CORP,left,5,3358
CQB,CHIQUITA BRANDS INTL IN,left,7,2324
CR,CRANE CO,left,8,1667
CRA,CELERA CORPORATION,left,6,2794
CRAI,CRA INTERNATIONAL INC,left,5,3922
CRAY,CRAY INC,left,8,1854
CRBC,CITIZENS REPUBLIC,left,7,4016
CRD.B,CRAWFORD & CO,left,8,1761
CRDN,CERADYNE INC,left,6,4391
CREE,CREE INC,left,8,2043
CRI,CARTER INC,left,6,1103
CRIS,CURIS INC,left,8,3546
CRK,COMSTOCK RESOURCES INC,left,8,1385
CRL,CHARLES RIVER LABS INTL,left,6,4767
CRM,SALESFORCE COM INC,left,25,2043
CRMT,AMERICAS CAR-MART INC,left,2,4298
CRN,CORNELL COMPANIES INC,left,8,4674
CROX,CROCS INC,left,8,2230
CRR,CARBO CERAMICS INC,left,6,4203
CRRC,COURIER CORP,left,8,1009
CRS,CARPENTER TECHNOLOGY,left,6,821
CRTX,CORNERSTONE THERAPEUTIC,left,8,4767
CRUS,CIRRUS LOGIC INC,left,7,3451
CRVL,CORVEL CORP,left,8,727
CRWN,CROWN MEDIA HOLDINGS IN,left,8,2700
CRXX,COMBINATORX INC,left,7,3827
CRY,CRYOLIFE INC,left,8,2794
CRZO,CARRIZO OIL & GAS INC,left,6,915
CSA,COGDELL SPENCER INC,left,7,1854
CSBK,CLIFTON SVGS BANCORP IN,left,7,727
CSC,COMPUTER SCIENCES CORP,left,8,915
CSCO,CISCO SYSTEMS INC,left,7,3546
CSE,CAPITALSOURCE INC,left,6,3734
CSFL,CENTERSTATE BANKS INC,left,6,3451
CSGP,COSTAR GROUP INC,left,8,915
CSGS,CSG SYSTEMS INTL INC,left,5,4109
CSH,CASH AMERICA INTL INC,left,6,1479
CSL,CARLISLE COS INC,left,6,4955
CSS,CSS INDUSTRIES INC,left,5,3451
CSTR,COINSTAR INC,left,7,2606
CSU,CAPITAL SENIOR LIVING,left,6,3546
CSWC,CAPITAL SOUTHWEST CORP,left,6,3640
CSX,CSX CORP,left,5,4203
CTAS,CINTAS CORP,left,7,3640
CTB,COOPER TIRE & RUBBER CO,left,8,4016
CTBI,COMMUNITY TRUST BANCORP,left,7,4674
CTCT,CONSTANT CONTACT INC,left,8,3076
CTGX,COMPUTER TASK GROUP INC,left,8,1009
CTL,CENTURYLINK INC,left,6,4016
CTO,CONSOLIDATED TOMOKA LAN,left,8,2982
CTRN,CITI TRENDS INC,left,7,3922
CTS,CTS CORP,left,5,4298
CTSH,COGNIZANT TECH SOLUTION,left,7,2230
CTV,COMMSCOPE INC,left,7,4391
CTWS,CONNECTICUT WATER SVC,left,8,2324
CTXS,CITRIX SYSTEMS INC,left,7,4203
CUB,CUBIC CORP,left,8,2888
CUR,NEURALSTEM INC,left,20,1291
CUTR,CUTERA INC,left,8,3734
CUZ,COUSINS PROPERTIES INC,left,8,1103
CV,CENTRAL VERMONT PUB SVC,left,6,3734
CVA,COVANTA HOLDING CORP,left,8,1291
CVBF,CVB FINANCIAL CORP,left,5,4391
CVC,CABLEVISION SYSTEMS COR,left,5,4861
CVCO,CAVCO INDUSTRIES INC,left,6,2230
CVD,COVANCE INC,left,8,1196
CVG,CONVERGYS CORP,left,8,3734
CVGI,COMMERCIAL VEH GROUP IN,left,7,4298
CVGW,CALAVO GROWERS INC,left,6,1385
CVH,COVENTRY HEALTH CARE,left,8,1385
CVI,CVR ENERGY INC,left,5,4485
CVLT,COMMVAULT SYSTEMS INC,left,7,4767
CVO,CENVEO INC,left,6,4298
CVS,CVS/CAREMARK CORP,left,5,4579
CVX,CHEVRON CORP,left,7,1572
CW,CURTISS WRIGHT CORP,left,8,3640
CWCO,CONSOLIDATED WATER CO,left,31,1572
CWEI,WILLIAMS CLAYTON ENERGY,left,30,5049
CWST,CASELLA WASTE SYSTEMS,left,6,1291
CWT,CALIFORNIA WTR SVC GRP,left,6,1761
CWTR,COLDWATER CREEK INC,left,7,2700
CXO,CONCHO RESOURCES INC,left,8,1948
CXS,CREXUS INVESTMENT CORP,left,8,2136
CXW,CORRECTIONS CORP OF AME,left,8,5143
CY,CYPRESS SEMICONDUCTOR,left,8,4298
CYBS,CYBERSOURCE CORP,left,8,3827
CYBX,CYBERONICS INC,left,8,3922
CYH,COMMUNITY HEALTH SYSTEM,left,7,4579
CYMI,CYMER INC,left,8,4016
CYN,CITY NATIONAL CORP,left,7,4391
CYNO,CYNOSURE INC,left,8,4109
CYPB,CYPRESS BIOSCIENCES INC,left,8,4203
CYS,CYPRESS SHARPRIDGE INV,left,8,4391
CYT,CYTEC INDUSTRIES INC,left,8,4485
CYTK,CYTOKINETICS INC,left,8,4674
CYTR,CYTRX CORP,left,8,4579
CYTX,CYTORI THERAPEUTICS INC,left,8,4767
CZNC,CITIZENS & NORTHERN COR,left,7,3734
D,DOMINION RESOURCES INC,left,9,3076
DAKT,DAKTRONICS INC,left,9,1385
DAL,DELTA AIR LINES INC DEL,left,9,2982
DAN,DANA HOLDING CORP,left,9,1479
DAR,DARLING INTERNATIONAL,left,9,1854
DBD,DIEBOLD INC,left,9,821
DBRN,DRESS BARN INC,left,9,4485
DBTK,DOUBLE-TAKE SOFTWARE IN,left,9,3827
DCI,DONALDSON INC,left,9,3358
DCO,DUCOMMUN INC,left,9,5049
DCOM,DIME CMNTY BANCSHARES,left,9,1385
DCP,DYNCORP INTL INC,left,10,1667
DCT,DCT INDUSTRIAL TRUST IN,left,8,4861
DCTH,DELCATH SYS INC,left,9,2606
DD,DU PONT E I DE NEMOURS,left,9,4955
DDIC,DDI CORP,left,8,4955
DDMX,DYNAMEX INC,left,10,1385
DDR,DEVELOPERS DIVERSIFIED,left,9,4203
DDS,DILLARDS INC,left,9,1479
DE,DEERE & CO,left,9,2419
DECK,DECKERS OUTDOOR CORP,left,9,2324
DEI,DOUGLAS EMMETT INC,left,9,3922
DEL,DELTIC TIMBER CORP,left,9,3264
DELL,DELL INC,left,9,2794
DENN,DENNYS CORP,left,9,3827
DEPO,DEPOMED INC,left,9,4016
DEST,DESTINATION MATERNITY,left,9,4109
DEXO,DEX ONE CORP,left,9,4485
DF,DEAN FOODS COMPANY,left,9,2230
DFG,DELPHI FINANCIAL GRP IN,left,9,2888
DFS,DISCOVER FINANCIAL SRVC,left,9,1948
DFT,DUPONT FABROS TECHNOLOG,left,10,1009
DFZ,BARRY R G CORP OHIO,left,4,1196
DG,DOLLAR GENERAL CORP,left,9,2794
DGI,DIGITALGLOBE INC,left,9,1291
DGICA,DONEGAL GROUP INC,left,9,3451
DGII,DIGI INTL INC,left,9,915
DGIT,DG FASTCHANNEL INC,left,8,5049
DGX,QUEST DIAGNOSTICS INC,left,23,2512
DHI,D R HORTON INC,left,9,727
DHIL,DIAMOND HILL INVESTMENT,left,9,4767
DHR,DANAHER CORP,left,9,1572
DHT,DHT HOLDINGS INC,left,32,1572
DHX,DICE HOLDINGS INC,left,9,5143
DIN,DINEEQUITY INC,left,9,1572
DIOD,DIODES INC,left,9,1667
DIS,DISNEY WALT CO,left,9,1854
DISCA,DISCOVERY COMMUNICATNS,left,9,2043
DISH,DISH NETWORK CORP,left,9,2136
DIVX,DIVX INC,left,9,2324
DK,DELEK US HLDGS INC,left,9,2700
DKS,DICKS SPORTING GOODS IN,left,9,727
DLA,DELTA APPAREL INC,left,9,3076
DLB,DOLBY LABORATORIES INC,left,9,2512
DLLR,DOLLAR FINANCIAL CORP,left,9,2700
DLM,DEL MONTE FOODS CO,left,9,2512
DLR,DIGITAL REALTY TRUST IN,left,9,1103
DLTR,DOLLAR TREE INC,left,9,2982
DLX,DELUXE CORP,left,9,3546
DM,DOLAN COMPANY,left,9,2419
DMAN,DEMANDTEC INC,left,9,3640
DMND,DIAMOND FOODS INC,left,9,4674
DMRC,DIGIMARC CORPORATION,left,9,1009
DNB,DUN & BRADSTREET CORP,left,10,915
DNBK,DANVERS BANCORP INC,left,9,1667
DNDN,DENDREON CORP,left,9,3734
DNEX,DIONEX CORP,left,9,1761
DNR,DENBURY RESOURCES INC,left,9,3451
DO,DIAMOND OFFSHR DRILLING,left,9,4955
DOLE,DOLE FOOD CO INC,left,9,2606
DORM,DORMAN PRODUCTS INC,left,9,3734
DOV,DOVER CORP,left,9,4109
DOW,DOW CHEMICAL CO,left,9,4203
DOX,AMDOCS LTD,left,31,4861
DPL,DPL INC,left,8,5143
DPS,DR PEPPER SNAPPLE GROUP,left,9,4298
DPTR,DELTA PETROLEUM CORP,left,9,3358
DPZ,DOMINOS PIZZA INC,left,9,3170
DRC,DRESSER-RAND GROUP INC,left,9,4579
DRE,DUKE REALTY CORP,left,10,727
DRH,DIAMONDROCK HOSPITALITY,left,9,5049
DRI,DARDEN RESTAURANTS INC,left,9,1761
DRIV,DIGITAL RIVER INC,left,9,1196
DRL,DORAL FINANCIAL CORP,left,9,3640
DRQ,DRIL-QUIP INC,left,9,4767
DRRX,DURECT CORP,left,10,1103
DSCM,DRUGSTORE COM INC,left,9,4861
DSPG,DSP GROUP INC,left,9,915
DST,DST SYSTEMS INC,left,9,821
DSW,DSW INC,left,9,1103
DTE,DTE ENERGY CO,left,9,1009
DTG,DOLLAR THRIFTY AUTO,left,9,2888
DTPI,DIAMOND MGMT & TECH INC,left,9,4861
DTSI,DTS INC,left,9,1196
DTV,DIRECTV GROUP INC,left,9,2230
DUF,DUFF & PHELPS CORP,left,9,5143
DUK,DUKE ENERGY CORP,left,10,821
DV,DEVRY INC,left,9,4391
DVA,DAVITA INC,left,9,1948
DVAX,DYNAVAX TECHNOLOGIES,left,10,1572
DVN,DEVON ENERGY CORP,left,9,4298
DVOX,DYNAVOX INC,left,10,1761
DVR,CAL DIVE INTL INC,left,6,1103
DW,DREW INDUSTRIES INC,left,9,4674
DWA,DREAMWORKS ANIMATION SK,left,9,4391
DWSN,DAWSON GEOPHYSICAL CO,left,9,2043
DX,DYNEX CAPITAL INC,left,10,1948
DXCM,DEXCOM INC,left,9,4579
DXPE,DXP ENTERPRISES INC NEW,left,9,1291
DY,DYCOM INDUSTRIES INC,left,10,1291
DYAX,DYAX CORP,left,10,1196
DYN,DYNEGY INC,left,10,1854
EAT,BRINKER INTERNATIONAL,left,5,3827
EBAY,EBAY INC,left,10,3827
EBF,ENNIS INC,left,10,3640
EBIX,EBIX INC,left,10,3922
EBS,EMERGENT BIOSOLUTIONS,left,10,1479
EBSB,MERIDIAN INTERSTATE,left,19,1479
EBTX,ENCORE BANCSHARES INC,left,10,2324
ECHO,ECHO GLOBAL LOGISTICS,left,10,4109
ECL,ECOLAB INC,left,10,4391
ECLP,ECLIPSYS CORP,left,10,4298
ECOL,US ECOLOGY INC,left,29,1761
ECPG,ENCORE CAPITAL GROUP IN,left,10,2230
ED,CONSOLIDATED EDISON INC,left,8,2794
EDE,EMPIRE DISTRICT ELECTRI,left,10,1854
EDMC,EDUCATION MGMT CORP,left,10,4674
EDR,EDUCATION REALTY TRUST,left,10,4579
EE,EL PASO ELECTRIC CO,left,10,5143
EEFT,EURONET WORLDWIDE INC,left,11,1667
EFII,ELECTRONICS FOR IMAGING,left,10,1009
EFSC,ENTERPRISE FINL SERVICE,left,10,4203
EFX,EQUIFAX INC,left,10,5049
EGBN,EAGLE BANCORP INC,left,10,2700
EGLE,EAGLE BULK SHIPPING INC,left,32,1667
EGN,ENERGEN CORP,left,10,2794
EGOV,NIC INC,left,19,4955
EGP,EASTGROUP PROPERTIES IN,left,10,3358
EGY,VAALCO ENERGY INC,left,29,2230
EHTH,EHEALTH INC,left,10,4861
EIG,EMPLOYERS HOLDINGS INC,left,10,2043
EIX,EDISON INTERNATIONAL,left,10,4485
EK,EASTMAN KODAK CO,left,10,3546
EL,ESTEE LAUDER COMPANIES,left,17,2700
ELGX,ENDOLOGIX INC,left,10,2982
ELMG,EMS TECHNOLOGIES INC,left,10,2230
ELNK,EARTHLINK INC,left,10,3170
ELON,ECHELON CORP,left,10,4016
ELOS,SYNERON MEDICAL LTD,left,32,1854
ELRC,ELECTRO RENT CORP,left,10,727
ELS,EQUITY LIFESTYLE PROP,left,11,727
ELX,EMULEX CORP,left,10,2136
ELY,CALLAWAY GOLF CO,left,6,2043
EM,EMDEON INC,left,10,1385
EMC,E M C CORP,left,10,2043
EMCI,EMC INS GROUP INC,left,10,2136
EME,EMCOR GROUP INC,left,10,1291
EMN,EASTMAN CHEMICAL CO,left,10,3451
EMR,EMERSON ELECTRIC CO,left,10,1761
EMS,EMERGENCY MEDICAL SVCS,left,10,1667
END,ENDEAVOUR INTERNATIONAL,left,10,2512
ENDP,ENDO PHARMACEUTICALS,left,10,2606
ENER,ENERGY CONVERSION DEVIC,left,10,2700
ENH,ENDURANCE SPECIALTY HLD,left,31,1854
ENOC,ENERNOC INC,left,10,3546
ENR,ENERGIZER HOLDINGS INC,left,10,2888
ENS,ENERSYS INC,left,10,3451
ENSG,ENSIGN GROUP INC,left,10,3827
ENTG,ENTEGRIS INC,left,10,3922
ENTR,ENTROPIC COMMUNICATIONS,left,10,4485
ENZ,ENZO BIOCHEM INC,left,10,4674
ENZN,ENZON PHARMACEUTICALS,left,10,4579
EOG,EOG RESOURCES INC,left,10,2324
EP,EL PASO CORP,left,10,5049
EPAX,AMBASSADORS GROUP INC,left,2,5049
EPAY,BOTTOMLINE TECHNOLOGIES,left,5,2794
EPHC,EPOCH HOLDING CORP,left,10,4955
EPIC,EPICOR SOFTWARE CORP,left,10,4861
EPIQ,EPIQ SYSTEMS INC,left,10,2419
EPL,ENERGY PARTNERS LTD,left,10,3264
EPM,EVOLUTION PETROLEUM COR,left,11,1948
EPR,ENTERTAINMENT PPTYS TR,left,10,4298
EQIX,EQUINIX INC,left,10,5143
EQR,EQUITY RESIDENTIAL,left,11,915
EQT,EQT CORPORATION,left,10,2606
EQY,EQUITY ONE INC,left,11,821
ERES,ERESEARCHTECHNOLOGY INC,left,11,1009
ERIE,ERIE INDEMNITY CO,left,11,1103
ERII,ENERGY RECOVERY INC,left,10,3170
ERTS,ELECTRONIC ARTS INC,left,10,915
ES,ENERGYSOLUTIONS INC,left,10,3358
ESBF,ESB FINANCIAL CORP,left,10,2512
ESC,EMERITUS CORP,left,10,1572
ESE,ESCO TECHNOLOGIES INC,left,11,1196
ESGR,ENSTAR GROUP LIMITED,left,31,1948
ESI,ITT EDUCATIONAL SVCS IN,left,14,4391
ESIO,ELECTRO SCIENTIFIC INDS,left,10,821
ESL,ESTERLINE TECHNOLOGIES,left,11,1479
ESLR,EVERGREEN SOLAR INC,left,11,1854
ESRX,EXPRESS SCRIPTS INC,left,11,3076
ESS,ESSEX PROPERTY TRUST IN,left,11,1385
ESSA,ESSA BANCORP INC,left,11,1291
ETFCD,E TRADE FINANCIAL CORP,left,10,2794
ETH,ETHAN ALLEN INTERIORS,left,11,1572
ETM,ENTERCOM COMMUNICATIONS,left,10,4016
ETN,EATON CORP,left,10,3640
ETR,ENTERGY CORP,left,10,4109
EURX,EURAND N V,left,32,2136
EV,EATON VANCE CORP,left,10,3734
EVC,ENTRAVISION COMM,left,10,4391
EVR,EVERCORE PARTNERS,left,11,1761
EVVV,EV3 INC,left,10,2982
EW,EDWARDS LIFESCIENCES,left,10,4767
EWBC,EAST WEST BANCORP INC,left,10,3264
EXAC,EXACTECH INC,left,11,2230
EXAR,EXAR CORP,left,11,2136
EXAS,EXACT SCIENCES CORP,left,11,2043
EXBD,CORPORATE EXECUTIVE,left,8,4955
EXC,EXELON CORP,left,11,2419
EXEL,EXELIXIS INC,left,11,2512
EXH,EXTERRAN HOLDINGS INC,left,11,3358
EXL,EXCEL TR INC,left,11,2324
EXLS,EXLSERVICE HOLDINGS INC,left,11,2700
EXM,EXCEL MARITIME CARRIERS,left,32,1196
EXP,EAGLE MATERIALS INC,left,10,3076
EXPD,EXPEDITORS INTL OF WASH,left,11,2888
EXPE,EXPEDIA INC,left,11,2794
EXPO,EXPONENT INC,left,11,2982
EXPR,EXPRESS INC,left,11,3170
EXR,EXTRA SPACE STORAGE INC,left,11,3264
EXTR,EXTREME NETWORKS INC,left,11,3451
EXXI,ENERGY XXI (BERMUDA) LT,left,31,1103
EZPW,EZCORP INC,left,11,3546
F,FORD MOTOR CO,left,12,2043
FAF,FIRST AMERICAN FINL COR,left,11,2794
FALC,FALCONSTOR SOFTWARE,left,11,5049
FARM,FARMER BROS CO,left,11,727
FARO,FARO TECHNOLOGIES INC,left,11,821
FAST,FASTENAL CO,left,11,915
FBC,FLAGSTAR BANCORP INC,left,12,1103
FBCM,FBR CAPITAL MARKETS COR,left,11,4016
FBN,FURNITURE BRANDS INTL,left,12,4579
FBNC,FIRST BANCORP NC,left,11,3076
FBP,FIRST BANCORP PR,left,11,2982
FC,FRANKLIN COVEY CO,left,12,3264
FCBC,FIRST CMNTY BANCSHAR,left,11,3546
FCE.A,FOREST CITY ENTRPRS,left,12,2136
FCEL,FUELCELL ENERGY INC,left,12,4203
FCF,FIRST COMMONWLTH FINL,left,11,3451
FCFS,FIRST CASH FINANCIAL,left,11,3264
FCH,FELCOR LODGING TRUST IN,left,11,1572
FCN,FTI CONSULTING INC,left,11,4674
FCNCA,FIRST CITIZENS BANCSHRS,left,11,3358
FCS,FAIRCHILD SEMICONDUCTOR,left,11,4955
FCX,FREEPORT-MCMORAN C&G,left,12,3734
FDML,FEDERAL MOGUL CORP,left,11,1103
FDO,FAMILY DOLLAR STORES,left,11,5143
FDP,FRESH DEL MONTE PRODUCE,left,31,2136
FDS,FACTSET RESEARCH SYSTEM,left,11,4767
FDX,FEDEX CORP,left,11,1479
FE,FIRSTENERGY CORP,left,12,1196
FEIC,FEI CO,left,11,3827
FELE,FRANKLIN ELECTRIC CO,left,12,3358
FFBC,FIRST FINANCIAL BANCORP,left,11,3640
FFCH,FIRST FINANCIAL HOLDING,left,11,3922
FFG,FBL FINANCIAL GROUP INC,left,11,3734
FFIC,FLUSHING FINANCIAL CORP,left,12,1761
FFIN,FIRST FINL BANKSHARES,left,11,3734
FFIV,F5 NETWORKS INC,left,11,1854
FHCO,FEMALE HEALTH CO,left,11,1667
FHN,FIRST HORIZON NATL CORP,left,11,4016
FIBK,FIRST INTST BANCSYSTEM,left,11,4203
FICO,FAIR ISAAC CORP,left,11,4861
FII,FEDERATED INVESTORS INC,left,11,1385
FINL,FINISH LINE INC,left,11,2700
FIRE,SOURCEFIRE INC,left,26,3264
FIS,FIDELITY NATL INFO SVCS,left,11,2043
FISI,FINANCIAL INSTNS INC,left,11,2512
FISV,FISERV INC,left,12,821
FITB,FIFTH THIRD BANCORP,left,11,2230
FIX,COMFORT SYSTEMS USA INC,left,7,3734
FIZZ,NATIONAL BEVERAGE CORP,left,20,2136
FL,FOOT LOCKER INC,left,12,1854
FLIC,FIRST LONG ISLAND CORP,left,11,4298
FLIR,FLIR SYSTEMS INC,left,11,3922
FLO,FLOWERS FOODS INC,left,12,1572
FLOW,FLOW INTL CORP,left,12,1479
FLR,FLUOR CORP,left,12,1385
FLS,FLOWSERVE CORP,left,12,1667
FLWS,1-800 FLOWERS COM,left,21,5049
FMBI,FIRST MIDWEST BANCORP,left,11,4674
FMC,FMC CORP,left,11,4109
FMD,FIRST MARBLEHEAD CORP,left,11,4391
FMER,FIRSTMERIT CORP,left,12,1009
FMR,FIRST MERCURY FINL CORP,left,11,4579
FNB,FNB CORP,left,11,4298
FNF,FIDELITY NATIONAL FINL,left,11,2136
FNFG,FIRST NIAGARA FINL GRP,left,11,4767
FNGN,FINANCIAL ENGINES INC,left,11,2419
FNLC,FIRST BANCORP INC,left,11,2888
FNSR,FINISAR CORP,left,11,2606
FO,FORTUNE BRANDS INC,left,12,2794
FOE,FERRO CORP,left,11,1761
FOR,FORESTAR GROUP INC,left,12,2419
FORM,FORMFACTOR INC,left,12,2512
FORR,FORRESTER RESEARCH INC,left,12,2606
FOSL,FOSSIL INC,left,12,2982
FPIC,FPIC INSURANCE GROUP IN,left,11,4391
FPO,FIRST POTOMAC REALTY TR,left,11,4861
FR,FIRST INDUSTRIAL RLTY T,left,11,4109
FRED,FREDS INC,left,12,3640
FRM,FURMANITE CORP,left,12,4767
FRME,FIRST MERCHANTS CORP,left,11,4485
FRO,FRONTLINE LTD,left,31,2230
FRPT,FORCE PROTECTION INC,left,12,1948
FRT,FEDERAL REALTY INVT,left,11,1196
FRX,FOREST LABS INC,left,12,2230
FSBK,FIRST SOUTH BANCORP INC,left,11,5049
FSC,FIFTH STREET FINANCE,left,11,2324
FSCI,FISHER COMMUNICATIONS,left,12,915
FSII,FSI INTL INC,left,11,4485
FSLR,FIRST SOLAR INC,left,11,4955
FSP,FRANKLIN STREET PPTYS C,left,12,3546
FSR,FLAGSTONE REINSURANCE,left,32,1761
FSS,FEDERAL SIGNAL CORP,left,11,1291
FST,FOREST OIL CORP,left,12,2324
FSTR,FOSTER L B CO,left,12,3076
FSYS,FUEL SYSTEMS SOLUTIONS,left,12,4298
FTEK,FUEL TECH INC,left,12,4109
FTI,FMC TECHNOLOGIES INC,left,11,4203
FTNT,FORTINET INC,left,12,2700
FTO,FRONTIER OIL CORP,left,12,4016
FTR,FRONTIER COMMUNICATIONS,left,12,3922
FTWR,FIBERTOWER CORP,left,11,1948
FUBC,1ST UNITED BANCORP INC,left,12,727
FUL,FULLER H B CO,left,12,4391
FULT,FULTON FINANCIAL CORP,left,12,4485
FUR,WINTHROP REALTY TRUST,left,31,1291
FURX,FURIEX PHARMACEUTICALS,left,12,4674
FVE,FIVE STAR QUALITY CARE,left,12,1291
FWRD,FORWARD AIR CORP,left,12,2888
FXCB,FOX CHASE BANCORP,left,12,3170
FXEN,FX ENERGY INC,left,11,4579
G,GENPACT LTD,left,31,2512
GABC,GERMAN AMERICAN BANCORP,left,12,4391
GAIA,GAIAM INC,left,12,1291
GAIN,GLADSTONE INVESTMENT,left,12,5143
GAP,GREAT ATLANTIC & PAC TE,left,13,3734
GAS,NICOR INC,left,20,2982
GB,GREATBATCH INC,left,13,4109
GBCI,GLACIER BANCORP INC,left,12,4861
GBDC,GOLUB CAP BDC INC,left,13,2136
GBL,GAMCO INVESTORS INC,left,12,4955
GBX,GREENBRIER COMPANIES IN,left,13,4391
GCA,GLOBAL CASH ACCESS INC,left,13,915
GCI,GANNETT INC,left,12,1572
GCO,GENESCO INC,left,12,3076
GCOM,GLOBECOMM SYSTEMS INC,left,13,1761
GD,GENERAL DYNAMICS CORP,left,12,2606
GDI,GARDNER DENVER INC,left,12,1761
GDP,GOODRICH PETROLEUM CORP,left,13,2324
GE,GENERAL ELECTRIC CO,left,12,2700
GEF,GREIF INC,left,13,4674
GENZ,GENZYME CORP,left,12,4016
GEO,GEO GROUP INC,left,12,5143
GEOI,GEORESOURCES INC,left,12,3640
GEOY,GEOEYE INC,left,12,3922
GERN,GERON CORP,left,12,4485
GES,GUESS INC,left,13,5049
GET,GAYLORD ENTMT CO,left,12,2043
GFC,GEROVA FINANCIAL GROUP,left,31,2324
GFF,GRIFFON CORP,left,13,4861
GFIG,GFI GROUP INC,left,12,727
GGC,GEORGIA GULF CORP,left,12,4109
GGG,GRACO INC,left,13,2888
GGP,GENERAL GROWTH PPTYS IN,left,12,2794
GGS,GLOBAL GEOPHYSICAL SVCS,left,13,1479
GHDX,GENOMIC HEALTH INC,left,12,3451
GHL,GREENHILL & CO INC,left,13,4579
GHM,GRAHAM CORP,left,13,3076
GIFI,GULF ISLAND FABRICATION,left,13,727
GIII,G-III APPAREL GROUP LTD,left,12,915
GILD,GILEAD SCIENCES INC,left,12,4767
GIS,GENERAL MILLS INC,left,12,2888
GKSR,G&K SERVICES INC,left,12,4861
GLAD,GLADSTONE CAPITAL CORP,left,12,4955
GLBC,GLOBAL CROSSING LTD,left,31,2419
GLBL,GLOBAL INDUSTRIES LTD,left,13,1291
GLCH,GLEACHER & COMPANY INC,left,13,821
GLDD,GREAT LAKES DREDGE & DO,left,13,3827
GLF,GULFMARK OFFSHORE INC,left,13,821
GLG,GLG PARTNERS INC,left,13,1103
GLNG,GOLAR LNG LTD BERMUDA,left,32,915
GLRE,GREENLIGHT CAPITAL RE L,left,31,2700
GLT,GLATFELTER,left,13,727
GLW,CORNING INC,left,8,4861
GMCR,GREEN MTN COFFEE ROASTE,left,13,4203
GME,GAMESTOP CORP,left,12,1479
GMO,GENERAL MOLY INC,left,12,2982
GMR,GENERAL MARITIME CORP,left,32,1854
GMT,GATX CORP,left,12,5049
GMXR,GMX RESOURCES INC,left,13,1854
GNA,GERDAU AMERISTEEL CORP,left,12,4298
GNCMA,GENERAL COMMUNICATION,left,12,2512
GNK,GENCO SHIPPING & TRADIN,left,32,1761
GNRC,GENERAC HOLDINGS INC,left,12,2324
GNTX,GENTEX CORP,left,12,3264
GNW,GENWORTH FINANCIAL INC,left,12,3827
GOOD,GLADSTONE COMMERCIAL,left,12,5049
GOOG,GOOGLE INC,left,13,2512
GOV,GOVERNMENT PPTY INCOME,left,13,2700
GPC,GENUINE PARTS CO,left,12,3546
GPI,GROUP 1 AUTOMOTIVE INC,left,13,4955
GPK,GRAPHIC PACKAGING HLDG,left,13,3546
GPN,GLOBAL PAYMENTS INC,left,13,1385
GPOR,GULFPORT ENERGY CORP,left,13,915
GPRE,GREEN PLAINS RENEWABLE,left,13,4298
GPRO,GEN-PROBE INC,left,12,2136
GPS,GAP INC,left,12,1667
GPX,GP STRATEGIES CORP,left,12,821
GR,GOODRICH CORP,left,13,2230
GRA,GRACE W R & CO,left,13,2794
GRB,GERBER SCIENTIFIC INC,left,12,4203
GRC,GORMAN RUPP CO,left,13,2606
GRIF,GRIFFIN LAND & NURSERIE,left,13,4767
GRM,GRAHAM PACKAGING CO INC,left,13,3170
GRMN,GARMIN LTD,left,32,1572
GRNB,GREEN BANKSHARES INC,left,13,4485
GRT,GLIMCHER REALTY TRUST,left,13,1196
GS,GOLDMAN SACHS GROUP INC,left,13,2043
GSAT,GLOBALSTAR INC,left,13,1009
GSBC,GREAT SOUTHERN BANCORP,left,13,3922
GSIC,GSI COMMERCE INC,left,12,1009
GSIT,GSI TECHNOLOGY,left,12,1196
GSM,GLOBE SPECIALTY METALS,left,13,1667
GSOL,GLOBAL SOURCES LTD,left,31,2606
GSS,GOLDEN STAR RES LTD CDA,left,13,1948
GST,GASTAR EXPL LTD,left,12,1948
GT,GOODYEAR TIRE & RUBBER,left,13,2419
GTEC,GLOBAL DEFENSE TECH,left,13,1572
GTI,GRAFTECH INTL LTD,left,13,2982
GTIV,GENTIVA HEALTH SERVICES,left,12,3734
GTLS,CHART INDUSTRIES INC,left,6,4955
GTN,GRAY TELEVISION INC,left,13,3640
GTS,TRIPLE-S MANAGEMENT COR,left,28,2606
GTY,GETTY REALTY CORP,left,12,4579
GUID,GUIDANCE SOFTWARE INC,left,13,5143
GVA,GRANITE CONSTR INC,left,13,3451
GWR,GENESEE & WYOMING INC,left,12,3170
GWW,GRAINGER W W INC,left,13,3264
GXDX,GENOPTIX INC,left,12,3358
GXP,GREAT PLAINS ENERGY INC,left,13,4016
GY,GENCORP INC,left,12,2230
GYMB,GYMBOREE CORP,left,13,1009
H,HYATT HOTELS CORP,left,14,3358
HA,HAWAIIAN HOLDINGS INC,left,13,4579
HAE,HAEMONETICS CORP,left,13,1948
HAFC,HANMI FINANCIAL CORP,left,13,2794
HAIN,HAIN CELESTIAL GROUP,left,13,2043
HAL,HALLIBURTON CO,left,13,2230
HALL,HALLMARK FINL SVCS INC,left,13,2324
HALO,HALOZYME THERAPEUTICS,left,13,2419
HANS,HANSEN NAT CORP,left,13,3076
HAR,HARMAN INTERNATIONAL IN,left,13,3451
HAS,HASBRO INC,left,13,4203
HAWK,SEAHAWK DRILLING INC,left,25,1385
HAYN,HAYNES INTERNATIONAL IN,left,13,4861
HBAN,HUNTINGTON BANCSHARES,left,14,2982
HBCP,HOME BANCORP INC,left,14,4955
HBHC,HANCOCK HOLDING CO,left,13,2512
HBI,HANESBRAND INC,left,13,2606
HBOS,HERITAGE FINANCIAL GROU,left,14,2888
HCBK,HUDSON CITY BANCORP,left,14,2324
HCC,HCC INSURANCE HLDGS IN,left,13,1196
HCKT,HACKETT GROUP INC,left,13,1854
HCN,HEALTH CARE REIT INC,left,14,915
HCP,HCP INC,left,13,1291
HCSG,HEALTHCARE SVCS GRP INC,left,13,4955
HD,HOME DEPOT INC,left,14,5049
HE,HAWAIIAN ELECTRIC INDS,left,13,4485
HEES,H&E EQUIPMENT SERVICES,left,13,1103
HEI,HEICO CORP,left,14,2043
HEK,HECKMANN CORP,left,14,1854
HELE,HELEN OF TROY LTD,left,31,2794
HERO,HERCULES OFFSHORE INC,left,14,2606
HES,HESS CORP,left,14,3358
HEV,ENER1 INC,left,10,3076
HEW,HEWITT ASSOCIATES INC,left,14,3451
HF,HFF INC,left,13,1385
HFWA,HERITAGE FINANCIAL CORP,left,14,2794
HGG,HHGREGG INC,left,14,3734
HGIC,HARLEYSVILLE GROUP INC,left,13,3358
HGR,HANGER ORTHOPEDIC GROUP,left,13,2700
HGRD,HEALTH GRADES INC,left,14,1009
HGSI,HUMAN GENOME SCIENCES,left,14,2794
HHGP,HUDSON HIGHLAND GROUP,left,14,2419
HHS,HARTE HANKS INC,left,13,3922
HI,HILLENBRAND INC,left,14,4298
HIBB,HIBBETT SPORTS INC,left,14,3922
HIG,HARTFORD FINL SVCS GRP,left,13,4016
HIL,HILL INTERNATIONAL INC,left,14,4109
HITK,HI-TECH PHARMACAL CO IN,left,14,3827
HITT,HITTITE MICROWAVE CORP,left,14,4485
HIW,HIGHWOODS PROPERTIES IN,left,14,4016
HK,PETROHAWK ENERGY CORP,left,22,2230
HL,HECLA MINING CO,left,14,1948
HLF,HERBALIFE LTD,left,31,2888
HLIT,HARMONIC INC,left,13,3546
HLS,HEALTHSOUTH CORP,left,13,5049
HLX,HELIX ENERGY SOLUTIONS,left,14,2324
HMA,HEALTH MGMT ASSOC INC,left,13,5143
HME,HOME PROPERTIES INC,left,14,727
HMN,HORACE MANN EDUCATORS,left,14,1009
HMSY,HMS HOLDINGS CORP,left,13,1572
HNI,HNI CORPORATION,left,13,1479
HNR,HARVEST NATURAL RES,left,13,4109
HNRG,HALLADOR ENERGY CO,left,13,2136
HNSN,HANSEN MEDICAL INC,left,13,2982
HNT,HEALTH NET INC,left,14,1103
HNZ,HEINZ H J CO,left,14,2230
HOC,HOLLY CORP,left,14,4674
HOFT,HOOKER FURNITURE CORP,left,14,915
HOG,HARLEY DAVIDSON INC,left,13,3264
HOKU,HOKU CORPORATION,left,14,4579
HOLX,HOLOGIC INC,left,14,4767
HOMB,HOME BANCSHARES INC,left,14,4861
HOME,HOME FEDERAL BANCORP,left,14,5143
HON,HONEYWELL INTERNATIONAL,left,14,821
HOS,HORNBECK OFFSHORE SVCS,left,14,1291
HOT,STARWOOD HOTELS & RESRT,left,26,2794
HOTT,HOT TOPIC INC,left,14,1761
HOV,HOVNANIAN ENTERPRISES,left,14,2043
HP,HELMERICH & PAYNE INC,left,14,2419
HPQ,HEWLETT PACKARD CO,left,14,3546
HPT,HOSPITALITY PPTYS TRUST,left,14,1572
HPY,HEARTLAND PAYMENT SYS,left,14,1667
HR,HEALTHCARE REALTY TRUST,left,14,727
HRB,BLOCK H & R INC,left,5,1009
HRC,HILL-ROM HOLDINGS INC,left,14,4203
HRG,HARBINGER GROUP INC,left,13,3170
HRL,HORMEL FOODS CORP,left,14,1196
HRLY,HERLEY INDUSTRIES INC,left,14,2982
HRP,HRPT PROPERTIES TRUST,left,13,1667
HRS,HARRIS CORP,left,13,3734
HRZ,HORIZON LINES INC,left,14,1103
HS,HEALTHSPRING INC,left,14,1385
HSC,HARSCO CORP,left,13,3827
HSIC,SCHEIN HENRY INC,left,25,4203
HSII,HEIDRICK & STRUGGLES,left,14,2136
HSNI,HSN INC,left,13,1761
HSP,HOSPIRA INC,left,14,1479
HST,HOST HOTELS & RESORTS,left,14,1667
HSY,HERSHEY COMPANY,left,14,3170
HT,HERSHA HOSPITALITY TRUS,left,14,3076
HTCH,HUTCHINSON TECHNOLOGY,left,14,3264
HTGC,HERCULES TECHNOLOGY GR,left,14,2700
HTH,HILLTOP HOLDINGS INC,left,14,4391
HTLD,HEARTLAND EXPRESS INC,left,14,1479
HTLF,HEARTLAND FINANCIAL USA,left,14,1572
HTRN,HEALTHTRONICS INC,left,14,1196
HTS,HATTERAS FINL CORP,left,13,4298
HTWR,HEARTWARE INTL INC,left,14,1761
HTZ,HERTZ GLOBAL HOLDINGS,left,14,3264
HUB.B,HUBBELL INC,left,14,2230
HUBG,HUB GROUP INC,left,14,2136
HUGH,HUGHES COMMUNICATIONS,left,14,2606
HUM,HUMANA INC,left,14,2700
HUN,HUNTSMAN CORP,left,14,3076
HURN,HURON CONSULTING GROUP,left,14,3170
HUSA,HOUSTON AMERICAN ENERGY,left,14,1854
HUVL,HUDSON VALLEY HOLDING,left,14,2512
HVT,HAVERTY FURNITURE INC,left,13,4391
HW,HEADWATERS INC,left,14,821
HWAY,HEALTHWAYS INC,left,14,1291
HWCC,HOUSTON WIRE & CABLE,left,14,1948
HWK,HAWK CORP,left,13,4674
HWKN,HAWKINS INC,left,13,4767
HXL,HEXCEL CORP,left,14,3640
HYC,HYPERCOM CORP,left,14,3546
HZO,MARINEMAX INC,left,18,4203
IAAC,INTERNATIONAL ASSETS HL,left,15,821
IACI,IAC INTERACTIVECORP,left,14,3640
IART,INTEGRA LIFESCIENCES,left,15,3734
IBI,INTERLINE BRANDS INC,left,15,4955
IBKC,IBERIABANK CORP,left,14,4579
IBKR,INTERACTIVE BROKERS GRO,left,15,4579
IBM,INTL BUSINESS MACHINES,left,15,1009
IBOC,INTERNATIONAL BANCSHARE,left,15,915
ICE,INTERCONTINENTALEXCHANG,left,15,4674
ICFI,ICF INTERNATIONAL INC,left,14,3734
ICGE,INTERNET CAPITAL GROUP,left,15,1761
ICO,INTERNATIONAL COAL GRP,left,15,1103
ICOG,ICO GLOBAL COMM HLDGS,left,14,3922
ICON,ICONIX BRAND GROUP INC,left,14,4767
ICUI,ICU MEDICAL INC,left,14,3827
ICXT,ICX TECHNOLOGIES INC,left,14,4016
ID,L-1 IDENTITY SOLUTIONS,left,16,4485
IDA,IDACORP INC,left,14,4861
IDC,INTERACTIVE DATA CORP,left,15,4485
IDCC,INTERDIGITAL INC,left,15,4861
IDIX,IDENIX PHARMACEUTICALS,left,14,4955
IDT,IDT CORP,left,14,3451
IDTI,INTEGRATED DEVICE TECH,left,15,3922
IDXX,IDEXX LABS INC,left,14,5143
IEX,IDEX CORP,left,14,5049
IFF,INTL FLAVORS & FRAGRANC,left,15,1196
IFSIA,INTERFACE INC,left,15,4767
IGT,INTL GAME TECHNOLOGY,left,15,1291
IGTE,IGATE CORP,left,15,727
IHS,IHS INC,left,15,821
IIIN,INSTEEL INDUSTRIES INC,left,15,3546
IILG,INTERVAL LEISURE GRP IN,left,15,2136
IIVI,II VI INC,left,28,3734
IKAN,IKANOS COMMUNICATIONS,left,15,915
ILMN,ILLUMINA INC,left,15,1103
IM,INGRAM MICRO INC,left,15,2700
IMA,INVERNESS MED INNOVATIO,left,15,2794
IMGN,IMMUNOGEN INC,left,15,1479
IMKTA,INGLES MARKETS INC,left,15,2606
IMMR,IMMERSION CORP,left,15,1291
IMMU,IMMUNOMEDICS INC,left,15,1667
IMN,IMATION CORP,left,15,1196
IN,INTERMEC INC,left,15,5049
INAP,INTERNAP NETWORK SVCS C,left,15,727
INCY,INCYTE CORP,left,15,1854
INDB,INDEPENDENT BANK MA,left,15,1948
INDM,UNITED AMERICA INDEMNIT,left,29,2700
INET,INTERNET BRANDS INC,left,15,1854
INFA,INFORMATICA CORP,left,15,2230
INFI,INFINITY PHARMACEUTICAL,left,15,2043
INFN,INFINERA CORP,left,15,2324
INHX,INHIBITEX INC,left,15,2794
ININ,INTERACTIVE INTELLIGENC,left,15,4391
INO,INOVIO PHARMACEUTICALS,left,15,3264
INSP,INFOSPACE INC,left,15,2512
INSU,INSITUFORM TECHNOLOGIES,left,15,3076
INT,WORLD FUEL SVCS CORP,left,31,1854
INTC,INTEL CORP,left,15,4109
INTU,INTUIT,left,15,2324
INWK,INNERWORKINGS INC,left,15,3358
IO,ION GEOPHYSICAL CORP,left,15,3264
IP,INTERNATIONAL PAPER CO,left,15,1385
IPAR,INTER PARFUMS INC,left,15,4298
IPCC,INFINITY PPTY & CAS COR,left,15,2136
IPCM,IPC THE HOSPITALIST CO,left,14,4203
IPG,INTERPUBLIC GROUP OF CO,left,15,1948
IPGP,IPG PHOTONICS CORP,left,14,4109
IPHS,INNOPHOS HOLDINGS INC,left,15,3451
IPI,INTREPID POTASH INC,left,15,2606
IPSU,IMPERIAL SUGAR CO,left,15,1761
IPXL,IMPAX LABORATORIES INC,left,15,1572
IR,INGERSOLL-RAND PLC,left,31,2982
IRBT,IROBOT CORP,left,15,3546
IRC,INLAND REAL ESTATE CORP,left,15,2888
IRDM,IRIDIUM COMMUNICATIONS,left,15,3358
IRET,INVESTORS REAL ESTATE T,left,15,3170
IRF,INTERNATIONAL RECTIFIER,left,15,1479
IRIS,IRIS INTERNATIONAL INC,left,15,3451
IRM,IRON MOUNTAIN INC,left,15,3640
IRWD,IRONWOOD PHARMACEUTICAL,left,15,3734
ISBC,INVESTORS BANCORP INC,left,15,3076
ISCA,INTERNATIONAL SPEEDWAY,left,15,1667
ISH,INTL SHIPHOLDING CORP,left,15,1572
ISIL,INTERSIL CORP,left,15,2043
ISIS,ISIS PHARMACEUTICALS,left,15,3922
ISLE,ISLE OF CAPRI CASINOS,left,15,4016
ISLN,ISILON SYSTEMS INC,left,15,3827
ISPH,INSPIRE PHARMACEUTICALS,left,15,3170
ISRG,INTUITIVE SURGICAL INC,left,15,2512
ISRL,ISRAMCO INC,left,15,4109
ISSI,INTEGRATED SILICON S,left,15,4016
ISYS,INTEGRAL SYSTEMS INC,left,15,3827
IT,GARTNER INC,left,12,1854
ITC,ITC HOLDINGS CORP,left,15,4203
ITG,INVESTMENT TECHNOLOGY,left,15,2982
ITMN,INTERMUNE INC,left,15,5143
ITRI,ITRON INC,left,15,4298
ITT,ITT CORPORATION,left,14,4674
ITW,ILLINOIS TOOL WORKS INC,left,15,1009
IUSA,INFOGROUP INC,left,15,2419
IVAC,INTEVAC INC,left,15,2230
IVC,INVACARE CORP,left,15,2419
IVR,INVESCO MORTGAGE CAP,left,15,2888
IVZ,INVESCO LTD,left,31,3076
IXYS,IXYS CORP,left,15,4391
JACK,JACK IN THE BOX INC,left,16,727
JAG,JAGUAR MNG INC,left,16,915
JAH,JARDEN CORP,left,16,1385
JAKK,JAKKS PACIFIC INC,left,16,1009
JAS,JO-ANN STORES INC,left,16,1761
JAZZ,JAZZ PHARMACEUTICALS IN,left,16,1479
JBHT,HUNT J B TRANS SVCS,left,14,2888
JBL,JABIL CIRCUIT INC,left,15,5143
JBLU,JETBLUE AIRWAYS CORP,left,16,1667
JBSS,SANFILIPPO JOHN B & SON,left,25,2794
JBT,JOHN BEAN TECH CORP,left,16,1948
JCG,J CREW GROUP INC,left,15,4579
JCI,JOHNSON CONTROLS INC,left,16,2136
JCOM,J2 GLOBAL COMMUNICATION,left,15,4955
JCP,PENNEY J C INC,left,22,5049
JDAS,JDA SOFTWARE GROUP INC,left,15,4767
JDSU,JDS UNIPHASE CORP,left,15,4674
JEC,JACOBS ENGINEERING GRP,left,16,821
JEF,JEFFERIES GROUP INC,left,16,1572
JJSF,J & J SNACK FOODS CO,left,15,4485
JKHY,HENRY JACK & ASSOCIATES,left,14,2512
JLL,JONES LANG LASALLE INC,left,16,2419
JMBA,JAMBA INC,left,16,1103
JMP,JMP GROUP INC,left,15,5049
JNJ,JOHNSON & JOHNSON,left,16,2043
JNPR,JUNIPER NETWORKS INC,left,16,2794
JNS,JANUS CAPITAL GROUP INC,left,16,1291
JNY,JONES APPAREL GROUP INC,left,16,2324
JOE,ST JOE CO,left,25,1761
JOEZ,JOES JEANS INC,left,16,1854
JOSB,JOS A BANK CLOTHIERS IN,left,16,2512
JOUT,JOHNSON OUTDOORS INC,left,16,2230
JOYG,JOY GLOBAL INC,left,16,2700
JPM,JPMORGAN CHASE & CO,left,15,4861
JRCC,JAMES RIVER COAL CO,left,16,1196
JRN,JOURNAL COMMUNICATIONS,left,16,2606
JW.A,WILEY JOHN & SONS INC,left,30,4767
JWN,NORDSTROM INC,left,20,3640
K,KELLOGG CO,left,16,4861
KAI,KADANT INC,left,16,3827
KALU,KAISER ALUMINUM CORP,left,16,3922
KAMN,KAMAN CORP,left,16,4016
KAR,KAR AUCTION SERVICES IN,left,16,2888
KBALB,KIMBALL INTERNATIONAL,left,16,1572
KBH,KB HOME,left,16,4579
KBR,KBR INC,left,16,3076
KBW,KBW INC,left,16,2982
KCG,KNIGHT CAPITAL GROUP IN,left,16,2606
KCI,KINETIC CONCEPTS INC,left,16,2043
KCLI,KANSAS CITY LIFE INS CO,left,16,4109
KCP,COLE KENNETH PRODTNS,left,7,2794
KDN,KAYDON CORP,left,16,4391
KED,KAYNE ANDERSON ENERGY,left,16,4485
KEG,KEY ENERGY SERVICES INC,left,16,1103
KEI,KEITHLEY INSTRS INC,left,16,4767
KELYA,KELLY SERVICES INC,left,16,4955
KERX,KERYX BIOPHARMACEUTICAL,left,16,1009
KEX,KIRBY CORP,left,16,2230
KEY,KEYCORP,left,16,1196
KEYN,KEYNOTE SYSTEMS INC,left,16,1291
KFED,K FED BANCORP,left,16,3170
KFRC,KFORCE INC,left,16,1385
KFT,KRAFT FOODS INC,left,16,3451
KFY,KORN FERRY INTERNATIONA,left,16,3358
KG,KING PHARMACEUTICALS IN,left,16,2136
KID,KID BRANDS INC,left,16,1479
KIM,KIMCO REALTY CORP,left,16,1854
KIRK,KIRKLANDS INC,left,16,2324
KITD,KIT DIGITAL INC,left,16,3264
KKD,KRISPY KREME DOUGHNUTS,left,16,3734
KLAC,KLA-TENCOR CORP,left,16,3358
KLIC,KULICKE & SOFFA INDS,left,16,3922
KMB,KIMBERLY CLARK CORP,left,16,1761
KMGB,KMG CHEMICALS INC,left,16,3451
KMT,KENNAMETAL INC,left,16,727
KMX,CARMAX INC,left,6,5049
KND,KINDRED HEALTHCARE INC,left,16,1948
KNDL,KENDLE INTERNATIONAL IN,left,16,5049
KNL,KNOLL INC,left,16,2512
KNOL,KNOLOGY INC,left,16,2794
KNOT,KNOT INC,left,16,2888
KNSY,KENSEY NASH CORP,left,16,915
KNX,KNIGHT TRANSPORTATION,left,16,2700
KNXA,KENEXA CORP,left,16,5143
KO,COCA COLA CO,left,7,1479
KOG,KODIAK OIL & GAS CORP,left,16,2982
KOP,KOPPERS HOLDINGS INC,left,16,3264
KOPN,KOPIN CORP,left,16,3170
KR,KROGER CO,left,16,3827
KRA,KRATON PERF POLYMERS,left,16,3640
KRC,KILROY REALTY CORP,left,16,1667
KRG,KITE REALTY GROUP TRUST,left,16,2419
KRNY,KEARNY FINANCIAL CORP,left,16,4674
KS,KAPSTONE PAPER & PACKAG,left,16,4298
KSS,KOHLS CORP,left,16,3076
KSU,KANSAS CITY SOUTHERN,left,16,4203
KSWS,K-SWISS INC,left,16,3546
KTOS,KRATOS DEFENSE & SEC SO,left,16,3546
KVHI,KVH INDUSTRIES INC,left,16,3640
KW,KENNEDY-WILSON HLDGS IN,left,16,821
KWK,QUICKSILVER RESOURCES,left,23,2888
KWR,QUAKER CHEMICAL CORP,left,23,1761
L,LOEWS CORP,left,17,3358
LAB,LABRANCHE & CO INC,left,17,915
LABL,MULTI COLOR CORP,left,19,3546
LAD,LITHIA MOTORS INC,left,17,2606
LAMR,LAMAR ADVERTISING CO,left,17,1667
LANC,LANCASTER COLONY CORP,left,17,1761
LAVA,MAGMA DESIGN AUTOMATION,left,18,2794
LAWS,LAWSON PRODUCTS INC,left,17,2794
LAYN,LAYNE CHRISTENSEN CO,left,17,2982
LAZ,LAZARD LTD,left,31,3264
LB,LABARGE INC,left,16,5143
LBAI,LAKELAND BANCORP INC,left,17,1385
LBTYA,LIBERTY GLOBAL INC,left,17,4674
LBY,LIBBEY INC,left,17,4579
LCAPA,LIBERTY CAPITAL,left,17,4861
LCAV,LCA-VISION INC,left,16,4109
LCC,U S AIRWAYS GROUP INC,left,29,915
LCI,LANNETT CO INC,left,17,2324
LCUT,LIFETIME BRANDS INC,left,17,1196
LDL,LYDALL INC,left,17,4391
LDR,LANDAUER INC,left,17,2043
LDSH,LADISH INC,left,17,1196
LEA,LEAR CORP,left,17,3170
LEAP,LEAP WIRELESS INTL INC,left,17,3076
LECO,LINCOLN ELECTRIC HLDGS,left,17,1948
LEE,LEE ENTERPRISES INC,left,17,3546
LEG,LEGGETT & PLATT INC,left,17,3640
LEN,LENNAR CORP,left,17,3922
LF,LEAPFROG ENTERPRISES IN,left,17,3264
LFUS,LITTELFUSE INC,left,17,2700
LG,LACLEDE GROUP INC,left,17,1009
LGF,LIONS GATE ENTMNT CORP,left,17,2324
LGND,LIGAND PHARMACEUTICALS,left,17,1103
LH,LABORATORY CORP OF AMER,left,17,821
LHCG,LHC GROUP INC,left,16,4203
LHO,LASALLE HOTEL PROPERTIE,left,17,2512
LIFE,LIFE TECHNOLOGIES CORP,left,17,915
LII,LENNOX INTERNATIONAL IN,left,17,4016
LINC,LINCOLN EDUCATIONAL SVS,left,17,1854
LINTA,LIBERTY INTERACTIVE,left,17,4767
LIOX,LIONBRIDGE TECHNOLOGIES,left,17,2419
LIZ,LIZ CLAIBORNE INC,left,17,2982
LKFN,LAKELAND FINANCIAL CORP,left,17,1479
LKQX,LKQ CORP,left,16,4298
LL,LUMBER LIQUIDATORS HLDG,left,17,4203
LLEN,L & L ENERGY INC,left,16,4016
LLL,L-3 COMMUNICATIONS HLDG,left,16,5049
LLNW,LIMELIGHT NETWORKS INC,left,17,1385
LLTC,LINEAR TECHNOLOGY CO,left,17,2230
LLY,LILLY ELI & CO,left,17,1291
LM,LEGG MASON INC,left,17,3734
LMIA,LMI AEROSPACE INC,left,16,4391
LMNR,LIMONEIRA CO,left,17,1572
LMNX,LUMINEX CORP,left,17,4298
LMT,LOCKHEED MARTIN CORP,left,17,3170
LNC,LINCOLN NATIONAL CORP,left,17,2043
LNCE,LANCE INC,left,17,1854
LNCR,LINCARE HOLDINGS INC,left,17,1761
LNDC,LANDEC CORP,left,17,1948
LNET,LODGENET INTERACTIVE,left,17,3264
LNG,CHENIERE ENERGY INC,left,7,1103
LNN,LINDSAY CORP,left,17,2136
LNT,ALLIANT ENERGY CORP,left,2,3264
LNY,LANDRYS RESTAURANTS INC,left,17,2136
LO,LORILLARD INC,left,17,3734
LOCM,LOCAL COM CORP,left,17,3076
LOGM,LOGMEIN INC,left,17,3451
LOOP,LOOPNET INC,left,17,3546
LOPE,GRAND CANYON EDUCATION,left,13,3358
LORL,LORAL SPACE & COMM,left,17,3640
LOW,LOWES COS INC,left,17,3922
LPHI,LIFE PARTNERS HOLDINGS,left,17,727
LPNT,LIFEPOINT HOSPITALS,left,17,1009
LPS,LENDER PROCESSING SVCS,left,17,3827
LPSN,LIVEPERSON INC,left,17,2888
LPX,LOUISIANA PACIFIC CORP,left,17,3827
LQDT,LIQUIDITY SERVICES INC,left,17,2512
LRCX,LAM RESEARCH CORP,left,17,1572
LRN,K12 INC,left,16,3734
LRY,LIBERTY PROPERTY TRUST,left,17,5049
LSCC,LATTICE SEMICONDUCTOR,left,17,2606
LSE,CAPLEASE INC,left,6,3358
LSI,LSI CORPORATION,left,16,4674
LSTR,LANDSTAR SYSTEMS INC,left,17,2230
LSTZA,LIBERTY STARZ,left,17,4955
LTC,LTC PROPERTIES INC,left,16,4861
LTD,LIMITED BRANDS INC,left,17,1479
LTM,LIFE TIME FITNESS INC,left,17,821
LTRE,LEARNING TREE INTL INC,left,17,3358
LTS,LADENBURG THALMAN FIN,left,17,1291
LTXC,LTX-CREDENCE CORP,left,16,4955
LUFK,LUFKIN INDUSTRIES INC,left,17,4109
LUK,LEUCADIA NATIONAL CORP,left,17,4109
LUV,SOUTHWEST AIRLINES CO,left,26,3827
LVB,STEINWAY MUSICAL INS,left,26,3264
LVLT,LEVEL 3 COMMUNICATIONS,left,17,4203
LVS,LAS VEGAS SANDS CORP,left,17,2419
LWAY,LIFEWAY FOODS INC,left,17,5143
LWSN,LAWSON SOFTWARE INC,left,17,2888
LXK,LEXMARK INTERNATIONAL,left,17,4485
LXP,LEXINGTON REALTY TRUST,left,17,4391
LXRX,LEXICON PHARMACEUTICALS,left,17,4298
LXU,LSB INDUSTRIES INC,left,16,4579
LYTS,LSI INDUSTRIES INC,left,16,4767
LYV,LIVE NATION ENT INC,left,17,2794
LZ,LUBRIZOL CORP,left,17,4016
LZB,LA Z BOY INC,left,17,727
M,MACYS INC,left,18,2419
MA,MASTERCARD INC,left,18,1291
MAA,MID-AMER APT CMNTYS,left,19,3827
MAC,MACERICH CO,left,18,2230
MAIN,MAIN STREET CAPITAL COR,left,18,3076
MAKO,MAKO SURGICAL CORP,left,18,3264
MAN,MANPOWER INC,left,18,3640
MANH,MANHATTAN ASSOCS INC,left,18,3358
MANT,MANTECH INTERNATIONAL,left,18,3734
MAPP,MAP PHARMACEUTICALS INC,left,18,3827
MAR,MARRIOTT INTL INC,left,18,4955
MAS,MASCO CORP,left,18,915
MASI,MASIMO CORPORATION,left,18,1009
MAT,MATTEL INC,left,18,1479
MATK,MARTEK BIOSCIENCES CORP,left,18,5049
MATW,MATTHEWS INTERNATIONAL,left,18,1572
MAXY,MAXYGEN INC,left,18,2043
MBFI,MB FINANCIAL INC,left,17,4767
MBI,MBIA INC,left,17,4674
MBLX,METABOLIX INC,left,19,1948
MBVT,MERCHANTS BANCSHARES,left,19,821
MCCC,MEDIACOM COMM CORP,left,18,4109
MCD,MCDONALDS CORP,left,18,2700
MCF,CONTANGO OIL & GAS CO,left,8,3358
MCGC,MCG CAPITAL CORP,left,18,2794
MCHP,MICROCHIP TECHNOLOGY,left,19,3264
MCHX,MARCHEX INC,left,18,4016
MCK,MCKESSON CORP,left,18,3076
MCO,MOODYS CORP,left,19,2419
MCRI,MONARCH CASINO & RESORT,left,19,1667
MCRL,MICREL INC,left,19,2794
MCRS,MICROS SYSTEMS INC,left,19,2888
MCS,MARCUS CORP,left,18,4109
MCY,MERCURY GENERAL CORP,left,19,1103
MD,MEDNAX INC,left,18,4955
MDAS,MEDASSETS INC,left,18,3734
MDC,MDC HOLDINGS INC,left,17,4861
MDCI,MEDICAL ACTION INDS INC,left,18,4203
MDCO,MEDICINES CO,left,18,4391
MDF,METROPOLITAN HEALTH NET,left,19,2606
MDP,MEREDITH CORP,left,19,1196
MDR,MCDERMOTT INTL INC,left,18,2606
MDRX,ALLSCRIPTS-MISYS HLTH,left,2,3922
MDS,MIDAS GROUP INC,left,19,3922
MDSO,MEDIDATA SOLUTIONS INC,left,18,4674
MDT,MEDTRONIC INC,left,18,5049
MDTH,MEDCATH CORP,left,18,3827
MDU,MDU RESOURCES GROUP INC,left,17,4955
MDVN,MEDIVATION INC,left,18,4861
ME,MARINER ENERGY INC,left,18,4391
MEA,METALICO INC,left,19,2043
MEAS,MEASUREMENT SPECIALTIES,left,18,3546
MED,MEDIFAST INC,left,18,4579
MEDQ,MEDQUIST INC,left,18,4767
MEE,MASSEY ENERGY CORP,left,18,1103
MEG,MEDIA GENERAL INC,left,18,4016
MEI,METHODE ELECTRS INC,left,19,2230
MELA,MELA SCIENCES INC,left,18,915
MEND,MICRUS ENDOVASCULAR COR,left,19,3734
MENT,MENTOR GRAPHICS CORP,left,19,727
MERU,MERU NETWORKS INC,left,19,1761
MET,METLIFE INC,left,19,2324
METR,METRO BANCORP INC,left,19,2419
MF,MF GLOBAL HOLDINGS LTD,left,18,727
MFA,MFA FINANCIAL INC,left,17,5143
MFB,MAIDENFORM BRANDS INC,left,18,2982
MFE,MCAFEE INC,left,18,2230
MFLX,MULTI-FINELINE ELECTRON,left,19,3640
MFW,M & F WORLDWIDE CORP,left,17,4485
MG,MISTRAS GROUP INC,left,19,821
MGAM,MULTIMEDIA GAMES INC,left,19,3734
MGEE,MGE ENERGY INC,left,18,821
MGI,MONEYGRAM INTERNATIONAL,left,19,1761
MGLN,MAGELLAN HEALTH SVCS IN,left,18,2700
MGM,MGM RESORTS INTL,left,18,1103
MGPI,MGP INGREDIENTS INC,left,18,1196
MGRC,MCGRATH RENTCORP,left,18,2888
MHGC,MORGANS HOTEL GROUP CO,left,19,2700
MHK,MOHAWK INDUSTRIES INC,left,19,1196
MHLD,MAIDEN HOLDINGS LTD,left,31,3358
MHO,M/I HOMES INC,left,18,1291
MHP,MCGRAW HILL COS INC,left,18,2982
MHR,MAGNUM HUNTER RES CORP,left,18,2888
MHS,MEDCO HEALTH SOLUTIONS,left,18,3922
MI,MARSHALL & ILSLEY CORP,left,18,4861
MIDD,MIDDLEBY CORP,left,19,4016
MIG,MEADOWBROOK INS GROUP,left,18,3358
MIL,MILLIPORE CORP,left,19,4674
MILL,MILLER PETE INC,left,19,4579
MINI,MOBILE MINI INC,left,19,915
MIPS,MIPS TECHNOLOGIES INC,left,19,5049
MIR,MIRANT CORP NEW,left,19,5143
MITI,MICROMET INC,left,19,3358
MJN,MEAD JOHNSON NUTRITION,left,18,3264
MKC,MCCORMICK & CO INC,left,18,2419
MKL,MARKEL CORP,left,18,4485
MKSI,MKS INSTRUMENTS INC,left,18,1385
MKTX,MARKETAXESS HOLDINGS IN,left,18,4579
MLHR,HERMAN MILLER INC,left,19,4391
MLI,MUELLER INDUSTRIES INC,left,19,3358
MLM,MARTIN MARIETTA MTLS,left,18,821
MLNK,MODUSLINK GLB SOLUTIONS,left,19,1103
MLR,MILLER INDUSTRIES INC,left,19,4485
MMC,MARSH & MCLENNAN COS,left,18,4767
MMM,3M CO,left,28,3076
MMR,MCMORAN EXPLORATION CO,left,18,3170
MMS,MAXIMUS INC,left,18,2136
MMSI,MERIT MED SYSTEMS INC,left,19,1572
MNI,MCCLATCHY CO,left,18,2324
MNKD,MANNKIND CORP,left,18,3546
MNR,MONMOUTH REAL ESTATE,left,19,1854
MNRO,MONRO MUFFLER BRAKE INC,left,19,2136
MNTA,MOMENTA PHARMACEUTICALS,left,19,1572
MO,ALTRIA GROUP INC,left,2,4767
MOD,MODINE MANUFACTURING CO,left,19,1009
MOFG,MIDWESTONE FINL GROUP,left,19,4298
MOG.A,MOOG INC,left,19,2512
MOH,MOLINA HEALTHCARE INC,left,19,1385
MOLX,MOLEX INC,left,19,1291
MON,MONSANTO CO,left,19,2230
MORN,MORNINGSTAR INC,left,19,2794
MOS,MOSAIC COMPANY,left,19,2888
MOSY,MOSYS INC,left,19,2982
MOT,MOTOROLA INC,left,19,3076
MOV,MOVADO GROUP INC,left,19,3170
MOVE,MOVE INC,left,19,3264
MPG,MPG OFFICE TRUST INC,left,18,1479
MPR,MET-PRO CORP,left,19,1854
MPW,MEDICAL PROPERTIES TRUS,left,18,4298
MPWR,MONOLITHIC POWER SYSTEM,left,19,1948
MPX,MARINE PRODUCTS CORP,left,18,4298
MRCY,MERCURY COMPUTER SYSTEM,left,19,1009
MRGE,MERGE HEALTHCARE INC,left,19,1291
MRH,MONTPELIER RE HOLDINGS,left,31,3546
MRK,MERCK & CO INC,left,19,915
MRLN,MARLIN BUSINESS SVCS,left,18,4674
MRO,MARATHON OIL CORP,left,18,3922
MRTN,MARTEN TRANS LTD,left,18,5143
MRVL,MARVELL TECHNOLOGY GROU,left,31,3451
MRX,MEDICIS PHARMACEUTICAL,left,18,4485
MS,MORGAN STANLEY,left,19,2606
MSA,MINE SAFETY APPLIANCES,left,19,4861
MSCC,MICROSEMI CORP,left,19,3546
MSEX,MIDDLESEX WATER CO,left,19,4109
MSFG,MAINSOURCE FINANCIAL GR,left,18,3170
MSFT,MICROSOFT CORP,left,19,2982
MSG,MADISON SQUARE GARDEN,left,18,2606
MSL,MIDSOUTH BANCORP INC,left,19,4203
MSM,MSC INDL DIRECT INC,left,18,1572
MSO,MARTHA STEWART LIVING,left,18,727
MSPD,MINDSPEED TECHNOLOGIES,left,19,4767
MSSR,MCCORMICK & SCHMICKS,left,18,2512
MSTR,MICROSTRATEGY INC,left,19,3170
MSW,MISSION WEST PROPERTIES,left,19,727
MTB,M & T BANK CORP,left,17,4579
MTD,METTLER TOLEDO INTL INC,left,19,2700
MTG,MGIC INVESTMENT CORP,left,18,1009
MTH,MERITAGE HOMES CORP,left,19,1667
MTN,VAIL RESORTS INC,left,29,2324
MTRX,MATRIX SERVICE CO,left,18,1385
MTSC,MTS SYSTEMS CORP,left,18,1761
MTSN,MATTSON TECHNOLOGY INC,left,18,1667
MTW,MANITOWOC CO INC,left,18,3451
MTX,MINERALS TECHNOLOGIES,left,19,4955
MTZ,MASTEC INC,left,18,1196
MU,MICRON TECHNOLOGY INC,left,19,3451
MUR,MURPHY OIL CORP,left,19,3827
MUSA,METALS USA HLDGS CORP,left,19,2136
MVC,MVC CAPITAL INC,left,18,1854
MVIS,MICROVISION INC DEL,left,19,3076
MW,MENS WEARHOUSE INC,left,18,5143
MWA,MUELLER WTR PRODS INC,left,19,3451
MWIV,MWI VETERINARY SUPPLY,left,18,1948
MWV,MEADWESTVACO CORP,left,18,3451
MWW,MONSTER WORLDWIDE INC,left,19,2324
MXB,MSCI INC,left,18,1667
MXIM,MAXIM INTEGRATED PRODS,left,18,1761
MXL,MAXLINEAR INC,left,18,1948
MXWL,MAXWELL TECHNOLOGIES IN,left,18,1854
MYE,MYERS INDUSTRIES INC,left,19,3922
MYGN,MYRIAD GENETICS INC,left,19,4109
MYL,MYLAN INC,left,19,4016
MYRG,MYR GROUP INC DEL,left,18,2043
N,NETSUITE INC,left,20,727
NABI,NABI BIOPHARMACEUTICALS,left,20,1196
NAFC,NASH FINCH CO,left,20,1854
NAL,NEWALLIANCE BANCSHARES,left,20,1854
NANO,NANOMETRICS INC,left,20,1479
NARA,NARA BANCORP INC,left,20,1667
NASB,NASB FINANCIAL INC,left,19,4674
NAT,NORDIC AMERICAN TANKER,left,31,3827
NATI,NATIONAL INSTRS CORP,left,20,2700
NATL,NATIONAL INTERSTATE COR,left,20,2794
NATR,NATURES SUNSHINE PRODS,left,20,3827
NAUH,NATIONAL AMERN UNIV,left,20,1948
NAV,NAVISTAR INTL CORP NEW,left,20,4016
NAVG,NAVIGATORS GROUP INC,left,20,3734
NBIX,NEUROCRINE BIOSCIENCES,left,20,1103
NBL,NOBLE ENERGY INC,left,20,3358
NBR,NABORS INDUSTRIES LTD,left,31,3734
NBS,NEOSTEM INC,left,20,4579
NBTB,NBT BANCORP INC,left,19,4203
NC,NACCO INDUSTRIES INC,left,20,1291
NCI,NAVIGANT CONSULTING INC,left,20,4109
NCIT,NCI INC,left,19,4579
NCMI,NATIONAL CINEMEDIA INC,left,20,2230
NCR,NCR CORP,left,19,4485
NCS,NCI BUILDING SYSTEMS IN,left,19,4391
NCT,NEWCASTLE INVT CORP,left,20,1948
NDAQ,NASDAQ OMX GROUP INC,left,20,1761
NDN,99 CENTS ONLY STORES,left,20,3170
NDSN,NORDSON CORP,left,20,3546
NEE,NEXTERA ENERGY INC,left,20,2888
NEM,NEWMONT MINING CORP,left,20,2324
NENG,NETWORK ENGINES INC,left,20,915
NEOG,NEOGEN CORP,left,20,4485
NETL,NETLOGIC MICROSYSTEMS,left,20,5143
NEU,NEWMARKET CORPORATION,left,20,2230
NEWP,NEWPORT CORP,left,20,2512
NEWS,NEWSTAR FINANCIAL INC,left,20,2700
NFBK,NORTHFIELD BANCORP INC,left,20,4203
NFG,NATIONAL FUEL GAS CO,left,20,2512
NFLX,NETFLIX INC,left,20,4767
NFP,NATIONAL FINL PARTNERS,left,20,2419
NFX,NEWFIELD EXPLORATION CO,left,20,2136
NGA,NORTH AMERN GALVANZNG,left,20,3827
NGPC,NGP CAPITAL RESOURCES,left,19,4767
NGS,NATURAL GAS SERVICES GR,left,20,3640
NGSX,NEUROGESX INC,left,20,1009
NHC,NATIONAL HEALTHCARE COR,left,20,2324
NHI,NATIONAL HEALTH INVS IN,left,20,2606
NHP,NATIONWIDE HEALTH PPTYS,left,20,3546
NI,NISOURCE INC,left,20,3264
NIHD,NII HOLDINGS INC,left,19,4861
NILE,BLUE NILE INC,left,5,1291
NJR,NEW JERSEY RESOURCES,left,20,1479
NKE,NIKE INC,left,20,3076
NKSH,NATIONAL BANKSHARES INC,left,20,2043
NKTR,NEKTAR THERAPEUTICS,left,20,4298
NL,NL INDUSTRIES INC,left,19,5049
NLC,NALCO HOLDING COMPANY,left,20,1385
NLY,ANNALY CAPITAL MGMT INC,left,3,2324
NNI,NELNET INC,left,20,4391
NNN,NATIONAL RETAIL PPTYS,left,20,3264
NOC,NORTHROP GRUMMAN CORP,left,20,4298
NOG,NORTHERN OIL & GAS INC,left,20,4016
NOR,NORANDA ALUM HLDG CORP,left,20,3451
NOV,NATIONAL OILWELL VARCO,left,20,2888
NOVL,NOVELL INC,left,20,5049
NP,NEENAH PAPER INC,left,20,4203
NPBC,NATIONAL PENN BANCSHARE,left,20,2982
NPK,NATIONAL PRESTO INDS IN,left,20,3076
NPO,ENPRO INDUSTRIES INC,left,10,3734
NPSP,NPS PHARMACEUTICALS INC,left,19,5143
NR,NEWPARK RESOURCES INC,left,20,2419
NRCI,NATIONAL RESEARCH CORP,left,20,3170
NRF,NORTHSTAR REALTY FINANC,left,20,4391
NRG,NRG ENERGY INC,left,20,727
NSC,NORFOLK SOUTHERN CORP,left,20,3734
NSIT,INSIGHT ENTERPRISES INC,left,15,2982
NSM,NATIONAL SEMICONDUCTOR,left,20,3358
NSPH,NANOSPHERE INC,left,20,1572
NSR,NEUSTAR INC,left,20,1196
NST,NSTAR,left,21,821
NTAP,NETAPP INC,left,20,4674
NTCT,NETSCOUT SYSTEMS INC,left,20,5049
NTGR,NETGEAR INC,left,20,4955
NTLS,NTELOS HOLDINGS CORP,left,21,915
NTRI,NUTRI SYSTEM INC,left,21,1385
NTRS,NORTHERN TRUST CORP,left,20,4109
NTY,NBTY INC,left,19,4298
NU,NORTHEAST UTILITIES,left,20,3922
NUAN,NUANCE COMMUNICATIONS,left,21,1009
NUE,NUCOR CORP,left,21,1103
NUS,NU SKIN ENTERPRISES,left,21,727
NUTR,NUTRACEUTICAL INTL CORP,left,21,1196
NUVA,NUVASIVE INC,left,21,1479
NVAX,NOVAVAX INC,left,20,4955
NVDA,NVIDIA CORP,left,21,1291
NVE,NV ENERGY INC,left,21,1667
NVEC,NVE CORP,left,20,821
NVLS,NOVELLUS SYSTEMS INC,left,20,5143
NVR,NVR INC,left,20,915
NVTL,NOVATEL WIRELESS INC,left,20,4861
NWBI,NORTHWEST BANCSHARES IN,left,20,4485
NWE,NORTHWESTERN CORP,left,20,4767
NWK,NETWORK EQUIPMENT TECH,left,20,821
NWL,NEWELL RUBBERMAID INC,left,20,2043
NWLI,NATIONAL WESTRN LIFE IN,left,20,3451
NWN,NORTHWEST NATURAL GAS C,left,20,4579
NWPX,NORTHWEST PIPE CO,left,20,4674
NWSA,NEWS CORP,left,20,2606
NWY,NEW YORK & CO INC,left,20,1572
NX,QUANEX BUILDING PRODUCT,left,23,2230
NXST,NEXSTAR BROADCASTING GR,left,20,2794
NXTM,NXSTAGE MEDICAL INC,left,21,1572
NYB,NEW YORK CMNTY BANCORP,left,20,1667
NYM,NYMAGIC INC,left,20,1009
NYMX,NYMOX PHARMACEUTICAL,left,21,1761
NYNY,EMPIRE RESORTS INC,left,10,1948
NYT,NEW YORK TIMES CO,left,20,1761
NYX,NYSE EURONEXT,left,20,1103
NZ,NETEZZA CORP,left,20,4861
O,REALTY INCOME CORP,left,24,1667
OABC,OMNIAMERICAN BANCORP IN,left,21,4767
OB,ONEBEACON INSURANCE GRP,left,31,3922
OC,OWENS CORNING NEW,left,21,3546
OCFC,OCEANFIRST FINANCIAL,left,21,2700
OCLR,OCLARO INC,left,21,2794
OCN,OCWEN FINANCIAL CORP,left,21,2888
OCNW,OCCAM NETWORKS INC,left,21,2419
OCR,OMNICARE INC,left,21,3922
ODC,OIL DRI CORP OF AMERICA,left,21,3264
ODFL,OLD DOMINION FREIGHT,left,21,3451
ODP,OFFICE DEPOT INC,left,21,3076
ODSY,ODYSSEY HEALTHCARE INC,left,21,2982
OEH,ORIENT-EXPRESS HOTELS,left,31,4016
OFC,CORPORATE OFFICE PPTYS,left,8,5049
OFG,ORIENTAL FINANCIAL GROU,left,21,2324
OFIX,ORTHOFIX INTL N V,left,32,2230
OFLX,OMEGA FLEX INC,left,21,4203
OGE,OGE ENERGY CORP,left,21,1948
OHI,OMEGA HEALTHCARE INVS,left,21,4109
OI,OWENS ILLINOIS INC,left,21,3640
OII,OCEANEERING INTL INC,left,21,2606
OIS,OIL STATES INTERNATIONA,left,21,3358
OKE,ONEOK INC,left,21,5143
OKSB,SOUTHWEST BANCORP INC O,left,26,3922
OLN,OLIN CORP,left,21,3734
OLP,ONE LIBERTY PROPERTIES,left,21,4955
OMC,OMNICOM GROUP INC,left,21,4016
OMCL,OMNICELL INC,left,21,4485
OMER,OMEROS CORP,left,21,4579
OMG,OM GROUP INC,left,21,2043
OMI,OWENS & MINOR INC,left,21,3451
OMN,OMNOVA SOLUTIONS INC,left,21,4391
OMPI,OBAGI MEDICAL PROD INC,left,21,2324
OMX,OFFICEMAX INC,left,21,3170
ONB,OLD NATIONAL BANCORP,left,21,3546
ONNN,ON SEMICONDUCTOR CORP,left,21,4861
ONXX,ONYX PHARMACEUTICALS IN,left,21,821
OPEN,OPENTABLE INC,left,21,1009
OPK,OPKO HEALTH INC,left,21,1196
OPLK,OPLINK COMMUNICATIONS,left,21,1291
OPNT,OPNET TECHNOLOGIES INC,left,21,1103
OPTR,OPTIMER PHARMA INC,left,21,1761
OPWV,OPENWAVE SYSTEMS INC,left,21,915
OPXT,OPNEXT INC,left,21,1385
OPY,OPPENHEIMER HOLDINGS IN,left,21,1479
ORA,ORMAT TECHNOLOGIES INC,left,21,2606
ORB,ORBITAL SCIENCES CORP,left,21,1948
ORCC,ONLINE RESOURCES CORP,left,21,727
ORCL,ORACLE CORP,left,21,1572
OREX,OREXIGEN THERAPEUTICS,left,21,2230
ORI,OLD REPUBLIC INTL CORP,left,21,3640
ORITD,ORITANI FINANCIAL CORP,left,21,2512
ORLY,O REILLY AUTOMOTIVE INC,left,21,2136
ORN,ORION MARINE GROUP INC,left,21,2419
ORRF,ORRSTOWN FINL SVCS INC,left,21,2700
OSG,OVERSEAS SHIPHOLDNG GRP,left,21,3264
OSIR,OSIRIS THERAPEUTICS,left,21,2982
OSIS,OSI SYSTEMS INC,left,21,2136
OSK,OSHKOSH CORP,left,21,2888
OSTK,OVERSTOCK COM INC,left,21,3358
OSUR,ORASURE TECHNOLOGIES IN,left,21,1854
OTTR,OTTER TAIL CORP,left,21,3076
OUTD,OUTDOOR CHANNEL HLDGS,left,21,3170
OVTI,OMNIVISION TECHNOLOGIES,left,21,4298
OWW,ORBITZ WORLDWIDE INC,left,21,2043
OXM,OXFORD INDUSTRIES INC,left,21,3734
OXPS,OPTIONSXPRESS HOLDINGS,left,21,1667
OXY,OCCIDENTAL PETE CORP,left,21,2512
OYOG,OYO GEOSPACE CORP,left,21,2230
OZRK,BANK OF THE OZARKS INC,left,4,4955
PACR,PACER INTERNATIONAL INC,left,22,1572
PACW,PACWEST BANCORP,left,22,2043
PAET,PAETEC HOLDING CORP,left,22,2136
PAG,PENSKE AUTOMOTIVE GROUP,left,22,915
PALM,PALM INC,left,22,2419
PANL,UNIVERSAL DISPLAY CORP,left,29,4955
PAR,3PAR INC,left,28,3170
PATR,PATRIOT TRANSPORTATION,left,22,3922
PAY,VERIFONE SYSTEMS INC,left,29,4109
PAYX,PAYCHEX INC,left,22,4203
PBCT,PEOPLES UNITED FINANCIA,left,22,1291
PBH,PRESTIGE BRANDS HOLDING,left,23,3076
PBI,PITNEY BOWES INC,left,22,4674
PBIB,PORTER BANCORP INC,left,23,1385
PBNY,PROVIDENT NY BANCORP,left,23,915
PBY,PEP BOYS MANNY MOE&J,left,22,1385
PCAR,PACCAR INC,left,22,1479
PCBK,PACIFIC CONTINENTAL COR,left,22,1667
PCCC,P C CONNECTION,left,21,3922
PCG,PG&E CORP,left,21,4391
PCH,POTLATCH CORP,left,23,1761
PCL,PLUM CREEK TIMBER CO IN,left,22,5143
PCLN,PRICELINE COM INC,left,23,3264
PCP,PRECISION CASTPARTS,left,23,2606
PCS,METROPCS COMMUNICATIONS,left,19,2512
PCTI,PC-TEL INC,left,21,4016
PCX,PATRIOT COAL CORP,left,22,3827
PCYC,PHARMACYCLICS INC,left,22,2606
PDC,PIONEER DRILLING CO,left,22,4391
PDCO,PATTERSON COS INC,left,22,4016
PDE,PRIDE INTERNATIONAL INC,left,23,3451
PDFS,PDF SOLUTIONS INC,left,21,4109
PDII,PDI INC,left,21,4203
PDLI,PDL BIOPHARMA INC,left,21,4298
PDM,PIEDMONT OFFICE RLTY TR,left,22,3640
PEB,PEBBLEBROOK HOTEL TRUST,left,22,4485
PEBO,PEOPLES BANCORP INC,left,22,1196
PEET,PEETS COFFEE & TEA INC,left,22,4579
PEG,PUBLIC SVC ENTERPRISE,left,23,1196
PEGA,PEGASYSTEMS INC,left,22,4674
PEI,PENNSYLVANIA REAL ESTAT,left,22,727
PENN,PENN NATIONAL GAMING IN,left,22,4767
PEP,PEPSICO INC,left,22,1572
PERY,ELLIS PERRY INTL INC,left,10,1196
PETD,PETROLEUM DEV CORP,left,22,2324
PETM,PETSMART INC,left,22,2512
PETS,PETMED EXPRESS INC,left,22,2136
PFCB,P F CHANGS CHINA BISTRO,left,21,4579
PFE,PFIZER INC,left,22,2700
PFG,PRINCIPAL FINANCIAL GRP,left,23,3922
PFS,PROVIDENT FINANCIAL SVC,left,23,821
PFWD,PHASE FORWARD INC,left,22,3076
PG,PROCTER & GAMBLE CO,left,23,4109
PGC,PEAPACK-GLADSTONE FINL,left,22,4391
PGI,PREMIERE GLOBAL SERVICE,left,23,2794
PGN,PROGRESS ENERGY INC,left,23,4391
PGNX,PROGENICS PHARMACEUTICA,left,23,4298
PGR,PROGRESSIVE CORP,left,23,4579
PGTI,PGT INC,left,21,4861
PH,PARKER HANNIFIN CORP,left,22,3640
PHH,PHH CORPORATION,left,21,4485
PHIIK,PHI INC,left,21,4767
PHM,PULTEGROUP INC,left,23,1385
PHX,PANHANDLE OIL AND GAS,left,22,2700
PICO,PICO HOLDINGS INC,left,21,4674
PII,POLARIS INDUSTRIES INC,left,23,727
PIKE,PIKE ELECTRIC CORP,left,22,3827
PIR,PIER 1 IMPORTS INC,left,22,3734
PJC,PIPER JAFFRAY COMPANIES,left,22,4579
PKD,PARKER DRILLING CO,left,22,3546
PKE,PARK ELECTROCHEMICAL,left,22,3264
PKG,PACKAGING CORP OF AMER,left,22,1854
PKI,PERKINELMER INC,left,22,1948
PKOH,PARK OHIO HOLDINGS CORP,left,22,3451
PKY,PARKWAY PROPERTIES INC,left,22,3734
PL,PROTECTIVE LIFE CORP,left,23,5143
PLA,PLAYBOY ENTERPRISES,left,22,4955
PLAB,PHOTRONICS INC,left,22,3451
PLCE,CHILDRENS PLACE RETAIL,left,7,1854
PLCM,POLYCOM INC,left,23,915
PLD,PROLOGIS,left,23,4674
PLFE,PRESIDENTIAL LIFE CORP,left,23,2888
PLL,PALL CORP,left,22,2324
PLOW,DOUGLAS DYNAMICS INC,left,9,4016
PLPC,PREFORMED LINE PRODUCTS,left,23,2700
PLT,PLANTRONICS INC,left,22,4861
PLUS,EPLUS INC,left,10,4767
PLXS,PLEXUS CORP,left,22,5049
PLXT,PLX TECHNOLOGY INC,left,21,4955
PM,PHILIP MORRIS INTL,left,22,3170
PMACA,PMA CAPITAL CORP,left,21,5049
PMC,PHARMERICA CORP,left,22,2888
PMCS,PMC-SIERRA INC,left,21,5143
PMFG,PMFG INC,left,22,821
PMI,PMI GROUP INC,left,22,727
PMT,PENNYMAC MORTGAGE INV,left,22,821
PMTC,PARAMETRIC TECHNOLOGY,left,22,3076
PMTI,PALOMAR MEDICAL TECH,left,22,2512
PNC,PNC FINANCIAL SVCS GROU,left,22,915
PNCL,PINNACLE AIRL CORP,left,22,4016
PNFP,PINNACLE FINANCIAL,left,22,4203
PNK,PINNACLE ENTMT INC,left,22,4109
PNM,PNM RESOURCES INC,left,22,1009
PNNT,PENNANTPARK INVT CORP,left,22,4955
PNR,PENTAIR INC,left,22,1103
PNRA,PANERA BREAD CO,left,22,2606
PNSN,PENSON WORLDWIDE INC,left,22,1009
PNW,PINNACLE WEST CAPITAL C,left,22,4298
PNX,PHOENIX COMPANIES INC,left,22,3358
PNY,PIEDMONT NAT GAS INC,left,22,3546
PODD,INSULET CORP,left,15,3640
POL,POLYONE CORP,left,23,1009
POM,PEPCO HOLDINGS INC,left,22,1479
POOL,POOL CORP,left,23,1196
POR,PORTLAND GEN ELEC CO,left,23,1572
POWI,POWER INTEGRATIONS INC,left,23,1948
POWL,POWELL INDUSTRIES INC,left,23,1854
POWR,POWERSECURE INTL INC,left,23,2230
POZN,POZEN INC,left,23,2324
PPC,PILGRIMS PRIDE CORP NEW,left,22,3922
PPD,PRE PAID LEGAL SERVICES,left,23,2512
PPDI,PHARMACEUTICAL PROD,left,22,2794
PPG,PPG INDUSTRIES INC,left,22,1103
PPHM,PEREGRINE PHARMA INC,left,22,1667
PPL,PPL CORP,left,22,1196
PPO,POLYPORE INTL INC,left,23,1103
PPS,POST PROPERTIES INC,left,23,1667
PQ,PETROQUEST ENERGY INC,left,22,2419
PRA,PROASSURANCE CORP,left,23,4016
PRAA,PORTFOLIO RECOVERY ASSO,left,23,1479
PRE,PARTNERRE LTD,left,31,4109
PRFT,PERFICIENT INC,left,22,1761
PRGO,PERRIGO CO,left,22,2043
PRGS,PROGRESS SOFTWARE CORP,left,23,4485
PRI,PRIMERICA INC,left,23,3734
PRIM,PRIMORIS SVCS CORP,left,23,3640
PRK,PARK NATIONAL CORP,left,22,3358
PRM,PRIMEDIA INC,left,23,3546
PRO,PROS HOLDINGS INC,left,23,4767
PROJ,DELTEK INC,left,9,3170
PRS,PRIMUS GUARANTY LTD,left,31,4298
PRSC,PROVIDENCE SERVICE CORP,left,23,727
PRSP,PROSPERITY BANCSHARES,left,23,5049
PRST,PRESSTEK INC,left,23,2982
PRTS,US AUTO PARTS NETWRK IN,left,29,1009
PRU,PRUDENTIAL FINANCIAL IN,left,23,1009
PRX,PAR PHARMACEUTICAL COS,left,22,2982
PRXL,PAREXEL INTERNATIONAL,left,22,3170
PSA,PUBLIC STORAGE INC,left,23,1291
PSB,PS BUSINESS PARKS INC,left,22,1291
PSEC,PROSPECT CAPITAL CORP,left,23,4861
PSEM,PERICOM SEMICONDUCTOR,left,22,1854
PSMT,PRICESMART INC,left,23,3358
PSS,COLLECTIVE BRANDS INC,left,7,3170
PSSI,PSS WORLD MEDICAL INC,left,22,1385
PSUN,PACIFIC SUNWEAR OF CALI,left,22,1761
PSYS,PSYCHIATRIC SOLUTIONS,left,23,1103
PTEN,PATTERSON UTI ENERGY,left,22,4109
PTIE,PAIN THERAPEUTICS IN,left,22,2230
PTP,PLATINUM UNDERWRITER HL,left,31,4203
PTRY,PANTRY INC,left,22,2794
PTSI,P A M TRANSN SVCS INC,left,21,3827
PTV,PACTIV CORP,left,22,1948
PURE,PURE BIOSCIENCE,left,23,1479
PVA,PENN VIRGINIA CORP,left,22,4861
PVH,PHILLIPS VAN HEUSEN,left,22,3264
PVTB,PRIVATEBANCORP INC,left,23,4203
PWAV,POWERWAVE TECHNOLOGIES,left,23,2136
PWER,POWER-ONE INC,left,23,2043
PWOD,PENNS WOODS BANCORP INC,left,22,5143
PWR,QUANTA SERVICES INC,left,23,2324
PX,PRAXAIR INC,left,23,2419
PXD,PIONEER NAT RESOURCES C,left,22,4485
PXP,PLAINS EXPLORATION & PR,left,22,4767
PZN,PZENA INVESTMENT MGMT,left,23,1854
PZZ,PROSPECT MEDICAL HLDGS,left,23,4955
PZZA,PAPA JOHNS INTERNATIONA,left,22,2888
Q,QWEST COMMUNICATIONS,left,23,3264
QADI,QAD INC,left,23,1667
QCOM,QUALCOMM INC,left,23,1948
QCOR,QUESTCOR PHARM INC,left,23,2794
QDEL,QUIDEL CORP,left,23,3076
QLGC,QLOGIC CORP,left,23,1572
QLTY,QUALITY DISTRIBUTION IN,left,23,2043
QNST,QUINSTREET INC,left,23,3170
QSFT,QUEST SOFTWARE INC,left,23,2606
QSII,QUALITY SYSTEMS INC,left,23,2136
QTM,QUANTUM CORP,left,23,2419
R,RYDER SYSTEM INC,left,24,3546
RA,RAILAMERICA INC,left,23,4955
RAD,RITE AID CORP,left,24,5143
RADS,RADIANT SYSTEMS INC,left,23,4579
RAH,RALCORP HOLDINGS INC,left,23,5143
RAI,REYNOLDS AMERICAN INC,left,24,4674
RAIL,FREIGHTCAR AMERICA INC,left,12,3827
RAME,RAM ENERGY RESOURCES IN,left,24,727
RAS,RAIT FINANCIAL TRUST,left,23,3358
RAVN,RAVEN INDUSTRIES INC,left,24,1009
RAX,RACKSPACE HOSTING INC,left,23,4391
RBC,REGAL BELOIT CORP,left,24,2136
RBCAA,REPUBLIC BANCORP INC KY,left,24,3546
RBCN,RUBICON TECHNOLOGY INC,left,24,2794
RBI,SPORT SUPPLY GROUP INC,left,26,915
RBN,ROBBINS & MYERS INC,left,24,915
RCII,RENT A CENTER INC,left,24,3170
RCKB,ROCKVILLE FINL INC,left,24,1385
RCL,ROYAL CARIBBEAN CRUISES,left,32,1291
RCNI,RCN CORP,left,23,3451
RCRC,RC2 CORP,left,23,3546
RDC,ROWAN COMPANIES INC,left,24,2606
RDEA,ARDEA BIOSCIENCES INC,left,3,727
RDEN,ELIZABETH ARDEN INC,left,10,1103
RDK,RUDDICK CORP,left,24,2982
RDN,RADIAN GROUP INC,left,23,4485
RE,EVEREST RE GROUP LTD,left,31,2043
RECN,RESOURCES CONNECTION,left,24,4109
REG,REGENCY CENTERS CORP,left,24,2324
REGN,REGENERON PHARMACEUTICA,left,24,2419
RELL,RICHARDSON ELECTRONICS,left,24,4767
REN,RESOLUTE ENERGY CORP,left,24,3922
RENT,RENTRAK CORP,left,24,3358
RES,RPC INC,left,23,3734
REV,REVLON INC,left,24,4391
REVU,PRINCETON REVIEW INC,left,23,3827
REX,REX AMERICAN RESOURCES,left,24,4579
REXX,REX ENERGY CORP,left,24,4485
RF,REGIONS FINANCIAL CORP,left,24,2700
RFMD,RF MICRODEVICES INC,left,23,4298
RGA,REINSURANCE GRP OF AMER,left,24,2794
RGC,REGAL ENTMT GROUP,left,24,2230
RGLD,ROYAL GOLD INC,left,24,2700
RGR,STURM RUGER & CO INC,left,27,821
RGS,REGIS CORP,left,24,2512
RHB,REHABCARE GROUP INC,left,24,2606
RHI,ROBERT HALF INTL INC,left,24,1009
RHT,RED HAT INC,left,24,1761
RIGL,RIGEL PHARMACEUTICALS,left,24,4861
RIMG,RIMAGE CORP,left,24,5049
RJET,REPUBLIC AIRWAYS HLD,left,24,3451
RJF,RAYMOND JAMES FINANCIAL,left,24,1103
RKT,ROCK-TENN CO,left,24,1196
RL,POLO RALPH LAUREN CO,left,23,821
RLH,RED LION HOTELS CORP,left,24,1854
RLI,RLI CORP,left,23,3640
RLOC,REACHLOCAL INC,left,24,1479
RLRN,RENAISSANCE LEARNING IN,left,24,2982
RMBS,RAMBUS INC,left,23,5049
RMD,RESMED INC,left,24,3827
RNOW,RIGHTNOW TECHNOLOGIES,left,24,4955
RNR,RENAISSANCERE HOLDINGS,left,31,4391
RNST,RENASANT CORP,left,24,3076
RNWK,REALNETWORKS INC,left,24,1572
ROC,ROCKWOOD HOLDINGS INC,left,24,1572
ROCK,GIBRALTAR INDUSTRIES IN,left,12,4674
ROCM,ROCHESTER MEDICAL CORP,left,24,1103
RODM,RODMAN & RENSHAW CAP GP,left,24,1667
ROG,ROGERS CORP,left,24,1854
ROIAK,RADIO ONE INC,left,23,4674
ROIC,RETAIL OPPORTUNITY INVT,left,24,4298
ROK,ROCKWELL AUTOMATION INC,left,24,1291
ROL,ROLLINS INC,left,24,1948
ROLL,RBC BEARINGS INC,left,24,1385
ROMA,ROMA FINANCIAL CORP,left,24,2043
ROP,ROPER INDUSTRIES INC,left,24,2136
ROSE,ROSETTA RESOURCES INC,left,24,2230
ROST,ROSS STORES INC,left,24,2419
ROVI,ROVI CORPORATION,left,24,2512
RPM,RPM INTERNATIONAL INC,left,23,3827
RPT,RAMCO-GERSHENSON PPTYS,left,24,821
RRC,RANGE RESOURCES CORP,left,24,915
RRD,DONNELLEY R R & SONS CO,left,9,3546
RRGB,RED ROBIN GOURMET BURGE,left,24,1948
RRI,RRI ENERGY INC,left,23,3922
RRR,RSC HOLDINGS INC,left,23,4016
RRTS,ROADRUNNER TRNSN SVCS,left,24,821
RS,RELIANCE STEEL & ALUM,left,24,2888
RSCR,RES-CARE INC,left,24,3734
RSG,REPUBLIC SERVICES INC,left,24,3640
RSH,RADIOSHACK CORP,left,23,4767
RSO,RESOURCE CAPITAL CORP,left,24,4016
RST,ROSETTA STONE INC,left,24,2324
RSTI,ROFIN SINAR TECHNOLOGIE,left,24,1761
RSYS,RADISYS CORP,left,23,4861
RT,RUBY TUESDAY INC,left,24,2888
RTEC,RUDOLPH TECHNOLOGIES IN,left,24,3076
RTI,RTI INTERNATIONAL METAL,left,23,4109
RTIX,RTI BIOLOGICS INC,left,23,4203
RTK,RENTECH INC,left,24,3264
RTN,RAYTHEON CO,left,24,1291
RUE,RUE21 INC,left,24,3170
RURL,RURAL/METRO CORP,left,24,3264
RUSHA,RUSH ENTERPRISES INC,left,24,3358
RUTH,RUTH'S HOSPITALITY GROU,left,24,3451
RVBD,RIVERBED TECHNOLOGY INC,left,24,727
RVI,RETAIL VENTURES INC,left,24,4203
RWT,REDWOOD TRUST INC,left,24,2043
RYL,RYLAND GROUP INC,left,24,3640
RYN,RAYONIER INC,left,24,1196
S,SPRINT NEXTEL CORP,left,26,1009
SABA,SABA SOFTWARE INC,left,25,1009
SAFM,SANDERSON FARMS INC,left,25,2419
SAFT,SAFETY INSURANCE GRP IN,left,25,1479
SAH,SONIC AUTOMOTIVE INC,left,26,2606
SAI,SAIC INC,left,24,3922
SAIA,SAIA INC,left,25,1667
SAM,BOSTON BEER INC,left,5,2419
SANM,SANMINA SCI CORP,left,25,2982
SAPE,SAPIENT CORP,left,25,3264
SASR,SANDY SPRING BANCORP,left,25,2700
SATC,SATCON TECHNOLOGY CORP,left,25,3451
SATS,ECHOSTAR CORP,left,10,4203
SBAC,SBA COMMUNICATIONS CORP,left,24,3827
SBGI,SINCLAIR BROADCAST GROU,left,25,4861
SBH,SALLY BEAUTY HOLDINGS,left,25,2230
SBIB,STERLING BANCSHARES,left,26,3640
SBNY,SIGNATURE BANK,left,25,4016
SBP,SANTANDER BANCORP,left,25,3076
SBSI,SOUTHSIDE BANCSHARES IN,left,26,3734
SBUX,STARBUCKS CORP,left,26,2419
SBX,SEABRIGHT HOLDINGS INC,left,25,1103
SCBT,SCBT FINANCIAL CORP,left,24,4016
SCCO,SOUTHERN COPPER CORP,left,26,3546
SCG,SCANA CORP,left,25,3922
SCHL,SCHOLASTIC CORP,left,25,4579
SCHN,SCHNITZER STEEL INDS,left,25,4485
SCHS,SCHOOL SPECIALTY INC,left,25,4674
SCHW,SCHWAB CHARLES CORP,left,25,4861
SCI,SERVICE CORP INTL,left,25,2888
SCL,STEPAN CO,left,26,3546
SCLN,SCICLONE PHARMACEUTICAL,left,25,5049
SCMP,SUCAMPO PHARMA,left,27,1103
SCMR,SYCAMORE NETWORKS INC,left,27,3358
SCOR,COMSCORE INC,left,8,1291
SCS,STEELCASE INC,left,26,3076
SCSC,SCANSOURCE INC,left,25,4016
SCSS,SELECT COMFORT CORP,left,25,1854
SCVL,SHOE CARNIVAL INC,left,25,3358
SD,SANDRIDGE ENERGY INC,left,25,2606
SE,SPECTRA ENERGY CORP,left,26,4767
SEAC,SEACHANGE INTERNATIONAL,left,25,1196
SEB,SEABOARD CORP,left,25,1009
SEE,SEALED AIR CORP,left,25,1479
SEH,SPARTECH CORP,left,26,4674
SEIC,SEI INVESTMENTS CO,left,24,4109
SEM,SELECT MEDICAL HOLDINGS,left,25,1948
SENEA,SENECA FOODS CORP,left,25,2324
SENO,SENORX INC,left,25,2606
SF,STIFEL FINANCIAL CORP,left,26,4391
SFD,SMITHFIELD FOODS INC,left,26,1572
SFE,SAFEGUARD SCIENTIFICS,left,25,1385
SFG,STANCORP FINANCIAL GROU,left,26,1385
SFI,ISTAR FINANCIAL INC,left,14,4298
SFL,SHIP FINANCE INTL,left,31,4579
SFLY,SHUTTERFLY INC,left,25,3640
SFN,SFN GROUP INC,left,24,4203
SFNC,SIMMONS FIRST NATIONAL,left,25,4579
SFSF,SUCCESSFACTORS INC,left,27,915
SFY,SWIFT ENERGY CO,left,27,3170
SGEN,SEATTLE GENETICS INC,left,25,1761
SGI,SILICON GRAPHICS INTL,left,25,4485
SGK,SCHAWK INC,left,25,4109
SGMO,SANGAMO BIOSCIENCES INC,left,25,2888
SGMS,SCIENTIFIC GAMES CORP,left,25,5143
SGS,STREAM GLOBAL SVCS INC,left,26,5049
SGY,STONE ENERGY CORP,left,26,4579
SHAW,SHAW GROUP INC,left,25,2982
SHEN,SHENANDOAH TELECOMM CO,left,25,3076
SHFL,SHUFFLE MASTER INC,left,25,3546
SHLD,SEARS HOLDINGS CORP,left,25,1667
SHLM,SCHULMAN A INC,left,25,4767
SHLO,SHILOH INDUSTRIES INC,left,25,3264
SHO,SUNSTONE HOTEL INVS INC,left,27,1854
SHOO,MADDEN STEVEN LTD,left,18,2512
SHOR,SHORETEL INC,left,25,3451
SHS,SAUER-DANFOSS INC,left,25,3546
SHW,SHERWIN WILLIAMS CO,left,25,3170
SIAL,SIGMA ALDRICH CORP,left,25,3827
SIG,SIGNET JEWELERS LTD,left,31,4674
SIGA,SIGA TECHNOLOGIES INC,left,25,4109
SIGI,SELECTIVE INSURANCE GRP,left,25,2043
SIGM,SIGMA DESIGNS INC,left,25,3922
SII,SMITH INTERNATIONAL INC,left,26,1385
SIMG,SILICON IMAGE INC,left,25,4391
SIRI,SIRIUS XM RADIO INC,left,25,5049
SIRO,SIRONA DENTAL SYS INC,left,25,4955
SIVB,SVB FINANCIAL GROUP,left,25,915
SJI,SOUTH JERSEY INDUSTRIES,left,26,3358
SJM,SMUCKER J M CO,left,26,1667
SJW,SJW CORP,left,24,4298
SKH,SKILLED HEALTHCARE GROU,left,26,727
SKS,SAKS INC,left,25,1948
SKT,TANGER FACTORY OUTLET,left,27,2512
SKX,SKECHERS U S A INC,left,25,5143
SKY,SKYLINE CORP,left,26,821
SKYW,SKYWEST INC,left,26,915
SLAB,SILICON LABORATORIES IN,left,25,4203
SLB,SCHLUMBERGER LTD,left,25,4391
SLE,SARA LEE CORP,left,25,3358
SLG,SL GREEN REALTY CORP,left,24,4391
SLGN,SILGAN HOLDINGS INC,left,25,4298
SLH,SOLERA HOLDINGS INC,left,26,2043
SLM,SLM CORP,left,24,4485
SLRC,SOLAR CAPITAL LTD,left,26,1854
SLTM,SOLTA MEDICAL INC,left,26,2230
SLXP,SALIX PHARMACEUTICALS,left,25,2136
SM,SM ENERGY CO,left,24,4579
SMA,SYMMETRY MEDICAL INC,left,27,3827
SMBL,SMART BALANCE INC,left,26,1103
SMCI,SUPER MICRO COMPUTER IN,left,27,2043
SMG,SCOTTS MIRACLE-GRO CO,left,25,727
SMHG,SANDERS MORRIS HARRIS,left,25,2324
SMMX,SYMYX TECHNOLOGIES,left,27,3922
SMOD,SMART MODULAR TECH,left,31,4767
SMP,STANDARD MOTOR PRODUCTS,left,26,1572
SMRT,STEIN MART INC,left,26,3170
SMSC,STANDARD MICROSYSTEM,left,26,1479
SMSI,SMITH MICRO SOFTWARE IN,left,26,1479
SMTC,SEMTECH CORP,left,25,2136
SMTS,SOMANETICS CORP,left,26,2324
SNA,SNAP ON INC,left,26,1761
SNCR,SYNCHRONOSS TECHNOLOGY,left,27,4016
SNDK,SANDISK CORP,left,25,2512
SNH,SENIOR HOUSING PPTYS TR,left,25,2419
SNHY,SUN HYDRAULICS CORP,left,27,1479
SNI,SCRIPPS NTWK INTERACTIV,left,25,915
SNIC,SONIC SOLUTIONS,left,26,2700
SNMX,SENOMYX INC,left,25,2512
SNPS,SYNOPSYS INC,left,27,4203
SNTA,SYNTA PHARMA CORP,left,27,4579
SNTS,SANTARUS INC,left,25,3170
SNV,SYNOVUS FINANCIAL CORP,left,27,4298
SNWL,SONICWALL INC,left,26,2794
SNX,SYNNEX CORP,left,27,4674
SO,SOUTHERN CO,left,26,3451
SOA,SOLUTIA INC,left,26,2136
SOLR,GT SOLAR INTERNATIONAL,left,12,1103
SOMX,SOMAXON PHARMACEUTICALS,left,26,2419
SON,SONOCO PRODUCTS CO,left,26,2888
SONC,SONIC CORP,left,26,2512
SONE,S1 CORPORATION,left,24,4767
SONO,SONOSITE INC,left,26,2982
SONS,SONUS NETWORKS INC,left,26,3170
SPAR,SPARTAN MOTORS INC,left,26,4485
SPB,SPECTRUM BRANDS HOLDING,left,26,5143
SPEC,SPECTRUM CONTROL INC,left,26,4955
SPF,STANDARD PACIFIC CORP,left,26,1667
SPG,SIMON PROPERTY GROUP IN,left,25,4674
SPLS,STAPLES INC,left,26,2230
SPMD,SUPERMEDIA INC,left,27,2512
SPN,SUPERIOR ENERGY SERVICE,left,27,2230
SPNC,SPECTRANETICS CORP,left,26,4861
SPPI,SPECTRUM PHARMACEUTICAL,left,26,5049
SPR,SPIRIT AEROSYSTEMS,left,26,821
SPRT,SUPPORT.COM INC,left,27,2794
SPSC,SPS COMM INC,left,24,4861
SPTN,SPARTAN STORES INC,left,26,4579
SPW,SPX CORP,left,24,4674
SPWRA,SUNPOWER CORP,left,27,1667
SQNM,SEQUENOM INC,left,25,2794
SR,STANDARD REGISTER CO,left,26,1854
SRCE,1ST SOURCE CORP,left,11,5143
SRCL,STERICYCLE INC,left,26,3734
SRDX,SURMODICS INC,left,27,2888
SRE,SEMPRA ENERGY,left,25,2230
SRI,STONERIDGE INC,left,26,4674
SRSL,SRS LABS INC,left,24,4955
SRX,SRA INTERNATIONAL INC,left,24,5049
SRZ,SUNRISE SENIOR LIVING,left,27,1761
SSD,SIMPSON MANUFACTURING,left,25,4767
SSI,STAGE STORES INC,left,26,1196
SSNC,SS&C TECHNOLOGIES HLDGS,left,24,5143
SSP,SCRIPPS E W CO,left,25,821
SSS,SOVRAN SELF STORAGE,left,26,4298
SSYS,STRATASYS INC,left,26,4767
STAA,STAAR SURGICAL CO,left,26,1103
STAN,STANDARD PARKING CORP,left,26,1761
STBA,S & T BANCORP INC,left,24,3734
STBC,STATE BANCORP INC,left,26,2606
STC,STEWART INFORMATION,left,26,4298
STE,STERIS CORP,left,26,3827
STEC,STEC INC,left,25,727
STEI,STEWART ENTERPRISES,left,26,4203
STEL,STELLARONE CORP,left,26,3358
STEM,STEMCELLS INC,left,26,3451
STFC,STATE AUTO FINANCIAL,left,26,2512
STI,SUNTRUST BANKS INC,left,27,1948
STJ,ST JUDE MEDICAL INC,left,25,1854
STL,STERLING BANCORP,left,26,3922
STLD,STEEL DYNAMICS INC,left,26,2982
STMP,STAMPS COM INC,left,26,1291
STNG,SCORPIO TANKERS INC,left,32,1948
STNR,STEINER LEISURE LTD,left,32,1009
STR,QUESTAR CORP,left,23,2700
STRA,STRAYER EDUCATION INC,left,26,4955
STRI,STR HOLDINGS INC,left,25,821
STRL,STERLING CONSTRUCTION C,left,26,4109
STST,ARGON ST INC,left,3,1291
STT,STATE STREET CORP,left,26,2888
STU,STUDENT LOAN CORP,left,27,727
STWD,STARWOOD PPTY TRUST INC,left,26,2700
STX,SEAGATE TECHNOLOGY,left,31,4485
STXS,STEREOTAXIS INC,left,26,4016
STZ,CONSTELLATION BRANDS,left,8,3170
SUBK,SUFFOLK BANCORP,left,27,1009
SUG,SOUTHERN UNION CO,left,26,3640
SUI,SUN COMMUNITIES INC,left,27,1291
SUMR,SUMMER INFANT INC,left,27,1196
SUN,SUNOCO INC,left,27,1572
SUNH,SUN HEALTHCARE GROUP IN,left,27,1385
SUP,SUPERIOR INDUSTRIES INT,left,27,2324
SUPG,SUPERGEN INC,left,27,2136
SUPX,SUPERTEX INC,left,27,2606
SUR,CNA SURETY CORP,left,5,3734
SUSQ,SUSQUEHANNA BANCSHARES,left,27,2982
SUSS,SUSSER HOLDINGS CORP,left,27,3076
SVNT,SAVIENT PHARMACEUTICALS,left,25,3734
SVR,SYNIVERSE HOLDINGS INC,left,27,4861
SVU,SUPERVALU INC,left,27,2700
SVVS,SAVVIS INC,left,25,3827
SWC,STILLWATER MINING CO,left,26,4485
SWHC,SMITH & WESSON HOLDING,left,26,1196
SWI,SOLARWINDS INC,left,26,1948
SWK,STANLEY BLACK & DECKER,left,26,2043
SWKS,SKYWORKS SOLUTIONS INC,left,26,1009
SWM,SCHWEITZER-MAUDUIT INTL,left,25,4955
SWN,SOUTHWESTERN ENERGY CO,left,26,4203
SWS,SWS GROUP INC,left,25,1103
SWSI,SUPERIOR WELL SERVICES,left,27,2419
SWWC,SOUTHWEST WATER CO,left,26,4109
SWX,SOUTHWEST GAS CORP,left,26,4016
SWY,SAFEWAY INC,left,25,1572
SXCI,SXC HEALTH SOLUTIONS,left,25,1196
SXE,STANLEY INC,left,26,2136
SXI,STANDEX INTERNATIONAL,left,26,1948
SXT,SENSIENT TECHNOLOGIES,left,25,2700
SY,SYBASE INC,left,27,3264
SYA,SYMETRA FINANCIAL CORP,left,27,3640
SYBT,S Y BANCORP INC,left,25,1291
SYK,STRYKER CORP,left,26,5143
SYKE,SYKES ENTERPRISES INC,left,27,3451
SYMC,SYMANTEC CORP,left,27,3546
SYMM,SYMMETRICOM INC,left,27,3734
SYNA,SYNAPTICS INC,left,27,4109
SYNM,SYNTROLEUM CORP,left,27,4767
SYNO,SYNOVIS LIFE TECH INC,left,27,4391
SYNT,SYNTEL INC,left,27,4485
SYUT,SYNUTRA INTL INC,left,27,4955
SYX,SYSTEMAX INC,left,27,5143
SYY,SYSCO CORP,left,27,5049
T,AT&T INC,left,1,3200
TAL,TAL INTERNATIONAL GROUP,left,27,2136
TAP,MOLSON COORS BREWING CO,left,19,1479
TASR,TASER INTL INC,left,27,2794
TAST,CARROLS RESTAURANT GRP,left,6,1009
TAT,TRANSATLANTIC PETROLEUM,left,31,5049
TAXI,MEDALLION FINANCIAL COR,left,18,3640
TAYC,TAYLOR CAPITAL GROUP IN,left,27,2982
TBBK,BANCORP INC,left,4,4485
TBI,TRUEBLUE INC,left,28,2982
TBL,TIMBERLAND CO,left,28,3640
TBNK,TERRITORIAL BANCORP INC,left,28,915
TC,THOMPSON CREEK METALS,left,28,2606
TCAP,TRIANGLE CAPITAL CORP,left,28,2043
TCB,TCF FINANCIAL CORP,left,27,727
TCBI,TEXAS CAPITAL BANCSHARE,left,28,1572
TCBK,TRICO BANCSHARES,left,28,2230
TCO,TAUBMAN CENTERS INC,left,27,2888
TCRD,THL CR INC,left,27,1196
TDC,TERADATA CORP,left,27,5049
TDG,TRANSDIGM GROUP INC,left,28,1385
TDS,TELEPHONE & DATA SYSTEM,left,27,4203
TDSC,3D SYSTEMS CORP,left,28,2982
TDW,TIDEWATER INC,left,28,3358
TDY,TELEDYNE TECHNOLOGIES,left,27,4016
TE,TECO ENERGY INC,left,27,915
TECD,TECH DATA CORP,left,27,3264
TECH,TECHNE CORP,left,27,3358
TECUA,TECUMSEH PRODS CO,left,27,3640
TEG,INTEGRYS ENERGY GROUP,left,15,4203
TEN,TENNECO INC,left,27,4955
TER,TERADYNE INC,left,27,5143
TESO,TESCO CORP,left,28,1103
TESS,TESSCO TECHNOLOGIES INC,left,27,1009
TEX,TEREX CORP,left,28,727
TFSL,TFS FINL CORP,left,27,1103
TFX,TELEFLEX INC,left,27,4109
TG,TREDEGAR CORP,left,28,1761
TGH,TEXTAINER GROUP HLDGS,left,31,4955
TGI,TRIUMPH GROUP INC,left,28,2794
TGT,TARGET CORP,left,27,2700
THC,TENET HEALTHCARE CORP,left,27,4767
THFF,FIRST FINANCIAL CORP,left,11,3827
THG,HANOVER INSURANCE GROUP,left,13,2888
THMD,THERMADYNE HLDGS CORP,left,28,2136
THO,THOR INDUSTRIES INC,left,28,2794
THOR,THORATEC CORP,left,28,2888
THQI,THQ INC,left,27,1291
THRX,THERAVANCE INC,left,28,2043
THS,TREEHOUSE FOODS INC,left,28,1854
TIBX,TIBCO SOFTWARE INC,left,28,3264
TICC,TICC CAPITAL CORP,left,27,1385
TIE,TITANIUM METALS CORP,left,28,4203
TIER,TIER TECHNOLOGIES INC,left,28,3451
TIF,TIFFANY & CO,left,28,3546
TIN,TEMPLE INLAND INC,left,27,4485
TINY,HARRIS & HARRIS GROUP,left,13,3640
TISI,TEAM INC,left,27,3076
TITN,TITAN MACHINERY INC,left,28,4109
TIVO,TIVO INC,left,28,4298
TJX,TJX COMPANIES INC,left,27,1479
TK,TEEKAY CORP,left,32,2043
TKLC,TEKELEC,left,27,3827
TKR,TIMKEN CO,left,28,3922
TLAB,TELLABS INC,left,27,4391
TLB,TALBOTS INC,left,27,2230
TLCR,TALECRIS BIOTHERAPEUTIC,left,27,2324
TLEO,TALEO CORP,left,27,2419
TMH,TEAM HEALTH HOLDINGS IN,left,27,3170
TMK,TORCHMARK CORP,left,28,4767
TMO,THERMO FISHER SCIENTIFI,left,28,2230
TMP,TOMPKINS FINANCIAL CORP,left,28,4579
TMRK,TERREMARK WORLDWIDE INC,left,28,821
TNAV,TELENAV INC,left,27,4298
TNB,THOMAS & BETTS CORP,left,28,2324
TNC,TENNANT CO,left,27,4861
TNDM,NEUTRAL TANDEM INC,left,20,1385
TNK,TEEKAY TANKERS LTD,left,32,2136
TNL,TECHNITROL INC,left,27,3451
TNS,TNS INC,left,27,1667
TOBC,TOWER BANCORP INC,left,28,4955
TOL,TOLL BROTHERS INC,left,28,4391
TOMO,TOMOTHERAPY INC,left,28,4485
TOWN,TOWNEBANK PORTSMOUTH VA,left,28,821
TPC,TUTOR PERINI CORP,left,28,3451
TPCG,TPC GROUP INC,left,28,1009
TPGI,THOMAS PROPERTIES GROUP,left,28,2419
TPX,TEMPUR PEDIC INTL INC,left,27,4674
TQNT,TRIQUINT SEMICONDUCTOR,left,28,2700
TR,TOOTSIE ROLL INDUSTRIES,left,28,4674
TRAD,TRADESTATION GROUP INC,left,28,1103
TRAK,DEALERTRACK HOLDINGS IN,left,9,2136
TRC,TEJON RANCH CO,left,27,3734
TRCR,TRANSCEND SERVICES INC,left,28,1479
TREX,TREX INC,left,28,1948
TRGT,TARGACEPT INC,left,27,2606
TRH,TRANSATLANTIC HLDGS INC,left,28,1196
TRI,THOMSON REUTERS CORP,left,28,2700
TRID,TRIDENT MICROSYSTEMS IN,left,28,2136
TRK,SPEEDWAY MOTORSPORTS IN,left,26,727
TRLG,TRUE RELIGION APPAREL,left,28,2888
TRMB,TRIMBLE NAVIGATION LTD,left,28,2419
TRMK,TRUSTMARK CORP,left,28,3170
TRN,TRINITY INDUSTRIES INC,left,28,2512
TRNO,TERRENO REALTY CORP,left,28,1009
TROW,PRICE T ROWE GROUP INC,left,23,3170
TRS,TRIMAS CORP,left,28,2324
TRST,TRUSTCO BANK CORP NY,left,28,3076
TRV,TRAVELERS COS INC,left,28,1572
TRW,TRW AUTOMOTIVE HLDGS,left,27,1572
TSCO,TRACTOR SUPPLY CO,left,28,915
TSN,TYSON FOODS INC,left,28,3922
TSO,TESORO CORP,left,28,1196
TSPT,TRANSCEPT PHARM INC,left,28,1291
TSRA,TESSERA TECHNOLOGIES IN,left,28,1479
TSS,TOTAL SYSTEM SERVICES,left,28,727
TSYS,TELECOMMUNICATION SYSTE,left,27,3922
TTC,TORO CO,left,28,4861
TTEC,TELETECH HOLDINGS INC,left,27,4579
TTEK,TETRA TECH INC,left,28,1385
TTES,T-3 ENERGY SERVICES INC,left,27,1854
TTGT,TECHTARGET INC,left,27,3546
TTI,TETRA TECHNOLOGIES INC,left,28,1291
TTMI,TTM TECHNOLOGIES INC,left,27,1761
TTWO,TAKE-TWO INTERACTIVE,left,27,2043
TUC,MAC-GRAY CORP,left,18,2136
TUES,TUESDAY MORNING CORP,left,28,3264
TUNE,MICROTUNE INC DEL,left,19,3640
TUP,TUPPERWARE BRANDS CORP,left,28,3358
TVL,LIN TV CORP,left,17,1667
TW,TOWERS WATSON & COMPANY,left,28,5143
TWC,TIME WARNER CABLE INC,left,28,3827
TWGP,TOWER GROUP INC,left,28,5049
TWI,TITAN INTERNATIONAL INC,left,28,4016
TWIN,TWIN DISC INC,left,28,3546
TWO,TWO HBRS INVT CORP,left,28,3640
TWPG,THOMAS WEISEL PARTNERS,left,28,2512
TWTC,TW TELECOM INC,left,27,1948
TWX,TIME WARNER INC,left,28,3734
TXI,TEXAS INDUSTRIES INC,left,28,1667
TXN,TEXAS INSTRUMENTS INC,left,28,1761
TXRH,TEXAS ROADHOUSE INC,left,28,1854
TXT,TEXTRON INC,left,28,1948
TYC,TYCO INTERNATIONAL LTD,left,32,1667
TYL,TYLER TECHNOLOGIES INC,left,28,3827
TYPE,MONOTYPE IMAGING HLDG,left,19,2043
TZOO,TRAVELZOO INC,left,28,1667
UA,UNDER ARMOUR INC,left,29,1667
UACL,UNIVERSAL TRUCKLOAD SVC,left,29,1009
UAM,UNIVERSAL AMERICAN CORP,left,29,4767
UAUA,UAL CORP,left,28,4016
UBA,URSTADT BIDDLE PPTYS IN,left,29,1667
UBNK,UNITED FINANCIAL BANCOR,left,29,3076
UBSH,UNION FIRST MARKET BKSH,left,29,2230
UBSI,UNITED BANKSHARES INC,left,29,2888
UCBI,UNITED COMMUNITY BANKS,left,29,2794
UCTT,ULTRA CLEAN HOLDINGS IN,left,29,1291
UDR,UDR INC,left,28,4109
UDRL,UNION DRILLING INC,left,29,2136
UEC,URANIUM ENERGY CORP,left,29,1479
UEIC,UNIVERSAL ELECTRONICS,left,29,5049
UFCS,UNITED FIRE & CAS CO,left,29,3170
UFI,UNIFI INC,left,29,1854
UFPI,UNIVERSAL FOREST PRODS,left,29,5143
UFS,DOMTAR CORPORATION,left,9,3264
UGI,UGI CORP,left,28,4203
UHAL,AMERCO,left,2,821
UHS,UNIVERSAL HEALTH SVCS,left,29,1103
UHT,UNIVERSAL HEALTH REALTY,left,29,727
UIL,UIL HOLDINGS CORP,left,28,4298
UIS,UNISYS CORP,left,29,2512
ULTA,ULTA SALON COSMETICS,left,29,1103
ULTI,ULTIMATE SOFTWARE GROUP,left,29,1196
ULTR,ULTRAPETROL BAHAMAS LTD,left,32,1103
UMBF,UMB FINANCIAL CORP,left,28,4391
UMH,UMH PROPERTIES INC,left,28,4674
UMPQ,UMPQUA HOLDINGS CORP,left,29,1572
UNCA,UNICA CORP,left,29,1761
UNF,UNIFIRST CORP MASS,left,29,1948
UNFI,UNITED NATURAL FOODS IN,left,29,3264
UNH,UNITEDHEALTH GROUP INC,left,29,4485
UNIS,UNILIFE CORP NEW,left,29,2043
UNM,UNUM GROUP,left,29,1385
UNP,UNION PACIFIC CORP,left,29,2324
UNS,UNISOURCE ENERGY CORP,left,29,2419
UNT,UNIT CORP,left,29,2606
UNTD,UNITED ONLINE INC,left,29,3358
UPL,ULTRA PETROLEUM CORP,left,29,1385
UPS,UNITED PARCEL SERVICE,left,29,3451
UQM,UQM TECHNOLOGIES INC,left,28,4767
URBN,URBAN OUTFITTERS INC,left,29,1572
URI,UNITED RENTALS INC,left,29,3546
URS,URS CORP,left,28,4861
USAK,USA TRUCK INC,left,28,4485
USAP,UNIVERSAL STAINLESS & A,left,29,915
USB,US BANCORP,left,28,4579
USEG,U S ENERGY CORP,left,29,3734
USG,U S G CORP,left,28,5049
USLM,UNITED STATES LIME & MI,left,29,3827
USM,UNITED STATES CELLULAR,left,29,3640
USMO,USA MOBILITY INC,left,29,821
USNA,USANA HEALTH SCIENCES,left,28,4955
USPH,U S PHYSICAL THERAPY IN,left,29,727
USTR,UNITED STATIONERS INC,left,29,4203
USU,USEC INC,left,28,5143
UTEK,ULTRATECH INC,left,29,1479
UTHR,UNITED THERAPEUTICS,left,29,4391
UTI,UNIVERSAL TECHNICAL INS,left,29,1196
UTIW,UTI WORLDWIDE INC,left,31,4861
UTL,UNITIL CORP,left,29,4579
UTR,UNITRIN INC,left,29,4674
UTSI,UTSTARCOM INC,left,29,1854
UTX,UNITED TECHNOLOGIES,left,29,4298
UVE,UNIVERSAL INSURANCE,left,29,821
UVSP,UNIVEST CORP OF PENN,left,29,1291
UVV,UNIVERSAL CORP,left,29,4861
UXG,US GOLD CORP,left,29,3922
V,VISA INC,left,30,1479
VAL,VALSPAR CORP,left,29,2888
VALU,VALUE LINE INC,left,29,2982
VAR,VARIAN MEDICAL SYSTEMS,left,29,3358
VASC,VASCULAR SOLUTIONS INC,left,29,3546
VCBI,VIRGINIA COMM BANCORP,left,30,1103
VCI,VALASSIS COMMUNICATIONS,left,29,2419
VCLK,VALUECLICK INC,left,29,3076
VDSI,VASCO DATA SECURITY INT,left,29,3451
VECO,VEECO INSTRUMENTS INC,left,29,3827
VFC,V F CORP,left,29,2043
VG,VONAGE HLDGS CORP,left,30,2794
VGR,VECTOR GROUP LTD,left,29,3734
VHC,VIRNETX HOLDING CORP,left,30,1196
VIA.B,VIACOM INC,left,29,4955
VIAS,VIASYSTEMS GROUP INC,left,29,4861
VICL,VICAL INC,left,29,5049
VICR,VICOR CORP,left,29,5143
VIRL,VIRAGE LOGIC CORP,left,30,915
VITA,ORTHOVITA INC,left,21,2794
VITC,VITACOST.COM INC,left,30,1948
VIVO,MERIDIAN BIOSCIENCE INC,left,19,1385
VLCCF,KNIGHTSBRIDGE TANKERS,left,31,3170
VLCM,VOLCOM INC,left,30,2512
VLGEA,VILLAGE SUPER MARKET IN,left,30,821
VLO,VALERO ENERGY CORP,left,29,2606
VLTR,VOLTERRA SEMICONDUCTOR,left,30,2700
VLY,VALLEY NATIONAL BANCORP,left,29,2700
VMC,VULCAN MATERIALS CO,left,30,2982
VMED,VIRGIN MEDIA INC,left,30,1009
VMI,VALMONT INDUSTRIES INC,left,29,2794
VMW,VMWARE INC,left,30,2230
VNDA,VANDA PHARMACEUTICALS,left,29,3170
VNO,VORNADO REALTY TRUST,left,30,2888
VOCS,VOCUS INC,left,30,2324
VOL,VOLT INFORMATION SCI,left,30,2606
VOLC,VOLCANO CORP,left,30,2419
VOXX,AUDIOVOX CORP,left,3,5143
VPFG,VIEWPOINT FINL GROUP,left,30,727
VPHM,VIROPHARMA INC,left,30,1291
VPRT,VISTAPRINT N V,left,32,727
VQ,VENOCO INC,left,29,3922
VR,VALIDUS HOLDINGS LTD,left,31,5143
VRAD,VIRTUAL RADIOLOGIC CORP,left,30,1385
VRS,VERSO PAPER CORP,left,29,4485
VRSK,VERISK ANALYTICS INC,left,29,4391
VRSN,VERISIGN INC,left,29,4203
VRTS,VIRTUS INVESTMENT PTNRS,left,30,1667
VRTU,VIRTUSA CORP,left,30,1572
VRTX,VERTEX PHARMACEUTICALS,left,29,4579
VRUS,PHARMASSET INC,left,22,2982
VRX,VALEANT PHARMA INTL,left,29,2512
VSAT,VIASAT INC,left,29,4767
VSEA,VARIAN SEMICONDUCTOR,left,29,3264
VSEC,VSE CORP,left,29,2136
VSH,VISHAY INTERTECHNOLOGY,left,30,1761
VSI,VITAMIN SHOPPE INC,left,30,2043
VTAL,VITAL IMAGES INC,left,30,1854
VTG,VANTAGE DRILLING COMPAN,left,32,727
VTIV,INVENTIV HEALTH INC,left,15,2700
VTR,VENTAS INC,left,29,4016
VVC,VECTREN CORP,left,29,3640
VVI,VIAD CORP,left,29,4674
VVUS,VIVUS INC,left,30,2136
VZ,VERIZON COMMUNICATIONS,left,29,4298
WAB,WABTEC CORP,left,30,3734
WABC,WESTAMERICA BANCORP,left,30,3170
WAC,WALTER INV MGMT CORP,left,30,4203
WAG,WALGREEN CO,left,30,4016
WAL,WESTERN ALLIANCE BANCOR,left,30,3358
WASH,WASHINGTON TRUST BANCOR,left,30,4955
WAT,WATERS CORP,left,30,821
WAVX,WAVE SYSTEMS CORP,left,30,1385
WBC,WABCO HOLDINGS INC,left,30,3358
WBCO,WASHINGTON BANKING CO,left,30,4579
WBMD,WEBMD HEALTH CORP,left,30,1572
WBS,WEBSTER FINANCIAL CORP,left,30,1667
WBSN,WEBSENSE INC,left,30,1479
WCBO,WEST COAST BANCORP,left,30,2888
WCC,WESCO INTERNATIONAL INC,left,30,2700
WCG,WELLCARE GROUP INC,left,30,2043
WCN,WASTE CONNECTIONS INC,left,30,5049
WCRX,WARNER CHILCOTT PLC,left,32,821
WDC,WESTERN DIGITAL CORP,left,30,3451
WDFC,WD-40 CO,left,30,3170
WDR,WADDELL & REED FINANCIA,left,30,3827
WEC,WISCONSIN ENERGY CORP,left,31,1479
WEL,BOOTS & COOTS INC,left,5,2136
WEN,WENDY'S/ARBY'S GROUP IN,left,30,2324
WERN,WERNER ENTERPRISES INC,left,30,2419
WEYS,WEYCO GROUP INC,left,30,4203
WFC,WELLS FARGO & CO,left,30,2230
WFD,WESTFIELD FINANCIAL INC,left,30,3734
WFMI,WHOLE FOODS MARKET INC,left,30,4674
WFR,MEMC ELECTRIC MATERIALS,left,17,5049
WFSL,WASHINGTON FED INC,left,30,4674
WFT,WEATHERFORD INTL,left,32,1479
WG,WILLBROS GROUP INC,left,30,4861
WGL,WGL HOLDINGS INC,left,30,3264
WGO,WINNEBAGO INDUSTRIES IN,left,31,1196
WGOV,WOODWARD GOVERNOR CO,left,31,1667
WHG,WESTWOOD HOLDINGS GROUP,left,30,3922
WHR,WHIRLPOOL CORP,left,30,4391
WIBC,WILSHIRE BANCORP INC,left,31,821
WIN,WINDSTREAM CORP,left,31,915
WINA,WINMARK CORP,left,31,1009
WINN,WINN DIXIE STORES INC,left,31,1103
WIRE,ENCORE WIRE CORP,left,10,2419
WL,WILMINGTON TRUST CORP,left,31,727
WLK,WESTLAKE CHEMICAL CORP,left,30,3827
WLL,WHITING PETROLEUM CORP,left,30,4485
WLP,WELLPOINT INC,left,30,2136
WLT,WALTER ENERGY INC,left,30,4109
WM,WASTE MGMT INC,left,30,5143
WMAR,WEST MARINE INC,left,30,2982
WMB,WILLIAMS COMPANIES INC,left,30,4955
WMG,WARNER MUSIC GROUP CORP,left,30,4391
WMGI,WRIGHT MEDICAL GROUP IN,left,31,2230
WMK,WEIS MARKETS INC,left,30,1948
WMS,WMS INDUSTRIES INC,left,30,3451
WMT,WAL MART STORES INC,left,30,3922
WNC,WABASH NATIONAL CORP,left,30,3640
WNI,SCHIFF NUTRITION INTL,left,25,4298
WNR,WESTERN REFINING INC,left,30,3546
WOOF,VCA ANTECH INC,left,29,1948
WOR,WORTHINGTON INDUSTRIES,left,31,2043
WPI,WATSON PHARMACEUTICALS,left,30,1103
WPO,WASHINGTON POST CO,left,30,4767
WPP,WAUSAU PAPER CORP,left,30,1291
WR,WESTAR ENERGY INC,left,30,3264
WRB,BERKLEY W R CORP,left,4,2888
WRC,WARNACO GROUP INC,left,30,4298
WRE,WASHINGTON REAL ESTATE,left,30,4861
WRES,WARREN RESOURCES INC,left,30,4485
WRI,WEINGARTEN RLTY INVS,left,30,1854
WRLD,WORLD ACCEPTANCE CORP,left,31,1761
WSBC,WESBANCO INC,left,30,2512
WSBF,WATERSTONE FINANCIAL IN,left,30,915
WSC,WESCO FINANCIAL CORP,left,30,2606
WSFS,WSFS FINANCIAL CORP,left,30,3546
WSII,WASTE SERVICES INC,left,30,727
WSM,WILLIAMS SONOMA INC,left,30,5143
WSO,WATSCO INC,left,30,1009
WST,WEST PHARMACEUTICAL SVC,left,30,3076
WTBA,WEST BANCORPORATION INC,left,30,2794
WTFC,WINTRUST FINANCIAL CORP,left,31,1385
WTI,W&T OFFSHORE INC,left,30,3076
WTM,WHITE MTNS INS GROUP LT,left,32,1009
WTNY,WHITNEY HOLDING CORP,left,30,4579
WTR,AQUA AMERICA INC,left,3,4485
WTS,WATTS WATER TECH INC,left,30,1196
WTSLA,WET SEAL INC,left,30,4109
WTW,WEIGHT WATCHERS INTL IN,left,30,1761
WU,WESTERN UNION CO,left,30,3640
WWE,WORLD WRESTLING ENTMNT,left,31,1948
WWON,WESTWOOD ONE INC,left,30,4016
WWW,WOLVERINE WORLD WIDE,left,31,1572
WXS,WRIGHT EXPRESS CORP,left,31,2136
WY,WEYERHAEUSER CO,left,30,4298
WYN,WYNDHAM WORLDWIDE CORP,left,31,2324
WYNN,WYNN RESORTS LTD,left,31,2419
X,UNITED STATES STEEL COR,left,29,4109
XCO,EXCO RESOURCES INC,left,10,2888
XEC,CIMAREX ENERGY CO,left,7,2982
XEL,XCEL ENERGY INC,left,31,2606
XIDE,EXIDE TECHNOLOGIES,left,11,2606
XL,XL CAP LTD,left,32,1103
XLNX,XILINX INC,left,31,2700
XNPT,XENOPORT INC,left,31,2794
XOM,EXXON MOBIL CORP,left,11,3640
XPRT,LECG CORP,left,17,3451
XRAY,DENTSPLY INTERNATIONAL,left,9,3922
XRIT,X-RITE INC,left,31,2512
XRM,XERIUM TECHNOLOGIES INC,left,31,2982
XRTX,XYRATEX LTD,left,32,1196
XRX,XEROX CORP,left,31,2888
XTXI,CROSSTEX ENERGY INC,left,8,2419
XXIA,IXIA,left,14,4485
Y,ALLEGHANY CORP,left,2,2419
YDNT,YOUNG INNOVATIONS INC,left,31,3264
YHOO,YAHOO INC,left,31,3076
YORW,YORK WATER COMPANY,left,31,3170
YSI,U STORE IT TRUST,left,29,4016
YUM,YUM! BRANDS INC,left,31,3358
ZBRA,ZEBRA TECHNOLOGIES CORP,left,31,3451
ZEP,ZEP INC,left,31,3546
ZEUS,OLYMPIC STEEL INC,left,21,3827
ZGEN,ZYMOGENETICS INC,left,31,4391
ZIGO,ZYGO CORP,left,31,4298
ZINC,HORSEHEAD HOLDING CORP,left,14,1385
ZION,ZIONS BANCORPORATION,left,31,3734
ZIOP,ZIOPHARM ONCOLOGY INC,left,31,3827
ZIXI,ZIX CORP,left,31,3922
ZMH,ZIMMER HOLDINGS INC,left,31,3640
ZOLL,ZOLL MEDICAL CORP,left,31,4485
ZOLT,ZOLTEK COMPANIES INC,left,31,4109
ZQK,QUIKSILVER INC,left,23,2982
ZRAN,ZORAN CORP,left,31,4016
ZUMZ,ZUMIEZ INC,left,31,4203
ZZ,SEALY CORP,left,25,1572
