symbol,company,side,page,row_top
A,AGILENT TECHNOLOGIES INC,left,1,3163
AA,ALCOA CORPORATION,left,1,5171
AAL,AMERICAN AIRLINES GROUP,left,2,1416
AAN,AARONS INC,left,1,2464
AAOI,APPLIED OPTOELECTRONICS,left,3,3425
AAON,AAON INC,left,1,2290
AAP,ADVANCE AUTO PARTS INC,left,1,1329
AAPL,APPLE INC,left,3,3076
AAT,AMERICAN ASSETS TRST INC,left,2,1504
AAWW,ATLAS AIR WORLDWIDE HLDG,left,3,5084
AAXN,AXON ENTERPRISE INC,left,4,3861
ABBV,ABBVIE INC,left,1,2639
ABC,AMERISOURCEBERGEN CORP,left,2,3861
ABCB,AMERIS BANCORP,left,2,3687
ABEO,ABEONA THERAPEUTICS INC,left,1,2726
ABG,ASBURY AUTOMOTIVE GROUP,left,3,2726
ABM,ABM INDUSTRIES INC,left,1,2988
ABMD,ABIOMED INC,left,1,2901
ABR,ARBOR REALTY TRUST INC,left,3,4298
ABT,ABBOTT LABORATORIES,left,1,2551
ABTX,ALLEGIANCE BANCSHARES,left,2,2115
AC,ASSOCIATED CAPITAL GROUP,left,3,3599
ACA,ARCOSA,left,3,4909
ACAD,ACADIA PHARMACEUTICALS,left,1,3337
ACBI,ATLANTIC CAPITAL INC,left,3,4734
ACC,AMERICAN CAMPUS COMMUN,left,2,1679
ACCO,ACCO BRANDS CORP,left,1,3861
ACEL,ACCEL ENTERTAINMENT (A),left,1,3512
ACGL,ARCH CAP GROUP LTD,left,3,4473
ACHC,ACADIA HEALTHCARE CO,left,1,3250
ACIA,ACACIA COMMUNICATIONS,left,1,3076
ACIW,ACI WORLDWIDE INC,left,1,4123
ACLS,AXCELIS TECHNOLOGIES INC,left,4,3512
ACM,AECOM,left,1,2028
ACN,ACCENTURE PLC IRELAND,left,1,3774
ACNB,ACNB CORP,left,1,4210
ACRE,ARES COML REAL ESTATE,left,3,1329
ACRX,ACELRX PHARMACEUTICALS,left,1,4036
ACTG,ACACIA RESEARCH CORP,left,1,3163
ADBE,ADOBE INC,left,1,5084
ADC,AGREE REALTY CORP,left,1,3512
ADES,ADVANCED EMISSIONS SLTNS,left,1,1591
ADI,ANALOG DEVICES INC,left,2,4822
ADM,ARCHER DANIELS MIDLAND,left,3,4647
ADMA,ADMA BIOLOGICS INC,left,1,4996
ADNT,ADIENT PLC,left,1,4909
ADP,AUTOMATIC DATA PROCESS,left,4,1766
ADPT,ADAPTIVE BIOTECHNOLOGIES,left,1,4734
ADRO,ADURO BIOTECH INC,left,1,1242
ADS,ALLIANCE DATA SYSTEMS,left,2,2464
ADSK,AUTODESK INC,left,4,1679
ADSW,ADVANCED DISPOSAL SVCS,left,1,1416
ADT,ADT INC,left,1,5171
ADTN,ADTRAN INC,left,1,5345
ADUS,ADDUS HOMECARE CORP,left,1,4822
ADVM,ADVERUM BIOTECH INC,left,1,1940
AE,ADAMS RESOURCES & ENERGY,left,1,4560
AEE,AMEREN CORP,left,2,1242
AEGN,AEGION CORP,left,1,2115
AEIS,ADVANCED ENERGY INDS INC,left,1,1679
AEL,AMERICAN EQUITY INVST,left,2,1940
AEO,AMERICAN EAGLE OUTFITTER,left,2,1766
AEP,AMERICAN ELECTRIC POWER,left,2,1853
AERI,AERIE PHARMACEUTICALS,left,1,2290
AES,AES CORP,left,1,2551
AFG,AMERICAN FINANCIAL GROUP,left,2,2202
AFIN,AMERICAN FINANCE TRUST,left,2,2115
AFL,AFLAC INC,left,1,2813
AFMD,AFFIMED NV,left,1,2726
AGCO,AGCO CORP,left,1,2901
AGEN,AGENUS INC,left,1,2988
AGFS,AGROFRESH SOLUTIONS INC,left,1,3599
AGIO,AGIOS PHARMACEUTICALS,left,1,3337
AGLE,AEGLEA BIOTHERAPEUTICS,left,1,2202
AGM,FEDERAL AGRIC MTG CO,left,11,3861
AGNC,AGNC INVESTMENT,left,1,3425
AGO,ASSURED GUARANTY LTD,left,3,3774
AGR,AVANGRID INC,left,4,2290
AGRX,AGILE THERAPEUTICS INC,left,1,3076
AGS,PLAYAGS INC,left,23,4298
AGTC,APPLIED GENETIC TECH,left,3,3163
AGX,ARGAN INC,left,3,1504
AGYS,AGILYSYS INC,left,1,3250
AHCO,ADAPTHEALTH,left,1,4647
AHH,ARMADA HOFFLER PPTYS INC,left,3,1940
AI,ARLINGTON ASSET INVT,left,3,1766
AIG,AMERICAN INTL GROUP,left,2,2377
AIMC,ALTRA INDUSTRIAL MOTION,left,2,4210
AIMT,AIMMUNE THERAPEUTICS INC,left,1,3687
AIN,ALBANY INTERNATIONAL,left,1,4909
AIR,AAR CORP,left,1,2377
AIT,APPLIED INDUSTRIAL TECH,left,3,3250
AIV,APARTMENT INVT & MGMT,left,3,2202
AIZ,ASSURANT INC,left,3,3687
AJG,GALLAGHER ARTHUR J & CO,left,13,1940
AJRD,AEROJET ROCKETDYNE HLDGS,left,1,2377
AJX,GREAT AJAX CORP,left,13,4647
AKAM,AKAMAI TECHNOLOGIES,left,1,4036
AKBA,AKEBIA THERAPEUTICS INC,left,1,4210
AKCA,AKCEA THERAPEUTICS,left,1,4123
AKR,ACADIA REALTY TRUST,left,1,3425
AKRO,AKERO THERAPEUTICS INC,left,1,4385
AKTS,AKOUSTIS TECHNOLOGIES,left,1,4473
AL,AIR LEASE CORP,left,1,3774
ALB,ALBEMARLE CORP,left,1,4996
ALBO,ALBIREO PHARMA INC,left,1,5084
ALCO,ALICO INC,left,2,1591
ALE,ALLETE INC,left,2,2377
ALEC,ALECTOR,left,1,5258
ALEX,ALEXANDER & BALDWIN INC,left,2,1242
ALG,ALAMO GROUP INC,left,1,4560
ALGN,ALIGN TECHNOLOGY INC,left,2,1679
ALGT,ALLEGIANT TRAVEL CO,left,2,2202
ALK,ALASKA AIR GROUP INC,left,1,4734
ALKS,ALKERMES PLC,left,2,1766
ALL,ALLSTATE CORP,left,2,2988
ALLE,ALLEGION PLC,left,2,2290
ALLK,ALLAKOS INC,left,2,1853
ALLO,ALLOGENE THERAPEUTICS,left,2,2813
ALLY,ALLY FINL INC,left,2,3076
ALNY,ALNYLAM PHARMACEUTICALS,left,2,3163
ALRM,ALARM.COM HOLDINGS INC,left,1,4647
ALRS,ALERUS FINANCIAL CORP,left,1,5345
ALSK,ALASKA COMMUNICATIONS,left,1,4822
ALSN,ALLISON TRANSMISSION,left,2,2726
ALTG,ALTA EQUIPMENT GROUP (A),left,2,3774
ALTR,ALTAIR ENGINEERING INC,left,2,3861
ALX,ALEXANDERS INC,left,2,1329
ALXN,ALEXION PHARMACEUTICALS,left,2,1504
AM,ANTERO MIDSTREAM CORP,left,3,1679
AMAG,AMAG PHARMACEUTICALS INC,left,2,4385
AMAL,AMALGAMATED BANK,left,2,4473
AMAT,APPLIED MATLS INC,left,3,3337
AMBA,AMBARELLA INC,left,2,4734
AMBC,AMBAC FINL GROUP INC,left,2,4647
AMC,AMC ENTERTAINMENT,left,2,4822
AMCR,AMCOR,left,2,4996
AMCX,AMC NETWORKS INC,left,2,4909
AMD,ADVANCED MICRO DEVICES,left,1,1766
AME,AMETEK INC,left,2,4036
AMED,AMEDISYS INC,left,2,5171
AMEH,APOLLO MEDICAL HOLDINGS,left,3,2726
AMG,AFFILIATED MANAGERS GRP,left,1,2639
AMGN,AMGEN INC,left,2,4123
AMH,AMERICAN HOMES 4 RENT,left,2,2290
AMK,ASSETMARK FINANCIAL HLDG,left,3,3425
AMKR,AMKOR TECHNOLOGY INC,left,2,4298
AMN,AMN HEALTHCARE SERVICES,left,2,4385
AMNB,AMERICAN NATL BANKSHARES,left,2,2551
AMOT,ALLIED MOTION TECH,left,2,2639
AMP,AMERIPRISE FINANCIAL INC,left,2,3599
AMPH,AMPHASTAR PHARMA INC,left,2,4560
AMRC,AMERESCO INC,left,2,1329
AMRK,A MARK PRECIOUS METALS,left,1,2115
AMRS,AMYRIS INC,left,2,4734
AMRX,AMNEAL PHARMACEUTICALS,left,2,4473
AMSC,AMERICAN SUPERCONDUCTOR,left,2,2988
AMSF,AMERISAFE INC,left,2,3774
AMSWA,AMERICAN SOFTWARE INC,left,2,2813
AMT,AMERICAN TOWER CORP,left,2,3076
AMTB,AMERANT BANCORP INC (A),left,2,5345
AMTD,TD AMERITRADE HOLDING,left,28,2464
AMWD,AMERICAN WOODMARK CORP,left,2,3250
AMZN,AMAZON COM INC,left,2,4560
AN,AUTONATION INC,left,4,1853
ANAB,ANAPTYS BIO INC,left,2,4996
ANAT,AMERICAN NATIONAL INS CO,left,2,2464
ANDE,ANDERSONS INC,left,2,5171
ANET,ARISTA NETWORKS INC,left,3,1679
ANF,ABERCROMBIE & FITCH,left,1,2813
ANGO,ANGIODYNAMICS INC,left,2,5258
ANH,ANWORTH MORTGAGE ASSET,left,3,1940
ANIK,ANIKA THERAPEUTICS INC,left,3,1242
ANIP,ANI PHARMACEUTICALS INC,left,2,5345
ANSS,ANSYS INC,left,3,1416
ANTM,ANTHEM INC,left,3,1853
AON,AON PLC,left,3,2028
AOS,SMITH A O CORP,left,26,3774
AOSL,ALPHA & OMEGA SEMICON,left,2,3250
APA,APACHE CORP,left,3,2115
APAM,ARTISAN PARTNERS ASSET,left,3,2551
APD,AIR PRODUCTS & CHEMICALS,left,1,3861
APEI,AMER PUBLIC EDUCATION,left,2,5258
APG,API GROUP,left,3,2377
APH,AMPHENOL CORP,left,2,4647
APLE,APPLE HOSPITALITY REIT,left,3,2988
APLS,APELLIS PHARMACEUTICALS,left,3,2290
APLT,APPLIED THERAPEUTICS INC,left,3,3512
APO,APOLLO GLOBAL MANAGEMENT,left,3,2639
APOG,APOGEE ENTERPRISES INC,left,3,2464
APPF,APPFOLIO INC,left,3,2813
APPN,APPIAN,left,3,2901
APPS,DIGITAL TURBINE INC,left,9,3076
APRE,APREA THERAPEUTICS,left,3,3599
APT,ALPHA PRO TECH LTD,left,2,3337
APTS,PREFERRED APT CMNTYS INC,left,24,2464
APTV,APTIV PLC,left,3,3861
APTX,APTINYX INC,left,3,3774
APYX,APYX MEDICAL INC,left,3,3948
AQST,AQUESTIVE THERAPEUTICS,left,3,4036
AQUA,EVOQUA WATER TECH,left,11,5084
AR,ANTERO RESOURCES CO,left,3,1766
ARA,AMERICAN RENAL ASSOC HLD,left,2,2639
ARAV,ARAVIVE INC,left,3,4210
ARAY,ACCURAY INC,left,1,3948
ARCB,ARCBEST CORPORATION,left,3,4385
ARCH,ARCH RESOURCES INC,left,3,4560
ARCT,ARCTURUS THERAPEUTICS,left,3,4996
ARD,ARDAGH GROUP SA,left,3,5258
ARDX,ARDELYX INC,left,3,5345
ARE,ALEXANDRIA REAL ESTATE,left,2,1416
ARES,ARES MANAGEMENT CORP,left,3,1416
ARGO,ARGO GROUP INTL,left,3,1591
ARI,APOLLO COMMERCIAL RE,left,3,2551
ARL,AMERICAN RLTY INVS INC,left,2,2726
ARLO,ARLO TECHNOLOGIES INC,left,3,1853
ARMK,ARAMARK,left,3,4123
ARNA,ARENA PHARMACEUTICALS,left,4,1329
ARNC,ARCONIC CORPORATION,left,3,4822
AROC,ARCHROCK INC,left,3,4734
AROW,ARROW FINANCIAL CORP,left,3,2290
ARQT,ARCUTIS BIOTHERAPEUTICS,left,3,5171
ARR,ARMOUR RESIDENTIAL REIT,left,3,2028
ARTNA,ARTESIAN RESOURCES CORP,left,3,2464
ARVN,ARVINAS HOLDING,left,3,2639
ARW,ARROW ELECTRONICS INC,left,3,2202
ARWR,ARROWHEAD PHARMACEUTICAL,left,3,2377
ASB,ASSOCIATED BANC CORP,left,3,3512
ASC,ARDMORE SHIPPING CORP,left,4,1242
ASGN,ASGN INCORPORATED,left,3,2813
ASH,ASHLAND GLOBAL HOLDINGS,left,3,2901
ASIX,ADVANSIX,left,1,1853
ASMB,ASSEMBLY BIOSCIENCES INC,left,3,3337
ASPN,ASPEN AEROGELS INC,left,3,2988
ASPS,ALTISOURCE PORTFOLIO,left,2,4123
ASPU,ASPEN GROUP INC,left,3,3076
ASTE,ASTEC INDUSTRIES INC,left,3,3861
ASUR,ASURE SOFTWARE INC,left,3,4036
AT,ATLANTIC PWR CORP,left,3,4822
ATEC,ALPHATEC HOLDINGS,left,2,3599
ATEN,A10 NETWORKS INC,left,1,2202
ATEX,ANTERIX INC,left,3,1591
ATGE,ADTALEM GLOBAL EDUCATION,left,1,5258
ATH,ATHENE HOLDING LTD,left,3,4385
ATHX,ATHERSYS INC,left,3,4560
ATI,ALLEGHENY TECHNOLOGIES,left,2,2028
ATKR,ATKORE INTL GROUP INC,left,3,4647
ATLC,ATLANTICUS HOLDINGS,left,3,4996
ATLO,AMES NATL CORP,left,2,3948
ATNI,ATN INTERNATIONAL INC,left,3,5345
ATNX,ATHENEX,left,3,4473
ATO,ATMOS ENERGY CORP,left,3,5258
ATOM,ATOMERA LIMITED,left,4,1242
ATR,APTARGROUP INC,left,3,3687
ATRA,ATARA BIOTHERAPEUTICS,left,3,4298
ATRC,ATRICURE INC,left,4,1416
ATRI,ATRION CORP,left,4,1504
ATRO,ASTRONICS CORP,left,3,3948
ATRS,ANTARES PHARMA INC,left,3,1504
ATSG,AIR TRANSPORT SERVICES,left,1,3948
ATUS,ALTICE USA,left,2,4036
ATVI,ACTIVISION BLIZZARD INC,left,1,4298
ATXI,AVENUE THERAPEUTICS,left,4,2639
AUB,ATLANTIC UNION BANKSHARE,left,3,4909
AUBN,AUBURN NATL BANCORP,left,4,1591
AVA,AVISTA CORP,left,4,3163
AVAV,AEROVIRONMENT INC,left,1,2464
AVB,AVALONBAY CMNTYS INC,left,4,2202
AVCO,AVALON GLOBOCARE CORP,left,4,2115
AVD,AMERICAN VANGUARD CORP,left,2,3163
AVEO,AVEO PHARMACEUTICALS INC,left,4,2726
AVGO,BROADCOM INC,left,5,2813
AVID,AVID TECHNOLOGY INC,left,4,2988
AVLR,AVALARA INC,left,4,2028
AVNS,AVANOS MEDICAL INC,left,4,2377
AVRO,AVROBIO INC,left,4,3337
AVT,AVNET INC,left,4,3250
AVTR,AVANTOR INC,left,4,2464
AVXL,ANAVEX LIFE SCIENCES,left,2,5084
AVY,AVERY DENNISON CORP,left,4,2813
AVYA,AVAYA HOLDINGS CORP,left,4,2551
AWH,ASPIRA WOMENS HEALTH INC,left,3,3250
AWI,ARMSTRONG WORLD INDS INC,left,3,2115
AWK,AMERICAN WTR WKS CO INC,left,2,3337
AWR,AMERICAN STATES WATER CO,left,2,2901
AX,AXOS FINANCIAL INC,left,4,4036
AXDX,ACCELERATE DIAGNOSTICS,left,1,3599
AXGN,AXOGEN INC,left,4,3774
AXL,AMERICAN AXLE & MFG,left,2,1591
AXLA,AXCELLA HEALTH,left,4,3599
AXNX,AXONICS MODULATION TECH,left,4,3948
AXP,AMERICAN EXPRESS CO,left,2,2028
AXS,AXIS CAPITAL HOLDINGS,left,4,3687
AXSM,AXSOME THERAPEUTICS INC,left,4,4123
AXTA,AXALTA COATING SYSTEMS,left,4,3425
AXTI,AXT INC,left,4,4210
AYI,ACUITY BRANDS INC,left,1,4385
AYTU,AYTU BIOSCIENCE INC,left,4,4298
AYX,ALTERYX INC,left,2,3948
AZO,AUTOZONE INC,left,4,1940
AZPN,ASPEN TECHNOLOGY INC,left,3,3163
AZZ,AZZ INC,left,4,4385
B,BARNES GROUP INC,left,4,2551
BA,BOEING CO,left,5,3948
BAC,BANK OF AMERICA CORP,left,4,1416
BAH,BOOZ ALLEN HAMILTON HLDG,left,5,4647
BANC,BANC OF CALIFORNIA INC,left,4,4996
BAND,BANDWIDTH CLASS A,left,5,1242
BANF,BANCFIRST CORP,left,4,5084
BANR,BANNER CORP,left,4,2377
BATRA,LIBERTY BRAVES SERIES A,left,17,3948
BATRK,LIBERTY BRAVES SERIES C,left,17,4036
BAX,BAXTER INTERNATIONAL INC,left,4,2726
BBBY,BED BATH & BEYOND INC,left,4,3425
BBCP,CONCRETE PUMPING,left,8,4560
BBIO,BRIDGEBIO PHARMA INC,left,5,1591
BBSI,BARRETT BUSINESS SERVICE,left,4,2639
BBX,BBX CAPITAL CORP,left,4,2901
BBY,BEST BUY INC,left,4,4560
BC,BRUNSWICK CORP,left,5,4036
BCBP,BCB BANCORP INC,left,4,2988
BCC,BOISE CASCADE COMPANY,left,5,4210
BCEI,BONANZA CREEK ENER INC,left,5,4385
BCEL,ATRECA INC,left,4,1329
BCLI,BRAINSTORM CELL THERA,left,6,1416
BCML,BAYCOM CORPORATION,left,4,2813
BCO,BRINKS CO,left,5,2464
BCOR,BLUCORA INC,left,5,3337
BCOV,BRIGHTCOVE INC,left,5,2028
BCPC,BALCHEM CORP,left,4,4822
BCRX,BIOCRYST PHARMACEUTICALS,left,5,1242
BDC,BELDEN INC,left,4,3599
BDGE,BRIDGE BANCORP INC,left,5,1504
BDN,BRANDYWINE REALTY TRUST,left,6,1504
BDSI,BIODELIVERY SCIENCES,left,5,1504
BDTX,BLACK DIAMOND THERAPEUTI,left,5,2464
BDX,BECTON DICKINSON & CO,left,4,3337
BE,BLOOM ENERGY,left,5,3163
BEAM,BEAM THERAPEUTICS,left,4,3163
BEAT,BIOTELEMETRY INC,left,5,2115
BECN,BEACON ROOFING SUPPLY,left,4,3076
BELFB,BEL FUSE INC,left,4,3512
BEN,FRANKLIN RESOURCES INC,left,12,3948
BERY,BERRY GLOBAL GROUP,left,4,4473
BF.A,BROWN FORMAN CORP CL A,left,5,3599
BF.B,BROWN FORMAN CORP CL B,left,5,3687
BFAM,BRIGHT HORIZON FAMILY,left,5,1940
BFC,BANK FIRST CORPORATION,left,5,1416
BFIN,BANKFINANCIAL CORP,left,4,2115
BFS,SAUL CENTERS INC,left,25,3687
BFST,BUSINESS FIRST BANCSHARE,left,5,4560
BFYT,BENEFYTT TECH INC,left,4,4036
BG,BUNGE LIMITED,left,5,4385
BGCP,BGC PARTNERS INC,left,4,4996
BGS,B & G FOODS INC,left,4,4473
BGSF,BG STAFFING INC,left,4,4909
BH,BIGLARI HOLDINGS B,left,4,5258
BH.A,BIGLARI HOLDINGS A,left,4,5171
BHB,BAR HBR BANKSHARES,left,4,2464
BHE,BENCHMARK ELECTRONICS,left,4,3861
BHF,BRIGHTHOUSE FINANCIAL,left,5,2115
BHLB,BERKSHIRE HILLS BANCORP,left,4,4298
BHVN,BIOHAVEN PHARMACEUTICAL,left,5,1679
BIG,BIG LOTS INC,left,4,5084
BIIB,BIOGEN INC,left,5,1591
BILL,BILL.COM HOLDINGS,left,4,5345
BIO,BIO-RAD LABORATORIES INC,left,5,1329
BIPC,BROOKFIELD INFRASTRUCTUR,left,5,3163
BJ,BJ'S WHOLESALE CLUB HDLG,left,5,2377
BJRI,BJS RESTAURANTS INC,left,5,2290
BK,BANK OF NEW YORK MELLON,left,4,1679
BKD,BROOKDALE SENIOR LIVING,left,5,3076
BKE,BUCKLE INC,left,5,4210
BKH,BLACK HILLS CORP,left,5,2551
BKI,BLACK KNIGHT,left,5,2639
BKNG,BOOKING HOLDINGS INC,left,5,4473
BKR,BAKER HUGHES COMPANY,left,4,4734
BKU,BANKUNITED INC,left,4,2202
BL,BLACKLINE INC,left,5,2813
BLBD,BLUE BIRD CORP,left,5,3425
BLD,TOPBUILD CORP,left,28,3512
BLDR,BUILDERS FIRSTSOURCE INC,left,5,4298
BLFS,BIOLIFE SOLUTIONS INC,left,5,1766
BLK,BLACKROCK INC,left,5,2901
BLKB,BLACKBAUD INC,left,5,2726
BLL,BALL CORP,left,4,4909
BLMN,BLOOMIN' BRANDS INC,left,5,3250
BLPH,BELLEROPHON THERA INC,left,4,3687
BLUE,BLUEBIRD BIO INC,left,5,3512
BLX,BANCO LATINOAMERICANO,left,4,5171
BMCH,BMC STOCK HOLDINGS INC,left,5,3861
BMI,BADGER METER INC,left,4,4647
BMRC,BANK OF MARIN BANCORP,left,4,1591
BMRN,BIOMARIN PHARMACEUTICAL,left,5,1853
BMTC,BRYN MAWR BANK CORP,left,5,4123
BMY,BRISTOL MYERS SQUIBB,left,5,2551
BNFT,BENEFITFOCUS INC,left,4,3948
BOCH,BANK COMM HLDGS,left,5,1329
BOH,BANK OF HAWAII CORP,left,4,1504
BOKF,BOK FINANCIAL CORP,left,5,4298
BOMN,BOSTON OMAHA,left,5,4909
BOOM,DMC GLOBAL INC,left,9,4036
BOOT,BOOT BARN HOLDINGS,left,5,4560
BOX,BOX INC,left,5,5345
BPFH,BOSTON PRIVATE FINANCIAL,left,5,4996
BPMC,BLUEPRINT MEDICINES CORP,left,5,3687
BPOP,POPULAR INC,left,23,5258
BPRN,BANK OF PRINCETON,left,4,1853
BPYU,BROOKFIELD PROPERTY REIT,left,5,3250
BR,BROADRIDGE FINANCIAL INC,left,5,2988
BRBR,BELLRING BRANDS,left,4,3774
BRC,BRADY CORP,left,6,1329
BREW,CRAFT BREW ALLIANCE,left,8,4647
BRG,BLUEROCK RESIDENT REIT,left,5,3774
BRID,BRIDGFORD FOODS CORP,left,5,1766
BRK.B,BERKSHIRE HATHAWAY INC,left,4,4210
BRKL,BROOKLINE BANCORP INC,left,5,3337
BRKR,BRUKER CORP,left,5,3948
BRKS,BROOKS AUTOMATION INC,left,5,3425
BRMK,BROADMARK REALTY CAP (A),left,5,2901
BRO,BROWN & BROWN INC,left,5,3512
BRP,BRP GROUP,left,5,3774
BRT,BRT APARTMENTS CORP,left,5,3861
BRX,BRIXMOR PROPERTY GROUP,left,5,2726
BRY,BERRY CORPORATION,left,4,4385
BSBK,BOGOTA FINANCIAL,left,5,4036
BSGM,BIOSIG TECHNOLOGIES INC,left,5,1940
BSIG,BRIGHTSPHERE INVESTMENT,left,5,2202
BSRR,SIERRA BANCORP,left,26,5171
BSTC,BIOSPECIFICS TECHNO CORP,left,5,2028
BSVN,BANK7 CORP,left,4,2028
BSX,BOSTON SCIENTIFIC CO,left,5,5171
BTAI,BIOXCEL THERAPEUTICS,left,5,2202
BTU,PEABODY ENERGY CORP,left,22,3425
BURL,BURLINGTON STORES INC,left,5,4473
BUSE,FIRST BUSEY CORP,left,12,1504
BV,BRIGHTVIEW HOLDINGS INC,left,5,2290
BWA,BORG WARNER INC,left,5,4734
BWB,BRIDGEWATER BANCSHARES,left,5,1679
BWFG,BANKWELL FINL GROUP INC,left,4,2290
BWXT,BWX TECHNOLOGIES INC,left,5,4647
BXG,BLUEGREEN VACATIONS CORP,left,5,3599
BXMT,BLACKSTONE MORTGAGE TRST,left,5,2988
BXP,BOSTON PROPERTIES INC,left,5,5084
BXS,BANCORPSOUTH BANK,left,4,5345
BY,BYLINE BANCORP,left,5,4734
BYD,BOYD GAMING CORP,left,6,1242
BYND,BEYOND MEAT,left,4,4734
BYSI,BEYONDSPRING,left,4,4822
BZH,BEAZER HOMES USA INC,left,4,3250
C,CITIGROUP INC,left,7,2028
CABA,CABALETTA BIO,left,5,4996
CABO,CABLE ONE INC,left,5,5084
CAC,CAMDEN NATIONAL CORP,left,6,3163
CACC,CREDIT ACCEP CORP MICH,left,8,4909
CACI,CACI INTERNATIONAL INC,left,6,1242
CADE,CADENCE BANCORP,left,6,1416
CAG,CONAGRA BRANDS INC,left,8,4298
CAH,CARDINAL HEALTH INC,left,6,4385
CAI,CAI INTERNATIONAL INC,left,6,1853
CAKE,CHEESECAKE FACTORY INC,left,7,2813
CAL,CALERES INC,left,6,2290
CALA,CALITHERA BIOSCIENCES,left,6,2639
CALB,CALIFORNIA BANCORP,left,6,2377
CALM,CAL MAINE FOODS INC,left,6,1940
CALX,CALIX INC,left,6,2726
CAMP,CALAMP CORP,left,6,2028
CANADA,FTSE,left,33,1399
CAR,AVIS BUDGET GROUP INC,left,4,3076
CARA,CARA THERAPEUTICS INC,left,6,4298
CARE,CARTER BANK & TRUST,left,7,1591
CARG,CARGURUS INC,left,6,4909
CARR,CARRIER GLOBAL,left,7,1329
CARS,CARS.COM,left,7,1504
CASA,CASA SYSTEMS INC,left,6,1766
CASH,META FINANCIAL GROUP INC,left,19,5084
CASI,CASI PHARMACEUTICALS INC,left,6,2028
CASS,CASS INFORMATION SYSTEMS,left,6,2202
CASY,CASEYS GENERAL STORES,left,6,1940
CAT,CATERPILLAR INC,left,6,2988
CATB,CATABASIS PHARACEUTICALS,left,6,2464
CATC,CAMBRIDGE BANCORP,left,6,3076
CATM,CARDTRONICS PLC,left,6,4647
CATO,CATO CORP,left,6,3163
CATS,CATASYS INC,left,6,2813
CATY,CATHAY GENERAL BANCORP,left,6,3076
CB,CHUBB LIMITED,left,7,4647
CBAN,COLONY BANKCORP INC,left,8,1940
CBAY,CYMABAY THERAPEUTICS INC,left,9,3425
CBB,CINCINNATI BELL INC,left,8,1329
CBFV,CB FINL SVCS INC,left,6,3337
CBIO,CATALYST BIOSCIENCES INC,left,6,2639
CBMG,CELLULAR BIOMEDICINE GRP,left,6,4123
CBNK,CAPITAL BANCORP INC,left,6,3687
CBOE,CBOE GLOBAL MARKETS INC,left,6,3512
CBRE,CBRE GROUP INC,left,6,3599
CBRL,CRACKER BARREL STORE,left,8,4560
CBSH,COMMERCE BANCSHARES INC,left,8,2901
CBT,CABOT CORP,left,5,5171
CBTX,CBTX INC,left,6,3687
CBU,COMMUNITY BANK SYSTEMS,left,8,3163
CBZ,CBIZ INC,left,6,3425
CC,THE CHEMOURS COMPANY,left,28,5345
CCB,COASTAL FINANCIAL CORP,left,7,4473
CCBG,CAPITAL CITY BANK GROUP,left,6,3774
CCF,CHASE CORP,left,7,2551
CCI,CROWN CASTLE INTL CORP,left,9,1329
CCK,CROWN HOLDINGS INC,left,9,1416
CCL,CARNIVAL CORP,left,6,5258
CCMP,CABOT MICROELECTRONICS,left,5,5258
CCNE,CNB FINL CORP PA,left,7,4210
CCOI,COGENT COMM HOLDINGS,left,7,5084
CCRN,CROSS COUNTRY HEALTHCARE,left,8,5258
CCS,CENTURY COMMUNITIES INC,left,6,5345
CCXI,CHEMOCENTRYX INC,left,7,3250
CDAY,CERIDIAN HCM HOLDING,left,7,1504
CDE,COEUR MINING INC,left,7,4996
CDK,CDK GLOBAL INC,left,6,3774
CDLX,CARDLYTICS INC,left,6,4560
CDMO,AVID BIOSERVICES INC,left,4,2901
CDNA,CAREDX INC,left,6,4734
CDNS,CADENCE DESIGN SYSTEMS,left,6,1504
CDTX,CIDARA THERAPEUTICS INC,left,7,4996
CDW,CDW CORPORATION,left,6,3861
CDXC,CHROMADEX CORP,left,7,4560
CDXS,CODEXIS INC,left,7,4734
CDZI,CADIZ INC,left,6,1591
CE,CELANESE CORP,left,6,4036
CECE,CECO ENVIRONMENTAL CORP,left,6,3948
CEIX,CONSOL ENERGY INC,left,8,5084
CELH,CELSIUS HOLDINGS INC,left,6,4298
CEMI,CHEMBIO DIAGNOSTICS INC,left,7,3076
CENT,CENTRAL GARDEN & PET CO,left,6,4734
CENTA,CENTRAL GARDEN & PET CO,left,6,4822
CENX,CENTURY ALUMINUM CO,left,6,5084
CERC,CERECOR INC,left,7,1329
CERN,CERNER CORP,left,7,1591
CERS,CERUS CORP,left,7,1679
CETV,CENTRAL EUROPEAN MEDIA,left,6,4647
CEVA,CEVA INC,left,7,1766
CF,CF INDUSTRIES HOLDINGS,left,7,1853
CFB,CROSSFIRST BANKSHARES,left,8,5345
CFFI,C & F FINANCIAL CORP,left,5,4822
CFFN,CAPITOL FEDERAL FINL INC,left,6,3948
CFG,CITIZENS FINANCIAL INC,left,7,2202
CFR,CULLEN FROST BANKERS,left,9,2377
CFRX,CONTRAFECT CORP,left,9,1679
CFX,COLFAX CORP,left,8,1591
CG,CARLYLE GROUP INC,left,6,5084
CGNX,COGNEX CORP,left,7,5171
CHCO,CITY HOLDING CO,left,7,2551
CHCT,COMMUNITY HEALTHCARE TR,left,8,3512
CHD,CHURCH & DWIGHT INC,left,7,4734
CHDN,CHURCHILL DOWNS INC,left,7,4822
CHE,CHEMED CORPORATION,left,7,3163
CHEF,CHEFS' WHAREHOUSE INC,left,7,2901
CHGG,CHEGG INC,left,7,2988
CHH,CHOICE HOTELS INTL INC,left,7,4385
CHK,CHESAPEAKE ENERGY CORP,left,7,3599
CHMA,CHIASMA INC,left,7,3861
CHMG,CHEMUNG FINL CORP,left,7,3337
CHMI,CHERRY HILL MORTGAGE INV,left,7,3512
CHNG,CHANGE HEALTHCARE INC,left,7,2115
CHRS,COHERUS BIOSCIENCES,left,8,1416
CHRW,C H ROBINSON WORLDWIDE,left,5,4909
CHS,CHICOS FAS INC,left,7,3948
CHTR,CHARTER COMM INC,left,7,2464
CHUY,CHUY'S HOLDINGS INC,left,7,4909
CHX,CHAMPIONX CORPORATION,left,7,2028
CI,CIGNA CORP,left,7,5171
CIA,CITIZENS INC,left,7,2377
CIEN,CIENA CORP,left,7,5084
CIM,CHIMERA INVESTMENT CORP,left,7,4123
CINF,CINCINNATI FINANCIAL,left,8,1416
CIO,CITY OFFICE REIT INC,left,7,2639
CIR,CIRCOR INTERNATIONAL INC,left,8,1679
CIT,CIT GROUP INC,left,7,1853
CIVB,CIVISTA BANCSHARES INC,left,7,2726
CIX,COMPX INTERNATIONAL INC,left,8,3948
CIZN,CITIZENS HLDG CO MISS,left,7,2290
CKH,SEACOR HOLDINGS INC,left,26,1766
CKPT,CHECKPOINT THERAPEUTICS,left,7,2726
CL,COLGATE PALMOLIVE CO,left,8,1679
CLAR,CLARUS CORPORATION,left,7,2813
CLBK,COLUMBIA FINANCIAL INC,left,8,2290
CLCT,COLLECTORS UNIVERSE INC,left,8,1766
CLDR,CLOUDERA INC,left,7,3687
CLDT,CHATHAM LODGING TR,left,7,2639
CLF,CLEVELAND-CLIFFS INC,left,7,3425
CLFD,CLEARFIELD INC,left,7,3076
CLGX,CORELOGIC INC,left,8,2464
CLH,CLEAN HARBORS INC,left,7,2988
CLI,MACK CALI REALTY CORP,left,19,1329
CLNC,COLONY CR RE INC (A),left,8,2115
CLNE,CLEAN ENERGY FUELS CORP,left,7,2901
CLNY,COLONY CAPITAL INC,left,8,2028
CLPR,CLIPPER REALTY INC,left,7,3512
CLR,CONTINENTAL RESOURCES,left,9,1591
CLVS,CLOVIS ONCOLOGY INC,left,7,3861
CLW,CLEARWATER PAPER CORP,left,7,3163
CLX,CLOROX CO,left,7,3599
CLXT,CALYXT,left,6,2901
CMA,COMERICA INC,left,8,2726
CMBM,CAMBIUM NETWORKS CORP,left,6,2988
CMC,COMMERCIAL METALS CO,left,8,2988
CMCL,CALEDONIA MINING CORP,left,6,2202
CMCO,COLUMBUS MCKINNON CORP,left,8,2551
CMCSA,COMCAST CORP CL A,left,8,2639
CMCT,CIM COMMERCIAL TRUST,left,7,5258
CMD,CANTEL MEDICAL CORP,left,6,3599
CME,CME GROUP INC,left,7,3948
CMG,CHIPOTLE MEXICAN GRILL,left,7,4298
CMI,CUMMINS INC,left,9,2464
CMO,CAPSTEAD MORTGAGE CORP,left,6,4210
CMP,COMPASS MINERALS INTL,left,8,3774
CMPR,CIMPRESS PLC,left,8,1242
CMRE,COSTAMARE INC,left,8,3512
CMRX,CHIMERIX INC,left,7,4210
CMS,CMS ENERGY CORP,left,7,4036
CMTL,COMTECH TELECOMM,left,8,4210
CNA,CNA FINANCIAL CORP,left,7,4123
CNBKA,CENTURY BANCORP INC,left,6,5171
CNC,CENTENE CORP,left,6,4385
CNCE,CONCERT PHARMACEUTICALS,left,8,4385
CNDT,CONDUENT INC,left,8,4647
CNK,CINEMARK HOLDINGS INC,left,8,1504
CNMD,CONMED CORP,left,8,4734
CNNE,CANNAE HOLDINGS INC,left,6,3512
CNO,CNO FINANCIAL GROUP,left,7,4298
CNOB,CONNECTONE BANCORP INC,left,8,4822
CNP,CENTERPOINT ENERGY INC,left,6,4473
CNR,CORNERSTONE BUILDING,left,8,2901
CNS,COHEN & STEERS INC,left,8,1242
CNSL,CONSOLIDATED COMM,left,8,5171
CNST,CONSTELLATION PHARMA,left,9,1329
CNTG,CENTOGENE NV,left,6,4560
CNTY,CENTURY CASINOS INC,left,6,5258
CNX,CNX RESOURCES CORP,left,7,4385
CNXN,P C CONNECTION,left,22,3861
CODX,CO-DIAGNOSTICS INC,left,7,4822
COF,CAPITAL ONE FINANCIAL,left,6,3861
COFS,CHOICEONE FINANCIAL SERV,left,7,4473
COG,CABOT OIL & GAS CORP,left,5,5345
COHR,COHERENT INC,left,8,1329
COHU,COHU INC,left,8,1504
COKE,COCA-COLA CONSOLIDATED,left,7,4647
COLB,COLUMBIA BKG SYSTEM INC,left,8,2202
COLD,AMERICOLD REALTY TRUST,left,2,3512
COLL,COLLEGIUM PHARMACEUTICAL,left,8,1853
COLM,COLUMBIA SPORTSWEAR CO,left,8,2464
COMM,COMMSCOPE HOLDING CO,left,8,3076
CONE,CYRUSONE INC,left,9,3512
CONN,CONNS INC,left,8,4909
COO,COOPER COMPANIES INC,left,9,1766
COOP,MR. COOPER GROUP INC,left,20,2202
COP,CONOCOPHILLIPS,left,8,4996
COR,CORESITE REALTY CORP,left,8,2726
CORE,CORE MARK HOLDING CO INC,left,8,2290
CORR,CORENERGY INFRASTRUCT,left,8,2551
CORT,CORCEPT THERAPEUTICS INC,left,8,2202
COST,COSTCO WHOLESALE CORP,left,8,3687
COTY,COTY INC,left,8,3774
COUP,COUPA SOFTWARE INC,left,8,3948
COWN,COWEN INC,left,8,4385
CPA,COPA HOLDINGS SA,left,8,1940
CPB,CAMPBELL SOUP CO,left,6,3337
CPF,CENTRAL PACIFIC FINL,left,6,4909
CPK,CHESAPEAKE UTILITIES,left,7,3687
CPLG,COREPOINT LODGINGS INC,left,8,2639
CPRI,CAPRI HOLDINGS LIMITED,left,6,4036
CPRT,COPART INC,left,8,2028
CPRX,CATALYST PHARMACEUTICALS,left,6,2726
CPS,COOPER STD HLDGS INC,left,8,1766
CPSI,COMPUTER PROGRAMS & SYS,left,8,3861
CPT,CAMDEN PROPERTY TRUST,left,6,3250
CR,CRANE CO,left,8,4734
CRAI,CRA INTERNATIONAL INC,left,8,4473
CRBP,CORBUS PHARMACEUTICALS,left,8,2115
CRC,CALIFORNIA RESOURCES,left,6,2464
CRD.A,CRAWFORD & CO CL A,left,8,4822
CREE,CREE INC,left,8,4996
CRI,CARTER INC,left,6,1591
CRK,COMSTOCK RESOURCES INC,left,8,4123
CRL,CHARLES RIVER LABS INTL,left,7,2290
CRM,SALESFORCE COM INC,left,26,2726
CRMD,CORMEDIX INC,left,8,2813
CRMT,AMERICAS CAR-MART INC,left,2,3425
CRNC,CERENCE,left,7,1416
CRNX,CRINETICS PHARMACEUTICAL,left,8,5084
CROX,CROCS INC,left,8,5171
CRS,CARPENTER TECHNOLOGY,left,6,5345
CRTX,CORTEXYME,left,8,3337
CRUS,CIRRUS LOGIC INC,left,7,1679
CRVL,CORVEL CORP,left,8,3425
CRWD,CROWDSTRIKE HOLDINGS,left,9,1242
CRY,CRYOLIFE INC,left,9,1504
CSBR,CHAMPIONS ONCOLOGY INC,left,7,1940
CSCO,CISCO SYSTEMS INC,left,7,1766
CSGP,COSTAR GROUP INC,left,8,3599
CSGS,CSG SYSTEMS INTL INC,left,9,1679
CSII,CARDIOVASCULAR SYS INC,left,6,4473
CSL,CARLISLE COS INC,left,6,4996
CSOD,CORNERSTONE ONDEMAND INC,left,8,2988
CSPR,CASPER SLEEP,left,6,2115
CSTE,CAESARSTONE LTD,left,6,1766
CSTL,CASTLE BIOSCIENCES INC,left,6,2377
CSTR,CAPSTAR FINANCIAL HLDG,left,6,4123
CSV,CARRIAGE SERVICES INC,left,7,1242
CSWI,CSW INDUSTRIALS INC,left,9,1766
CSX,CSX CORP,left,9,1853
CTAS,CINTAS CORP,left,8,1591
CTB,COOPER TIRE & RUBBER CO,left,8,1853
CTBI,COMMUNITY TRUST BANCORP,left,8,3599
CTL,CENTURYLINK INC,left,7,1242
CTLT,CATALENT INC,left,6,2551
CTMX,CYTOMX THERAPEUTICS INC,left,9,3687
CTO,CTO REALTY GROWTH INC,left,9,1940
CTRE,CARETRUST REIT INC,left,6,4822
CTRN,CITI TRENDS INC,left,7,1940
CTS,CTS CORP,left,9,2028
CTSH,COGNIZANT TECH SOLUTIONS,left,7,5258
CTSO,CYTOSORBENTS CORP,left,9,3774
CTT,CATCHMARK TIMBER TRUST,left,6,2901
CTVA,CORTEVA,left,8,3250
CTXS,CITRIX SYSTEMS INC,left,7,2464
CUB,CUBIC CORP,left,9,2202
CUBE,CUBESMART,left,9,2115
CUBI,CUSTOMERS BANCORP INC,left,9,2813
CUE,CUE BIOPHARMA INC,left,9,2290
CURO,CURO GROUP HOLDINGS CORP,left,9,2551
CUTR,CUTERA INC,left,9,2901
CUZ,COUSINS PROPERTIES INC,left,8,4036
CVA,COVANTA HOLDING CORP,left,8,4123
CVBF,CVB FINANCIAL CORP,left,9,2988
CVCO,CAVCO INDUSTRIES INC,left,6,3250
CVCY,CENTRAL VALLEY CMNTY,left,6,4996
CVET,COVETRUS INC,left,8,4298
CVGW,CALAVO GROWERS INC,left,6,2115
CVI,CVR ENERGY INC,left,9,3076
CVLT,COMMVAULT SYSTEMS INC,left,8,3687
CVLY,CODORUS VY BANCORP INC,left,7,4909
CVM,CEL-SCI CORP,left,6,4210
CVNA,CARVANA CO,left,6,1679
CVS,CVS HEALTH CORPORATION,left,9,3163
CVTI,COVENANT TRANS GRP INC,left,8,4210
CVX,CHEVRON CORP,left,7,3774
CW,CURTISS WRIGHT CORP,left,9,2639
CWBR,COHBAR INC,left,7,5345
CWCO,CONSOLIDATED WATER CO,left,8,5345
CWEN,CLEARWAY ENERGY (C),left,7,3337
CWEN.A,CLEARWAY ENERGY,left,7,3250
CWH,CAMPING WORLD HOLDINGS,left,6,3425
CWK,CUSHMAN & WAKEFIELD PLC,left,9,2726
CWST,CASELLA WASTE SYSTEMS,left,6,1853
CWT,CALIFORNIA WTR SVC GRP,left,6,2551
CXO,CONCHO RESOURCES INC,left,8,4473
CXP,COLUMBIA PPTY TR INC,left,8,2377
CXW,CORECIVIC INC,left,8,2377
CYBE,CYBEROPTICS CORP,left,9,3250
CYCN,CYCLERION THERAPEUTICS,left,9,3337
CYH,COMMUNITY HEALTH SYSTEMS,left,8,3425
CYRX,CRYOPORT INC,left,9,1591
CYTK,CYTOKINETICS INC,left,9,3599
CZNC,CITIZENS & NORTHERN CORP,left,7,2115
CZR,CAESARS ENTMT CORP,left,6,1679
D,DOMINION ENERGY INC,left,9,4473
DAKT,DAKTRONICS INC,left,9,4036
DAL,DELTA AIR LINES INC,left,10,1329
DAN,DANA INCORPORATED,left,9,4123
DAR,DARLING INGREDIENTS INC,left,9,4385
DBCP,DELMAR BANCORP,left,10,1242
DBD,DIEBOLD NIXDORF,left,9,2726
DBI,DESIGNER BRANDS INC,left,10,1853
DBX,DROPBOX,left,10,1504
DCI,DONALDSON INC,left,9,4822
DCO,DUCOMMUN INC,left,10,1766
DCOM,DIME CMNTY BANCSHARES,left,9,3250
DCPH,DECIPHERA PHARMACEUTICAL,left,9,4909
DD,DUPONT DE NEMOURS INC,left,10,2202
DDD,3D SYSTEMS CORP,left,1,1766
DDOG,DATADOG,left,9,4647
DDS,DILLARDS INC,left,9,3163
DE,DEERE & CO,left,9,5084
DEA,EASTERLY GOVERNMENT PPTY,left,10,3687
DECK,DECKERS OUTDOOR CORP,left,9,4996
DEI,DOUGLAS EMMETT INC,left,9,5345
DELL,DELL TECHNOLOGIES,left,9,5345
DENN,DENNYS CORP,left,10,1591
DFIN,DONNELLEY FINANCIAL,left,9,4996
DFS,DISCOVER FINANCIAL SRVC,left,9,3512
DG,DOLLAR GENERAL CORP,left,9,4298
DGICA,DONEGAL GROUP INC,left,9,4909
DGII,DIGI INTL INC,left,9,2813
DGX,QUEST DIAGNOSTICS INC,left,24,4123
DHC,DIVERSIFIED HEALTHCARE,left,9,3948
DHI,D R HORTON INC,left,9,3861
DHIL,DIAMOND HILL INVESTMENT,left,9,2202
DHR,DANAHER CORP,left,9,4210
DHT,DHT HOLDINGS INC,left,9,2115
DHX,DHI GROUP INC,left,9,2028
DIN,DINE BRANDS GLOBAL INC,left,9,3337
DIOD,DIODES INC,left,9,3425
DIS,DISNEY WALT CO,left,9,3861
DISCA,DISCOVERY INC SERIES A,left,9,3599
DISCK,DISCOVERY INC SERIES C,left,9,3687
DISH,DISH NETWORK CORP,left,9,3774
DJCO,DAILY JOURNAL CORP,left,9,3948
DK,DELEK US HLDGS INC,left,9,5258
DKS,DICKS SPORTING GOODS INC,left,9,2639
DLB,DOLBY LABORATORIES INC,left,9,4210
DLR,DIGITAL REALTY TRUST INC,left,9,2988
DLTH,DULUTH HOLDINGS INC,left,10,2028
DLTR,DOLLAR TREE INC,left,9,4385
DLX,DELUXE CORP,left,10,1416
DMRC,DIGIMARC CORPORATION,left,9,2901
DMTK,DERMTECH INC,left,10,1766
DNKN,DUNKIN BRANDS GROUP INC,left,10,2115
DNLI,DENALI THERAPEUTICS INC,left,10,1504
DNOW,NOW INC,left,21,4560
DOC,PHYSICIANS REALTY TRUST,left,23,2813
DOCU,DOCUSIGN,left,9,4123
DOMO,DOMO INC,left,9,4647
DOOR,MASONITE INTL CORP,left,18,4909
DORM,DORMAN PRODUCTS INC,left,9,5171
DOV,DOVER CORP,left,10,1242
DOW,DOW INC,left,10,1329
DOX,AMDOCS LTD,left,2,5084
DPZ,DOMINOS PIZZA INC,left,9,4560
DRE,DUKE REALTY CORP,left,10,1940
DRH,DIAMONDROCK HOSPITALITY,left,9,2464
DRI,DARDEN RESTAURANTS INC,left,9,4298
DRNA,DICERNA PHARMACEUTICALS,left,9,2551
DRQ,DRIL-QUIP INC,left,10,1416
DRRX,DURECT CORP,left,10,2290
DSKE,DASEKE INC,left,9,4560
DSPG,DSP GROUP INC,left,10,1591
DSSI,DIAMOND S SHIPPING,left,9,2290
DT,DYNATRACE INC,left,10,2726
DTE,DTE ENERGY CO,left,10,1679
DTIL,PRECISION BIOSCIENCES,left,24,2377
DUK,DUKE ENERGY CORP,left,10,1853
DVA,DAVITA INC,left,9,4822
DVAX,DYNAVAX TECHNOLOGIES,left,10,2813
DVN,DEVON ENERGY CORP,left,9,1853
DX,DYNEX CAPITAL INC,left,10,2901
DXC,DXC TECHNOLOGY COMPANY,left,10,2377
DXCM,DEXCOM INC,left,9,1940
DXPE,DXP ENTERPRISES INC,left,10,2464
DY,DYCOM INDUSTRIES INC,left,10,2639
DYAI,DYADIC INTERNATIONAL,left,10,2551
DZSI,DASAN ZHONE SOLUTIONS,left,9,4473
EA,ELECTRONIC ARTS INC,left,11,1766
EAF,GRAFTECH INTERNATIONAL,left,13,3861
EARN,ELLINGTON RESIDENTIAL,left,10,2028
EAT,BRINKER INTERNATIONAL,left,5,2377
EB,EVENTBRITE,left,11,3774
EBAY,EBAY INC,left,10,4298
EBF,ENNIS INC,left,10,3687
EBIX,EBIX INC,left,10,4385
EBMT,EAGLE BANCORP MONT INC,left,10,3163
EBS,EMERGENT BIOSOLUTIONS,left,10,2377
EBSB,MERIDIAN BANCORP INC,left,19,4298
EBTC,ENTERPRISE BANCORP INC,left,10,4560
ECHO,ECHO GLOBAL LOGISTICS,left,10,4473
ECL,ECOLAB INC,left,10,4647
ECOL,US ECOLOGY INC,left,29,5345
ECOM,CHANNELADVISOR CORP,left,7,2202
ECPG,ENCORE CAPITAL GROUP INC,left,10,2901
ED,CONSOLIDATED EDISON INC,left,8,5258
EDIT,EDITAS MEDICINE INC,left,10,4909
EE,EL PASO ELECTRIC CO,left,11,1242
EEFT,EURONET WORLDWIDE INC,left,11,3512
EEX,EMERALD HOLDING INC,left,10,2290
EFC,ELLINGTON FINANCIAL,left,10,1940
EFSC,ENTERPRISE FINL SERVICES,left,10,4647
EFX,EQUIFAX INC,left,11,1504
EGAN,EGAIN CORPORATION,left,10,5084
EGBN,EAGLE BANCORP INC,left,10,3076
EGHT,8X8 INC NEW,left,1,2028
EGLE,EAGLE BULK SHIPPING INC,left,10,3250
EGOV,NIC INC,left,21,1853
EGP,EASTGROUP PROPERTIES INC,left,10,3861
EGRX,EAGLE PHARMACEUTICALS,left,10,3425
EHC,ENCOMPASS HEALTH CORP,left,10,2813
EHTH,EHEALTH INC,left,10,5171
EIDX,EIDOS THERAPEUTICS,left,10,5258
EIG,EMPLOYERS HOLDINGS INC,left,10,2639
EIGI,ENDURANCE INTERNATIONAL,left,10,3163
EIGR,EIGER BIOPHARMACEUTICALS,left,10,5345
EIX,EDISON INTERNATIONAL,left,10,4822
EL,ESTEE LAUDER COMPANIES,left,11,3163
ELA,ENVELA,left,10,4822
ELAN,ELANCO ANIMAL HEALTH,left,11,1416
ELF,ELF BEAUTY INC,left,11,1940
ELMD,ELECTROMED INC,left,11,1679
ELOX,ELOXX PHARMACEUTICALS,left,10,2115
ELS,EQUITY LIFESTYLE PROP,left,11,2028
ELY,CALLAWAY GOLF CO,left,6,2813
EME,EMCOR GROUP INC,left,10,2202
EML,EASTERN CO,left,10,3774
EMN,EASTMAN CHEMICAL CO,left,10,3948
EMR,EMERSON ELECTRIC CO,left,10,2464
ENDP,ENDO INTERNATIONAL PLC,left,10,3076
ENOB,ENOCHIAN BIOSCIENCES,left,10,3774
ENPH,ENPHASE ENERGY INC,left,10,3948
ENR,ENERGIZER HOLDINGS INC,left,10,3250
ENS,ENERSYS INC,left,10,3599
ENSG,ENSIGN GROUP INC,left,10,4123
ENTA,ENANTA PHARMACEUTICALS,left,10,2726
ENTG,ENTEGRIS INC,left,10,4298
ENV,ENVESTNET INC,left,10,4909
ENVA,ENOVA INTERNATIONAL INC,left,10,3861
ENZ,ENZO BIOCHEM INC,left,10,5084
EOG,EOG RESOURCES INC,left,10,5171
EOLS,EVOLUS INC,left,11,4909
EPAC,ENERPAC TOOL GROUP CORP,left,10,3512
EPAM,EPAM SYSTEMS INC,left,10,5258
EPAY,BOTTOMLINE TECHNOLOGIES,left,5,5258
EPC,EDGEWELL PERSONAL CARE,left,10,4734
EPM,EVOLUTION PETROLEUM CORP,left,11,4996
EPR,EPR PROPERTIES,left,11,1329
EPRT,ESSENTIAL PROPERTIES,left,11,2901
EPZM,EPIZYME INC,left,10,5345
EQBK,EQUITY BANCSHARE INC,left,11,1853
EQC,EQUITY COMMONWEALTH,left,11,1940
EQH,EQUITABLE HOLDINGS INC,left,11,1679
EQIX,EQUINIX INC,left,11,1591
EQR,EQUITY RESIDENTIAL,left,11,2115
EQT,EQT CORPORATION,left,11,1416
ERI,ELDORADO RESORTS INC,left,11,1591
ERIE,ERIE INDEMNITY CO,left,11,2202
ERII,ENERGY RECOVERY INC,left,10,3425
EROS,EROS INTL PLC,left,11,2290
ES,EVERSOURCE ENERGY,left,11,4385
ESCA,ESCALADE INC,left,11,2377
ESE,ESCO TECHNOLOGIES INC,left,11,2464
ESGR,ENSTAR GROUP LIMITED,left,10,4210
ESI,ELEMENT SOLUTIONS INC.,left,11,1853
ESNT,ESSENT GROUP LTD,left,11,2813
ESPR,ESPERION THERAPEUTICS,left,11,2551
ESQ,ESQUIRE FINANCIAL HLDGS,left,11,2639
ESRT,EMPIRE STATE REALTY,left,10,2551
ESS,ESSEX PROPERTY TRUST INC,left,11,3076
ESSA,ESSA BANCORP INC,left,11,2726
ESTC,ELASTIC N.V.,left,11,1504
ESTE,EARTHSTONE ENERGY INC,left,10,3512
ESXB,COMMUNITY BANKERS TRUST,left,8,3250
ETFC,E TRADE FINANCIAL CORP,left,10,2988
ETH,ETHAN ALLEN INTERIORS,left,11,3250
ETM,ENTERCOM COMMUNICATIONS,left,10,4385
ETN,EATON CORP PLC,left,10,4123
ETNB,89BIO,left,1,1940
ETON,ETON PHARMACEUTICALS,left,11,3337
ETR,ENTERGY CORP,left,10,4473
ETRN,EQUITRANS MIDSTREAM CORP,left,11,1766
ETSY,ETSY INC,left,11,3425
EV,EATON VANCE CORP,left,10,4210
EVBG,EVERBRIDGE INC,left,11,3861
EVBN,EVANS BANCORP INC,left,11,3599
EVC,ENTRAVISION COMM,left,10,4734
EVER,EVERQUOTE,left,11,4298
EVFM,EVOFEM BIOSCIENCES INC,left,11,4734
EVH,EVOLENT HEALTH INC,left,11,4822
EVI,EVI INDUSTRIES,left,11,4560
EVLO,EVELO BIOSCIENCES,left,11,3687
EVOP,EVO PAYMENTS INC,left,11,4647
EVR,EVERCORE INC,left,11,3948
EVRG,EVERGY INC,left,11,4123
EVRI,EVERI HOLDINGS INC,left,11,4210
EVTC,EVERTEC INC,left,11,4473
EW,EDWARDS LIFESCIENCES,left,10,4996
EWBC,EAST WEST BANCORP INC,left,10,3599
EXAS,EXACT SCIENCES CORP,left,11,5171
EXC,EXELON CORP,left,12,1242
EXEL,EXELIXIS INC,left,11,5345
EXLS,EXLSERVICE HOLDINGS INC,left,12,1416
EXP,EAGLE MATERIALS INC,left,10,3337
EXPD,EXPEDITORS INTL OF WASH,left,12,1766
EXPE,EXPEDIA GROUP INC,left,12,1679
EXPI,EXP WORLD HOLDINGS,left,12,1591
EXPO,EXPONENT INC,left,12,1853
EXPR,EXPRESS INC,left,12,1940
EXR,EXTRA SPACE STORAGE INC,left,11,2115
EXTN,EXTERRAN CORPORATION,left,11,2028
EXTR,EXTREME NETWORKS INC,left,11,2202
EYE,NATIONAL VISION HOLDINGS,left,21,1679
EZPW,EZCORP INC,left,11,2377
F,FORD MOTOR CO,left,13,2028
FAF,FIRST AMERICAN FINL CORP,left,11,5171
FANG,DIAMONDBACK ENERGY INC,left,9,2377
FARM,FARMER BROS CO,left,11,2988
FARO,FARO TECHNOLOGIES INC,left,11,3337
FAST,FASTENAL CO,left,11,3425
FATE,FATE THERAPEUTICS INC,left,11,3599
FB,FACEBOOK INC,left,11,2639
FBC,FLAGSTAR BANCORP INC,left,12,4647
FBHS,FORTUNE BRDS HOME & SEC,left,12,2726
FBIO,FORTRESS BIOTECH INC,left,12,2639
FBIZ,FIRST BUSINESS FINL SVCS,left,12,1591
FBK,FB FINANCIAL CORP,left,11,3687
FBM,FOUNDATION BLDG MATERIAL,left,12,3076
FBMS,FIRST BANCSHARES INC MS,left,12,1329
FBNC,FIRST BANCORP NC,left,11,5345
FBP,FIRST BANCORP PR,left,12,1242
FC,FRANKLIN COVEY CO,left,12,3599
FCAP,FIRST CAPITAL INC,left,12,1679
FCBC,FIRST CMNTY BANCSHAR,left,12,1940
FCBP,FIRST CHOICE BANCORP,left,12,1766
FCCO,FIRST CMNTY CORP SC,left,12,2028
FCCY,1ST CONSTITUTION BANCORP,left,1,1504
FCEL,FUELCELL ENERGY INC,left,12,5084
FCF,FIRST COMMONWLTH FINL,left,12,2115
FCFS,FIRSTCASH INC,left,12,3948
FCN,FTI CONSULTING INC,left,12,4996
FCNCA,FIRST CITIZENS BANCSHRS,left,12,1853
FCPT,FOUR CORNERS PPTY TRUST,left,12,3163
FCX,FREEPORT-MCMORAN INC,left,12,4210
FDBC,FIDELITY D&D BANCORP INC,left,11,4647
FDP,FRESH DEL MONTE PRODUCE,left,12,4385
FDS,FACTSET RESEARCH SYSTEMS,left,11,2726
FDX,FEDEX CORP,left,11,4210
FE,FIRSTENERGY CORP,left,12,4036
FELE,FRANKLIN ELECTRIC CO,left,12,3687
FENC,FENNEC PHARMACEUTICALS,left,11,4385
FEYE,FIREEYE INC,left,11,5084
FF,FUTUREFUEL CORPORATION,left,13,1329
FFBC,FIRST FINANCIAL BANCORP,left,12,2202
FFG,FBL FINANCIAL GROUP INC,left,11,3774
FFIC,FLUSHING FINANCIAL CORP,left,13,1329
FFIN,FIRST FINL BANKSHARES,left,12,2377
FFIV,F5 NETWORKS INC,left,11,2464
FFWM,FIRST FNDTN INC,left,12,2464
FGBI,FIRST GUARANTY BANCSHARE,left,12,2551
FGEN,FIBROGEN INC,left,11,4560
FHB,FIRST HAWAIIAN INC,left,12,2639
FHI,FEDERATED HERMES INC,left,11,4123
FHN,FIRST HORIZON NATL CORP,left,12,2726
FI,FRANK'S INTERNATIONAL,left,12,4123
FIBK,FIRST INTST BANCSYSTEM,left,12,2988
FICO,FAIR ISAAC CORP,left,11,2813
FIS,FIDELITY NATL INFO SVCS,left,11,4734
FISI,FINANCIAL INSTNS INC,left,11,4996
FISV,FISERV INC,left,12,4123
FIT,FITBIT INC,left,12,4210
FITB,FIFTH THIRD BANCORP,left,11,4909
FIVE,FIVE BELOW,left,12,4298
FIVN,FIVE9 INC,left,12,4560
FIX,COMFORT SYSTEMS USA INC,left,8,2813
FIXX,HOMOLOGY MEDICINES,left,15,2464
FIZZ,NATIONAL BEVERAGE CORP,left,20,4734
FL,FOOT LOCKER INC,left,13,1940
FLDM,FLUIDIGM CORP,left,12,5345
FLGT,FULGENT GENETICS INC,left,12,5258
FLIC,FIRST LONG ISLAND CORP,left,12,3076
FLIR,FLIR SYSTEMS INC,left,12,4909
FLMN,FALCON MINERALS CORP (A),left,11,2901
FLNT,FLUENT INC,left,12,5258
FLO,FLOWERS FOODS INC,left,12,5084
FLOW,SPX FLOW INC,left,27,3687
FLR,FLUOR CORP,left,13,1242
FLS,FLOWSERVE CORP,left,12,5171
FLT,FLEETCOR TECHNOLOGIES,left,12,4734
FLWS,1-800 FLOWERS COM,left,1,1329
FLXN,FLEXION THERAPEUTICS INC,left,12,4822
FMAO,FARMERS & MERCHANTS BNCP,left,11,3076
FMBH,FIRST MID BANCSHARES INC,left,12,3250
FMBI,FIRST MIDWEST BANCORP,left,12,3337
FMC,FMC CORP,left,13,1416
FMNB,FARMERS NATL BANC CORP,left,11,3163
FN,FABRINET,left,11,2551
FNB,FNB CORP,left,13,1504
FNCB,FNCB BANCORP INC,left,13,1591
FND,FLOOR & DECOR HOLDINGS,left,12,4996
FNF,FNF GROUP,left,13,1679
FNHC,FEDNAT HOLDING COMPANY,left,11,4298
FNKO,FUNKO CLASS A,left,13,1242
FNLC,FIRST BANCORP INC,left,11,5258
FNWB,FIRST NORTHWEST BANCORP,left,12,3425
FOCS,FOCUS FINANCIAL PARTNERS,left,13,1766
FOE,FERRO CORP,left,11,4473
FOLD,AMICUS THERAPEUTICS INC,left,2,4210
FONR,FONAR CORP,left,13,1853
FOR,FORESTAR GROUP INC,left,12,2115
FORM,FORMFACTOR INC,left,12,2202
FORR,FORRESTER RESEARCH INC,left,12,2290
FOSL,FOSSIL GROUP INC,left,12,2901
FOX,FOX CORPORATION CLASS B,left,12,3337
FOXA,FOX CORPORATION CLASS A,left,12,3250
FOXF,FOX FACTORY HOLDING CORP,left,12,3425
FPI,FARMLAND PARTNERS INC,left,11,3250
FPRX,FIVE PRIME THERAPEUTICS,left,12,4385
FR,FIRST INDUSTRIAL RLTY TR,left,12,2813
FRAF,FRANKLIN FINANCIAL SERV,left,12,3861
FRBA,FIRST BANK WILLIAMSTOWN,left,12,1416
FRBK,REPUBLIC FIRST BANCORP,left,24,4996
FRC,FIRST REP BK SAN FRAN,left,12,3512
FREQ,FREQUENCY THERAPEUTICS,left,12,4298
FRG,FRANCHISE GROUP,left,12,3512
FRGI,FIESTA RESTAURANT GROUP,left,11,4822
FRME,FIRST MERCHANTS CORP,left,12,3163
FRO,FRONTLINE LTD,left,12,4734
FRPH,FRP HOLDINGS INC,left,12,4822
FRPT,FRESHPET INC,left,12,4473
FRT,FEDERAL REALTY INVT,left,11,3948
FRTA,FORTERRA INC,left,12,2377
FSB,FRANKLIN FINANCIAL NTWK,left,12,3774
FSBW,FS BANCORP INC,left,12,4909
FSCT,FORESCOUT TECHNOLOGIES,left,13,2115
FSFG,FIRST SAVINGS FINANCIAL,left,12,3599
FSLR,FIRST SOLAR INC,left,12,3687
FSLY,FASTLY,left,11,3512
FSP,FRANKLIN STREET PPTYS CO,left,12,4036
FSS,FEDERAL SIGNAL CORP,left,11,4036
FSTR,FOSTER L B CO,left,12,2988
FTDR,FRONTDOOR INC,left,12,4647
FTNT,FORTINET INC,left,12,2464
FTV,FORTIVE CORPORATION,left,12,2551
FUL,HB FULLER COMPANY,left,15,1679
FULC,FULCRUM THERAPEUTICS INC,left,12,5171
FULT,FULTON FINANCIAL CORP,left,12,5345
FUNC,FIRST UNITED CORP,left,12,3774
FVCB,FVCBANKCORP INC,left,13,1416
FVE,FIVE STAR SENIOR LIVING,left,12,4473
FWONA,LIBERTY FORMULA 1 SER A,left,17,4298
FWONK,LIBERTY FORMULA 1 SER C,left,17,4385
FWRD,FORWARD AIR CORP,left,12,2813
G,GENPACT LTD,left,13,4210
GABC,GERMAN AMERICAN BANCORP,left,13,4822
GAIA,GAIA INC,left,13,1591
GALT,GALECTIN THERAPEUTICS,left,13,1766
GAN,GAN,left,13,2377
GATX,GATX CORP,left,13,2901
GBCI,GLACIER BANCORP INC,left,13,5258
GBL,GAMCO INVESTORS INC,left,13,2028
GBLI,GLOBAL INDEMNITY LTD,left,14,1591
GBT,GLOBAL BLOOD THERA,left,14,1504
GBX,GREENBRIER COMPANIES INC,left,13,5258
GCAP,GAIN CAPITAL HLDNGS INC,left,13,1679
GCBC,GREENE COUNTY BANCORP,left,13,5345
GCI,GANNET CO INC,left,13,2464
GCO,GENESCO INC,left,13,3948
GCP,GCP APPLIED TECHNOLOGIES,left,13,3076
GD,GENERAL DYNAMICS CORP,left,13,3512
GDDY,GODADDY INC,left,13,2551
GDEN,GOLDEN ENTERTAINMENT INC,left,13,2901
GDOT,GREEN DOT CORP,left,13,5084
GDP,GOODRICH PETROLEUM CORP,left,13,3076
GDYN,GRID DYN HOLDINGS (A),left,14,1766
GE,GENERAL ELECTRIC CO,left,13,3599
GEF,GREIF INC,left,14,1591
GEF.B,GREIF INC,left,14,1679
GENC,GENCOR INDUSTRIES INC,left,13,3337
GEO,GEO GROUP INC,left,13,4734
GERN,GERON CORP,left,13,4909
GES,GUESS INC,left,14,2988
GFF,GRIFFON CORP,left,14,1940
GFN,GENERAL FINANCE CORP,left,13,3687
GGG,GRACO INC,left,13,3774
GH,GUARDANT HEALTH,left,14,2901
GHC,GRAHAM HOLDINGS COMPANY,left,13,4036
GHL,GREENHILL & CO INC,left,14,1242
GHM,GRAHAM CORP,left,13,3948
GIII,G-III APPAREL GROUP LTD,left,13,2115
GILD,GILEAD SCIENCES INC,left,13,5171
GIS,GENERAL MILLS INC,left,13,3774
GKOS,GLAUKOS CORPORATION,left,14,1416
GL,GLOBE LIFE INC,left,14,2202
GLDD,GREAT LAKES DREDGE & DOC,left,13,4734
GLIBA,GCI LIBERTY INC,left,13,2988
GLNG,GOLAR LNG LTD BERMUDA,left,13,2726
GLOB,GLOBANT SA,left,14,2115
GLPI,GAMING AND LEISURE PPTYS,left,13,2290
GLRE,GREENLIGHT CAPITAL RE LT,left,14,1416
GLT,GLATFELTER,left,14,1329
GLUU,GLU MOBILE INC,left,13,2290
GLW,CORNING INC,left,8,3076
GLYC,GLYCOMIMETICS INC,left,13,2377
GM,GENERAL MTRS CO,left,13,3861
GME,GAMESTOP CORP,left,13,2202
GMED,GLOBUS MEDICAL INC,left,13,2202
GMRE,GLOBAL MEDICAL REIT INC,left,14,1679
GMS,GMS INC,left,13,2464
GNE,GENIE ENERGY LTD,left,13,4036
GNK,GENCO SHIPPING & TRADING,left,13,3250
GNL,GLOBAL NET LEASE INC,left,14,1766
GNLN,GREENLANE HOLDINGS,left,14,1329
GNMK,GENMARK DIAGNOSTICS INC,left,13,4123
GNPX,GENPREX INC,left,13,4298
GNRC,GENERAC HOLDINGS INC,left,13,3425
GNSS,GENASYS INC,left,13,3163
GNTX,GENTEX CORP,left,13,4385
GNTY,GUARANTY BANCSHARES INC,left,14,2813
GNW,GENWORTH FINANCIAL INC,left,13,4647
GO,GROCERY OUTLET HOLDING,left,14,2115
GOGO,GOGO INC,left,13,2639
GOLF,ACUSHNET HOLDINGS CORP,left,1,4473
GOOD,GLADSTONE COMMERCIAL,left,13,5345
GOOG,ALPHABET INC CL C,left,2,3512
GOOGL,ALPHABET INC CL A,left,2,3425
GORO,GOLD RESOURCE CORP,left,13,2813
GOSS,GOSSAMER BIO,left,13,3512
GPC,GENUINE PARTS CO,left,13,4560
GPI,GROUP 1 AUTOMOTIVE INC,left,14,2202
GPK,GRAPHIC PACKAGING HLDG,left,13,4473
GPMT,GRANITE POINT MORTGAGE,left,13,4385
GPN,GLOBAL PAYMENTS INC,left,14,1853
GPOR,GULFPORT ENERGY CORP,left,14,3163
GPRE,GREEN PLAINS INC,left,13,5171
GPRO,GOPRO INC,left,13,3337
GPS,GAP INC,left,13,2551
GPX,GP STRATEGIES CORP,left,13,3599
GRA,GRACE W R & CO,left,13,3687
GRBK,GREEN BRICK PARTNERS INC,left,13,4996
GRC,GORMAN RUPP CO,left,13,3425
GRIF,GRIFFIN INDUSTRIAL RLTY,left,14,1853
GRMN,GARMIN LTD,left,13,2639
GROUP,LSE,left,33,1266
GRPN,GROUPON INC,left,14,2290
GRTS,GRITSTONE ONCOLOGY,left,14,2028
GRTX,GALERA THERAPEUTICS,left,13,1853
GRUB,GRUBHUB INC,left,14,2464
GRWG,GROWGENERATION,left,14,2377
GS,GOLDMAN SACHS GROUP INC,left,13,2988
GSB,GLOBALSCAPE INC,left,14,2028
GSBC,GREAT SOUTHERN BANCORP,left,13,4822
GSHD,GOOSEHEAD INSURANCE,left,13,3250
GSIT,GSI TECHNOLOGY,left,14,2551
GSKY,GREENSKY,left,14,1504
GT,GOODYEAR TIRE & RUBBER,left,13,3163
GTES,GATES INDUSTRIAL CORP,left,13,2813
GTHX,G1 THERAPEUTICS,left,13,1504
GTLS,CHART INDUSTRIES INC,left,7,2377
GTN,GRAY TELEVISION INC,left,13,4560
GTS,TRIPLE-S MANAGEMENT CORP,left,29,1940
GTT,GTT COMMUNICATIONS INC,left,14,2639
GTY,GETTY REALTY CORP,left,13,4996
GTYH,GTY TECHNOLOGY HOLDINGS,left,14,2726
GVA,GRANITE CONSTR INC,left,13,4298
GWB,GREAT WESTERN BANCORP,left,13,4909
GWGH,GWG HLDGS INC,left,14,3250
GWRE,GUIDEWIRE SOFTWARE INC,left,14,3076
GWRS,GLOBAL WATER RESOURCES,left,14,1940
GWW,GRAINGER WW INC,left,13,4123
H,HYATT HOTELS CORP,left,15,4909
HA,HAWAIIAN HOLDINGS INC,left,15,1329
HAE,HAEMONETICS CORP,left,14,3512
HAFC,HANMI FINANCIAL CORP,left,14,4298
HAIN,HAIN CELESTIAL GROUP,left,14,3599
HAL,HALLIBURTON CO,left,14,3687
HALO,HALOZYME THERAPEUTICS,left,14,3774
HARP,HARPOON THERAPEUTICS,left,14,4822
HAS,HASBRO INC,left,14,5258
HASI,HANNON ARMSTRONG SUSTAIN,left,14,4385
HAYN,HAYNES INTERNATIONAL INC,left,15,1591
HBAN,HUNTINGTON BANCSHARES,left,15,4473
HBB,HAMILTON BEACH BRANDS,left,14,3861
HBCP,HOME BANCORP INC,left,15,2028
HBI,HANESBRAND INC,left,14,4123
HBIO,HARVARD BIOSCIENCE INC,left,14,5171
HBMD,HOWARD BANCORP INC,left,15,3599
HBNC,HORIZON BANCORP INC,left,15,2988
HBT,HBT FINANCIAL,left,15,1766
HCA,HCA HEALTHCARE INC,left,15,1940
HCAT,HEALTH CATALYST INC,left,15,2202
HCC,WARRIOR MET COAL INC,left,30,4734
HCCI,HERITAGE CRYL CLEAN INC,left,14,4036
HCHC,HC2 HLDGS INC,left,15,1853
HCI,HCI GROUP INC,left,15,2028
HCKT,HACKETT GROUP INC,left,14,3425
HCSG,HEALTHCARE SVCS GRP INC,left,14,2290
HD,HOME DEPOT INC,left,15,2202
HDS,HD SUPPLY HOLDINGS INC,left,15,2115
HE,HAWAIIAN ELECTRIC INDS,left,15,1242
HEAR,TURTLE BEACH CORP,left,29,3512
HEES,H&E EQUIPMENT SERVICES,left,14,3337
HEI,HEICO CORP COMMON,left,14,3076
HEI.A,HEICO CORP CL A,left,14,2988
HELE,HELEN OF TROY LTD,left,14,3250
HES,HESS CORP,left,14,4822
HFC,HOLLYFRONTIER CORP,left,15,1853
HFFG,HF FOODS GROUP INC,left,14,5084
HFWA,HERITAGE FINANCIAL CORP,left,14,4123
HGV,HILTON GRAND VACATIONS,left,15,1416
HHC,HOWARD HUGHES CORP,left,15,3687
HI,HILLENBRAND INC,left,14,5345
HIBB,HIBBETT SPORTS INC,left,14,5171
HIFS,HINGHAM INSTN SVGS MASS,left,15,1591
HIG,HARTFORD FINL SVCS GRP,left,14,5084
HII,HUNTINGTON INGALLS IND,left,15,4560
HIW,HIGHWOODS PROPERTIES INC,left,14,5258
HL,HECLA MINING CO,left,14,2901
HLF,HERBALIFE NUTRITION LTD,left,14,3774
HLI,HOULIHAN LOKEY INC,left,15,3512
HLIO,HELIOS TECHNOLOGIES INC,left,14,3337
HLIT,HARMONIC INC,left,14,4734
HLNE,HAMILTON LANE INC,left,14,3948
HLT,HILTON WORLDWIDE HOLDING,left,15,1504
HLX,HELIX ENERGY SOLUTIONS,left,14,3425
HMHC,HOUGHTON MIFFLIN HARCOUR,left,15,3425
HMN,HORACE MANN EDUCATORS,left,15,2901
HMST,HOMESTREET INC,left,15,2290
HMSY,HMS HOLDINGS CORP,left,15,1679
HMTV,HEMISPHERE MEDIA GROUP,left,14,3599
HNGR,HANGER INC,left,14,4210
HNI,HNI CORPORATION,left,15,1766
HOFT,HOOKER FURNITURE CORP,left,15,2639
HOG,HARLEY DAVIDSON INC,left,14,4647
HOLX,HOLOGIC INC,left,15,1940
HOMB,HOME BANCSHARES INC,left,15,2115
HOME,AT HOME GROUP INC,left,3,4123
HON,HONEYWELL INTERNATIONAL,left,15,2551
HONE,HARBORONE BANCORP INC,left,14,4560
HOOK,HOOKIPA PHARMA,left,15,2726
HOPE,HOPE BANCORP INC,left,15,2813
HP,HELMERICH & PAYNE INC,left,14,3512
HPE,HEWLETT PACKARD ENT,left,14,4909
HPP,HUDSON PAC PPTYS INC,left,15,4298
HPQ,HP INC,left,15,3861
HQY,HEALTHEQUITY INC,left,14,2464
HR,HEALTHCARE REALTY TRUST,left,15,2290
HRB,BLOCK H & R INC,left,5,3076
HRC,HILL-ROM HOLDINGS INC,left,15,1242
HRI,HERC HOLDING INC,left,14,3861
HRL,HORMEL FOODS CORP,left,15,3163
HROW,HARROW HEALTH INC.,left,14,4909
HRTG,HERITAGE INS HLDGS INC,left,14,4210
HRTX,HERON THERAPEUTICS INC,left,14,4385
HSC,HARSCO CORP,left,14,4996
HSIC,SCHEIN HENRY INC,left,25,4210
HSII,HEIDRICK & STRUGGLES,left,14,3163
HSKA,HESKA CORP,left,14,4734
HST,HOST HOTELS & RESORTS,left,15,3250
HSTM,HEALTHSTREAM INC,left,14,2639
HSY,HERSHEY COMPANY,left,14,4560
HT,HERSHA HOSPITALITY TRUST,left,14,4473
HTA,HEALTHCARE TR AMER INC,left,14,2377
HTBI,HOMETRUST BANCSHARES INC,left,15,2377
HTBK,HERITAGE COMMERCE CORP,left,14,3948
HTH,HILLTOP HOLDINGS INC,left,15,1329
HTLD,HEARTLAND EXPRESS INC,left,14,2726
HTLF,HEARTLAND FINANCIAL USA,left,14,2813
HTZ,HERTZ GLOBAL HOLDINGS,left,14,4647
HUBB,HUBBELL INC,left,15,4036
HUBG,HUB GROUP INC,left,15,3948
HUBS,HUBSPOT INC,left,15,4123
HUD,HUDSON LTD,left,15,4210
HUM,HUMANA INC,left,15,4385
HUN,HUNTSMAN CORP,left,15,4647
HURC,HURCO COMPANIES INC,left,15,4734
HURN,HURON CONSULTING GROUP,left,15,4822
HVT,HAVERTY FURNITURE INC,left,14,5345
HWBK,HAWTHORN BANCSHARES INC,left,15,1504
HWC,HANCOCK WHITNEY CORP,left,14,4036
HWKN,HAWKINS INC,left,15,1416
HWM,HOWMET AEROSPACE INC,left,15,3774
HXL,HEXCEL CORP,left,14,4996
HY,HYSTER-YALE MATERIALS,left,15,4996
HZNP,HORIZON THERAPEUTICS PLC,left,15,3076
HZO,MARINEMAX INC,left,18,3599
IAA,IAA,left,15,5171
IAC,IAC INTERACTIVECORP,left,15,5258
IART,INTEGRA LIFESCIENCES,left,16,1766
IBCP,INDEPENDENT BANK CORP,left,15,3599
IBIO,IBIO,left,16,1242
IBKC,IBERIABANK CORP,left,15,5345
IBKR,INTERACTIVE BROKERS GRP,left,16,2290
IBM,INTL BUSINESS MACHINES,left,16,3425
IBOC,INTERNATIONAL BANCSHARES,left,16,2726
IBP,INSTALLED BLDNG PRODUCTS,left,16,1416
IBTX,INDEPENDENT BK GROUP INC,left,15,3774
ICAD,ICAD INC,left,16,1329
ICBK,COUNTY BANCORP INC,left,8,3861
ICE,INTERCONTINENTAL EXCH,left,16,2464
ICFI,ICF INTERNATIONAL INC,left,16,1416
ICHR,ICHOR HOLDINGS INC,left,16,1504
ICPT,INTERCEPT PHARMA INC,left,16,2377
ICUI,ICU MEDICAL INC,left,16,1591
IDA,IDACORP INC,left,16,1679
IDCC,INTERDIGITAL INC,left,16,2551
IDN,INTELLICHECK INC,left,16,2028
IDT,IDT CORP,left,16,2028
IDXX,IDEXX LABS INC,left,16,1940
IDYA,IDEAYA BIOSCIENCES INC,left,16,1766
IESC,IES HOLDINGS INC,left,16,2115
IEX,IDEX CORP,left,16,1853
IFF,INTL FLAVORS & FRAGRANCE,left,16,3599
IGMS,IGM BIOSCIENCES,left,16,2202
IGT,INTERNATIONAL GAME TECH,left,16,2813
IHC,INDEPENDENCE HOLDING CO,left,15,3425
IHRT,IHEARTMEDIA,left,16,2290
III,INFORMATION SERVICES GRP,left,15,4036
IIIN,INSTEEL INDUSTRIES INC,left,16,1504
IIIV,I3 VERTICALS INC,left,15,5084
IIN,INTRICON CORP,left,16,3861
IIPR,INNOVATIVE INDUSTRIAL,left,15,4647
IIVI,II VI INC,left,15,2377
ILMN,ILLUMINA INC,left,15,2551
ILPT,INDUSTRIAL LOGISTICS,left,15,3861
IMAX,IMAX CORP,left,15,2726
IMGN,IMMUNOGEN INC,left,15,2988
IMKTA,INGLES MARKETS INC,left,15,4385
IMMR,IMMERSION CORP,left,15,2813
IMMU,IMMUNOMEDICS INC,left,15,3076
IMRA,IMARA,left,15,2639
IMUX,IMMUNIC INC,left,15,2901
IMVT,IMMUNOVANT INC,left,15,3163
IMXI,INTERNATIONAL MONEY EXP,left,16,2901
INBK,FIRST INTERNET BANCORP,left,12,2901
INCY,INCYTE CORP,left,15,3337
INDB,INDEPENDENT BANK MA,left,15,3687
INFN,INFINERA CORP,left,15,3948
INFO,IHS MARKIT LTD,left,16,2377
INFU,INFUSYSTEM HLDGS INC,left,15,4123
INGN,INOGEN INC,left,15,4822
INGR,INGREDION INC,left,15,4473
INN,SUMMIT HOTEL PPTYS,left,28,2901
INO,INOVIO PHARMACEUTICALS,left,15,4996
INOV,INOVALON HOLDINGS INC,left,15,4909
INS,INTELLIGENT SYSTEMS CORP,left,16,2115
INSG,INSEEGO CORP,left,15,5171
INSM,INSMED INC,left,15,5345
INSP,INSPIRE MEDICAL SYSTEMS,left,16,1329
INSW,INTERNATIONAL SEAWAYS,left,16,3076
INT,WORLD FUEL SVCS CORP,left,32,1591
INTC,INTEL CORP,left,16,1853
INTL,INTL FCSTONE INC,left,16,3512
INTU,INTUIT,left,16,3948
INVA,INNOVIVA INC,left,15,4734
INVH,INVITATION HOMES INC,left,16,4822
IONS,IONIS PHARMACEUTICALS,left,16,4909
IOSP,INNOSPEC INC,left,15,4560
IOVA,IOVANCE BIOTHERAPEUTICS,left,16,4996
IP,INTERNATIONAL PAPER CO,left,16,2988
IPAR,INTER PARFUMS INC,left,16,2202
IPG,INTERPUBLIC GROUP OF COS,left,16,3163
IPGP,IPG PHOTONICS CORP,left,16,5084
IPHI,INPHI CORP,left,15,5084
IPI,INTREPID POTASH INC,left,16,3774
IQV,IQVIA HOLDINGS INC,left,16,5171
IR,INGERSOLL-RAND INC,left,15,4210
IRBT,IROBOT CORP,left,17,1329
IRDM,IRIDIUM COMMUNICATIONS,left,17,1242
IRET,INVESTORS REAL ESTATE TR,left,16,4560
IRM,IRON MOUNTAIN INC,left,17,1416
IRMD,IRADIMED CORPORATION,left,16,5258
IRT,INDEPENDENCE RLTY TRUST,left,15,3512
IRTC,IRHYTHM TECHNOLOGIES INC,left,16,5345
IRWD,IRONWOOD PHARMACEUTICALS,left,17,1504
ISBC,INVESTORS BANCORP INC,left,16,4473
ISEE,IVERIC BIO,left,17,1940
ISRG,INTUITIVE SURGICAL INC,left,16,4036
ISTR,INVESTAR HOLDING CORP,left,16,4385
IT,GARTNER INC,left,13,2726
ITCI,INTRA CELLULAR THERAPIES,left,16,3687
ITGR,INTEGER HOLDINGS CORP,left,16,1679
ITI,ITERIS INC,left,17,1679
ITIC,INVESTORS TITLE CO,left,16,4647
ITRI,ITRON INC,left,17,1766
ITT,ITT INC,left,17,1853
ITW,ILLINOIS TOOL WORKS INC,left,15,2464
IVAC,INTEVAC INC,left,16,3337
IVC,INVACARE CORP,left,16,4123
IVR,INVESCO MORTGAGE CAP,left,16,4298
IVZ,INVESCO LTD,left,16,4210
J,JACOBS ENGINEERING GRP,left,17,2377
JACK,JACK IN THE BOX INC,left,17,2290
JAZZ,JAZZ PHARMACEUTICALS PLC,left,16,2464
JBGS,JBG SMITH PROPERTIES,left,16,2639
JBHT,JB HUNT TRANS SVCS INC,left,16,2551
JBL,JABIL INC,left,17,2202
JBLU,JETBLUE AIRWAYS CORP,left,16,2988
JBSS,SANFILIPPO JOHN B & SON,left,26,3163
JBT,JOHN BEAN TECH CORP,left,16,3076
JCAP,JERNIGAN CAP INC,left,16,2901
JCI,JOHNSON CONTROLS INTNL,left,16,3250
JCOM,J2 GLOBAL INC,left,17,2115
JEF,JEFFERIES FINANCIAL GRP,left,16,2726
JELD,JELD-WEN HOLDING INC,left,16,2813
JJSF,J & J SNACK FOODS CO,left,17,2028
JKHY,HENRY JACK & ASSOCIATES,left,14,3687
JLL,JONES LANG LASALLE INC,left,16,3425
JNCE,JOUNCE THERAPEUTICS INC,left,16,3512
JNJ,JOHNSON & JOHNSON,left,16,3163
JNPR,JUNIPER NETWORKS INC,left,16,3687
JOE,ST JOE CO,left,27,3948
JOUT,JOHNSON OUTDOORS INC,left,16,3337
JPM,JPMORGAN CHASE & CO,left,16,3599
JRVR,JAMES RIVER GROUP HLDG,left,17,2464
JW.A,WILEY JOHN & SONS INC,left,31,4210
JWN,NORDSTROM INC,left,21,2988
JYNT,THE JOINT CORP,left,29,1329
K,KELLOGG CO,left,16,5084
KAI,KADANT INC,left,16,3861
KALA,KALA PHARMACEUTICALS,left,16,4123
KALU,KAISER ALUMINUM CORP,left,16,4036
KALV,KALVISTA PHARMACEUTICALS,left,16,4298
KAMN,KAMAN CORP,left,16,4385
KAR,KAR AUCTION SERVICES INC,left,16,4560
KBAL,KIMBALL INTERNATIONAL,left,17,2028
KBH,KB HOME,left,16,4822
KBR,KBR INC,left,16,4909
KDMN,KADMON HOLIDINGS INC,left,16,3948
KDP,KEURIG DR PEPPER INC,left,17,1416
KE,KIMBALL ELECTRONICS INC,left,17,1940
KELYA,KELLY SERVICES INC,left,16,5171
KERN,AKERNA CORPORATION (A),left,1,4298
KEX,KIRBY CORP,left,17,2639
KEY,KEYCORP,left,17,1504
KEYS,KEYSIGHT TECHNOLOGIES,left,17,1591
KFRC,KFORCE INC,left,17,1766
KFY,KORN FERRY,left,17,3687
KHC,THE KRAFT HEINZ COMPANY,left,29,1416
KIDS,ORTHOPEDIATRICS CORP,left,22,2464
KIM,KIMCO REALTY CORP,left,17,2202
KIN,KINDRED BIOSCIENCES INC,left,17,2377
KKR,KKR & CO INC,left,17,2813
KLAC,KLA CORPORATION,left,17,2988
KLDO,KALEIDO BIOSCIENCES,left,16,4210
KMB,KIMBERLY CLARK CORP,left,17,2115
KMI,KINDER MORGAN INC,left,17,2290
KMPR,KEMPER CORPORATION,left,16,5258
KMT,KENNAMETAL INC,left,16,5345
KMX,CARMAX INC,left,6,5171
KN,KNOWLES CORPORATION,left,17,3250
KNL,KNOLL INC,left,17,3163
KNSA,KINIKSA PHARMACEUTICALS,left,17,2464
KNSL,KINSALE CAPITAL GROUP,left,17,2551
KNX,KNIGHT-SWIFT TRANSPORT,left,17,3076
KO,COCA COLA CO,left,7,4560
KOD,KODIAK SCIENCES,left,17,3337
KODK,EASTMAN KODAK CO,left,10,4036
KOP,KOPPERS HOLDINGS INC,left,17,3599
KOS,KOSMOS ENERGY LTD,left,17,3774
KPTI,KARYOPHARM THERAPEUTICS,left,16,4734
KR,KROGER CO,left,17,4036
KRA,KRATON CORPORATION,left,17,3861
KRC,KILROY REALTY CORP,left,17,1853
KREF,KKR REAL ESTATE FINANCE,left,17,2901
KRG,KITE REALTY GROUP TRUST,left,17,2726
KRMD,REPRO MED SYSTEMS,left,24,4822
KRNY,KEARNY FINANCIAL CORP,left,16,4996
KRO,KRONOS WORLDWIDE INC,left,17,4123
KROS,KEROS THERAPEUTICS,left,17,1329
KRTX,KARUNA THERAPEUTICS INC,left,16,4647
KRUS,KURA SUSHI USA INC,left,17,4385
KRYS,KRYSTAL BIOTECH,left,17,4210
KSS,KOHLS CORP,left,17,3425
KSU,KANSAS CITY SOUTHERN,left,16,4473
KTB,KONTOOR BRANDS,left,17,3512
KTOS,KRATOS DEFENSE & SEC SOL,left,17,3948
KURA,KURA ONCOLOGY INC,left,17,4298
KVHI,KVH INDUSTRIES INC,left,17,4473
KW,KENNEDY-WILSON HLDGS INC,left,17,1242
KWR,QUAKER CHEMICAL CORP,left,24,3512
KZR,KEZAR LIFE SCIENCES,left,17,1679
L,LOEWS CORP,left,18,3337
LAD,LITHIA MOTORS INC,left,18,2290
LADR,LADDER CAPITAL CORP,left,17,4996
LAKE,LAKELAND INDUSTRIES INC,left,17,5258
LAMR,LAMAR ADVERTISING CO,left,18,1242
LANC,LANCASTER COLONY CORP,left,18,1416
LAND,GLADSTONE LAND INC,left,14,1242
LARK,LANDMARK BANCORP INC,left,18,1591
LASR,NLIGHT,left,21,2377
LAUR,LAUREATE EDUCATION INC,left,18,2202
LAWS,LAWSON PRODUCTS INC,left,18,2290
LAZ,LAZARD LTD,left,18,2377
LB,L BRANDS INC,left,17,4560
LBAI,LAKELAND BANCORP INC,left,17,5084
LBC,LUTHER BURBANK CORP,left,18,4647
LBRDA,LIBERTY BROADBAND CL A,left,17,4123
LBRDK,LIBERTY BROADBAND CL C,left,17,4210
LBRT,LIBERTY OILFIELD SERVICE,left,17,4647
LC,LENDINGCLUB CORPORATION,left,17,3076
LCI,LANNETT CO INC,left,18,1853
LCII,LCI INDUSTRIES,left,18,2464
LCNB,LCNB CORP,left,18,2551
LCUT,LIFETIME BRANDS INC,left,17,5084
LDL,LYDALL INC,left,18,4822
LDOS,LEIDOS HOLDINGS INC,left,17,2901
LE,LANDS END INC,left,18,1679
LEA,LEAR CORP,left,17,2551
LECO,LINCOLN ELECTRIC HLDGS,left,18,1504
LEG,LEGGETT & PLATT INC,left,17,2813
LEGH,LEGACY HOUSING CORP,left,17,2639
LEN,LENNAR CORP CL A,left,17,3250
LEN.B,LENNAR CORP CL B,left,17,3337
LEVL,LEVEL ONE BANCORP INC,left,17,3512
LFUS,LITTELFUSE INC,left,18,2377
LFVN,LIFEVANTAGE CORP,left,17,5171
LGF.A,LIONS GATE ENT CLASS A,left,18,1940
LGF.B,LIONS GATE ENT CLASS B,left,18,2028
LGIH,LGI HOMES INC,left,17,3774
LGND,LIGAND PHARMACEUTICALS,left,17,5258
LH,LABORATORY CORP OF AMER,left,17,4909
LHCG,LHC GROUP INC,left,17,3861
LHX,L3HARRIS TECHNOLOGIES,left,17,4647
LII,LENNOX INTERNATIONAL INC,left,17,3425
LILA,LIBERTY LATIN AMERICA A,left,17,4473
LILAK,LIBERTY LATIN AMERICA C,left,17,4560
LIN,LINDE PLC,left,18,1766
LIND,LINDBLAD EXPEDITIONS INC,left,18,1679
LITE,LUMENTUM HOLDINGS INC,left,18,4385
LIVN,LIVANOVA PLC,left,18,2464
LIVX,LIVEXLIVE MEDIA,left,18,2988
LJPC,LA JOLLA PHARMACEUTICAL,left,17,4734
LKFN,LAKELAND FINANCIAL CORP,left,17,5171
LKQ,LKQ CORP,left,18,3163
LL,LUMBER LIQUIDATORS HLDGS,left,18,4298
LLNW,LIMELIGHT NETWORKS INC,left,18,1242
LLY,LILLY ELI & CO,left,17,5345
LM,LEGG MASON INC,left,17,2726
LMAT,LEMAITRE VASCULAR INC,left,17,2988
LMNR,LIMONEIRA CO,left,18,1416
LMNX,LUMINEX CORP,left,18,4473
LMST,LIMESTONE BANCORP INC,left,18,1329
LMT,LOCKHEED MARTIN CORP,left,18,3250
LNC,LINCOLN NATIONAL CORP,left,18,1591
LNDC,LANDEC CORP,left,18,1504
LNG,CHENIERE ENERGY INC,left,7,3425
LNN,LINDSAY CORP,left,18,1853
LNT,ALLIANT ENERGY CORP,left,2,2551
LNTH,LANTHEUS HOLDINGS INC,left,18,1940
LOB,LIVE OAK BANCSHARES INC,left,18,2639
LOCO,EL POLLO LOCO HLDGS INC,left,11,1329
LOGC,LOGICBIO THERAPEUTICS,left,18,3425
LOGM,LOGMEIN INC,left,18,3512
LOPE,GRAND CANYON EDUCATION,left,13,4210
LORL,LORAL SPACE & COMM,left,18,3599
LOVE,LOVESAC CO,left,18,3774
LOW,LOWES COS INC,left,18,3861
LPG,DORIAN LPG LTD,left,9,5084
LPLA,LPL FINANCIAL HOLDINGS,left,18,3948
LPSN,LIVEPERSON INC,left,18,2813
LPX,LOUISIANA PACIFIC CORP,left,18,3687
LQDA,LIQUIDA TECHNOLOGIES INC,left,18,2115
LQDT,LIQUIDITY SERVICES INC,left,18,2202
LRCX,LAM RESEARCH CORP,left,17,5345
LRN,K12 INC,left,16,3774
LSCC,LATTICE SEMICONDUCTOR,left,18,2115
LSI,LIFE STORAGE INC,left,17,4996
LSTR,LANDSTAR SYSTEMS INC,left,18,1766
LSXMA,LIBERTY SIRIUSXM SER A,left,17,4734
LSXMK,LIBERTY SIRIUSXM SER C,left,17,4822
LTC,LTC PROPERTIES INC,left,18,4123
LTHM,LIVENT,left,18,2726
LTRPA,LIBERTY TRIPADVISOR HLDG,left,17,4909
LULU,LULULEMON ATHLETICA INC,left,18,4210
LUNA,LUNA INNOVATIONS INC,left,18,4560
LUV,SOUTHWEST AIRLINES CO,left,27,1679
LVGO,LIVONGO HEALTH INC,left,18,3076
LVS,LAS VEGAS SANDS CORP,left,18,2028
LW,LAMB WESTON HOLDINGS,left,18,1329
LXFR,LUXFER HOLDINGS,left,18,4734
LXP,LEXINGTON REALTY TRUST,left,17,3687
LXRX,LEXICON PHARMACEUTICALS,left,17,3599
LYB,LYONDELLBASELL INDS,left,18,4996
LYFT,LYFT,left,18,4909
LYRA,LYRA THERAPEUTICS,left,18,5084
LYTS,LSI INDUSTRIES INC,left,18,4036
LYV,LIVE NATION ENT INC,left,18,2551
LZB,LA Z BOY INC,left,17,4822
M,MACYS INC,left,19,1766
MA,MASTERCARD INC,left,18,5171
MAA,MID-AMER APT CMNTYS,left,20,2377
MAC,MACERICH CO,left,19,1242
MAN,MANPOWERGROUP,left,18,2988
MANH,MANHATTAN ASSOCS INC,left,18,2726
MANT,MANTECH INTERNATIONAL,left,18,3076
MAR,MARRIOTT INTL INC,left,18,4123
MAS,MASCO CORP,left,18,4734
MASI,MASIMO CORPORATION,left,18,4822
MAT,MATTEL INC,left,19,1591
MATW,MATTHEWS INTERNATIONAL,left,19,1679
MATX,MATSON INC,left,19,1504
MAXR,MAXAR TECHNOLOGIES INC,left,19,1853
MBCN,MIDDLEFIELD BANC CORP,left,20,2551
MBI,MBIA INC,left,19,2290
MBII,MARRONE BIO INNOVATIONS,left,18,4298
MBIN,MERCHANTS BANCORP,left,19,3861
MBIO,MUSTANG BIO,left,20,3163
MBUU,MALIBU BOATS INC,left,19,2639
MBWM,MERCANTILE BANK CORP,left,19,3774
MC,MOELIS & CO,left,19,4298
MCB,METROPOLITAN BANK HOLDIN,left,20,1242
MCBC,MACATAWA BANK CORP,left,18,5345
MCBS,METROCITY BANKSHARES,left,19,5345
MCD,MCDONALDS CORP,left,19,2464
MCF,CONTANGO OIL & GAS CO,left,9,1504
MCFT,MASTERCRAFT BOAT HOLDING,left,18,5258
MCHP,MICROCHIP TECHNOLOGY,left,20,1940
MCK,MCKESSON CORP,left,19,2639
MCO,MOODYS CORP,left,20,1416
MCRB,SERES THERAPEUTICS INC,left,26,3337
MCRI,MONARCH CASINO & RESORT,left,19,4822
MCS,MARCUS CORP,left,18,3425
MCY,MERCURY GENERAL CORP,left,19,4036
MD,MEDNAX INC,left,19,3250
MDB,MONGODB,left,19,5084
MDC,MDC HOLDINGS INC,left,19,2726
MDGL,MADRIGAL PHARMACEUTICALS,left,19,2115
MDLA,MEDALLIA INC,left,19,2901
MDLZ,MONDELEZ INTERNATIONAL,left,19,4909
MDP,MEREDITH CORP,left,19,4210
MDRX,ALLSCRIPTS HEALTHCARE,left,2,2901
MDT,MEDTRONIC PLC,left,19,3425
MDU,MDU RESOURCES GROUP INC,left,19,2813
MEC,MAYVILLE ENGINEERING,left,19,2202
MED,MEDIFAST INC,left,19,3163
MEDP,MEDPACE HOLDINGS INC,left,19,3337
MEET,THE MEET GROUP,left,29,1504
MEI,METHODE ELECTRS INC,left,19,5171
MEIP,MEI PHARMA INC,left,19,3512
MESA,MESA AIR GROUP INC,left,19,4909
MET,METLIFE INC,left,19,5258
MFA,MFA FINANCIAL INC,left,20,1416
MFNC,MACKINAC FINL CORP,left,19,1416
MG,MISTRAS GROUP INC,left,19,3512
MGEE,MGE ENERGY INC,left,20,1504
MGI,MONEYGRAM INTERNATIONAL,left,19,4996
MGLN,MAGELLAN HEALTH INC,left,19,2202
MGM,MGM RESORTS INTL,left,20,1679
MGNX,MACROGENICS INC,left,19,1679
MGPI,MGP INGREDIENTS INC,left,20,1766
MGRC,MCGRATH RENTCORP,left,19,2551
MGTA,MAGENTA THERAPEUTICS INC,left,19,2290
MGTX,MEIRAGTX HOLDINGS PLC,left,19,3599
MGY,MAGNOLIA OIL & GAS (A),left,19,2377
MHH,MASTECH DIGITAL INC,left,18,5084
MHK,MOHAWK INDUSTRIES INC,left,19,4385
MHO,M/I HOMES INC,left,18,5258
MIC,MACQUARIE INFRASTRUCTURE,left,19,1591
MIDD,MIDDLEBY CORP,left,20,2464
MIK,MICHAELS COS INC/THE,left,20,1853
MIME,MIMECAST LTD,left,19,2988
MINI,MOBILE MINI INC,left,19,3861
MIRM,MIRUM PHARMACEUTICALS,left,19,3337
MITK,MITEK SYS INC,left,19,3599
MJCO,MAJESCO,left,19,2551
MKC,MCCORMICK & CO INC,left,19,2377
MKL,MARKEL CORP,left,18,3774
MKSI,MKS INSTRUMENTS INC,left,19,3687
MKTX,MARKETAXESS HOLDINGS INC,left,18,3948
MLAB,MESA LABS INC,left,19,4996
MLHR,HERMAN MILLER INC,left,14,4298
MLI,MUELLER INDUSTRIES INC,left,20,2813
MLM,MARTIN MARIETTA MTLS,left,18,4560
MLP,MAUI LAND & PINEAPPLE CO,left,19,1766
MLR,MILLER INDUSTRIES INC,left,19,2901
MLSS,MILESTONE SCIENTIFIC INC,left,19,2813
MMAC,MMA CAPITAL HOLDINGS INC,left,19,3774
MMC,MARSH & MCLENNAN COS,left,18,4385
MMI,MARCUS & MILLICHAP,left,18,3337
MMM,3M CO,left,1,1853
MMS,MAXIMUS INC,left,19,2028
MMSI,MERIT MED SYSTEMS INC,left,19,4560
MNK,MALLINCKRODT PLC,left,18,2639
MNKD,MANNKIND CORP,left,18,2901
MNLO,MENLO THERAPEUTICS INC,left,19,3687
MNOV,MEDICINOVA INC,left,19,3076
MNR,MONMOUTH REAL ESTATE,left,19,5171
MNRL,BRIGHAM MINERALS,left,5,1853
MNRO,MONRO INC,left,19,5345
MNSB,MAINSTREET BANCSHARES,left,19,2464
MNST,MONSTER BEVERAGE CORP,left,20,1242
MNTA,MOMENTA PHARMACEUTICALS,left,19,4734
MO,ALTRIA GROUP INC,left,2,4298
MOBL,MOBILEIRON INC,left,19,3948
MOD,MODINE MANUFACTURING CO,left,19,4210
MODN,MODEL N INC,left,19,4036
MOFG,MIDWESTONE FINL GROUP,left,19,2726
MOG.A,MOOG INC,left,20,1504
MOH,MOLINA HEALTHCARE INC,left,19,4560
MORF,MORPHIC HOLDING INC,left,20,1766
MORN,MORNINGSTAR INC,left,20,1679
MOS,MOSAIC COMPANY,left,20,1853
MOV,MOVADO GROUP INC,left,20,2115
MPAA,MOTORCAR PTS AMERICA INC,left,20,1940
MPB,MID PENN BANCORP INC,left,20,2290
MPC,MARATHON PETROLEUM CORP,left,18,3250
MPW,MEDICAL PROPERTIES TRUST,left,19,2988
MPWR,MONOLITHIC POWER SYSTEMS,left,19,5258
MPX,MARINE PRODUCTS CORP,left,18,3512
MR,MONTAGE RESOURCES CORP,left,20,1329
MRBK,MERIDIAN CORPORATION,left,19,4473
MRC,MRC GLOBAL INC,left,20,2290
MRCY,MERCURY SYSTEMS INC,left,19,4123
MRK,MERCK & CO INC,left,19,3948
MRKR,MARKER THERAPEUTICS INC,left,18,3861
MRLN,MARLIN BUSINESS SVCS,left,18,4036
MRNA,MODERNA,left,19,4123
MRNS,MARINUS PHARMACEUTICALS,left,18,3687
MRO,MARATHON OIL CORP,left,18,3163
MRSN,MERSANA THERAPEUTICS,left,19,4822
MRTN,MARTEN TRANS LTD,left,18,4473
MRTX,MIRATI THERAPEUTICS INC,left,19,3250
MRVL,MARVELL TECHNOLOGY GROUP,left,18,4647
MS,MORGAN STANLEY,left,20,1591
MSA,MSA SAFETY INC,left,20,2377
MSBI,MIDLAND STATES BANCORP,left,20,2726
MSCI,MSCI INC,left,20,2551
MSEX,MIDDLESEX WATER CO,left,20,2639
MSFT,MICROSOFT CORP,left,20,2115
MSGE,MADISON SQUARE GARDEN EN,left,19,2028
MSGN,MSG NETWORKS INC,left,20,2639
MSGS,MADI SQ GARD SPORTS,left,19,1940
MSI,MOTOROLA SOLUTIONS INC,left,20,2028
MSM,MSC INDL DIRECT INC,left,20,2464
MSON,MISONIX INC,left,19,3425
MSTR,MICROSTRATEGY INC,left,20,2202
MTB,M & T BANK CORP,left,18,5171
MTCH,MATCH GROUP INC,left,19,1242
MTD,METTLER TOLEDO INTL INC,left,20,1329
MTDR,MATADOR RES CO,left,18,5345
MTEM,MOLECULAR TEMPLATES,left,19,4473
MTG,MGIC INVESTMENT CORP,left,20,1591
MTH,MERITAGE HOMES CORP,left,19,4647
MTN,VAIL RESORTS INC,left,30,1679
MTOR,MERITOR INC,left,19,4734
MTRN,MATERION CORPORATION,left,19,1329
MTRX,MATRIX SERVICE CO,left,19,1416
MTSC,MTS SYSTEMS CORP,left,20,2726
MTSI,MACOM TECH SOLUTIONS,left,19,1504
MTW,MANITOWOC CO INC,left,18,2813
MTX,MINERALS TECHNOLOGIES,left,19,3076
MTZ,MASTEC INC,left,18,4996
MU,MICRON TECHNOLOGY INC,left,20,2028
MUR,MURPHY OIL CORP,left,20,2988
MUSA,MURPHY USA INC,left,20,3076
MVBF,MVB FINANCIAL CORP,left,20,3250
MWA,MUELLER WTR PRODS INC,left,20,2901
MXIM,MAXIM INTEGRATED PRODS,left,19,1940
MXL,MAXLINEAR INC,left,19,2115
MYE,MYERS INDUSTRIES INC,left,20,3337
MYFW,FIRST WESTERN FINANCIAL,left,12,3861
MYGN,MYRIAD GENETICS INC,left,20,3687
MYL,MYLAN NV,left,20,3425
MYOK,MYOKARDIA INC,left,20,3512
MYRG,MYR GROUP INC,left,20,3599
NAT,NORDIC AMERICAN TANKER,left,21,2813
NATH,NATHANS FAMOUS INC,left,20,4473
NATI,NATIONAL INSTRS CORP,left,20,5345
NATR,NATURES SUNSHINE PRODS,left,21,1940
NAV,NAVISTAR INTL CORP,left,21,2290
NAVI,NAVIENT CORPORATION,left,21,2202
NBEV,NEW AGE BEVERAGES CORP,left,20,3948
NBHC,NATIONAL BANK HOLDINGS,left,20,4560
NBIX,NEUROCRINE BIOSCIENCES,left,20,3774
NBL,NOBLE ENERGY INC,left,21,2639
NBN,NORTHEAST BANK,left,21,3163
NBR,NABORS INDUSTRIES LTD,left,20,3774
NBSE,NEUBASE THERAPEUTICS,left,20,3599
NBTB,NBT BANCORP INC,left,21,2377
NC,NACCO INDUSTRIES INC,left,20,3861
NCBS,NICOLET BANKSHARES INC,left,21,1940
NCLH,NORWEGIAN CRUISE LINE,left,21,4036
NCMI,NATIONAL CINEMEDIA INC,left,20,4822
NCR,NCR CORP,left,21,2464
NDAQ,NASDAQ INC,left,20,4298
NDLS,NOODLES & COMPANY,left,21,2726
NDSN,NORDSON CORP,left,21,2901
NEE,NEXTERA ENERGY INC,left,21,1416
NEM,NEWMONT CORPORATION,left,20,4909
NEO,NEOGENOMICS INC,left,20,2901
NEOG,NEOGEN CORP,left,20,2813
NERV,MINERVA NEUROSCIENCES,left,19,3163
NESR,NATIONAL ENERGY SERVICES,left,20,4909
NET,CLOUDFLARE,left,7,3774
NEU,NEWMARKET CORPORATION,left,20,4822
NEWR,NEW RELIC INC,left,20,4123
NEX,NEXTIER OILFIELD SOL,left,21,1591
NEXT,NEXTDECADE,left,21,1329
NFBK,NORTHFIELD BANCORP INC,left,21,3337
NFG,NATIONAL FUEL GAS CO,left,20,4996
NFLX,NETFLIX INC,left,20,3337
NG,NOVAGOLD RESOURCES INC,left,21,4210
NGHC,NATIONAL GEN HLDGS CORP,left,20,5084
NGM,NGM BIOPHARMACEUTICALS,left,21,1679
NGVC,NATURAL GROCERS VITA CTG,left,21,1853
NGVT,INGEVITY CORPORATION,left,15,4298
NH,NANTHEALTH INC,left,20,4036
NHC,NATIONAL HEALTHCARE CORP,left,20,5258
NHI,NATIONAL HEALTH INVS INC,left,20,5171
NI,NISOURCE INC,left,21,2202
NJR,NEW JERSEY RESOURCES,left,20,4036
NK,NANTKWEST INC,left,20,4123
NKE,NIKE INC,left,21,2115
NKSH,NATIONAL BANKSHARES INC,left,20,4647
NKTR,NEKTAR THERAPEUTICS,left,21,2639
NL,NL INDUSTRIES INC,left,21,2290
NLOK,NORTONLIFELOCK INC,left,21,3948
NLS,NAUTILUS INC,left,21,2115
NLSN,NIELSEN HOLDINGS PLC,left,21,2028
NLTX,NEOLEUKIN THERAPEUTICS,left,20,2988
NLY,ANNALY CAPITAL MGMT INC,left,3,1329
NMIH,NMI HLDGS INC,left,21,2464
NMRD,NEMAURA MEDICAL INC,left,21,2813
NMRK,NEWMARK GROUP INC,left,20,4734
NNBR,NN INC,left,21,2551
NNI,NELNET INC,left,21,2726
NNN,NATIONAL RETAIL PPTYS,left,21,1504
NOC,NORTHROP GRUMMAN CORP,left,21,3512
NODK,NI HOLDINGS INC,left,21,1766
NOV,NATIONAL OILWELL VARCO,left,21,1242
NOVA,SUNNOVA ENERGY INTL INC,left,28,3250
NOVT,NOVANTA INC,left,21,4298
NOW,SERVICENOW INC,left,26,3774
NP,NEENAH INC,left,21,2551
NPK,NATIONAL PRESTO INDS INC,left,21,1329
NPO,ENPRO INDUSTRIES INC,left,10,4036
NPTN,NEOPHOTONICS CORP,left,20,3076
NR,NEWPARK RESOURCES INC,left,20,4996
NRBO,NEUROBO PHARMACEUTICALS,left,20,3687
NRC,NATIONAL RESEARCH CORP,left,21,1416
NRG,NRG ENERGY INC,left,21,4647
NRIM,NORTHRIM BANCORP INC,left,21,3425
NRZ,NEW RESIDENTIAL INVT,left,20,4210
NSA,NATIONAL STORAGE AFFIL,left,21,1591
NSC,NORFOLK SOUTHERN CORP,left,21,3076
NSCO,NESCO HOLDINGS INC (A),left,20,3163
NSIT,INSIGHT ENTERPRISES INC,left,15,5258
NSP,INSPERITY INC,left,16,1242
NSSC,NAPCO SEC TECHNOLOGIES,left,20,4210
NSTG,NANOSTRING TECH INC,left,20,3948
NTAP,NETAPP INC,left,20,3250
NTB,BANK OF NT BUTTERFIELD,left,4,1766
NTCT,NETSCOUT SYSTEMS INC,left,20,3512
NTGR,NETGEAR INC,left,20,3425
NTLA,INTELLA THERAPEUTICS INC,left,16,1940
NTNX,NUTANIX INC,left,21,4996
NTRA,NATERA INC,left,20,4385
NTRS,NORTHERN TRUST CORP,left,21,3250
NTUS,NATUS MEDICAL INC,left,21,2028
NUAN,NUANCE COMMUNICATIONS,left,21,4822
NUE,NUCOR CORP,left,21,4909
NUS,NU SKIN ENTERPRISES,left,21,4734
NUVA,NUVASIVE INC,left,21,5084
NVAX,NOVAVAX INC,left,21,4385
NVCR,NOVOCURE LTD,left,21,4473
NVDA,NVIDIA CORP,left,22,1242
NVEC,NVE CORP,left,21,5258
NVEE,NV5 GLOBAL INC,left,21,5171
NVR,NVR INC,left,22,1329
NVRO,NEVRO CORP,left,20,3861
NVST,ENVISTA HOLDINGS,left,10,4996
NVT,NVENT ELECTRIC PLC,left,21,5345
NVTA,INVITAE CORPORATION,left,16,4734
NWBI,NORTHWEST BANCSHARES INC,left,21,3599
NWE,NORTHWESTERN CORP,left,21,3861
NWFL,NORWOOD FINANCIAL CORP,left,21,4123
NWL,NEWELL BRANDS INC,left,20,4647
NWLI,NATIONAL WESTERN LIFE,left,21,1766
NWN,NORTHWEST NATURAL HLDG,left,21,3687
NWPX,NORTHWEST PIPE CO,left,21,3774
NWS,NEWS CORP CL B,left,20,5171
NWSA,NEWS CORP CL A,left,20,5084
NX,QUANEX BUILDING PRODUCTS,left,24,3774
NXGN,NEXTGEN HEALTHCARE INC,left,21,1504
NXRT,NEXPOINT RESIDENTIAL TR,left,20,5258
NXST,NEXSTAR MEDIA GROUP INC,left,20,5345
NXTC,NEXTCURE,left,21,1242
NYCB,NEW YORK CMNTY BANCORP,left,20,4385
NYMT,NEW YORK MTG TR INC,left,20,4473
NYMX,NYMOX PHARMACEUTICAL,left,22,1416
NYT,NEW YORK TIMES CO,left,20,4560
O,REALTY INCOME CORP,left,25,2551
OBNK,ORIGIN BANCORP,left,22,1940
OC,OWENS CORNING,left,22,3512
OCFC,OCEANFIRST FINANCIAL,left,22,1853
OCUL,OCULAR THERAPEUTIX INC,left,22,2028
OCX,ONCOCYTE CORPORATION,left,21,4036
ODC,OIL DRI CORP OF AMERICA,left,22,2726
ODFL,OLD DOMINION FREIGHT,left,21,2901
ODP,OFFICE DEPOT INC,left,22,2202
ODT,ODONATE THERAPEUTICS INC,left,22,2115
OEC,ORION ENGINEERED CARBONS,left,22,2115
OESX,ORION ENERGY SYSTEMS INC,left,22,2028
OFC,CORPORATE OFFICE PPTYS,left,8,3163
OFED,OCONEE FEDERAL FINANCIAL,left,22,1940
OFG,OFG BANCORP,left,22,2377
OFIX,ORTHOFIX MEDICAL INC,left,22,2377
OFLX,OMEGA FLEX INC,left,21,3512
OGE,OGE ENERGY CORP,left,22,2464
OGS,ONE GAS INC,left,21,4123
OHI,OMEGA HEALTHCARE INVS,left,21,3599
OI,O-I GLASS,left,22,2639
OII,OCEANEERING INTL INC,left,22,1766
OIS,OIL STATES INTERNATIONAL,left,22,2813
OKE,ONEOK INC,left,21,4385
OKTA,OKTA INC,left,22,2901
OLED,UNIVERSAL DISPLAY CORP,left,29,3774
OLLI,OLLIES BARGAIN OUTLET,left,21,3337
OLN,OLIN CORP,left,21,3250
OLP,ONE LIBERTY PROPERTIES,left,21,4210
OMC,OMNICOM GROUP INC,left,21,3861
OMCL,OMNICELL INC,left,21,3774
OMER,OMEROS CORP,left,21,3687
OMF,ONEMAIN HOLDINGS INC,left,21,4298
OMI,OWENS & MINOR INC,left,22,3425
ON,ON SEMICONDUCTOR CORP,left,21,3948
ONB,OLD NATIONAL BANCORP,left,21,2988
ONEM,1LIFE HEALTHCARE,left,1,1416
ONEW,ONEWATER MARINE,left,21,4647
ONTO,ONTO INNOVATION INC,left,21,4734
OOMA,OOMA INC,left,21,4822
OPBK,OP BANCORP,left,21,4909
OPCH,OPTION CARE HEALTH INC,left,22,1242
OPI,OFFICE PPTY INCOME TRUST,left,22,2290
OPK,OPKO HEALTH INC,left,21,4996
OPRT,OPORTUN FINANCIAL,left,21,5084
OPRX,OPTIMIZERX CORP,left,21,5258
OPTN,OPTINOSE INC,left,21,5345
OPY,OPPENHEIMER HOLDINGS INC,left,21,5171
ORA,ORMAT TECHNOLOGIES INC,left,22,2202
ORBC,ORBCOMM INC,left,22,1504
ORC,ORCHID ISLAND CAPITAL,left,22,1591
ORCL,ORACLE CORP,left,22,1329
ORGO,ORGANOGENESIS,left,22,1679
ORGS,ORGENESIS INC,left,22,1766
ORI,OLD REPUBLIC INTL CORP,left,21,3076
ORIC,ORIC PHARMACEUTICALS,left,22,1853
ORLY,O REILLY AUTOMOTIVE INC,left,22,1504
ORRF,ORRSTOWN FINL SVCS INC,left,22,2290
OSBC,OLD SECOND BANCORP INC,left,21,3163
OSG,OVERSEAS SHIPHOLDING INC,left,22,3076
OSIS,OSI SYSTEMS INC,left,22,2639
OSK,OSHKOSH CORP,left,22,2551
OSMT,OSMOTICA PHARMACEUTICALS,left,22,2726
OSPN,ONESPAN INC,left,21,4473
OSTK,OVERSTOCK COM INC,left,22,3163
OSUR,ORASURE TECHNOLOGIES INC,left,22,1416
OSW,ONESPAWORLD HOLDINGS,left,21,4560
OTIS,OTIS WORLDWIDE,left,22,2813
OTTR,OTTER TAIL CORP,left,22,2901
OUT,OUTFRONT MEDIA INC,left,22,2988
OVBC,OHIO VY BANC CORP,left,22,2551
OVID,OVID THERAPEUTICS INC,left,22,3250
OVLY,OAK VALLEY BANCORP,left,22,1591
OVV,OVINTIV INC,left,22,3337
OXM,OXFORD INDUSTRIES INC,left,22,3599
OXY,OCCIDENTAL PETE CORP,left,22,1679
OYST,OYSTER POINT PHARMA,left,22,3687
OZK,BANK OZK,left,4,1940
PACB,PACIFIC BIOSCIENCES CA,left,22,4036
PACK,RANPAK HOLDINGS (A),left,25,1242
PACW,PACWEST BANCORP,left,22,4385
PAE,PAE INCORPORATED (A),left,22,4473
PAG,PENSKE AUTOMOTIVE GROUP,left,22,4385
PAHC,PHIBRO ANIMAL HEALTH,left,23,2377
PANL,PANGAEA LOGS SOLUTIONS,left,22,4822
PANW,PALO ALTO NETWORKS INC,left,22,4647
PAR,PAR TECHNOLOGY CORP,left,22,5084
PARR,PAR PACIFIC HOLDINGS INC,left,22,4996
PASG,PASSAGE BIO,left,23,1940
PATK,PATRICK INDS INC,left,23,2028
PAVM,PAVMED INC,left,23,2290
PAYC,PAYCOM SOFTWARE INC,left,23,2464
PAYS,PAYSIGN INC,left,23,2726
PAYX,PAYCHEX INC,left,23,2377
PB,PROSPERITY BANCSHARES,left,23,4822
PBCT,PEOPLES UNITED FINANCIAL,left,22,4909
PBF,PBF ENERGY INC,left,23,2813
PBFS,PIONEER BANCORP INC,left,23,3599
PBH,PRESTIGE CONSUMER HEALTH,left,24,2988
PBI,PITNEY BOWES INC,left,23,3861
PBIP,PRUDENTIAL BANCORP INC,left,24,1591
PBYI,PUMA BIOTECHNOLOGY INC,left,24,2377
PCAR,PACCAR INC,left,22,3948
PCB,PCB BANCORP,left,23,2901
PCG,PG&E CORP,left,23,2028
PCH,POTLATCHDELTIC CORP,left,24,1416
PCRX,PACIRA BIOSCIENCES,left,22,4210
PCSB,PCSB FINANCIAL CORP,left,23,2988
PCTI,PCTEL INC,left,22,2988
PCTY,PAYLOCITY HLDG CORP,left,23,2551
PCYG,PARK CITY GROUP INC,left,23,1242
PCYO,PURECYCLE CORP,left,24,2551
PD,PAGERDUTY,left,22,4560
PDCE,PDC ENERGY INC,left,22,3076
PDCO,PATTERSON COS INC,left,23,2115
PDFS,PDF SOLUTIONS INC,left,22,3163
PDLB,PDL COMMUNITY BANCORP,left,22,3337
PDLI,PDL BIOPHARMA INC,left,22,3250
PDM,PIEDMONT OFFICE RLTY TR,left,23,2988
PE,PARSLEY ENERGY INC,left,23,1766
PEAK,HEALTHPEAK PROPERTIES,left,14,2551
PEB,PEBBLEBROOK HOTEL TRUST,left,22,3599
PEBK,PEOPLES BANCORP N C INC,left,22,4734
PEBO,PEOPLES BANCORP INC,left,22,4647
PEG,PUBLIC SVC ENTERPRISE,left,24,2115
PEGA,PEGASYSTEMS INC,left,22,3687
PEN,PENUMBRA INC,left,22,4560
PENN,PENN NATIONAL GAMING INC,left,22,3861
PEP,PEPSICO INC,left,22,5084
PETQ,PETIQ,left,23,1591
PETS,PETMED EXPRESS INC,left,23,1679
PFBC,PREFERRED BANK,left,24,2551
PFBI,PREMIER FINL BANCORP INC,left,24,2813
PFC,PREMIER FINANCIAL CORP,left,24,2726
PFE,PFIZER INC,left,23,1853
PFG,PRINCIPAL FINANCIAL GRP,left,23,3599
PFGC,PERFORMANCE FOOD GROUP,left,22,5345
PFHD,PROFESSIONAL HOLDING,left,23,4036
PFIS,PEOPLES FINL SVCS CORP,left,22,4822
PFNX,PFENEX INC,left,23,1766
PFPT,PROOFPOINT INC,left,23,4473
PFS,PROVIDENT FINANCIAL SVCS,left,24,1416
PFSI,PENNYMAC FINL SVCS INC,left,22,4210
PFSW,PFSWEB INC,left,23,1940
PG,PROCTER & GAMBLE CO,left,23,3948
PGC,PEAPACK-GLADSTONE FINL,left,22,3512
PGEN,PRECIGEN INC,left,24,2290
PGNY,PROGYNY,left,23,4298
PGR,PROGRESSIVE CORP,left,23,4210
PGRE,PARAMOUNT GROUP INC,left,22,5171
PGTI,PGT INNOVATIONS INC,left,23,2115
PH,PARKER HANNIFIN CORP,left,23,1679
PHAS,PHASEBIO PHARMACEUTICALS,left,23,2202
PHAT,PHATHOM PHARMACEUTICALS,left,23,2290
PHM,PULTEGROUP INC,left,24,2290
PHR,PHREESIA INC,left,23,2726
PI,IMPINJ INC,left,15,3250
PICO,PICO HOLDINGS INC,left,23,2901
PII,POLARIS INC,left,23,4996
PINC,PREMIER INC,left,24,2901
PINE,ALPINE INCOME PROPERTY T,left,2,3687
PING,PING IDENTITY HOLDING,left,23,3250
PINS,PINTEREST,left,23,3512
PIPR,PIPER SANDLER COMPANIES,left,23,3774
PIRS,PIERIS PHARMACEUTICALS,left,23,3076
PJT,PJT PARTNERS INC,left,23,4036
PK,PARK HOTELS & RESORTS,left,23,1329
PKBK,PARKE BANCORP INC,left,23,1591
PKE,PARK AEROSPACE CORP,left,22,5345
PKG,PACKAGING CORP OF AMER,left,22,4298
PKI,PERKINELMER INC,left,23,1242
PKOH,PARK OHIO HOLDINGS CORP,left,23,1504
PLAB,PHOTRONICS INC,left,23,2639
PLAN,ANAPLAN,left,2,4909
PLAY,DAVE & BUSTERS ENTMT INC,left,9,4734
PLBC,PLUMAS BANCORP,left,23,4560
PLCE,CHILDRENS PLACE INC,left,7,4036
PLD,PROLOGIS INC,left,23,4385
PLMR,PALOMAR HOLDINGS,left,22,4734
PLNT,PLANET FITNESS INC,left,23,4123
PLOW,DOUGLAS DYNAMICS INC,left,9,5258
PLPC,PREFORMED LINE PRODUCTS,left,24,2639
PLSE,PULSE BIOSCIENCES INC,left,24,2202
PLT,PLANTRONICS INC,left,23,4210
PLUG,PLUG POWER INC,left,23,4473
PLUS,EPLUS INC,left,11,1242
PLXS,PLEXUS CORP,left,23,4385
PLYM,PLYMOUTH INDUSTRIAL REIT,left,23,4734
PM,PHILIP MORRIS INTL,left,23,2464
PMT,PENNYMAC MORTGAGE INV,left,22,4298
PNC,PNC FINANCIAL SVCS GROUP,left,23,4822
PNFP,PINNACLE FINANCIAL,left,23,3337
PNM,PNM RESOURCES INC,left,23,4909
PNR,PENTAIR PLC,left,22,4473
PNRG,PRIMEENERGY RESOURCES,left,23,3250
PNTG,PENNANT GROUP,left,22,4036
PNW,PINNACLE WEST CAPITAL CO,left,23,3425
PODD,INSULET CORP,left,16,1591
POL,POLYONE CORP,left,23,5084
POOL,POOL CORP,left,23,5171
POR,PORTLAND GEN ELEC CO,left,23,5345
POST,POST HOLDINGS INC,left,24,1329
POWI,POWER INTEGRATIONS INC,left,24,1591
POWL,POWELL INDUSTRIES INC,left,24,1504
PPBI,PACIFIC PREMIER BANCORP,left,22,4123
PPC,PILGRIMS PRIDE CORP,left,23,3163
PPD,PPD,left,24,1766
PPG,PPG INDUSTRIES INC,left,24,1853
PPL,PPL CORP,left,24,1940
PQG,PQ GROUP HOLDINGS INC,left,24,2028
PRA,PROASSURANCE CORP,left,23,3861
PRAA,PRA GROUP INC,left,24,2115
PRAH,PRA HEALTH SCIENCES INC,left,24,2202
PRDO,PERDOCEO EDUCATION CORP,left,22,5171
PRFT,PERFICIENT INC,left,22,5258
PRGO,PERRIGO CO PLC,left,23,1329
PRGS,PROGRESS SOFTWARE CORP,left,23,4123
PRI,PRIMERICA INC,left,23,3337
PRIM,PRIMORIS SVCS CORP,left,23,3512
PRK,PARK NATIONAL CORP,left,23,1416
PRLB,PROTO LABS INC,left,23,5258
PRMW,PRIMO WATER,left,23,3425
PRNB,PRINCIPIA BIOPHARMA,left,23,3687
PRO,PROS HOLDINGS INC,left,23,4647
PROS,PROSIGHT GLOBAL INC,left,23,4734
PROV,PROVIDENT FINL HLDGS INC,left,24,1504
PRPL,PURPLE INNOVATION INC,left,24,2639
PRSC,PROVIDENCE SERVICE CORP,left,24,1242
PRSP,PERSPECTA,left,23,1504
PRTA,PROTHENA CORP PLC,left,23,5171
PRTH,PRIORITY TECHNOLOGY,left,23,3774
PRTK,PARATEK PHARMACEUTICALS,left,22,5258
PRTS,US AUTO PARTS NETWRK INC,left,29,5171
PRU,PRUDENTIAL FINANCIAL INC,left,24,1679
PRVB,PROVENTION BIO INC,left,23,5345
PRVL,PREVAIL THERAPEUTICS INC,left,24,3076
PS,PLURALSIGHT INC,left,23,4647
PSA,PUBLIC STORAGE INC,left,24,2028
PSB,PS BUSINESS PARKS INC,left,24,1766
PSMT,PRICESMART INC,left,23,3163
PSN,PARSONS,left,23,1853
PSNL,PERSONALIS INC,left,23,1416
PSTG,PURE STORAGE INC,left,24,2464
PSX,PHILLIPS 66,left,23,2551
PTC,PTC INC,left,24,1853
PTCT,PTC THERAPEUTICS INC,left,24,1940
PTEN,PATTERSON UTI ENERGY,left,23,2202
PTGX,PROTAGONIST THERAPEUTICS,left,23,4909
PTLA,PORTOLA PHARMACEUTICALS,left,24,1242
PTON,PELOTON INTERACTIVE,left,22,3774
PTSI,P A M TRANSN SVCS INC,left,22,3774
PTVCB,PROTECTIVE INSURANCE (B),left,23,5084
PUB,PEOPLES UTAH BANCORP,left,22,4996
PUMP,PROPETRO HOLDING CO,left,23,4560
PVAC,PENN VIRGINIA CORP,left,22,3948
PVBC,PROVIDENT BANCORP INC,left,24,1329
PVH,PVH CORP,left,24,2726
PWFL,POWERFLEET INC,left,24,1679
PWOD,PENNS WOODS BANCORP INC,left,22,4123
PWR,QUANTA SERVICES INC,left,24,3861
PXD,PIONEER NAT RESOURCES CO,left,23,3687
PXLW,PIXELWORKS INC,left,23,3948
PYPL,PAYPAL HOLDINGS INC,left,23,2639
PZN,PZENA INVESTMENT MGMT,left,24,2813
PZZA,PAPA JOHNS INTERNATIONAL,left,22,4909
QADA,QAD INC,left,24,2988
QCOM,QUALCOMM INC,left,24,3599
QCRH,QCR HOLDINGS INC,left,24,3076
QDEL,QUIDEL CORP,left,24,4210
QGEN,QIAGEN NV,left,24,3163
QLYS,QUALYS INC,left,24,3687
QMCO,QUANTUM CORP,left,24,4036
QNST,QUINSTREET INC,left,24,4298
QRTEA,QURATE RETAIL INC,left,24,4560
QRVO,QORVO INC,left,24,3250
QTNT,QUOTIENT LIMITED,left,24,4385
QTRX,QUANTERIX CORPORATION,left,24,3948
QTS,QTS REALTY TRUST INC,left,24,3337
QTWO,Q2 HLDGS INC,left,24,2901
QUAD,QUAD / GRAPHICS INC,left,24,3425
QUOT,QUOTIENT TECHNOLOGY INC,left,24,4473
R,RYDER SYSTEM INC,left,26,1416
RAD,RITE AID CORP,left,25,3250
RAMP,LIVERAMP HOLDINGS INC,left,18,2901
RAPT,RAPT THERAPEUTICS,left,25,1416
RARE,ULTRAGENYX PHARMA,left,29,5345
RAVN,RAVEN INDUSTRIES INC,left,25,1504
RBB,RBB BANCORP,left,25,1940
RBBN,RIBBON COMMUNICATIONS,left,25,2813
RBC,REGAL BELOIT CORP,left,24,3250
RBCAA,REPUBLIC BANCORP INC KY,left,24,4909
RBNC,RELIANT BANCORP INC,left,24,4036
RC,READY CAPITAL CORP,left,25,2290
RCII,RENT A CENTER INC,left,24,4473
RCKT,ROCKET PHARMACEUTICALS,left,25,3774
RCKY,ROCKY BRANDS INC,left,25,4036
RCL,ROYAL CARIBBEAN CRUISES,left,25,4647
RCM,R1 RCM INC,left,24,4647
RCUS,ARCUS BIOSCIENCES,left,3,5084
RDFN,REDFIN CORP,left,25,3163
RDN,RADIAN GROUP INC,left,24,4734
RDNT,RADNET INC,left,24,4996
RDUS,RADIUS HEALTH INC,left,24,4909
RDVT,RED VIOLET,left,25,3076
RE,EVEREST RE GROUP LTD,left,11,4036
REAL,THE REALREAL INC,left,29,1591
REFR,RESEARCH FRONTIERS INC,left,24,5171
REG,REGENCY CENTERS CORP,left,24,3337
REGI,RENEWABLE ENER GROUP INC,left,24,4385
REGN,REGENERON PHARMACEUTICAL,left,24,3425
REPH,RECRO PHARMA INC,left,25,2726
REPL,REPLIMUNE GROUP INC,left,24,4734
RES,RPC INC,left,25,4822
RESI,FRONT YARD RESIDENTIAL,left,12,4560
RESN,RESONANT INC,left,25,1242
RETA,REATE PHARMACEUTICALS,left,25,2639
REV,REVLON INC,left,25,2028
REVG,REV GROUP INC,left,25,1853
REX,REX AMERICAN RESOURCES,left,25,2202
REXR,REXFORD INDUSTRIAL RLTY,left,25,2290
REYN,REYNOLDS CONSUMER PRODUC,left,25,2464
REZI,RESIDEO TECHNOLOGIES,left,24,5258
RF,REGIONS FINANCIAL CORP,left,24,3687
RFL,RAFAEL HOLDINGS,left,24,5084
RGA,REINSURANCE GRP OF AMER,left,24,3861
RGCO,RGC RES INC,left,25,2551
RGEN,REPLIGEN CORP,left,24,4647
RGLD,ROYAL GOLD INC,left,25,4734
RGNX,REGENXBIO INC,left,24,3512
RGP,RESOURCES CONNECTION,left,25,1329
RGR,STURM RUGER & CO INC,left,28,2726
RGS,REGIS CORP,left,24,3774
RH,RH,left,25,2639
RHI,ROBERT HALF INTL INC,left,25,3687
RHP,RYMAN HOSPITALITY PPTYS,left,26,1591
RICK,RCI HOSPITALITY HLDGS,left,25,2115
RIG,TRANSOCEAN LTD,left,28,4647
RIGL,RIGEL PHARMACEUTICALS,left,25,2988
RILY,B. RILEY FINANCIAL INC,left,4,4560
RJF,RAYMOND JAMES FINANCIAL,left,25,1591
RL,RALPH LAUREN CORP,left,24,5171
RLGT,RADIANT LOGISTICS INC,left,24,4822
RLGY,REALOGY HOLDINGS CORP,left,25,2377
RLI,RLI CORP,left,25,3425
RLJ,RLJ LODGING TR,left,25,3512
RLMD,RELMADA THERAPEUTICS,left,24,4123
RM,REGIONAL MGMT CORP,left,24,3599
RMAX,RE/MAX HOLDINGS INC,left,25,2202
RMBI,RICHMOND MUTUAL BANCORP,left,25,2901
RMBS,RAMBUS INC,left,24,5258
RMD,RESMED INC,left,24,5345
RMNI,RIMINI STREET INC,left,25,3076
RMR,RMR GROUP INC,left,25,3599
RMTI,ROCKWELL MEDICAL INC,left,25,3948
RNG,RINGCENTRAL INC,left,25,3163
RNR,RENAISSANCERE HOLDINGS,left,24,4210
RNST,RENASANT CORP,left,24,4298
ROAD,CONSTRUCTION PARTNERS,left,9,1416
ROCK,GIBRALTAR INDUSTRIES INC,left,13,5084
ROG,ROGERS CORP,left,25,4123
ROIC,RETAIL OPPORTUNITY INVTS,left,25,1416
ROK,ROCKWELL AUTOMATION INC,left,25,3861
ROKU,ROKU INC,left,25,4210
ROL,ROLLINS INC,left,25,4298
ROLL,RBC BEARINGS INC,left,25,2028
ROP,ROPER TECHNOLOGIES INC,left,25,4385
ROST,ROSS STORES INC,left,25,4560
RP,REALPAGE INC,left,25,2464
RPAI,RETAIL PPTYS AMER INC,left,25,1504
RPAY,REPAY HOLDINGS CORP (A),left,24,4560
RPD,RAPID7 INC,left,25,1329
RPM,RPM INTERNATIONAL INC,left,25,4909
RPT,RPT REALTY,left,25,4996
RRBI,RED RIVER BANCSHARES,left,25,2813
RRC,RANGE RESOURCES CORP,left,24,5345
RRGB,RED ROBIN GOURMET BURGER,left,25,2901
RRR,RED ROCKS RESORTS INC,left,25,2988
RS,RELIANCE STEEL & ALUM,left,24,3948
RSG,REPUBLIC SERVICES INC,left,24,5084
RST,ROSETTA STONE INC,left,25,4473
RTIX,RTI SURGICAL HOLDINGS,left,25,5084
RTRX,RETROPHIN INC,left,25,1766
RTX,RAYTHEON TECHNOLOGIES CO,left,25,1853
RUBI,RUBICON PROJ INC,left,25,5171
RUBY,RUBIUS THERAPEUTICS,left,25,5258
RUN,SUNRUN INC,left,28,3425
RUSHA,RUSH ENTERPRISES INC,left,25,5345
RUSHB,RUSH ENTERPRISES INC,left,26,1242
RUTH,RUTH'S HOSPITALITY GROUP,left,26,1329
RVI,RETAIL VALUE INC,left,25,1591
RVMD,REVOLUTION MEDICINES,left,25,2115
RVNC,REVANCE THERAPEUTICS INC,left,25,1940
RVP,RETRACTABLE TECHNOLOGIES,left,25,1679
RVSB,RIVERVIEW BANCORP INC,left,25,3337
RWT,REDWOOD TRUST INC,left,24,3163
RXN,REXNORD CORP,left,25,2377
RYAM,RAYONIER ADV MATERIALS,left,25,1679
RYI,RYERSON HOLDING CORP,left,26,1504
RYN,RAYONIER INC,left,25,1766
RYTM,RHYTHM PHARMACEUTICALS,left,25,2726
SABR,SABRE CORP,left,26,1940
SAFE,SAFEHOLD INC,left,26,2202
SAFM,SANDERSON FARMS INC,left,26,2988
SAFT,SAFETY INSURANCE GRP INC,left,26,2290
SAGE,SAGE THERAPEUTICS INC,left,26,2464
SAH,SONIC AUTOMOTIVE INC,left,26,4734
SAIA,SAIA INC,left,26,2551
SAIC,SCIENCE APPLICATIONS INT,left,25,4996
SAIL,SAILPOINT TECHNOLOGIES,left,26,2639
SAL,SALISBURY BANCORP INC,left,26,2813
SALT,SCORPIO BULKERS INC,left,25,5171
SAM,BOSTON BEER INC,left,5,4822
SAMG,SILVERCREST ASSET MNGMT,left,27,1591
SANM,SANMINA CORPORATION,left,25,3250
SASR,SANDY SPRING BANCORP,left,26,3076
SATS,ECHOSTAR CORP,left,10,4560
SAVA,CASSAVA SCIENCES INC,left,6,2290
SAVE,SPIRIT AIRLS INC,left,27,2639
SB,SAFE BULKERS INC,left,26,2028
SBAC,SBA COMMUNICATIONS CORP,left,25,4036
SBBP,STRONGBRIDGE BIOPHARMA,left,28,2551
SBBX,SB ONE BANCORP,left,25,3948
SBCF,SEACOAST BANKING CORP FL,left,26,1679
SBFG,SB FINL GROUP INC,left,25,3861
SBGI,SINCLAIR BROADCAST GROUP,left,27,2202
SBH,SALLY BEAUTY HOLDINGS,left,26,2901
SBNY,SIGNATURE BANK,left,26,5345
SBRA,SABRA HEALTH CARE REIT,left,26,1853
SBSI,SOUTHSIDE BANCSHARES INC,left,27,1591
SBT,STERLING BANCORP INC,left,28,1504
SBUX,STARBUCKS CORP,left,27,4647
SC,SANTANDER CNSMR USA HLDG,left,25,3337
SCCO,SOUTHERN COPPER CORP,left,27,1242
SCHL,SCHOLASTIC CORP,left,25,4647
SCHN,SCHNITZER STEEL INDS,left,25,4473
SCHW,SCHWAB CHARLES CORP,left,25,4822
SCI,SERVICE CORP INTL,left,26,3512
SCL,STEPAN CO,left,27,5258
SCOR,COMSCORE INC,left,8,4036
SCPH,SCPHARMACEUTICALS INC,left,26,1242
SCS,STEELCASE INC,left,27,5171
SCSC,SCANSOURCE INC,left,25,4123
SCU,SCULPTOR CAP MGMT (A),left,26,1416
SCVL,SHOE CARNIVAL INC,left,26,4560
SCWX,SECUREWORKS CORP,left,26,2202
SDGR,SCHRODINGER,left,25,4734
SEAC,SEACHANGE INTERNATIONAL,left,26,1591
SEAS,SEAWORLD ENTMT INC,left,26,2115
SEB,SEABOARD CORP,left,26,1504
SEDG,SOLAREDGE TECHNOLOGIES,left,26,4210
SEE,SEALED AIR CORP,left,26,1853
SEIC,SEI INVESTMENTS CO,left,26,2377
SELB,SELECTA BIOSCIENCES INC,left,26,2726
SEM,SELECT MEDICAL HOLDINGS,left,26,2639
SENEA,SENECA FOODS CORP,left,26,3076
SERV,SERVICEMASTER GLOBAL,left,26,3687
SF,STIFEL FINANCIAL CORP,left,28,1766
SFBS,SERVISFIRST BANCSHARES,left,26,3948
SFE,SAFEGUARD SCIENTIFICS,left,26,2115
SFIX,STITCH FIX CLASS A,left,28,1853
SFL,SFL CORPORATION LTD,left,26,4036
SFM,SPROUTS FRMRS MKT INC,left,27,3425
SFNC,SIMMONS FIRST NATIONAL,left,27,1766
SFST,SOUTHERN FIRST BANCSHARE,left,27,1329
SGA,SAGA COMMUNICATIONS INC,left,26,2377
SGC,SUPERIOR GROUP OF CO,left,27,3599
SGEN,SEATTLE GENETICS INC,left,26,2028
SGH,SMART GLOBAL HOLDINGS,left,26,3512
SGMO,SANGAMO THERAPEUTICS INC,left,26,3250
SGMS,SCIENTIFIC GAMES CORP,left,25,5084
SGRY,SURGERY PARTNERS INC,left,27,3774
SHAK,SHAKE SHACK INC,left,26,4123
SHBI,SHORE BANCSHARES INC,left,26,4647
SHEN,SHENANDOAH TELECOMM CO,left,26,4298
SHO,SUNSTONE HOTEL INVS INC,left,27,3425
SHOO,MADDEN STEVEN LTD,left,19,1853
SHW,SHERWIN WILLIAMS CO,left,26,4385
SHYF,THE SHYFT GROUP INC,left,29,1679
SI,SILVERGATE CAPITAL,left,27,1679
SIBN,SI-BONE,left,26,4909
SIEB,SIEBERT FINANCIAL CORP,left,26,4996
SIEN,SIENTRA INC,left,26,5084
SIG,SIGNET JEWELERS LTD,left,27,1242
SIGA,SIGA TECHNOLOGIES INC,left,26,5258
SIGI,SELECTIVE INSURANCE GRP,left,26,2813
SILK,SILK ROAD MEDICAL,left,27,1504
SIRI,SIRIUS XM HOLDINGS INC,left,27,2290
SITC,SITE CENTERS CORPORATION,left,27,2377
SITE,SITEONE LANDSCAPE SUPPLY,left,27,2464
SITM,SITIME,left,27,2551
SIVB,SVB FINANCIAL GROUP,left,27,4036
SIX,SIX FLAGS ENTMT CORP,left,27,2639
SJI,SOUTH JERSEY INDUSTRIES,left,26,5084
SJM,SMUCKER J M CO,left,26,4036
SJW,SJW GROUP,left,27,2726
SKT,TANGER FACTORY OUTLET,left,28,1679
SKX,SKECHERS USA INC,left,27,2813
SKY,SKYLINE CHAMPION CORP,left,27,2901
SKYW,SKYWEST INC,left,27,2988
SLAB,SILICON LABORATORIES INC,left,27,1416
SLB,SCHLUMBERGER LTD,left,25,4298
SLCA,U S SILICA HLDGS INC,left,29,4560
SLCT,SELECT BANCORP INC,left,26,2464
SLDB,SOLID BIOSCIENCES INC,left,26,4560
SLG,SL GREEN REALTY CORP,left,27,3163
SLGN,SILGAN HOLDINGS INC,left,27,1329
SLM,SLM CORP,left,26,3337
SLNO,SOLENO THERAPEUTICS INC,left,26,4473
SLP,SIMULATIONS PLUS INC,left,27,2115
SM,SM ENERGY CO,left,26,3425
SMAR,SMARTSHEET,left,26,3687
SMBC,SOUTHERN MO BANCORP INC,left,27,1416
SMBK,SMARTFINANCIAL INC,left,26,3599
SMCI,SUPER MICRO COMPUTER INC,left,27,3512
SMED,SHARPS COMPLIANCE CORP,left,26,4210
SMG,SCOTTS MIRACLE-GRO CO,left,25,5345
SMMF,SUMMIT FINANCIAL GROUP,left,28,2813
SMP,STANDARD MOTOR PRODUCTS,left,27,4385
SMPL,SIMPLY GOOD FOODS,left,27,1940
SMSI,SMITH MICRO SOFTWARE INC,left,26,3948
SMTC,SEMTECH CORP,left,26,2988
SNA,SNAP ON INC,left,26,4123
SNBR,SLEEP NUMBER CORPORATION,left,27,3337
SNCR,SYNCHRONOSS TECHNOLOGY,left,27,4560
SNDR,SCHNEIDER NATIONAL INC,left,25,4385
SNDX,SYNDAX PHARMACEUTICALS,left,27,4734
SNFCA,SECURITY NATL FINL CORP,left,26,2290
SNPS,SYNOPSYS INC,left,27,4996
SNR,NEW SR INVT GROUP INC,left,20,4298
SNV,SYNOVUS FINANCIAL CORP,left,27,5084
SNX,SYNNEX CORP,left,27,4909
SO,SOUTHERN CO,left,26,5345
SOI,SOLARIS OILFIELD,left,26,4298
SOLY,SOLITON INC,left,26,4647
SON,SONOCO PRODUCTS CO,left,26,4822
SONA,SOUTHERN NATL BANCORP,left,27,1504
SONO,SONOS INC,left,26,4909
SP,SP PLUS CORPORATION,left,27,1940
SPB,SPECTRUM BRANDS HOLDINGS,left,27,2202
SPCE,VIRGIN GALACTIC HLDG (A),left,31,1940
SPFI,SOUTH PLAINS FINANCIAL,left,26,5171
SPG,SIMON PROPERTY GROUP INC,left,27,1853
SPGI,S&P GLOBAL INC,left,26,1766
SPKE,SPARK ENERGY INC,left,27,2028
SPLK,SPLUNK INC,left,27,2901
SPNE,SEASPINE HOLDINGS CORP,left,26,1940
SPNS,SAPIENS INTL CORP NV,left,25,3425
SPOK,SPOK HOLDINGS INC,left,27,2988
SPOT,SPOTIFY TECHNOLOGY SA,left,27,3163
SPPI,SPECTRUM PHARMACEUTICALS,left,27,2290
SPR,SPIRIT AEROSYSTEMS,left,27,2551
SPRO,SPERO THERAPEUTICS INC,left,27,2377
SPSC,SPS COMM INC,left,27,3512
SPT,SPROUT SOCIAL,left,27,3337
SPTN,SPARTANNASH COMPANY,left,27,2115
SPWH,SPORTSMANS WHSE HLDGS,left,27,3076
SPWR,SUNPOWER CORP,left,28,3337
SPXC,SPX CORP,left,27,3599
SQ,SQUARE INC,left,27,3774
SR,SPIRE INC,left,27,2464
SRC,SPIRIT RLTY CAP INC,left,27,2813
SRCE,1ST SOURCE CORP,left,1,1591
SRCL,STERICYCLE INC,left,28,1242
SRDX,SURMODICS INC,left,27,3861
SRE,SEMPRA ENERGY,left,26,2901
SREV,SERVICESOURCE INTL,left,26,3861
SRG,SERITAGE GROWTH PROP,left,26,3425
SRI,STONERIDGE INC,left,28,2202
SRNE,SORRENTO THERAPEUTICS,left,26,4996
SRPT,SAREPTA THERAPEUTICS INC,left,25,3512
SRRK,SCHOLAR ROCK HOLDING,left,25,4560
SRT,STARTEK INC,left,27,4734
SSB,SOUTH STATE CORPORATION,left,26,5258
SSD,SIMPSON MANUFACTURING,left,27,2028
SSNC,SS&C TECHNOLOGIES HLDGS,left,27,3861
SSP,SCRIPPS E W CO,left,26,1329
SSTI,SHOTSPOTTER,left,26,4734
SSTK,SHUTTERSTOCK INC,left,26,4822
ST,SENSATA TECHNOLOGIES,left,26,3163
STAA,STAAR SURGICAL CO,left,27,4036
STAG,STAG INDL INC,left,27,4123
STAR,ISTAR INC,left,17,1591
STAY,EXTENDED STAY AMERICA,left,12,2028
STBA,S & T BANCORP INC,left,26,1679
STC,STEWART INFORMATION,left,28,1679
STE,STERIS PLC,left,28,1329
STFC,STATE AUTO FINANCIAL,left,27,4909
STL,STERLING BANCORP,left,28,1416
STLD,STEEL DYNAMICS INC,left,27,5084
STMP,STAMPS COM INC,left,27,4210
STND,STANDARD AVB FINANCIAL,left,27,4298
STNE,STONECO,left,28,2115
STNG,SCORPIO TANKERS INC,left,25,5258
STOK,STOKE THERAPEUTICS INC,left,28,2028
STOR,STORE CAPITAL CORP,left,28,2290
STRA,STRATEGIC EDUCATION INC,left,28,2377
STRL,STERLING CONSTRUCTION CO,left,28,1591
STRO,SUTRO BIOPHARMA,left,27,3948
STRS,STRATUS PPTYS INC,left,28,2464
STSA,SATSUMA PHARMACEUTICALS,left,25,3599
STT,STATE STREET CORP,left,27,4996
STWD,STARWOOD PPTY TRUST INC,left,27,4822
STXB,SPIRIT OF TEXAS BNCSHRES,left,27,2726
STXS,STEREOTAXIS,left,27,5345
STZ,CONSTELLATION BRANDS,left,9,1242
SUI,SUN COMMUNITIES INC,left,28,3076
SUM,SUMMIT MATLS INC,left,28,2988
SUPN,SUPERNUS PHARMACEUTICALS,left,27,3687
SVC,SERVICE PROPERTIES TRUST,left,26,3599
SVMK,SVMK,left,27,4123
SVRA,SAVARA INC,left,25,3774
SWAV,SHOCKWAVE MEDICAL,left,26,4473
SWBI,SMITH AND WESSON BRANDS,left,26,3861
SWCH,SWITCH INC,left,27,4210
SWI,SOLARWINDS,left,26,4385
SWK,STANLEY BLACK & DECKER,left,27,4560
SWKH,SWK HOLDINGS,left,27,4298
SWKS,SKYWORKS SOLUTIONS INC,left,27,3076
SWM,SCHWEITZER-MAUDUIT INTL,left,25,4909
SWN,SOUTHWESTERN ENERGY CO,left,27,1853
SWTX,SPRINGWORKS THERAPEUTICS,left,27,3250
SWX,SOUTHWEST GAS HOLDINGS,left,27,1766
SXC,SUNCOKE ENERGY INC,left,28,3163
SXI,STANDEX INTERNATIONAL,left,27,4473
SXT,SENSIENT TECHNOLOGIES,left,26,3250
SYBT,STOCK YARDS BANCORP INC,left,28,1940
SYF,SYNCHRONY FINANCIAL,left,27,4647
SYK,STRYKER CORP,left,28,2639
SYKE,SYKES ENTERPRISES INC,left,27,4385
SYNA,SYNAPTICS INC,left,27,4473
SYNH,SYNEOS HEALTH INC,left,27,4822
SYRS,SYROS PHARMACEUTICALS,left,27,5171
SYX,SYSTEMAX INC,left,27,5345
SYY,SYSCO CORP,left,27,5258
T,AT&T INC,left,3,4210
TACO,DEL TACO RESTAURANTS INC,left,9,5171
TALO,TALOS ENERGY INC,left,28,1504
TAP,MOLOSON COORS BEVERAGE,left,19,4647
TARA,PROTARA THERAPEUTICS INC,left,23,4996
TAST,CARROLS RESTAURANT GRP,left,7,1416
TBBK,BANCORP INC,left,4,5258
TBI,TRUEBLUE INC,left,29,2464
TBIO,TRANSLATE BIO INC,left,28,4473
TBK,TRIUMPH BANCORP INC,left,29,2202
TBNK,TERRITORIAL BANCORP INC,left,28,4473
TBPH,THERAVANCE BIOPHARMA INC,left,29,2028
TCBI,TEXAS CAPITAL BANCSHARES,left,28,4734
TCBK,TRICO BANCSHARES,left,29,1329
TCDA,TRICIDA INC,left,29,1242
TCF,TCF FINANCIAL CORP,left,28,2290
TCFC,COMMUNITY FINL CORP MD,left,8,3337
TCI,TRANSCONTINENTAL REALTY,left,28,4298
TCMD,TACTILE SYSTEMS TECH,left,28,1329
TCO,TAUBMAN CENTERS INC,left,28,2115
TCRR,TCR2 THERAPEUTICS,left,28,2377
TCS,THE CONTAINER STORE GRP,left,29,1242
TCX,TUCOWS INC,left,29,3163
TDC,TERADATA CORP,left,28,4036
TDG,TRANSDIGM GROUP INC,left,28,4385
TDOC,TELADOC HEALTH INC,left,28,2988
TDS,TELEPHONE & DATA SYSTEMS,left,28,3337
TDW,TIDEWATER INC,left,29,2464
TDY,TELEDYNE TECHNOLOGIES,left,28,3076
TEAM,ATLASSIAN CORP PLC,left,3,5171
TECH,BIO-TECHNE CORP,left,5,1416
TELA,TELA BIO,left,28,2901
TELL,TELLURIAN INC,left,28,3512
TEN,TENNECO INC,left,28,3948
TENB,TENABLE HOLDINGS,left,28,3687
TER,TERADYNE INC,left,28,4123
TERP,TERRAFORM POWER INC,left,28,4298
TEX,TEREX CORP,left,28,4210
TFC,TRUIST FINANCIAL CORP,left,29,2639
TFSL,TFS FINL CORP,left,28,5171
TFX,TELEFLEX INC,left,28,3163
TG,TREDEGAR CORP,left,28,4996
TGH,TEXTAINER GROUP HLDGS,left,28,4996
TGI,TRIUMPH GROUP INC,left,29,2290
TGNA,TEGNA INC,left,28,2726
TGT,TARGET CORP,left,28,1940
TGTX,TG THERAPEUTICS INC,left,28,5258
TH,TARGET HOSPITALITY (A),left,28,2028
THC,TENET HEALTHCARE CORP,left,28,3774
THFF,FIRST FINANCIAL CORP,left,12,2290
THG,HANOVER INSURANCE GROUP,left,14,4473
THO,THOR INDUSTRIES INC,left,29,2377
THR,THERMON GROUP HLDGS INC,left,29,2202
THRM,GENTHERM INC,left,13,4473
THS,TREEHOUSE FOODS INC,left,28,5084
TIF,TIFFANY & CO,left,29,2551
TILE,INTERFACE INC,left,16,2639
TIPT,TIPTREE INC,left,29,2988
TISI,TEAM INC,left,28,2551
TITN,TITAN MACHINERY INC,left,29,3076
TJX,TJX COMPANIES INC,left,29,3250
TKR,TIMKEN CO,left,29,2813
TLYS,TILLYS INC,left,29,2639
TMDX,TRANSMEDICS GROUP,left,28,4560
TMHC,TAYLOR MORRISON HOME II,left,28,2202
TMO,THERMO FISHER SCIENTIFIC,left,29,2115
TMP,TOMPKINS FINANCIAL CORP,left,29,3425
TMST,TIMKENSTEEL CORPORATION,left,29,2901
TMUS,T-MOBILE US INC,left,28,3425
TNAV,TELENAV INC,left,28,3250
TNC,TENNANT CO,left,28,3861
TNDM,TANDEM DIABETES CARE INC,left,28,1591
TNET,TRINET GROUP INC,left,29,1591
TOL,TOLL BROTHERS INC,left,29,3337
TOWN,TOWNEBANK PORTSMOUTH VA,left,28,3687
TPB,TURNING POINT BRANDS INC,left,29,3337
TPC,TUTOR PERINI CORP,left,29,3599
TPCO,TRIBUNE PUBLISHING CO,left,28,5345
TPH,TRI POINTE GROUP INC,left,28,5258
TPIC,TPI COMPOSITES INC,left,28,3861
TPR,TAPESTRY INC,left,28,1766
TPRE,THIRD POINT REINSURANCE,left,29,2290
TPTX,TURNING PT THERAPEUTICS,left,29,3425
TPX,TEMPUR SEALY INTL INC,left,28,3599
TR,TOOTSIE ROLL INDUSTRIES,left,29,3512
TRC,TEJON RANCH CO,left,28,2813
TREC,TRECORA RESOURCES,left,28,4909
TREE,LENDINGTREE INC,left,17,3163
TREX,TREX INC,left,28,5171
TRGP,TARGA RESOURCES INC,left,28,1853
TRHC,TABULA RASA HEALTHCARE,left,28,1242
TRIP,TRIPADVISOR INC,left,29,1853
TRMB,TRIMBLE INC,left,29,1504
TRMK,TRUSTMARK CORP,left,29,2901
TRN,TRINITY INDUSTRIES INC,left,29,1679
TRNO,TERRENO REALTY CORP,left,28,4385
TRNS,TRANSCAT INC,left,28,4210
TROW,PRICE T ROWE GROUP INC,left,23,3076
TROX,TRONOX HOLDINGS PLC,left,29,2377
TRS,TRIMAS CORP,left,29,1416
TRST,TRUSTCO BANK CORP NY,left,29,2813
TRTN,TRITON INTERNATIONAL LTD,left,29,2115
TRTX,TPG RE FINANCE TRUST,left,28,3774
TRU,TRANSUNION,left,28,4734
TRUE,TRUECAR INC,left,29,2551
TRUP,TRUPANION INC,left,29,2726
TRV,TRAVELERS COS INC,left,28,4822
TRWH,TWIN RIVER WORLDWIDE,left,29,3774
TSBK,TIMBERLAND BANCORP INC,left,29,2726
TSC,TRISTATE CAP HLDGS INC,left,29,2028
TSCO,TRACTOR SUPPLY CO,left,28,3948
TSE,TRINSEO SA,left,29,1766
TSLA,TESLA INC,left,28,4560
TSN,TYSON FOODS INC,left,29,4298
TT,TRANE TECHNOLOGIES PLC,left,28,4123
TTC,TORO CO,left,28,3599
TTD,THE TRADE DESK INC,left,29,1766
TTEC,TTEC HOLDINGS INC,left,29,2988
TTEK,TETRA TECH INC,left,28,4647
TTGT,TECHTARGET INC,left,28,2639
TTMI,TTM TECHNOLOGIES INC,left,29,3076
TTWO,TAKE-TWO INTERACTIVE,left,28,1416
TUP,TUPPERWARE BRANDS CORP,left,29,3250
TVTY,TIVITY HEALTH INC,left,29,3163
TW,TRADEWEB MARKETS,left,28,4036
TWLO,TWILIO INC,left,29,3687
TWNK,HOSTESS BRANDS INC,left,15,3337
TWO,TWO HBRS INVT CORP,left,29,4036
TWOU,2U INC,left,1,1679
TWST,TWIST BIOSCIENCE,left,29,3861
TWTR,TWITTER INC,left,29,3948
TXG,10X GENOMICS,left,1,1242
TXMD,THERAPEUTICSMD INC,left,29,1940
TXN,TEXAS INSTRUMENTS INC,left,28,4822
TXRH,TEXAS ROADHOUSE INC,left,28,4909
TXT,TEXTRON INC,left,28,5084
TYL,TYLER TECHNOLOGIES INC,left,29,4123
TYME,TYME,left,29,4210
UA,UNDER ARMOUR CLASS C,left,30,1679
UAA,UNDER ARMOUR CLASS A,left,30,1591
UAL,UNITED AIRLINES HOLDINGS,left,30,2115
UBA,URSTADT BIDDLE PPTYS INS,left,29,5084
UBER,UBER TECHNOLOGIES,left,29,4647
UBFO,UNITED SECURITY BANC,left,30,2813
UBSI,UNITED BANKSHARES INC,left,30,2202
UBX,UNITY BIOTECHNOLOGY,left,30,3599
UCBI,UNITED COMMUNITY BANKS,left,30,2290
UCTT,ULTRA CLEAN HOLDINGS INC,left,29,5258
UDR,UDR INC,left,29,4822
UE,URBAN EDGE PROPERTIES,left,29,4822
UEC,URANIUM ENERGY CORP,left,29,4734
UEIC,UNIVERSAL ELECTRONICS,left,29,3861
UFCS,UNITED FIRE GROUP INC,left,30,2377
UFI,UNIFI INC,left,30,1766
UFPI,UFP INDUSTRIES INC,left,29,4909
UFPT,UFP TECHNOLOGIES INC,left,29,4996
UFS,DOMTAR CORPORATION,left,9,4734
UGI,UGI CORP,left,29,5084
UHAL,AMERCO,left,3,1242
UHS,UNIVERSAL HEALTH SVCS,left,29,4036
UHT,UNIVERSAL HEALTH REALTY,left,29,3948
UI,UBIQUITI INC,left,29,4734
UIHC,UNITED INS HLDGS CORP,left,30,2464
UIS,UNISYS CORP,left,30,2028
ULBI,ULTRALIFE CORPORATION,left,30,1242
ULH,UNIVERSAL LOGISTICS HLDG,left,29,4210
ULTA,ULTA BEAUTY INC,left,29,5171
UMBF,UMB FINANCIAL CORP,left,30,1329
UMH,UMH PROPERTIES INC,left,30,1416
UMPQ,UMPQUA HOLDINGS CORP,left,30,1504
UNF,UNIFIRST CORP MASS,left,30,1853
UNFI,UNITED NATURAL FOODS INC,left,30,2551
UNH,UNITEDHEALTH GROUP INC,left,30,3250
UNIT,UNITI GROUP INC,left,30,3337
UNM,UNUM GROUP,left,29,4473
UNP,UNION PACIFIC CORP,left,30,1940
UNTY,UNITY BANCORP INC,left,30,3512
UNVR,UNIVAR SOLUTIONS INC,left,29,3599
UPLD,UPLAND SOFTWARE INC,left,29,4560
UPS,UNITED PARCEL SERVICE,left,30,2639
UPWK,UPWORK,left,29,4647
URBN,URBAN OUTFITTERS INC,left,29,4909
URGN,UROGEN PHARMA,left,29,4996
URI,UNITED RENTALS INC,left,30,2726
USB,US BANCORP,left,29,5258
USCR,U S CONCRETE INC,left,29,4385
USFD,US FOODS HOLDING CORP,left,30,1242
USLM,UNITED STATES LIME & MIN,left,30,2988
USM,UNITED STATES CELLULAR,left,30,2901
USNA,USANA HEALTH SCIENCES,left,30,1416
USPH,U S PHYSICAL THERAPY INC,left,29,4473
USX,US XPRESS ENTERPRISES,left,30,1329
UTHR,UNITED THERAPEUTICS,left,30,3163
UTI,UNIVERSAL TECHNICAL INST,left,29,4298
UTL,UNITIL CORP,left,30,3425
UTMD,UTAH MED PRODS INC,left,30,1504
UUUU,ENERGY FUELS INC,left,10,3337
UVE,UNIVERSAL INSURANCE,left,29,4123
UVSP,UNIVEST FINANCIAL CORPOR,left,29,4385
UVV,UNIVERSAL CORP,left,29,3687
V,VISA INC,left,31,2377
VAC,MARRIOTT VAC WORLD CORP,left,18,4210
VALU,VALUE LINE INC,left,30,2028
VAPO,VAPOTHERM,left,30,2290
VAR,VARIAN MEDICAL SYSTEMS,left,30,2464
VBIV,VBI VACCINES INC,left,30,2726
VBTX,VERITEX HOLDINGS,left,30,4123
VC,VISTEON CORP,left,31,2726
VCEL,VERICEL CORP,left,30,3687
VCRA,VOCERA COMMUNICATIONS,left,31,3163
VCYT,VERACYTE INC,left,30,3425
VEC,VECTRUS INC,left,30,2901
VECO,VEECO INSTRUMENTS INC,left,30,2988
VEEV,VEEVA SYSTEMS INC,left,30,3076
VER,VEREIT INC,left,30,3599
VERI,VERITONE INC,left,30,4298
VERO,VENUS CONCEPT,left,30,3250
VERU,VERU INC,left,30,4909
VERY,VERICITY,left,30,3774
VFC,V F CORP,left,30,1591
VG,VONAGE HLDGS CORP,left,31,3337
VGR,VECTOR GROUP LTD,left,30,2813
VHC,VIRNETX HOLDING CORP,left,31,2028
VIAC,VIACOMCBS (B),left,30,5084
VIACA,VIACOMCBS (A),left,30,4996
VIAV,VIAVI SOLUTIONS INC,left,30,5345
VICI,VICI PROPERTIES INC,left,31,1242
VICR,VICOR CORP,left,31,1329
VIE,VIELA BIO,left,31,1416
VIR,VIR BIOTECHNOLOGY,left,31,1853
VIRT,VIRTU FINL INC,left,31,2115
VIVO,MERIDIAN BIOSCIENCE INC,left,19,4385
VKTX,VIKING THERAPEUTICS INC,left,31,1679
VLGEA,VILLAGE SUPER MARKET INC,left,31,1766
VLO,VALERO ENERGY CORP,left,30,1766
VLY,VALLEY NATIONAL BANCORP,left,30,1853
VMC,VULCAN MATERIALS CO,left,30,3861
VMD,VIEMED HEALTHCARE,left,31,1504
VMI,VALMONT INDUSTRIES INC,left,30,1940
VMW,VMWARE INC,left,31,3076
VNDA,VANDA PHARMACEUTICALS,left,30,2202
VNO,VORNADO REALTY TRUST,left,31,3425
VNRX,VOLITIONRX LTD,left,31,3250
VOXX,VOXX INTERNATIONAL CORP,left,31,3512
VOYA,VOYA FINANCIAL INC,left,31,3599
VPG,VISHAY PRECISION GROUP,left,31,2551
VRA,VERA BRADLEY INC,left,30,3337
VRAY,VIEWRAY INC,left,31,1591
VRCA,VERRICA PHARMACEUTICALS,left,30,4560
VREX,VAREX IMAGING,left,30,2377
VRNS,VARONIS SYSTEMS INC,left,30,2551
VRNT,VERINT SYS INC,left,30,3861
VRRM,VERRA MOBILITY CORP,left,30,4473
VRS,VERSO CORPORATION,left,30,4647
VRSK,VERISK ANALYTICS INC,left,30,4036
VRSN,VERISIGN INC,left,30,3948
VRT,VERTIV HOLDINGS CO (A),left,30,4822
VRTS,VIRTUS INVESTMENT PTNRS,left,31,2202
VRTU,VIRTUSA CORP,left,31,2290
VRTV,VERITIV CORPORATION,left,30,4210
VRTX,VERTEX PHARMACEUTICALS,left,30,4734
VSAT,VIASAT INC,left,30,5258
VSEC,VSE CORP,left,30,3687
VSH,VISHAY INTERTECHNOLOGY,left,31,2464
VSLR,VIVINT SOLAR INC,left,31,2988
VST,VISTRA ENERGY CORP,left,31,2813
VSTM,VERASTEM INC,left,30,3512
VSTO,VISTA OUTDOOR INC,left,31,2639
VTOL,BRISTOW GROUP INC,left,5,2639
VTR,VENTAS INC,left,30,3163
VTVT,VTV THERAPEAUTICS INC,left,30,3774
VVI,VIAD CORP,left,30,5171
VVNT,VIVINT SMART HOME (A),left,31,2901
VVV,VALVOLINE INC,left,30,2115
VXRT,VAXART INC,left,30,2639
VYGR,VOYAGER THERAPEUTICS INC,left,31,3687
VZ,VERIZON COMMUNICATIONS,left,30,4385
W,WAYFAIR INC,left,31,1504
WAB,WABTEC CORP,left,30,4210
WABC,WESTAMERICA BANCORP,left,31,2726
WAFD,WASHINGTON FED INC,left,30,4822
WAL,WESTERN ALLIANCE BANCORP,left,31,2813
WASH,WASHINGTON TRUST BANCORP,left,30,4996
WAT,WATERS CORP,left,30,5171
WBA,WALGREENS BOOTS ALLIANCE,left,30,4473
WBS,WEBSTER FINANCIAL CORP,left,31,1679
WBT,WELBILT,left,31,2028
WCC,WESCO INTERNATIONAL INC,left,31,2464
WD,WALKER & DUNLOP INC,left,30,4560
WDAY,WORKDAY INC,left,32,1242
WDC,WESTERN DIGITAL CORP,left,31,2988
WDFC,WD-40 CO,left,31,1591
WDR,WADDELL & REED FINANCIAL,left,30,4298
WEC,WEC ENERGY GROUP INC,left,31,1766
WELL,WELLTOWER INC,left,31,2202
WEN,THE WENDY'S COMPANY,left,29,1853
WERN,WERNER ENTERPRISES INC,left,31,2290
WETF,WISDOMTREE INVTS INC,left,31,5171
WEX,WEX INC,left,31,3512
WEYS,WEYCO GROUP INC,left,31,3599
WFC,WELLS FARGO & CO,left,31,2115
WGO,WINNEBAGO INDUSTRIES INC,left,31,4996
WH,WYNDHAM HOTELS & RESORTS,left,32,2377
WHD,CACTUS INC,left,6,1329
WHG,WESTWOOD HOLDINGS GROUP,left,31,3425
WHR,WHIRLPOOL CORP,left,31,3774
WIFI,BOINGO WIRELESS INC,left,5,4123
WINA,WINMARK CORP,left,31,4909
WING,WINGSTOP INC,left,31,4822
WIRE,ENCORE WIRE CORP,left,10,2988
WK,WORKIVA INC,left,32,1416
WKHS,WORKHORSE GROUP INC,left,32,1329
WLDN,WILLDAN GROUP INC,left,31,4298
WLFC,WILLIS LEASE FINANCE,left,31,4560
WLK,WESTLAKE CHEMICAL CORP,left,31,3250
WLL,WHITING PETROLEUM CORP,left,31,4036
WLTW,WILLIS TOWERS WATSON PLC,left,31,4647
WM,WASTE MGMT INC,left,30,5084
WMB,WILLIAMS COMPANIES INC,left,31,4385
WMC,WESTERN ASSET MTG CAP,left,31,2901
WMGI,WRIGHT MEDICAL GROUP N V,left,32,2028
WMK,WEIS MARKETS INC,left,31,1940
WMS,ADVANCED DRAINAGE SYSTEM,left,1,1504
WMT,WALMART INC,left,30,4647
WNC,WABASH NATIONAL CORP,left,30,4123
WNEB,WESTERN NEW ENGLAND,left,31,3076
WOR,WORTHINGTON INDUSTRIES,left,32,1766
WORK,SLACK TECHNOLOGIES,left,27,3250
WOW,WIDEOPENWEST,left,31,4123
WPC,W P CAREY INC,left,30,3948
WPX,WPX ENERGY INC,left,32,1853
WRB,BERKLEY W R CORP,left,4,4123
WRE,WASHINGTON REAL ESTATE,left,30,4909
WRI,WEINGARTEN RLTY INVS,left,31,1853
WRK,WESTROCK CO,left,31,3337
WRLD,WORLD ACCEPTANCE CORP,left,32,1504
WRTC,WRAP TECHNOLOGIES,left,32,1940
WSBC,WESBANCO INC,left,31,2377
WSBF,WATERSTONE FINANCIAL INC,left,30,5258
WSC,WILLSCOT CORPORATION,left,31,4734
WSFS,WSFS FINANCIAL CORP,left,32,2115
WSM,WILLIAMS SONOMA INC,left,31,4473
WSO,WATSCO INC,left,31,1242
WSR,WHITESTONE REIT,left,31,3948
WST,WEST PHARMACEUTICAL SVCS,left,31,2639
WTBA,WEST BANCORPORATION INC,left,31,2551
WTFC,WINTRUST FINANCIAL CORP,left,31,5084
WTI,W&T OFFSHORE INC,left,30,4036
WTM,WHITE MTNS INS GROUP LTD,left,31,3861
WTRE,WATFORD HOLDINGS,left,30,5345
WTRG,ESSENTIAL UTILITIES INC,left,11,2988
WTRH,WAITR HOLDINGS INC,left,30,4385
WTS,WATTS WATER TECH INC,left,31,1329
WTTR,SELECT ENERGY SERVICES,left,26,2551
WU,WESTERN UNION CO,left,31,3163
WVE,WAVE LIFE SCIENCES LTD,left,31,1416
WW,WW INTERNATIONAL INC,left,32,2202
WWD,WOODWARD INC,left,31,5345
WWE,WORLD WRESTLING ENTMNT,left,32,1679
WWW,WOLVERINE WORLD WIDE,left,31,5258
WY,WEYERHAEUSER CO,left,31,3687
WYND,WYNDHAM DESTINATIONS INC,left,32,2290
WYNN,WYNN RESORTS LTD,left,32,2464
X,UNITED STATES STEEL CORP,left,30,3076
XAIR,BEYOND AIR INC,left,4,4647
XBIT,XBIOTECH INC,left,32,2639
XCUR,EXICURE,left,12,1329
XEC,CIMAREX ENERGY CO,left,7,5345
XEL,XCEL ENERGY INC,left,32,2726
XENT,INTERSECT ENT INC,left,16,3250
XERS,XERIS PHARMACEUTICALS,left,32,2988
XFOR,X4 PHARMACEUTICALS INC,left,32,2551
XGN,EXAGEN,left,11,5258
XHR,XENIA HOTELS & RESORTS,left,32,2901
XLNX,XILINX INC,left,32,3163
XLRN,ACCELERON PHARMA INC,left,1,3687
XNCR,XENCOR INC,left,32,2813
XOM,EXXON MOBIL CORP,left,11,2290
XOMA,XOMA CORP,left,32,3250
XONE,EXONE COMPANY,left,12,1504
XPEL,XPEL INC,left,32,3337
XPER,XPERI HOLDING CORPORATIO,left,32,3425
XPO,XPO LOGISTICS INC,left,32,3512
XRAY,DENTSPLY SIRONA INC,left,10,1679
XRX,XEROX HOLDINGS CORP,left,32,3076
XYL,XYLEM INC,left,32,3599
Y,ALLEGHANY CORP,left,2,1940
YELP,YELP INC,left,32,3687
YETI,YETI HOLDINGS,left,31,3774
YEXT,YEXT INC,left,31,3861
YMAB,Y-MABS THERAPEUTICS,left,32,3774
YORW,YORK WATER COMPANY,left,31,3948
YUM,YUM! BRANDS INC,left,31,4123
YUMC,YUM CHINA HOLDINGS INC,left,31,4036
Z,ZILLOW GROUP INC CLASS C,left,31,4560
ZBH,ZIMMER BIOMET HOLDINGS,left,31,4647
ZBRA,ZEBRA TECHNOLOGIES CORP,left,31,4210
ZEN,ZENDESK INC,left,31,4298
ZEUS,OLYMPIC STEEL INC,left,21,3425
ZG,ZILLOW GROUP INC CLASS A,left,31,4473
ZGNX,ZOGENIX INC,left,31,5084
ZION,ZION BANCORPORATION NA,left,31,4734
ZIOP,ZIOPHARM ONCOLOGY INC,left,31,4822
ZIXI,ZIX CORP,left,31,4909
ZM,ZOOM VIDEO COMMUNICATION,left,31,5171
ZNGA,ZYNGA INC,left,32,1416
ZNTL,ZENTALIS PHARMACEUTICALS,left,31,4385
ZS,ZSCALER,left,31,5258
ZTS,ZOETIS INC,left,31,4996
ZUMZ,ZUMIEZ INC,left,31,5345
ZUO,ZUORA,left,32,1242
ZYXI,ZYNEX,left,32,1329
