symbol,company,side,page,row_top
A,AGILENT TECHNOLOGIES IN,left,2,2963
AA,ALCOA INC,left,2,4983
AAC,AAC HOLDINGS INC,left,1,3685
AAMC,ALTISOURCE ASSET MGMT,left,2,3468
AAN,AARONS INC,left,1,3988
AAOI,APPLIED OPTOELECTRONICS,left,3,3165
AAON,AAON INC,left,1,3787
AAP,ADVANCE AUTO PARTS INC,left,1,5200
AAPL,APPLE INC,left,3,2661
AAT,AMERICAN ASSETS TRST IN,left,3,641
AAVL,AVALANCHE BIOTECH INC,left,4,5185
AAWW,ATLAS AIR WORLDWIDE HLD,left,4,3873
ABAX,ABAXIS INC,left,1,4089
ABBV,ABBVIE INC,left,1,4291
ABC,AMERISOURCEBERGEN CORP,left,3,3468
ABCB,AMERIS BANCORP,left,3,3267
ABCD,CAMBIUM LEARNING GRP IN,left,6,4983
ABCO,ADVISORY BOARD CO,left,2,1045
ABCW,ANCHOR BANCORP WISCONSI,left,3,4983
ABEO,ABEONA THERAPEUTICS INC,left,1,4494
ABG,ASBURY AUTOMOTIVE GROUP,left,4,1550
ABM,ABM INDUSTRIES INC,left,1,4796
ABMD,ABIOMED INC,left,1,4695
ABT,ABBOTT LABORATORIES,left,1,4190
ABY,ABENGOA YIELD PLC,left,1,4393
ACAD,ACADIA PHARMACEUTICALS,left,1,5200
ACAT,ARCTIC CAT INC,left,3,4276
ACC,AMERICAN CAMPUS COMMUN,left,3,843
ACCO,ACCO BRANDS CORP,left,1,3080
ACE,ACE LTD,left,1,3383
ACET,ACETO CORP,left,1,3483
ACGL,ARCH CAP GROUP LTD,left,3,4074
ACHC,ACADIA HEALTHCARE CO,left,1,5099
ACHN,ACHILLION PHARM,left,1,3584
ACIW,ACI WORLDWIDE INC,left,1,3685
ACLS,AXCELIS TECHNOLOGIES IN,left,4,1550
ACM,AECOM,left,2,1146
ACN,ACCENTURE PLC IRELAND,left,1,2878
ACOR,ACORDA THERAPEUTICS INC,left,1,3787
ACRE,ARES COML REAL ESTATE,left,3,4680
ACTA,ACTUA CORPORATION,left,1,3988
ACTG,ACACIA RESEARCH CORP,left,1,4999
ACW,ACCURIDE CORP,left,1,3282
ACXM,ACXIOM CORP,left,1,4291
ADBE,ADOBE SYSTEMS INC,left,1,4796
ADC,AGREE REALTY CORP,left,2,3368
ADI,ANALOG DEVICES INC,left,3,4781
ADM,ARCHER DANIELS MIDLAND,left,3,4175
ADMS,ADAMAS PHARMACEUTICALS,left,1,4393
ADP,AUTOMATIC DATA PROCESS,left,4,4781
ADPT,ADEPTUS HEALTH INC,left,1,4695
ADRO,ADURO BIOTECH INC,left,1,5099
ADS,ALLIANCE DATA SYSTEMS,left,2,1954
ADSK,AUTODESK INC,left,4,4680
ADT,ADT CORPORATION,left,1,4897
ADTN,ADTRAN INC,left,1,4999
ADUS,ADDUS HOMECARE CORP,left,1,4594
ADVS,ADVENT SOFTWARE INC,left,2,944
ADXS,ADVAXIS INC,left,2,843
AE,ADAMS RESOURCES & ENERG,left,1,4494
AEC,ASSOCIATED ESTATES RLTY,left,4,2661
AEE,AMEREN CORP,left,2,5084
AEGN,AEGION CORP,left,2,1348
AEGR,AEGERION PHARM INC,left,2,1247
AEIS,ADVANCED ENERGY INDS IN,left,2,641
AEL,AMERICAN EQUITY INVST,left,3,1348
AEO,AMERICAN EAGLE OUTFITTE,left,3,1146
AEP,AMERICAN ELECTRIC POWER,left,3,1247
AEPI,AEP INDUSTRIES INC,left,2,1449
AERI,AERIE PHARMACEUTICALS,left,2,1550
AES,AES CORP,left,2,1954
AET,AETNA INC,left,2,2055
AF,ASTORIA FINANCIAL CORP,left,4,3165
AFAM,ALMOST FAMILY INC,left,2,2963
AFFX,AFFYMETRIX INC,left,2,2358
AFG,AMERICAN FINANCIAL GROU,left,3,1550
AFH,ATLAS FINANCIAL HOLDING,left,4,3973
AFL,AFLAC INC,left,2,2458
AFMD,AFFIMED NV,left,2,2257
AFOP,ALLIANCE FIBER OPTIC,left,2,2055
AFSI,AMTRUST FINL SVCS,left,3,4479
AGCO,AGCO CORP,left,2,2661
AGEN,AGENUS INC,left,2,2762
AGII,ARGO GROUP INTL,left,3,4882
AGIO,AGIOS PHARMACEUTICALS,left,2,3165
AGM,FEDERAL AGRIC MTG CO,left,12,3064
AGN,ALLERGAN PLC,left,2,1752
AGNC,AMERICAN CAPITAL AGENCY,left,3,1045
AGO,ASSURED GUARANTY LTD,left,4,2863
AGRX,AGILE THERAPEUTICS INC,left,2,2863
AGTC,APPLIED GENETIC TECH,left,3,2762
AGX,ARGAN INC,left,3,4781
AGYS,AGILYSYS INC,left,2,3064
AHH,ARMADA HOFFLER PPTYS IN,left,3,5185
AHL,ASPEN INSURANCE HOLDING,left,4,2257
AHP,ASHFORD HOSP PRIME,left,4,1852
AHS,AMN HEALTHCARE SERVICES,left,3,4074
AHT,ASHFORD HOSPITALITY,left,4,1954
AI,ARLINGTON ASSET INVT,left,3,5084
AIG,AMERICAN INTL GROUP,left,3,1752
AIMC,ALTRA INDUSTRIAL MOTION,left,2,3771
AIN,ALBANY INTERNATIONAL,left,2,4680
AINC,ASHFORD INC,left,4,2055
AIQ,ALLIANCE HEALTHCARE SVC,left,2,2156
AIR,AAR CORP,left,1,3888
AIRM,AIR METHODS CORP,left,2,3569
AIT,APPLIED INDUSTRIAL TECH,left,3,2863
AIV,APARTMENT INVT & MGMT,left,3,1954
AIZ,ASSURANT INC,left,4,2762
AJG,GALLAGHER ARTHUR J & CO,left,13,743
AJRD,AEROJET ROCKETDYNE HLDG,left,2,1752
AJX,GREAT AJAX CORP,left,14,3771
AKAM,AKAMAI TECHNOLOGIES,left,2,4175
AKBA,AKEBIA THERAPEUTICS INC,left,2,4276
AKR,ACADIA REALTY TRUST,left,1,2575
AKRX,AKORN INC,left,2,4377
AKS,AK STEEL HOLDING CORP,left,2,4074
AL,AIR LEASE CORP,left,2,3468
ALB,ALBEMARLE CORP,left,2,4882
ALCO,ALICO INC,left,2,944
ALDR,ALDER BIOPHARMACEUTICAL,left,2,5084
ALE,ALLETE INC,left,2,1852
ALG,ALAMO GROUP INC,left,2,4479
ALGN,ALIGN TECHNOLOGY INC,left,2,1045
ALGT,ALLEGIANT TRAVEL CO,left,2,1550
ALIM,ALIMERA SCIENCES INC,left,2,1146
ALJ,ALON USA ENERGY INC,left,2,3165
ALK,ALASKA AIR GROUP INC,left,2,4579
ALKS,ALKERMES PLC,left,2,1247
ALL,ALLSTATE CORP,left,2,2762
ALLE,ALLEGION PLC,left,2,1651
ALLY,ALLY FINL INC,left,2,2863
ALNY,ALNYLAM PHARMACEUTICALS,left,2,3064
ALOG,ANALOGIC CORP,left,3,4882
ALR,ALERE INC,left,2,5185
ALSN,ALLISON TRANSMISSION,left,2,2560
ALTR,ALTERA CORP,left,2,3368
ALX,ALEXANDERS INC,left,2,641
ALXN,ALEXION PHARMACEUTICALS,left,2,843
AMAG,AMAG PHARMACEUTICALS IN,left,2,3973
AMAT,APPLIED MATLS INC,left,3,2963
AMBA,AMBARELLA INC,left,2,4276
AMBC,AMBAC FINL GROUP INC,left,2,4175
AMBR,AMBER RD INC,left,2,4377
AMC,AMC ENTERTAINMENT,left,2,4479
AMCC,APPLIED MICRO CIRCUITS,left,3,3064
AMCX,AMC NETWORKS INC,left,2,4579
AMD,ADVANCED MICRO DEVICES,left,2,743
AME,AMETEK INC,left,3,3670
AMED,AMEDISYS INC,left,2,4781
AMG,AFFILIATED MANAGERS GRP,left,2,2156
AMGN,AMGEN INC,left,3,3771
AMH,AMERICAN HOMES 4 RENT,left,3,1651
AMKR,AMKOR TECHNOLOGY INC,left,3,3973
AMNB,AMERICAN NATL BANKSHARE,left,3,1954
AMOT,ALLIED MOTION TECH,left,2,2358
AMP,AMERIPRISE FINANCIAL IN,left,3,3165
AMPH,AMPHASTAR PHARMA INC,left,3,4175
AMRC,AMERESCO INC,left,2,5185
AMRI,ALBANY MOLECULAR RESRCH,left,2,4781
AMSF,AMERISAFE INC,left,3,3368
AMSG,AMSURG CORP,left,3,4377
AMSWA,AMERICAN SOFTWARE INC,left,3,2458
AMT,AMERICAN TOWER CORP,left,3,2661
AMTD,TD AMERITRADE HOLDING,left,29,2661
AMTG,APOLLO RESIDENTIAL MTG,left,3,2458
AMWD,AMERICAN WOODMARK CORP,left,3,2863
AMZN,AMAZON COM INC,left,2,4074
AN,AUTONATION INC,left,4,4882
ANAC,ANACOR PHARM INC,left,3,4579
ANAT,AMERICAN NATIONAL INS C,left,3,1852
ANCX,ACCESS NATL CORP,left,1,2978
ANDE,ANDERSONS INC,left,3,5084
ANET,ARTISTA NETWORKS INC,left,4,1449
ANF,ABERCROMBIE & FITCH,left,1,4594
ANGI,ANGIES LIST INC,left,3,5185
ANH,ANWORTH MORTGAGE ASSET,left,3,1651
ANIK,ANIKA THERAPEUTICS INC,left,3,743
ANIP,ANI PHARMACEUTICALS INC,left,3,641
ANN,ANN INC,left,3,944
ANSS,ANSYS INC,left,3,1146
ANTH,ANTHERA PHARMACEUTICALS,left,3,1550
ANTM,ANTHEM INC,left,3,1449
AON,AON PLC,left,3,1752
AOS,SMITH A O CORP,left,27,1852
AOSL,ALPHA & OMEGA SEMICON,left,2,3267
APA,APACHE CORP,left,3,1852
APAM,ARTISAN PARTNERS ASSET,left,4,1348
APC,ANADARKO PETROLEUM CORP,left,3,4680
APD,AIR PRODS & CHEMS INC,left,2,3670
APEI,AMER PUBLIC EDUCATION,left,2,4882
APH,AMPHENOL CORP,left,3,4276
APIC,APIGEE CORP,left,3,2055
APLE,APPLE HOSPITALITY REIT,left,3,2560
APOG,APOGEE ENTERPRISES INC,left,3,2156
APOL,APOLLO EDUCATION GROUP,left,3,2358
APPS,DIGITAL TURBINE INC,left,10,1852
APTS,PREFERRED APT CMNTYS IN,left,24,1651
AR,ANTERO RESOURCES CO,left,3,1348
ARAY,ACCURAY INC,left,1,3181
ARC,ARC DOCUMENT SOLUTIONS,left,3,3771
ARCB,ARCBEST CORPORATION,left,3,3973
ARCP,AMERICAN REALTY CAPITAL,left,3,2156
ARDX,ARDELYX INC,left,3,4377
ARE,ALEXANDRIA REAL ESTATE,left,2,743
AREX,APPROACH RESOURCES INC,left,3,3267
ARG,AIRGAS INC,left,2,3973
ARI,APOLLO COMMERCIAL RE,left,3,2257
ARIA,ARIAD PHARMACEUTICALS,left,3,4983
ARII,AMERICAN RAILCAR IND,left,3,2055
ARMK,ARAMARK,left,3,3569
ARNA,ARENA PHARMACEUTICALS,left,3,4579
AROW,ARROW FINANCIAL CORP,left,4,1045
ARPI,AMERICAN RESIDENTIAL PP,left,3,2257
ARRS,ARRIS GROUP INC,left,4,843
ARRY,ARRAY BIOPHARMA INC,left,4,743
ARTNA,ARTESIAN RESOURCES CORP,left,4,1247
ARW,ARROW ELECTRONICS INC,left,4,944
ARWR,ARROWHEAD RESH CORP,left,4,1146
ASB,ASSOCIATED BANC CORP,left,4,2560
ASC,ARDMORE SHIPPING CORP,left,3,4479
ASCMA,ASCENT CAPITAL GROUP IN,left,4,1752
ASEI,AMERICAN SCIENCE & ENGR,left,3,2358
ASGN,ON ASSIGNMENT INC,left,22,3064
ASH,ASHLAND INC,left,4,2156
ASMB,ASSEMBLY BIOSCIENCES IN,left,4,2458
ASNA,ASCENA RETAIL GROUP INC,left,4,1651
ASPS,ALTISOURCE PORTFOLIO,left,2,3569
AST,ASTERIAS BIOTHERAPEUTIC,left,4,3064
ASTE,ASTEC INDUSTRIES INC,left,4,2963
AT,ATLANTIC PWR CORP,left,4,3670
ATEN,A10 NETWORKS INC,left,1,3584
ATHN,ATHENAHEALTH INC,left,4,3569
ATI,ALLEGHENY TECHNOLOGIES,left,2,1449
ATLO,AMES NATL CORP,left,3,3569
ATML,ATMEL CORP,left,4,4074
ATNI,ATLANTIC TELE-NETWORK,left,4,3771
ATO,ATMOS ENERGY CORP,left,4,4175
ATR,APTARGROUP INC,left,3,3368
ATRA,ATARA BIOTHERAPEUTICS,left,4,3468
ATRC,ATRICURE INC,left,4,4276
ATRI,ATRION CORP,left,4,4377
ATRO,ASTRONICS CORP,left,4,3267
ATRS,ANTARES PHARMA INC,left,3,1247
ATSG,AIR TRANSPORT SERVICES,left,2,3771
ATU,ACTUANT CORP,left,1,4089
ATVI,ACTIVISION BLIZZARD INC,left,1,3888
ATW,ATWOOD OCEANICS INC,left,4,4479
AVA,AVISTA CORP,left,4,1045
AVAV,AEROVIRONMENT INC,left,2,1852
AVD,AMERICAN VANGUARD CORP,left,3,2762
AVG,AVG TECHNOLOGIES NV,left,4,743
AVGO,AVAGO TECHNOLOGIES LTD,left,4,5084
AVHI,A V HOMES INC,left,1,3483
AVID,AVID TECHNOLOGY INC,left,4,843
AVP,AVON PRODUCTS INC,left,4,1247
AVT,AVNET INC,left,4,1146
AVX,AVX CORP,left,4,1348
AVY,AVERY DENNISON CORP,left,4,641
AWAY,HOMEAWAY INC,left,15,1954
AWH,ALLIED WRLD ASSUR COM,left,2,2458
AWI,ARMSTRONG WORLD INDS IN,left,4,641
AWK,AMERICAN WTR WKS CO INC,left,3,2963
AWR,AMERICAN STATES WATER C,left,3,2560
AXAS,ABRAXAS PETE CORP,left,1,4897
AXDX,ACCELERATE DIAGNOSTICS,left,1,2676
AXE,ANIXTER INTERNATIONAL,left,3,843
AXL,AMERICAN AXLE & MFG,left,3,743
AXLL,AXIALL CORP,left,4,1651
AXP,AMERICAN EXPRESS CO,left,3,1449
AXS,AXIS CAPITAL HOLDINGS,left,4,1752
AXTA,AXALTA COATING SYSTEMS,left,4,1449
AYI,ACUITY BRANDS INC,left,1,4190
AYR,AIRCASTLE LTD,left,2,3873
AZO,AUTOZONE INC,left,4,4983
AZPN,ASPEN TECHNOLOGY INC,left,4,2358
AZZ,AZZ INC,left,4,1852
B,BARNES GROUP INC,left,4,4377
BA,BOEING CO,left,5,1651
BABY,NATUS MEDICAL INC,left,21,4074
BAC,BANK OF AMERICA CORP,left,4,3267
BAH,BOOZ ALLEN HAMILTON HLD,left,5,2458
BANC,BANC OF CALIFORNIA INC,left,4,2661
BANF,BANCFIRST CORP,left,4,2762
BANR,BANNER CORP,left,4,4074
BAS,BASIC ENERGY SERVICES,left,4,4680
BAX,BAXTER INTERNATIONAL IN,left,4,4882
BBBY,BED BATH & BEYOND INC,left,5,1247
BBCN,BBCN BANCORP INC,left,4,5185
BBG,BILL BARRETT CORP,left,5,3064
BBNK,BRIDGE CAPITAL HOLDINGS,left,5,3873
BBOX,BLACK BOX CORP,left,5,4479
BBRG,BRAVO BRIO RESTAURANT G,left,5,3670
BBSI,BARRETT BUSINESS SERVIC,left,4,4579
BBT,BB&T CORP,left,4,5084
BBW,BUILD A BEAR WORKSHOP,left,6,1752
BBY,BEST BUY INC,left,5,2560
BC,BRUNSWICK CORP,left,6,1247
BCC,BOISE CASCADE COMPANY,left,5,1954
BCEI,BONANZA CREEK ENER INC,left,5,2257
BCO,BRINKS CO,left,5,4479
BCOR,BLUCORA INC,left,5,743
BCOV,BRIGHTCOVE INC,left,5,4276
BCPC,BALCHEM CORP,left,4,2358
BCR,CR BARD INC,left,9,2156
BCRX,BIOCRYST PHARMACEUTICAL,left,5,3165
BDBD,BOULDER BRANDS INC,left,5,3165
BDC,BELDEN INC,left,5,1449
BDE,BLACK DIAMOND INC,left,5,4579
BDGE,BRIDGE BANCORP INC,left,5,3771
BDN,BRANDYWINE REALTY TRUST,left,5,3569
BDSI,BIODELIVERY SCIENCES,left,5,3267
BDX,BECTON DICKINSON & CO,left,5,1146
BEAT,BIOTELEMETRY INC,left,5,4175
BEAV,BE AEROSPACE INC,left,5,641
BEBE,BEBE STORES INC,left,5,1045
BECN,BEACON ROOFING SUPPLY,left,5,743
BEE,STRATEGIC HOTEL & RESOR,left,28,1348
BEL,BELMOND LTD,left,5,1651
BELFB,BEL FUSE INC,left,5,1348
BEN,FRANKLIN RESOURCES INC,left,13,3267
BERY,BERRY PLASTICS GROUP,left,5,2458
BF.A,BROWN FORMAN CORP CL A,left,6,944
BF.B,BROWN FORMAN CORP CL B,left,6,1045
BFAM,BRIGHT HORIZON FAMILY,left,5,4175
BFIN,BANKFINANCIAL CORP,left,4,3771
BFS,SAUL CENTERS INC,left,26,2458
BG,BUNGE LIMITED,left,6,1954
BGC,GENERAL CABLE CORP,left,13,1954
BGCP,BGC PARTNERS INC,left,5,2661
BGFV,BIG 5 SPORTING GOODS,left,5,2762
BGG,BRIGGS & STRATTON CO,left,5,4074
BGS,B & G FOODS INC,left,4,1954
BH,BIGLARI HOLDINGS INC,left,5,2963
BHB,BAR HBR BANKSHARES,left,4,4175
BHBK,BLUE HILLS BANCORP INC,left,5,944
BHE,BENCHMARK ELECTRONICS,left,5,1852
BHI,BAKER HUGHES INC,left,4,2257
BHLB,BERKSHIRE HILLS BANCORP,left,5,2358
BID,SOTHEBYS,left,27,3165
BIG,BIG LOTS INC,left,5,2863
BIIB,BIOGEN INC,left,5,3368
BIO,BIO-RAD LABORATORIES IN,left,5,3670
BIOS,BIOSCRIP INC,left,5,3873
BJRI,BJS RESTAURANTS INC,left,5,4377
BK,BANK OF NEW YORK MELLON,left,4,3569
BKE,BUCKLE INC,left,6,1550
BKFS,BLACK KNIGHT FINL SVCS,left,5,4781
BKH,BLACK HILLS CORP,left,5,4680
BKMU,BANK MUTUAL CORP,left,4,3165
BKS,BARNES & NOBLE INC,left,4,4276
BKU,BANKUNITED INC,left,4,3973
BLBD,BLUE BIRD CORP,left,5,843
BLCM,BELLICUM PHARMACEUTICAL,left,5,1550
BLDR,BUILDERS FIRSTSOURCE IN,left,6,1852
BLK,BLACKROCK INC,left,5,5084
BLKB,BLACKBAUD INC,left,5,4882
BLL,BALL CORP,left,4,2560
BLMT,BSB BANCORP INC MD,left,6,1449
BLOX,INFOBLOX INC,left,16,4579
BLT,BLOUNT INTERNATIONAL IN,left,5,641
BLUE,BLUEBIRD BIO INC,left,5,1146
BLX,BANCO LATINOAMERICANO,left,4,2863
BMI,BADGER METER INC,left,4,2156
BMR,BIOMED REALTY TRUST INC,left,5,3569
BMRC,BANK OF MARIN BANCORP,left,4,3468
BMRN,BIOMARIN PHARMACEUTICAL,left,5,3468
BMS,BEMIS INC,left,5,1752
BMTC,BRYN MAWR BANK CORP,left,6,1348
BMY,BRISTOL MYERS SQUIBB,left,5,4579
BNCL,BENEFICIAL BANCORP INC,left,5,1954
BNCN,BNC BANCORP,left,5,1449
BNFT,BENEFITFOCUS INC,left,5,2055
BNK,C1 FINANCIAL INC,left,6,2358
BOBE,BOB EVANS FARMS INC,left,5,1550
BOFI,BOFI HLDG INC,left,5,1752
BOH,BANK OF HAWAII CORP,left,4,3368
BOJA,BOJANGLES INC,left,5,2055
BOKF,BOK FINANCIAL CORP,left,5,2156
BOOT,BOOT BARN HOLDINGS,left,5,2358
BOX,BOX INC,left,5,3267
BPFH,BOSTON PRIVATE FINANCIA,left,5,2762
BPI,BRIDGEPOINT ED INC,left,5,3973
BPMC,BLUEPRINT MEDICINES COR,left,5,1247
BPOP,POPULAR INC,left,24,4579
BR,BROADRIDGE FINANCIAL IN,left,5,4983
BRC,BRADY CORP,left,5,3468
BRCD,BROCADE COMMUNICATIONS,left,5,5185
BRCM,BROADCOM CORP,left,5,4882
BREW,CRAFT BREW ALLIANCE,left,9,2458
BRG,BLUEROCK RESIDENT REIT,left,5,1348
BRK.B,BERKSHIRE HATHAWAY INC,left,5,2257
BRKL,BROOKLINE BANCORP INC,left,6,641
BRKR,BRUKER CORP,left,6,1146
BRKS,BROOKS AUTOMATION INC,left,6,743
BRLI,BIO-REFERENCE LABS INC,left,5,3771
BRO,BROWN & BROWN INC,left,6,843
BRS,BRISTOW GROUP INC,left,5,4680
BRSS,GLOBAL BRASS & COPPR HL,left,13,5084
BRX,BRIXMOR PROPERTY GROUP,left,5,4781
BSET,BASSETT FURNITURE INDS,left,4,4781
BSF,BEAR STATE FINL INC,left,5,843
BSFT,BROADSOFT INC,left,5,5084
BSRR,SIERRA BANCORP,left,27,3771
BSTC,BIOSPECIFICS TECHNO COR,left,5,3973
BSX,BOSTON SCIENTIFIC CO,left,5,2963
BTU,PEABODY ENERGY CORP,left,23,2358
BTX,BIOTIME INC,left,5,4276
BURL,BURLINGTON STORES INC,left,6,2055
BUSE,FIRST BUSEY CORP,left,12,1146
BV,BAZAARVOICE INC,left,4,4983
BWA,BORG WARNER INC,left,5,2560
BWC,BABCOCK & WILCOX COMPAN,left,4,2055
BWINB,BALDWIN & LYONS INC,left,4,2458
BWLD,BUFFALO WILD WINGS INC,left,6,1651
BXP,BOSTON PROPERTIES INC,left,5,2863
BXS,BANCORPSOUTH INC,left,4,3064
BYD,BOYD GAMING CORP,left,5,3368
BZH,BEAZER HOMES USA INC,left,5,944
C,CITIGROUP INC,left,7,4276
CA,CA INC,left,6,2458
CAB,CABELAS INC,left,6,2560
CAC,CAMDEN NATIONAL CORP,left,6,5185
CACB,CASCADE BANCORP,left,6,3771
CACC,CREDIT ACCEP CORP MICH,left,9,2863
CACI,CACI INTERNATIONAL INC,left,6,3064
CACQ,CAESARS ACQUISITION CO,left,6,3267
CAG,CONAGRA FOODS INC,left,8,1954
CAH,CARDINAL HEALTH INC,left,6,2257
CAKE,CHEESECAKE FACTORY INC,left,7,4882
CAL,CALERES INC,left,6,3973
CALA,CALITHERA BIOSCIENCES,left,6,4377
CALD,CALLIDUS SOFTWARE INC,left,6,4680
CALM,CAL MAINE FOODS INC,left,6,3569
CALX,CALIX INC,left,6,4479
CAM,CAMERON INTL CORP,left,6,641
CAMP,CALAMP CORP,left,6,3771
CAP,CAI INTERNATIONAL INC,left,6,3468
CAR,AVIS BUDGET GROUP INC,left,4,944
CARA,CARA THERAPEUTICS INC,left,6,1752
CARB,CARBONITE INC,left,6,1954
CASH,META FINANCIAL GROUP IN,left,20,3064
CASS,CASS INFORMATION SYSTEM,left,6,4276
CASY,CASEYS GENERAL STORES,left,6,4074
CAT,CATERPILLAR INC,left,6,4983
CATM,CARDTRONICS INC,left,6,2458
CATO,CATO CORP,left,6,5185
CATY,CATHAY GENERAL BANCORP,left,6,5084
CAVM,CAVIUM INC,left,7,641
CB,CHUBB CORP,left,7,2257
CBB,CINCINNATI BELL INC,left,7,3368
CBF,CAPITAL BANK FINANCIAL,left,6,1146
CBG,CBRE GROUP INC,left,7,1045
CBI,CHICAGO BRIDGE & IRON,left,7,1449
CBK,CHRISTOPHER & BANKS COR,left,7,2156
CBL,CBL & ASSOC PPTYS INC,left,7,843
CBM,CAMBREX CORP,left,6,5084
CBMG,CELLULAR BIOMEDICINE GR,left,7,2257
CBOE,CBOE HLDGS INC,left,7,944
CBPX,CONTINENTAL BLDG PRODS,left,8,3670
CBR,CIBER INC,left,7,2661
CBRL,CRACKER BARREL STORE,left,9,2358
CBS,CBS CORPORATION,left,7,1146
CBSH,COMMERCE BANCSHARES INC,left,8,5185
CBT,CABOT CORP,left,6,2762
CBU,COMMUNITY BANK SYSTEMS,left,8,843
CBYL,CARBYLAN THERAPEUTICS,left,6,2055
CBZ,CBIZ INC,left,7,743
CCBG,CAPITAL CITY BANK GROUP,left,6,1247
CCC,CALGON CARBON CORP,left,6,4074
CCE,COCA COLA ENTERPRISE,left,8,2762
CCF,CHASE CORP,left,7,4579
CCG,CAMPUS CREST CMNTYS INC,left,6,843
CCI,CROWN CASTLE INTL CORP,left,9,3267
CCK,CROWN HOLDINGS INC,left,9,3368
CCL,CARNIVAL CORP,left,6,3165
CCMP,CABOT MICROELECTRONICS,left,6,2863
CCNE,CNB FINL CORP PA,left,8,2055
CCO,CLEAR CHANNEL OUTDOOR,left,8,743
CCOI,COGENT COMM HOLDINGS,left,8,3064
CCRN,CROSS COUNTRY HEALTHCAR,left,9,3165
CCS,CENTURY COMMUNITIES INC,left,7,3267
CCXI,CHEMOCENTRYX INC,left,7,641
CDE,COEUR MINING INC,left,8,2963
CDI,CDI CORP,left,7,1247
CDK,CDK GLOBAL INC,left,7,1348
CDNS,CADENCE DESIGN SYSTEMS,left,6,3165
CDR,CEDAR REALTY TRUST INC,left,7,1752
CDRB,CODE REBEL CORP,left,8,2863
CDTX,CIDARA THERAPEUTICS INC,left,7,2762
CDW,CDW CORPORATION,left,7,1449
CE,CELANESE CORP,left,7,1954
CEB,CEB INC,left,7,1550
CECE,CECO ENVIRONMENTAL CORP,left,7,1651
CECO,CAREER EDUCATION CORP,left,6,2661
CELG,CELGENE CORP,left,7,2055
CEMP,CEMPRA INC,left,7,2358
CENTA,CENTRAL GARDEN & PET CO,left,7,2863
CENX,CENTURY ALUMINUM CO,left,7,3064
CERN,CERNER CORP,left,7,3569
CERS,CERUS CORP,left,7,3670
CETV,CENTRAL EUROPEAN MEDIA,left,7,2762
CEVA,CEVA INC,left,7,3771
CF,CF INDUSTRIES HOLDINGS,left,7,3873
CFFN,CAPITOL FEDERAL FINL IN,left,6,1550
CFG,CITIZENS FINANCIAL INC,left,7,4479
CFI,CULP INC,left,9,4680
CFNL,CARDINAL FINANCIAL CORP,left,6,2156
CFR,CULLEN FROST BANKERS,left,9,4579
CFX,COLFAX CORP,left,8,3771
CGI,CELADON GROUP INC,left,7,1852
CGNX,COGNEX CORP,left,8,3165
CHCO,CITY HOLDING CO,left,7,4781
CHD,CHURCH & DWIGHT INC,left,7,2358
CHDN,CHURCHILL DOWNS INC,left,7,2458
CHE,CHEMED CORPORATION,left,7,5185
CHEF,CHEFS' WHAREHOUSE INC,left,7,4983
CHFN,CHARTER FINL CORP WEST,left,7,4479
CHGG,CHEGG INC,left,7,5084
CHH,CHOICE HOTELS INTL INC,left,7,2055
CHK,CHESAPEAKE ENERGY CORP,left,7,1045
CHKE,CHEROKEE INC,left,7,944
CHMT,CHEMTURA CORP,left,7,743
CHRS,COHERUS BIOSCIENCES,left,8,3569
CHRW,C H ROBINSON WORLDWIDE,left,6,2156
CHS,CHICOS FAS INC,left,7,1550
CHSP,CHESAPEAKE LODGING TRUS,left,7,1146
CHTR,CHARTER COMM INC,left,7,4377
CHUY,CHUY'S HOLDINGS INC,left,7,2560
CI,CIGNA CORP,left,7,3064
CIA,CITIZENS INC,left,7,4579
CIE,COBALT INTL ENERGY,left,8,2358
CIEN,CIENA CORP,left,7,2863
CIFC,CIFC CORP,left,7,2963
CIM,CHIMERA INVESTMENT CORP,left,7,1752
CINF,CINCINNATI FINANCIAL,left,7,3468
CIR,CIRCOR INTERNATIONAL IN,left,7,3771
CIT,CIT GROUP INC,left,7,4074
CIVI,CIVITAS SOLUTIONS,left,7,5084
CJES,C&J ENERGY SERVICES LTD,left,6,2257
CKEC,CARMIKE CINEMAS INC,left,6,3064
CKH,SEACOR HOLDINGS INC,left,26,4781
CKP,CHECKPOINT SYSTEMS INC,left,7,4781
CL,COLGATE PALMOLIVE CO,left,8,3873
CLC,CLARCOR INC,left,7,5185
CLCT,COLLECTORS UNIVERSE INC,left,8,3973
CLD,CLOUD PEAK ENERGY INC,left,8,1449
CLDT,CHATHAM LODGING TR,left,7,4680
CLDX,CELLDEX THERAPEUTICS IN,left,7,2156
CLF,CLIFFS NATURAL RESOURCE,left,8,1146
CLFD,CLEARFIELD INC,left,8,843
CLGX,CORELOGIC INC,left,8,4983
CLH,CLEAN HARBORS INC,left,8,641
CLI,MACK CALI REALTY CORP,left,19,2963
CLMS,CALAMOS ASSET MGMT INC,left,6,3670
CLNY,COLONY CAPITAL INC,left,8,4175
CLR,CONTINENTAL RESOURCES,left,8,3771
CLVS,CLOVIS ONCOLOGY INC,left,8,1550
CLW,CLEARWATER PAPER CORP,left,8,944
CLX,CLOROX CO,left,8,1348
CMA,COMERICA INC,left,8,4882
CMCO,COLUMBUS MCKINNON CORP,left,8,4579
CMCSA,COMCAST CORP CL A,left,8,4680
CMCSK,COMCAST CORP CL C,left,8,4781
CME,CME GROUP INC,left,8,1752
CMG,CHIPOTLE MEXICAN GRILL,left,7,1954
CMI,CUMMINS INC,left,9,4781
CMLS,CUMULUS MEDIA INC,left,9,4882
CMN,CANTEL MEDICAL CORP,left,6,944
CMO,CAPSTEAD MORTGAGE CORP,left,6,1651
CMP,COMPASS MINERALS INTL,left,8,1348
CMPR,CIMPRESS NV,left,7,3267
CMRX,CHIMERIX INC,left,7,1852
CMS,CMS ENERGY CORP,left,8,1852
CMT,CORE MOLDING TECHN,left,8,4882
CMTL,COMTECH TELECOMM,left,8,1752
CNA,CNA FINANCIAL CORP,left,8,1954
CNBKA,CENTURY BANCORP INC,left,7,3165
CNC,CENTENE CORP,left,7,2458
CNCE,CONCERT PHARMACEUTICALS,left,8,2055
CNK,CINEMARK HOLDINGS INC,left,7,3569
CNL,CLECO CORP,left,8,1045
CNMD,CONMED CORP,left,8,2257
CNO,CNO FINANCIAL GROUP,left,8,2156
CNOB,CONNECTONE BANCORP INC,left,8,2458
CNP,CENTERPOINT ENERGY INC,left,7,2560
CNS,COHEN & STEERS INC,left,8,3368
CNSI,COMVERSE INC,left,8,1852
CNSL,CONSOLIDATED COMM,left,8,2963
CNW,CON-WAY INC,left,8,4074
CNX,CONSOL ENERGY INC,left,8,2863
CNXR,CONNECTURE INC,left,8,2560
COB,COMMUNITYONE BANCORP,left,8,1146
COBZ,COBIZ FINANCIAL INC,left,8,2458
COF,CAPITAL ONE FINANCIAL,left,6,1348
COG,CABOT OIL & GAS CORP,left,6,2963
COH,COACH INC,left,8,2257
COHR,COHERENT INC,left,8,3468
COHU,COHU INC,left,8,3670
COKE,COCA COLA BOTTLING,left,8,2560
COL,ROCKWELL COLLINS INC,left,26,1954
COLB,COLUMBIA BKG SYSTEM INC,left,8,4276
COLL,COLLEGIUM PHARMACEUTICA,left,8,4074
COLM,COLUMBIA SPORTSWEAR CO,left,8,4479
COMM,COMMSCOPE HOLDING CO,left,8,743
CONE,CYRUSONE INC,left,9,1449
CONN,CONNS INC,left,8,2661
COO,COOPER COMPANIES INC,left,8,4175
COP,CONOCOPHILLIPS,left,8,2762
COR,CORESITE REALTY CORP,left,8,5185
CORE,CORE MARK HOLDING CO IN,left,8,4781
CORI,CORIUM INTL INC,left,9,641
CORR,CORENERGY INFRASTRUCT,left,8,5084
CORT,CORCEPT THERAPEUTICS IN,left,8,4680
COST,COSTCO WHOLESALE CORP,left,9,1449
COTY,COTY INC,left,9,1550
COUP,COUPONS COM INC,left,9,1651
COWN,COWEN GROUP INC,left,9,2055
CPA,COPA HOLDINGS SA,left,8,4479
CPB,CAMPBELL SOUP CO,left,6,743
CPE,CALLON PETROLEUM CO,left,6,4781
CPF,CENTRAL PACIFIC FINL,left,7,2963
CPHD,CEPHEID INC,left,7,3468
CPK,CHESAPEAKE UTILITIES,left,7,1247
CPLA,CAPELLA EDUCATION CO,left,6,1045
CPN,CALPINE CORP,left,6,4882
CPRT,COPART INC,left,8,4579
CPRX,CATALYST PHARMACEUTICAL,left,6,4680
CPS,COOPER STD HLDGS INC,left,8,4276
CPSI,COMPUTER PROGRAMS & SYS,left,8,1449
CR,CRANE CO,left,9,2560
CRAI,CRA INTERNATIONAL INC,left,9,2257
CRAY,CRAY INC,left,9,2762
CRC,CALIFORNIA RESOURCES,left,6,4175
CRCM,CARE.COM INC,left,6,2560
CRD.B,CRAWFORD & CO,left,9,2661
CREE,CREE INC,left,9,2963
CRI,CARTER INC,left,6,3670
CRIS,CURIS INC,left,9,4983
CRL,CHARLES RIVER LABS INTL,left,7,4175
CRM,SALESFORCE COM INC,left,26,1146
CRMD,CORMEDIX INC,left,9,743
CRMT,AMERICAS CAR-MART INC,left,3,3064
CROX,CROCS INC,left,9,3064
CRR,CARBO CERAMICS INC,left,6,1852
CRS,CARPENTER TECHNOLOGY,left,6,3267
CRUS,CIRRUS LOGIC INC,left,7,3873
CRVL,CORVEL CORP,left,9,1247
CRWN,CROWN MEDIA HOLDINGS IN,left,9,3468
CRY,CRYOLIFE INC,left,9,3569
CRZO,CARRIZO OIL & GAS INC,left,6,3468
CSAL,COMM & SALES LEASING,left,8,5084
CSBK,CLIFTON BANCORP INC,left,8,1247
CSC,COMPUTER SCIENCES CORP,left,8,1550
CSCD,CASCADE MICROTECH INC,left,6,3873
CSCO,CISCO SYSTEMS INC,left,7,3973
CSFL,CENTERSTATE BANKS INC,left,7,2661
CSG,CHAMBERS STR PPTYS,left,7,3973
CSGP,COSTAR GROUP INC,left,9,1348
CSGS,CSG SYSTEMS INTL INC,left,9,3670
CSH,CASH AMERICA INTL INC,left,6,4175
CSII,CARDIOVASCULAR SYS INC,left,6,2358
CSL,CARLISLE COS INC,left,6,2863
CSLT,CASTLIGHT HEALTH INC,left,6,4479
CSOD,CORNERSTONE ONDEMAND IN,left,9,843
CSS,CSS INDUSTRIES INC,left,9,3771
CST,CST BRANDS INC,left,9,3873
CSU,CAPITAL SENIOR LIVING,left,6,1449
CSV,CARRIAGE SERVICES INC,left,6,3368
CSX,CSX CORP,left,9,3973
CTAS,CINTAS CORP,left,7,3670
CTB,COOPER TIRE & RUBBER CO,left,8,4377
CTBI,COMMUNITY TRUST BANCORP,left,8,1045
CTCT,CONSTANT CONTACT INC,left,8,3368
CTIC,CTI BIOPHARMA CORP,left,9,4074
CTL,CENTURYLINK INC,left,7,3368
CTLT,CATALENT INC,left,6,4579
CTO,CONSOLIDATED TOMOKA LAN,left,8,3165
CTRE,CARETRUST REIT INC,left,6,2762
CTRL,CONTROL4 CORPORATION,left,8,3873
CTRN,CITI TRENDS INC,left,7,4175
CTRX,CATAMARAN CORPORATION,left,6,4781
CTS,CTS CORP,left,9,4175
CTSH,COGNIZANT TECH SOLUTION,left,8,3267
CTT,CATCHMARK TIMBER TRUST,left,6,4882
CTWS,CONNECTICUT WATER SVC,left,8,2358
CTXS,CITRIX SYSTEMS INC,left,7,4680
CUB,CUBIC CORP,left,9,4479
CUBE,CUBESMART,left,9,4377
CUBI,CUSTOMERS BANCORP INC,left,9,5185
CUDA,BARRACUDA NETWORKS INC,left,4,4479
CUNB,CU BANCORP CALIF,left,9,4276
CUZ,COUSINS PROPERTIES INC,left,9,1752
CVA,COVANTA HOLDING CORP,left,9,1852
CVBF,CVB FINANCIAL CORP,left,9,641
CVC,CABLEVISION SYSTEMS COR,left,6,2661
CVEO,CIVEO CORP,left,7,4983
CVG,CONVERGYS CORP,left,8,3973
CVGI,COMMERCIAL VEH GROUP IN,left,8,641
CVGW,CALAVO GROWERS INC,left,6,3873
CVI,CVR ENERGY INC,left,9,843
CVLT,COMMVAULT SYSTEMS INC,left,8,1247
CVS,CVS HEALTH CORPORATION,left,9,944
CVT,CVENT INC,left,9,743
CVTI,COVENANT TRANS GRP INC,left,9,1954
CVX,CHEVRON CORP,left,7,1348
CW,CURTISS WRIGHT CORP,left,9,5084
CWCO,CONSOLIDATED WATER CO,left,8,3267
CWEI,WILLIAMS CLAYTON ENERGY,left,32,2257
CWST,CASELLA WASTE SYSTEMS,left,6,3973
CWT,CALIFORNIA WTR SVC GRP,left,6,4276
CXO,CONCHO RESOURCES INC,left,8,2156
CXP,COLUMBIA PPTY TR INC,left,8,4377
CXW,CORRECTIONS CORP OF AME,left,9,1146
CY,CYPRESS SEMICONDUCTOR,left,9,1348
CYBX,CYBERONICS INC,left,9,1146
CYH,COMMUNITY HEALTH SYSTEM,left,8,944
CYN,CITY NATIONAL CORP,left,7,4882
CYNI,CYAN INC,left,9,1045
CYNO,CYNOSURE INC,left,9,1247
CYS,CYS INVESTMENTS INC,left,9,1550
CYT,CYTEC INDUSTRIES INC,left,9,1651
CYTK,CYTOKINETICS INC,left,9,1752
CYTR,CYTRX CORP,left,9,1852
CZNC,CITIZENS & NORTHERN COR,left,7,4377
CZR,CAESARS ENTMT CORP,left,6,3368
D,DOMINION RESOURCES INC,left,10,3468
DAKT,DAKTRONICS INC,left,9,2156
DAL,DELTA AIR LINES INC,left,9,3873
DAN,DANA HOLDING CORP,left,9,2257
DAR,DARLING INGREDIENTS INC,left,9,2560
DATA,TABLEAU SOFTWARE INC,left,29,1146
DBD,DIEBOLD INC,left,10,1449
DCI,DONALDSON INC,left,10,3771
DCO,DUCOMMUN INC,left,10,1146
DCOM,DIME CMNTY BANCSHARES,left,10,2156
DCT,DCT INDUSTRIAL TRUST IN,left,9,2963
DD,DU PONT E I DE NEMOURS,left,10,1045
DDD,3D SYSTEMS CORP,left,1,3080
DDR,DDR CORP,left,9,3064
DDS,DILLARDS INC,left,10,2055
DE,DEERE & CO,left,9,3468
DEA,EASTERLY GOVERNMENT PPT,left,10,3267
DECK,DECKERS OUTDOOR CORP,left,9,3368
DEI,DOUGLAS EMMETT INC,left,10,4479
DEL,DELTIC TIMBER CORP,left,9,3973
DENN,DENNYS CORP,left,9,4377
DEPO,DEPOMED INC,left,9,4579
DERM,DERMIRA INC,left,9,4680
DF,DEAN FOODS COMPANY,left,9,3267
DFRG,DEL FRISCOS RESTAURANT,left,9,3569
DFS,DISCOVER FINANCIAL SRVC,left,10,2661
DFT,DUPONT FABROS TECHNOLOG,left,10,1651
DG,DOLLAR GENERAL CORP,left,10,3267
DGI,DIGITALGLOBE INC,left,10,1954
DGICA,DONEGAL GROUP INC,left,10,3873
DGII,DIGI INTL INC,left,10,1550
DGX,QUEST DIAGNOSTICS INC,left,25,2458
DHI,D R HORTON INC,left,9,1954
DHIL,DIAMOND HILL INVESTMENT,left,10,743
DHR,DANAHER CORP,left,9,2358
DHX,DHI GROUP INC,left,9,5185
DIN,DINEEQUITY INC,left,10,2257
DIOD,DIODES INC,left,10,2358
DIS,DISNEY WALT CO,left,10,3064
DISCA,DISCOVERY COMM CL A,left,10,2762
DISCK,DISCOVERY COMM CL C,left,10,2863
DISH,DISH NETWORK CORP,left,10,2963
DJCO,DAILY JOURNAL CORP,left,9,2055
DK,DELEK US HLDGS INC,left,9,3670
DKS,DICKS SPORTING GOODS IN,left,10,1348
DLB,DOLBY LABORATORIES INC,left,10,3165
DLPH,DELPHI AUTOMOTIVE PLC,left,9,3771
DLR,DIGITAL REALTY TRUST IN,left,10,1752
DLTR,DOLLAR TREE INC,left,10,3368
DLX,DELUXE CORP,left,9,4074
DMND,DIAMOND FOODS INC,left,10,641
DMRC,DIGIMARC CORPORATION,left,10,1651
DNB,DUN & BRADSTREET CORP,left,10,1449
DNKN,DUNKIN BRANDS GROUP INC,left,10,1550
DNOW,NOW INC,left,22,3064
DNR,DENBURY RESOURCES INC,left,9,4276
DO,DIAMOND OFFSHR DRILLING,left,10,843
DOC,PHYSICIANS REALTY TRUST,left,24,1651
DOOR,MASONITE INTL CORP,left,19,2055
DORM,DORMAN PRODUCTS INC,left,10,4175
DOV,DOVER CORP,left,10,4579
DOW,DOW CHEMICAL CO,left,10,4680
DOX,AMDOCS LTD,left,2,4680
DPLO,DIPLOMAT PHARMACY INC,left,10,2458
DPS,DR PEPPER SNAPPLE GROUP,left,10,4781
DPZ,DOMINOS PIZZA INC,left,10,3569
DRC,DRESSER-RAND GROUP INC,left,10,4983
DRE,DUKE REALTY CORP,left,10,1348
DRH,DIAMONDROCK HOSPITALITY,left,10,1146
DRI,DARDEN RESTAURANTS INC,left,9,2458
DRII,DIAMOND RESORTS INT INC,left,10,944
DRNA,DICERNA PHARMACEUTICALS,left,10,1247
DRQ,DRIL-QUIP INC,left,10,5185
DRRX,DURECT CORP,left,10,1752
DST,DST SYSTEMS INC,left,10,641
DSW,DSW INC,left,10,743
DTE,DTE ENERGY CO,left,10,843
DTLK,DATALINK CORP,left,9,2661
DTSI,DTS INC,left,10,944
DTV,DIRECTV,left,10,2560
DUK,DUKE ENERGY CORP,left,10,1247
DV,DEVRY EDUCATION GROUP,left,9,4983
DVA,DAVITA HEALTHCARE PTNRS,left,9,2863
DVAX,DYNAVAX TECHNOLOGIES,left,10,2156
DVN,DEVON ENERGY CORP,left,9,4882
DW,DREW INDUSTRIES INC,left,10,5084
DWA,DREAMWORKS ANIMATION SK,left,10,4882
DWRE,DEMANDWARE INC,left,9,4175
DX,DYNEX CAPITAL INC,left,10,2358
DXCM,DEXCOM INC,left,9,5084
DXLG,DESTINATION XL GRP INC,left,9,4781
DXPE,DXP ENTERPRISES INC,left,10,1852
DY,DYCOM INDUSTRIES INC,left,10,2055
DYAX,DYAX CORP,left,10,1954
DYN,DYNEGY INC,left,10,2257
EAT,BRINKER INTERNATIONAL,left,5,4377
EBAY,EBAY INC,left,10,3873
EBF,ENNIS INC,left,11,3569
EBIX,EBIX INC,left,10,3973
EBS,EMERGENT BIOSOLUTIONS,left,11,1449
EBSB,MERIDIAN BANCORP INC,left,20,2358
EBTC,ENTERPRISE BANCORP INC,left,11,4680
ECHO,ECHO GLOBAL LOGISTICS,left,10,4074
ECL,ECOLAB INC,left,10,4377
ECOL,US ECOLOGY INC,left,31,3064
ECOM,CHANNELADVISOR CORP,left,7,4074
ECPG,ENCORE CAPITAL GROUP IN,left,11,2156
ECR,ECLIPSE RESOURCES CORP,left,10,4276
ECYT,ENDOCYTE INC,left,11,2458
ED,CONSOLIDATED EDISON INC,left,8,3064
EDE,EMPIRE DISTRICT ELECTRI,left,11,1651
EDR,EDUCATION REALTY TRUST,left,10,4579
EE,EL PASO ELECTRIC CO,left,10,4882
EEFT,EURONET WORLDWIDE INC,left,11,3267
EFII,ELECTRONICS FOR IMAGING,left,11,641
EFSC,ENTERPRISE FINL SERVICE,left,11,4781
EFX,EQUIFAX INC,left,11,1247
EGBN,EAGLE BANCORP INC,left,10,2560
EGHT,8X8 INC NEW,left,1,3383
EGL,ENGILITY HOLDINGS INC,left,11,3468
EGLE,EAGLE BULK SHIPPING INC,left,10,2661
EGN,ENERGEN CORP,left,11,2863
EGOV,NIC INC,left,21,4479
EGP,EASTGROUP PROPERTIES IN,left,10,3368
EGRX,EAGLE PHARMACEUTICALS,left,10,2863
EHTH,EHEALTH INC,left,10,4781
EIG,EMPLOYERS HOLDINGS INC,left,11,1954
EIGI,ENDURANCE INTERNATIONAL,left,11,2661
EIX,EDISON INTERNATIONAL,left,10,4479
EL,ESTEE LAUDER COMPANIES,left,11,2863
ELGX,ENDOLOGIX INC,left,11,2560
ELLI,ELLIE MAE INC,left,11,843
ELNK,EARTHLINK HOLDINGS CORP,left,10,2963
ELRC,ELECTRO RENT CORP,left,10,5185
ELS,EQUITY LIFESTYLE PROP,left,11,1550
ELY,CALLAWAY GOLF CO,left,6,4579
EMC,EMC CORPORATION,left,11,1045
EMCI,EMC INS GROUP INC,left,11,1146
EME,EMCOR GROUP INC,left,11,1247
EMKR,EMCORE CORP,left,11,1348
EMN,EASTMAN CHEMICAL CO,left,10,3468
EMR,EMERSON ELECTRIC CO,left,11,1550
ENDP,ENDO INTERNATIONAL PLC,left,11,2358
ENH,ENDURANCE SPECIALTY HLD,left,11,2762
ENOC,ENERNOC INC,left,11,3267
ENPH,ENPHASE ENERGY INC,left,11,3771
ENR,ENERGIZER HOLDINGS INC,left,11,2963
ENS,ENERSYS INC,left,11,3368
ENSG,ENSIGN GROUP INC,left,11,4074
ENTA,ENANTA PHARMACEUTICALS,left,11,2055
ENTG,ENTEGRIS INC,left,11,4276
ENTL,ENTELLUS MEDICAL INC,left,11,4377
ENV,ENVESTNET INC,left,11,4983
ENVA,ENOVA INTERNATIONAL INC,left,11,3670
EOG,EOG RESOURCES INC,left,11,5185
EPAM,EPAM SYSTEMS INC,left,11,641
EPAY,BOTTOMLINE TECHNOLOGIES,left,5,3064
EPIQ,EPIQ SYSTEMS INC,left,11,743
EPM,EVOLUTION PETROLEUM COR,left,11,4074
EPR,EPR PROPERTIES,left,11,1045
EPZM,EPIZYME INC,left,11,843
EQC,EQUITY COMMONWEALTH,left,11,1449
EQIX,EQUINIX INC,left,11,1348
EQR,EQUITY RESIDENTIAL,left,11,1752
EQT,EQT CORPORATION,left,11,1146
EQY,EQUITY ONE INC,left,11,1651
ERA,ERA GROUP INC,left,11,1852
ERI,ELDORADO RESORTS INC,left,10,5084
ERIE,ERIE INDEMNITY CO,left,11,1954
ERN,ERIN ENERGY CORPORATION,left,11,2055
EROS,EROS INTL PLC,left,11,2156
ES,EVERSOURCE ENERGY,left,11,3670
ESCA,ESCALADE INC,left,11,2257
ESE,ESCO TECHNOLOGIES INC,left,11,2358
ESGR,ENSTAR GROUP LIMITED,left,11,4175
ESL,ESTERLINE TECHNOLOGIES,left,11,2963
ESND,ESSENDANT INC,left,11,2560
ESNT,ESSENT GROUP LTD,left,11,2661
ESPR,ESPERION THERAPEUTICS,left,11,2458
ESRT,EMPIRE STATE REALTY,left,11,1852
ESRX,EXPRESS SCRIPTS HOLD CO,left,12,843
ESS,ESSEX PROPERTY TRUST IN,left,11,2762
ESTE,EARTHSTONE ENERGY INC,left,10,3064
ESV,ENSCO PLC,left,11,3973
ETFC,E TRADE FINANCIAL CORP,left,10,2458
ETH,ETHAN ALLEN INTERIORS,left,11,3064
ETM,ENTERCOM COMMUNICATIONS,left,11,4479
ETN,EATON CORP PLC,left,10,3670
ETR,ENTERGY CORP,left,11,4579
ETSY,ETSY INC,left,11,3165
EV,EATON VANCE CORP,left,10,3771
EVC,ENTRAVISION COMM,left,11,4882
EVDY,EVERYDAY HEALTH INC,left,11,3873
EVER,EVERBANK FINL CORP,left,11,3368
EVHC,ENVISION HEALTHCARE INC,left,11,5084
EVLV,EVINE LIVE INC,left,11,3973
EVR,EVERCORE PARTNERS,left,11,3468
EVTC,EVERTEC INC,left,11,3771
EW,EDWARDS LIFESCIENCES,left,10,4680
EWBC,EAST WEST BANCORP INC,left,10,3165
EXAC,EXACTECH INC,left,11,4276
EXAM,EXAMWORKS GROUP INC,left,11,4377
EXAR,EXAR CORP,left,11,4479
EXAS,EXACT SCIENCES CORP,left,11,4175
EXC,EXELON CORP,left,11,4882
EXEL,EXELIXIS INC,left,11,4781
EXH,EXTERRAN HOLDINGS INC,left,12,1045
EXL,EXCEL TR INC,left,11,4579
EXLS,EXLSERVICE HOLDINGS INC,left,11,4983
EXP,EAGLE MATERIALS INC,left,10,2762
EXPE,EXPEDIA INC,left,11,5185
EXPO,EXPONENT INC,left,12,641
EXPR,EXPRESS INC,left,12,743
EXR,EXTRA SPACE STORAGE INC,left,12,1146
EXTR,EXTREME NETWORKS INC,left,12,1247
EXXI,ENERGY XXI LTD,left,11,3165
EYES,SECOND SIGHT MEDICAL,left,27,641
EZPW,EZCORP INC,left,12,1449
F,FORD MOTOR CO,left,13,1449
FAF,FIRST AMERICAN FINL COR,left,12,743
FANG,DIAMONDBACK ENERGY INC,left,10,1045
FARM,FARMER BROS CO,left,12,2458
FARO,FARO TECHNOLOGIES INC,left,12,2661
FAST,FASTENAL CO,left,12,2762
FB,FACEBOOK INC,left,12,1752
FBC,FLAGSTAR BANCORP INC,left,12,4074
FBHS,FORTUNE BRDS HOME & SEC,left,13,2055
FBIZ,FIRST BUSINESS FINL SVC,left,12,1247
FBNC,FIRST BANCORP NC,left,12,944
FBNK,FIRST CONN BANCORP INC,left,12,1752
FBP,FIRST BANCORP PR,left,12,1045
FC,FRANKLIN COVEY CO,left,13,2963
FCB,FCB FINANCIAL HOLDINGS,left,12,2963
FCBC,FIRST CMNTY BANCSHAR,left,12,1550
FCE.A,FOREST CITY ENTRPRS,left,13,1550
FCEL,FUELCELL ENERGY INC,left,13,4781
FCF,FIRST COMMONWLTH FINL,left,12,1651
FCFS,FIRST CASH FINANCIAL,left,12,1348
FCH,FELCOR LODGING TRUST IN,left,12,3873
FCN,FTI CONSULTING INC,left,13,4680
FCNCA,FIRST CITIZENS BANCSHRS,left,12,1449
FCS,FAIRCHILD SEMICONDUCTOR,left,12,2055
FCSC,FIBROCELL SCIENCE INC,left,12,4175
FCX,FREEPORT-MCMORAN INC,left,13,3670
FDEF,FIRST DEFIANCE FINANCIA,left,12,1852
FDML,FEDERAL MOGUL HOLDINGS,left,12,3165
FDO,FAMILY DOLLAR STORES,left,12,2358
FDP,FRESH DEL MONTE PRODUCE,left,13,3973
FDS,FACTSET RESEARCH SYSTEM,left,12,1852
FDX,FEDEX CORP,left,12,3670
FE,FIRSTENERGY CORP,left,12,3368
FEIC,FEI CO,left,12,3771
FELE,FRANKLIN ELECTRIC CO,left,13,3064
FENX,FENIX PTS INC,left,12,3973
FET,FORUM ENERGY TECH,left,13,2156
FEYE,FIREEYE INC,left,12,641
FF,FUTUREFUEL CORPORATION,left,13,5084
FFBC,FIRST FINANCIAL BANCORP,left,12,1954
FFG,FBL FINANCIAL GROUP INC,left,12,2863
FFIN,FIRST FINL BANKSHARES,left,12,2156
FFIV,F5 NETWORKS INC,left,12,1550
FFKT,FARMERS CAPITAL BK CORP,left,12,2560
FGEN,FIBROGEN INC,left,12,4276
FGL,FIDELITY & GUARANTY,left,12,4377
FHN,FIRST HORIZON NATL CORP,left,12,2257
FI,FRANK'S INTERNATIONAL,left,13,3468
FIBK,FIRST INTST BANCSYSTEM,left,12,2458
FICO,FAIR ISAAC CORP,left,12,1954
FII,FEDERATED INVESTORS INC,left,12,3468
FIS,FIDELITY NATL INFO SVCS,left,12,4479
FISI,FINANCIAL INSTNS INC,left,12,5084
FISV,FISERV INC,left,12,3569
FITB,FIFTH THIRD BANCORP,left,12,4882
FIVE,FIVE BELOW,left,12,3670
FIVN,FIVE9 INC,left,12,3973
FIX,COMFORT SYSTEMS USA INC,left,8,4983
FIZZ,NATIONAL BEVERAGE CORP,left,21,1954
FL,FOOT LOCKER INC,left,13,1348
FLDM,FLUIDIGM CORP,left,12,5084
FLIC,FIRST LONG ISLAND CORP,left,12,2560
FLIR,FLIR SYSTEMS INC,left,12,4680
FLKS,FLEX PHARMA INC,left,12,4377
FLO,FLOWERS FOODS INC,left,12,4882
FLR,FLUOR CORP,left,12,5185
FLS,FLOWSERVE CORP,left,12,4983
FLT,FLEETCOR TECHNOLOGIES,left,12,4175
FLTX,FLEETMATICS GROUP PLC,left,12,4276
FLWS,1-800 FLOWERS COM,left,1,2575
FLXN,FLEXION THERAPEUTICS IN,left,12,4479
FLXS,FLEXSTEEL INDUSTRIES IN,left,12,4579
FMBI,FIRST MIDWEST BANCORP,left,12,2762
FMC,FMC CORP,left,13,641
FMER,FIRSTMERIT CORP,left,12,3468
FMI,FOUNDATION MEDICINE INC,left,13,2560
FMSA,FMSA HOLDINGS INC,left,13,843
FN,FABRINET,left,12,1651
FNB,FNB CORP,left,13,944
FNBC,FIRST NBC BK HLDG CO,left,12,2863
FNF,FNF GROUP,left,13,1045
FNFG,FIRST NIAGARA FINL GRP,left,12,2963
FNFV,FNFV GROUP,left,13,1146
FNGN,FINANCIAL ENGINES INC,left,12,4983
FNHC,FEDERATED NATL HOLDING,left,12,3569
FNLC,FIRST BANCORP INC,left,12,843
FNSR,FINISAR CORP,left,12,5185
FOE,FERRO CORP,left,12,4074
FOLD,AMICUS THERAPEUTICS INC,left,3,3873
FOMX,FOAMIX PHARMACEUTICALS,left,13,1247
FOR,FORESTAR GROUP INC,left,13,1651
FORM,FORMFACTOR INC,left,13,1752
FORR,FORRESTER RESEARCH INC,left,13,1852
FOSL,FOSSIL GROUP INC,left,13,2358
FOX,21ST CENTURY FOX CL B,left,1,2878
FOXA,21ST CENTURY FOX CL A,left,1,2777
FOXF,FOX FACTORY HOLDING COR,left,13,2762
FPO,FIRST POTOMAC REALTY TR,left,12,3064
FPRX,FIVE PRIME THERAPEUTICS,left,12,3771
FR,FIRST INDUSTRIAL RLTY T,left,12,2358
FRAN,FRANCESCAS HOLDINGS COR,left,13,2863
FRC,FIRST REP BK SAN FRAN,left,12,3165
FRED,FREDS INC,left,13,3569
FRGI,FIESTA RESTAURANT GROUP,left,12,4680
FRM,FURMANITE CORP,left,13,4983
FRME,FIRST MERCHANTS CORP,left,12,2661
FRO,FRONTLINE LTD,left,13,4377
FRP,FAIRPOINT COMMUNICATION,left,12,2156
FRPH,FRP HOLDINGS INC,left,13,4479
FRPT,FRESHPET INC,left,13,4175
FRSH,PAPA MURPHYS HLDGS INC,left,23,4276
FRT,FEDERAL REALTY INVT,left,12,3267
FSAM,FIFTH STREET ASSET MGMT,left,12,4781
FSB,FRANKLIN FINANCIAL NTWK,left,13,3165
FSL,FREESCALE SEMICONDUCTOR,left,13,3771
FSLR,FIRST SOLAR INC,left,12,3267
FSP,FRANKLIN STREET PPTYS C,left,13,3368
FSS,FEDERAL SIGNAL CORP,left,12,3368
FSTR,FOSTER L B CO,left,13,2458
FTD,FTD COMPANIES INC,left,13,4579
FTI,FMC TECHNOLOGIES INC,left,13,743
FTK,FLOTEK INDUSTRIES INC,left,12,4781
FTNT,FORTINET INC,left,13,1954
FTR,FRONTIER COMMUNICATIONS,left,13,4276
FUEL,ROCKET FUEL INC,left,26,1651
FUL,HB FULLER COMPANY,left,14,5185
FULT,FULTON FINANCIAL CORP,left,13,4882
FVE,FIVE STAR QUALITY CARE,left,12,3873
FWM,FAIRWAY GROUP HLDGS COR,left,12,2257
FWRD,FORWARD AIR CORP,left,13,2257
FXCB,FOX CHASE BANCORP,left,13,2661
G,GENPACT LTD,left,13,3368
GABC,GERMAN AMERICAN BANCORP,left,13,4074
GALE,GALENA BIOPHARMA INC,left,13,641
GAS,AGL RESOURCES INC,left,2,3267
GB,GREATBATCH INC,left,14,4276
GBCI,GLACIER BANCORP INC,left,13,4781
GBL,GAMCO INVESTORS INC,left,13,843
GBLI,GLOBAL INDEMNITY PLC,left,14,641
GBNK,GUARANTY BANCORP,left,14,1045
GBX,GREENBRIER COMPANIES IN,left,14,4781
GCA,GLOBAL CASH ACCESS INC,left,13,5185
GCI,GANNETT INC,left,13,1146
GCO,GENESCO INC,left,13,2661
GD,GENERAL DYNAMICS CORP,left,13,2156
GDDY,GODADDY INC,left,14,1449
GDOT,GREEN DOT CORP,left,14,4579
GE,GENERAL ELECTRIC CO,left,13,2257
GEF,GREIF INC,left,14,5084
GEN,GENESIS HEALTHCARE INC,left,13,2863
GEO,GEO GROUP INC,left,13,3873
GEOS,GEOSPACE TECHNOLOGIES,left,13,3973
GERN,GERON CORP,left,13,4175
GES,GUESS INC,left,14,1146
GFF,GRIFFON CORP,left,14,5185
GGG,GRACO INC,left,14,2762
GGP,GENERAL GROWTH PPTYS IN,left,13,2358
GHC,GRAHAM HOLDINGS COMPANY,left,14,3064
GHDX,GENOMIC HEALTH INC,left,13,3267
GHL,GREENHILL & CO INC,left,14,4882
GHM,GRAHAM CORP,left,14,2963
GIII,G-III APPAREL GROUP LTD,left,13,4579
GILD,GILEAD SCIENCES INC,left,13,4680
GIMO,GIGAMON INC,left,13,4479
GIS,GENERAL MILLS INC,left,13,2458
GK,G&K SERVICES INC,left,13,5185
GLDD,GREAT LAKES DREDGE & DO,left,14,3873
GLF,GULFMARK OFFSHORE INC,left,14,1449
GLNG,GOLAR LNG LTD BERMUDA,left,14,1651
GLOB,GLOBANT SA,left,14,944
GLOG,GASLOG LTD,left,13,1550
GLPI,GAMING AND LEISURE PPTY,left,13,1045
GLRE,GREENLIGHT CAPITAL RE L,left,14,4983
GLT,GLATFELTER,left,13,4983
GLUU,GLU MOBILE INC,left,14,1247
GLW,CORNING INC,left,9,944
GM,GENERAL MTRS CO,left,13,2560
GMCR,KEURIG GREEN MOUNTAIN,left,17,3468
GME,GAMESTOP CORP,left,13,944
GMED,GLOBUS MEDICAL INC,left,14,1146
GMT,GATX CORP,left,13,1752
GNBC,GREEN BANCORP INC,left,14,4377
GNC,GNC HLDGS INC,left,14,1348
GNCA,GENOCEA BIOSCIENCES INC,left,13,3165
GNCMA,GENERAL COMMUNICATION,left,13,2055
GNE,GENIE ENERGY LTD,left,13,2963
GNMK,GENMARK DIAGNOSTICS INC,left,13,3064
GNRC,GENERAC HOLDINGS INC,left,13,1852
GNTX,GENTEX CORP,left,13,3468
GNW,GENWORTH FINANCIAL INC,left,13,3771
GOGL,GOLDEN OCEAN GROUP LTD,left,14,1752
GOGO,GOGO INC,left,14,1550
GOOD,GLADSTONE COMMERCIAL,left,13,4882
GOOG,GOOGLE INC CL C,left,14,2156
GOOGL,GOOGLE INC CL A,left,14,2055
GOV,GOVERNMENT PPTY INCOME,left,14,2458
GPC,GENUINE PARTS CO,left,13,3670
GPK,GRAPHIC PACKAGING HLDG,left,14,3569
GPN,GLOBAL PAYMENTS INC,left,14,743
GPOR,GULFPORT ENERGY CORP,left,14,1550
GPRE,GREEN PLAINS INC,left,14,4680
GPRO,GOPRO INC,left,14,2257
GPS,GAP INC,left,13,1247
GPT,GRAMERCY PRPTY TRST INC,left,14,3267
GPX,GP STRATEGIES CORP,left,14,2560
GRA,GRACE W R & CO,left,14,2661
GRBK,GREEN BRICK PARTNERS IN,left,14,4479
GRC,GORMAN RUPP CO,left,14,2358
GRMN,GARMIN LTD,left,13,1348
GRPN,GROUPON INC,left,14,641
GRUB,GRUBHUB INC,left,14,743
GS,GOLDMAN SACHS GROUP INC,left,14,1852
GSAT,GLOBALSTAR INC,left,14,843
GSBC,GREAT SOUTHERN BANCORP,left,14,4074
GSIG,GSI GROUP INC,left,14,843
GSM,GLOBE SPECIALTY METALS,left,14,1045
GST,GASTAR EXPL INC,left,13,1651
GT,GOODYEAR TIRE & RUBBER,left,14,1954
GTI,GRAFTECH INTL LTD,left,14,2863
GTLS,CHART INDUSTRIES INC,left,7,4276
GTN,GRAY TELEVISION INC,left,14,3670
GTS,TRIPLE-S MANAGEMENT COR,left,30,3973
GTT,GTT COMMUNICATIONS INC,left,14,944
GTY,GETTY REALTY CORP,left,13,4276
GUID,GUIDANCE SOFTWARE INC,left,14,1247
GVA,GRANITE CONSTR INC,left,14,3468
GWB,GREAT WESTERN BANCORP,left,14,4175
GWR,GENESEE & WYOMING INC,left,13,2762
GWRE,GUIDEWIRE SOFTWARE INC,left,14,1348
GWW,GRAINGER WW INC,left,14,3165
GXP,GREAT PLAINS ENERGY INC,left,14,3973
H,HYATT HOTELS CORP,left,15,5084
HA,HAWAIIAN HOLDINGS INC,left,14,4781
HABT,HABIT RESTAURANTS,left,14,1752
HAE,HAEMONETICS CORP,left,14,1954
HAFC,HANMI FINANCIAL CORP,left,14,3267
HAIN,HAIN CELESTIAL GROUP,left,14,2055
HAL,HALLIBURTON CO,left,14,2358
HALL,HALLMARK FINL SVCS INC,left,14,2458
HALO,HALOZYME THERAPEUTICS,left,14,2560
HAR,HARMAN INTERNATIONAL IN,left,14,3670
HAS,HASBRO INC,left,14,4377
HASI,HANNON ARMSTRONG SUSTAI,left,14,3368
HAWK,BLACKHAWK NETWORK HLDGS,left,5,4983
HAYN,HAYNES INTERNATIONAL IN,left,14,5084
HBAN,HUNTINGTON BANCSHARES,left,15,4579
HBHC,HANCOCK HOLDING CO,left,14,2863
HBI,HANESBRAND INC,left,14,3064
HBIO,HARVARD BIOSCIENCE INC,left,14,4276
HBNC,HORIZON BANCORP IND,left,15,2560
HBOS,HERITAGE FINANCIAL GROU,left,15,3873
HCA,HCA HOLDINGS INC,left,15,641
HCBK,HUDSON CITY BANCORP,left,15,4175
HCC,HCC INSURANCE HLDGS IN,left,15,743
HCCI,HERITAGE CRYL CLEAN INC,left,15,3670
HCI,HCI GROUP INC,left,15,843
HCKT,HACKETT GROUP INC,left,14,1852
HCN,HEALTH CARE REIT INC,left,15,1247
HCOM,HAWAIIAN TELCOM HOLDCO,left,14,4882
HCP,HCP INC,left,15,944
HCSG,HEALTHCARE SVCS GRP INC,left,15,1550
HD,HOME DEPOT INC,left,15,1752
HDP,HORTONWORKS INC,left,15,2963
HDS,HD SUPPLY HOLDINGS INC,left,15,1045
HE,HAWAIIAN ELECTRIC INDS,left,14,4680
HEES,H&E EQUIPMENT SERVICES,left,14,1651
HEI,HEICO CORP COMMON,left,15,2762
HEI.A,HEICO CORP CL A,left,15,2661
HELE,HELEN OF TROY LTD,left,15,2963
HEOP,HERITAGE OAKS BANCORP,left,15,4074
HES,HESS CORP,left,15,4781
HF,HFF INC,left,15,5084
HFC,HOLLYFRONTIER CORP,left,15,1449
HFWA,HERITAGE FINANCIAL CORP,left,15,3771
HGR,HANGER INC,left,14,3165
HHC,HOWARD HUGHES CORP,left,15,3569
HHS,HARTE HANKS INC,left,14,4074
HI,HILLENBRAND INC,left,15,743
HIBB,HIBBETT SPORTS INC,left,15,5185
HIFR,INFRAREIT INC,left,16,4781
HIFS,HINGHAM INSTN SVGS MASS,left,15,1146
HIG,HARTFORD FINL SVCS GRP,left,14,4175
HII,HUNTINGTON INGALLS IND,left,15,4680
HIL,HILL INTERNATIONAL INC,left,15,641
HILL,DOT HILL SYS CORP,left,10,4276
HIVE,AEROHIVE NETWORKS INC,left,2,1651
HK,HALCON RESOURCES CORP,left,14,2156
HL,HECLA MINING CO,left,15,2560
HLF,HERBALIFE LTD,left,15,3468
HLIT,HARMONIC INC,left,14,3771
HLS,HEALTHSOUTH CORP,left,15,1852
HLT,HILTON WORLDWIDE HOLDIN,left,15,1045
HLX,HELIX ENERGY SOLUTIONS,left,15,3064
HME,HOME PROPERTIES INC,left,15,1852
HMHC,HOUGHTON MIFFLIN HARCOU,left,15,3368
HMN,HORACE MANN EDUCATORS,left,15,2458
HMPR,HAMPTON ROADS BANKSHARE,left,14,2762
HMST,HOMESTREET INC,left,15,2055
HMSY,HMS HOLDINGS CORP,left,15,1247
HMTV,HEMISPHERE MEDIA GROUP,left,15,3267
HNH,HANDY & HARMAN HLDGS LT,left,14,2963
HNI,HNI CORPORATION,left,15,1348
HNRG,HALLADOR ENERGY CO,left,14,2257
HNT,HEALTH NET INC,left,15,1348
HOFT,HOOKER FURNITURE CORP,left,15,2358
HOG,HARLEY DAVIDSON INC,left,14,3569
HOLX,HOLOGIC INC,left,15,1550
HOMB,HOME BANCSHARES INC,left,15,1651
HON,HONEYWELL INTERNATIONAL,left,15,2257
HOS,HORNBECK OFFSHORE SVCS,left,15,2762
HOT,STARWOOD HOTELS & RESRT,left,28,3165
HOV,HOVNANIAN ENTERPRISES,left,15,3468
HP,HELMERICH & PAYNE INC,left,15,3165
HPP,HUDSON PAC PPTYS INC,left,15,4276
HPQ,HEWLETT PACKARD CO,left,15,4882
HPT,HOSPITALITY PPTYS TRUST,left,15,3165
HPY,HEARTLAND PAYMENT SYS,left,15,2358
HQY,HEALTHEQUITY INC,left,15,1752
HR,HEALTHCARE REALTY TRUST,left,15,1449
HRB,BLOCK H & R INC,left,5,5185
HRC,HILL-ROM HOLDINGS INC,left,15,843
HRG,HRG GROUP INC,left,15,3670
HRL,HORMEL FOODS CORP,left,15,2661
HRS,HARRIS CORP,left,14,3873
HRTG,HERITAGE INS HLDGS INC,left,15,3973
HRTX,HERON THERAPEUTICS INC,left,15,4276
HSC,HARSCO CORP,left,14,3973
HSIC,SCHEIN HENRY INC,left,26,2863
HSII,HEIDRICK & STRUGGLES,left,15,2863
HSKA,HESKA CORP,left,15,4680
HSNI,HSN INC,left,15,3771
HSP,HOSPIRA INC,left,15,3064
HST,HOST HOTELS & RESORTS,left,15,3267
HSTM,HEALTHSTREAM INC,left,15,1954
HSY,HERSHEY COMPANY,left,15,4479
HT,HERSHA HOSPITALITY TRUS,left,15,4377
HTA,HEALTHCARE TR AMER INC,left,15,1651
HTBI,HOMETRUST BANCSHARES IN,left,15,2156
HTBK,HERITAGE COMMERCE CORP,left,15,3569
HTH,HILLTOP HOLDINGS INC,left,15,944
HTLD,HEARTLAND EXPRESS INC,left,15,2156
HTLF,HEARTLAND FINANCIAL USA,left,15,2257
HTS,HATTERAS FINL CORP,left,14,4479
HTWR,HEARTWARE INTL INC,left,15,2458
HTZ,HERTZ GLOBAL HOLDINGS,left,15,4579
HUB.B,HUBBELL INC,left,15,3973
HUBG,HUB GROUP INC,left,15,3873
HUBS,HUBSPOT INC,left,15,4074
HUM,HUMANA INC,left,15,4479
HUN,HUNTSMAN CORP,left,15,4781
HURC,HURCO COMPANIES INC,left,15,4882
HURN,HURON CONSULTING GROUP,left,15,4983
HVB,HUDSON VALLEY HOLDING,left,15,4377
HVT,HAVERTY FURNITURE INC,left,14,4579
HW,HEADWATERS INC,left,15,1146
HWAY,HEALTHWAYS INC,left,15,2055
HWKN,HAWKINS INC,left,14,4983
HXL,HEXCEL CORP,left,15,4983
HY,HYSTER-YALE MATERIALS,left,15,5185
HYH,HALYARD HEALTH INC,left,14,2661
HZO,MARINEMAX INC,left,19,641
I,INTELSAT SA,left,16,2661
IART,INTEGRA LIFESCIENCES,left,16,2055
IBCP,INDEPENDENT BANK CORP,left,16,3973
IBKC,IBERIABANK CORP,left,16,641
IBKR,INTERACTIVE BROKERS GRP,left,16,2863
IBM,INTL BUSINESS MACHINES,left,16,4377
IBOC,INTERNATIONAL BANCSHARE,left,16,3569
IBP,INSTALLED BLDNG PRODUCT,left,16,1651
IBTX,INDEPENDENT BK GROUP IN,left,16,4175
ICD,IND CONTRACT DRILLING,left,16,3670
ICE,INTERCONTINENTAL EXCH,left,16,3165
ICFI,ICF INTERNATIONAL INC,left,16,743
ICON,ICONIX BRAND GROUP INC,left,16,843
ICPT,INTERCEPT PHARMA INC,left,16,3064
ICUI,ICU MEDICAL INC,left,16,944
IDA,IDACORP INC,left,16,1045
IDCC,INTERDIGITAL INC,left,16,3267
IDRA,IDERA PHARMACEUTICALS,left,16,1146
IDT,IDT CORP,left,16,1449
IDTI,INTEGRATED DEVICE TECH,left,16,2156
IDXX,IDEXX LABS INC,left,16,1348
IEX,IDEX CORP,left,16,1247
IFF,INTL FLAVORS & FRAGRANC,left,16,4579
IG,IGI LABS INC,left,16,1651
IGT,INTERNATIONAL GAME TECH,left,16,3670
IGTE,IGATE CORP,left,16,1550
IHC,INDEPENDENCE HOLDING CO,left,16,3771
IHS,IHS INC,left,16,1852
IIIN,INSTEEL INDUSTRIES INC,left,16,1752
IILG,INTERVAL LEISURE GRP IN,left,16,4276
IIVI,II VI INC,left,16,1954
IL,INTRALINKS HLDGS INC,left,16,4781
ILMN,ILLUMINA INC,left,16,2156
IM,INGRAM MICRO INC,left,16,5084
IMAX,IMAX CORP,left,16,2358
IMDZ,IMMUNE DESIGN CORP,left,16,2560
IMGN,IMMUNOGEN INC,left,16,2661
IMH,IMPAC MTG HLDGS INC,left,16,2863
IMKTA,INGLES MARKETS INC,left,16,4983
IMMR,IMMERSION CORP,left,16,2458
IMMU,IMMUNOMEDICS INC,left,16,2762
IMN,IMATION CORP,left,16,2257
IMPR,IMPRIVATA INC,left,16,3165
IMPV,IMPERVA INC,left,16,3064
IMS,IMS HEALTH HLDGS INC,left,16,3267
INAP,INTERNAP CORPORATION,left,16,3468
INCR,INC RESEARCH HOLDINGS,left,16,3368
INCY,INCYTE CORP,left,16,3569
INDB,INDEPENDENT BANK MA,left,16,4074
INFA,INFORMATICA CORP,left,16,4680
INFI,INFINITY PHARMACEUTICAL,left,16,4377
INFN,INFINERA CORP,left,16,4276
INGN,INOGEN INC,left,16,944
INGR,INGREDION INC,left,16,5185
ININ,INTERACTIVE INTELLIGENC,left,16,2963
INN,SUMMIT HOTEL PPTYS,left,28,2055
INO,INOVIO PHARMACEUTICALS,left,16,1146
INOV,INOVALON HOLDINGS INC,left,16,1045
INSM,INSMED INC,left,16,1449
INSY,INSYS THERAPEUTICS INC,left,16,1954
INT,WORLD FUEL SVCS CORP,left,32,3873
INTC,INTEL CORP,left,16,2458
INTL,INTL FCSTONE INC,left,16,4479
INTU,INTUIT,left,16,5185
INVN,INVENSENSE INC,left,17,743
INWK,INNERWORKINGS INC,left,16,641
IO,ION GEOPHYSICAL CORP,left,17,1651
IOSP,INNOSPEC INC,left,16,843
IP,INTERNATIONAL PAPER CO,left,16,3771
IPAR,INTER PARFUMS INC,left,16,2762
IPCC,INFINITY PPTY & CAS COR,left,16,4479
IPCM,IPC HEALTHCARE INC,left,17,1752
IPG,INTERPUBLIC GROUP OF CO,left,16,3973
IPGP,IPG PHOTONICS CORP,left,17,1852
IPHI,INPHI CORP,left,16,1247
IPHS,INNOPHOS HOLDINGS INC,left,16,743
IPI,INTREPID POTASH INC,left,16,4983
IPXL,IMPAX LABORATORIES INC,left,16,2963
IQNT,INTELIQUENT INC,left,16,2560
IR,INGERSOLL-RAND PLC,left,16,4882
IRBT,IROBOT CORP,left,17,2156
IRDM,IRIDIUM COMMUNICATIONS,left,17,2055
IRET,INVESTORS REAL ESTATE T,left,17,1348
IRM,IRON MOUNTAIN INC,left,17,2257
IRMD,IRADIMED CORPORATION,left,17,1954
IRT,INDEPENDENCE RLTY TRUST,left,16,3873
IRWD,IRONWOOD PHARMACEUTICAL,left,17,2358
ISBC,INVESTORS BANCORP INC,left,17,1247
ISCA,INTERNATIONAL SPEEDWAY,left,16,3873
ISIL,INTERSIL CORP,left,16,4175
ISIS,ISIS PHARMACEUTICALS,left,17,2458
ISLE,ISLE OF CAPRI CASINOS,left,17,2560
ISRL,ISRAMCO INC,left,17,2661
ISSI,INTEGRATED SILICON SLTN,left,16,2257
IT,GARTNER INC,left,13,1449
ITC,ITC HOLDINGS CORP,left,17,2863
ITCI,INTRA CELLULAR THERAPIE,left,16,4680
ITG,INVESTMENT TECHNOLOGY,left,17,1146
ITRI,ITRON INC,left,17,2963
ITT,ITT CORPORATION,left,17,3064
ITW,ILLINOIS TOOL WORKS INC,left,16,2055
IVC,INVACARE CORP,left,17,641
IVR,INVESCO MORTGAGE CAP,left,17,1045
IVZ,INVESCO LTD,left,17,944
IXYS,IXYS CORP,left,17,3267
JACK,JACK IN THE BOX INC,left,17,3670
JAH,JARDEN CORP,left,17,4276
JAKK,JAKKS PACIFIC INC,left,17,3873
JAZZ,JAZZ PHARMACEUTICALS PL,left,17,4377
JBHT,JB HUNT TRANS SVCS INC,left,17,4479
JBL,JABIL CIRCUIT INC,left,17,3569
JBLU,JETBLUE AIRWAYS CORP,left,17,4680
JBSS,SANFILIPPO JOHN B & SON,left,26,1852
JBT,JOHN BEAN TECH CORP,left,17,4983
JCI,JOHNSON CONTROLS INC,left,17,5185
JCOM,J2 GLOBAL INC,left,17,3468
JCP,PENNEY J C INC,left,23,3064
JDSU,JDS UNIPHASE CORP,left,17,4579
JEC,JACOBS ENGINEERING GRP,left,17,3771
JGW,JG WENTWORTH CO,left,17,4781
JIVE,JIVE SOFTWARE INC,left,17,4882
JJSF,J & J SNACK FOODS CO,left,17,3368
JKHY,HENRY JACK & ASSOCIATES,left,15,3368
JLL,JONES LANG LASALLE INC,left,17,743
JMBA,JAMBA INC,left,17,3973
JMG,JOURNAL MEDIA GROUP INC,left,17,843
JNJ,JOHNSON & JOHNSON,left,17,5084
JNPR,JUNIPER NETWORKS INC,left,17,1146
JNS,JANUS CAPITAL GROUP INC,left,17,4175
JOE,ST JOE CO,left,28,1852
JONE,JONES ENERGY INC,left,17,641
JOY,JOY GLOBAL INC,left,17,944
JPM,JPMORGAN CHASE & CO,left,17,1045
JRVR,JAMES RIVER GROUP HLDG,left,17,4074
JUNO,JUNO THERAPEUTICS INC,left,17,1247
JW.A,WILEY JOHN & SONS INC,left,32,2055
JWN,NORDSTROM INC,left,22,1247
K,KELLOGG CO,left,17,2863
KAI,KADANT INC,left,17,1550
KALU,KAISER ALUMINUM CORP,left,17,1651
KAMN,KAMAN CORP,left,17,1752
KAR,KAR AUCTION SERVICES IN,left,17,2156
KATE,KATE SPADE & CO,left,17,2358
KBAL,KIMBALL INTERNATIONAL,left,17,4276
KBH,KB HOME,left,17,2458
KBR,KBR INC,left,17,2560
KCG,KCG HOLDINGS INC,left,17,2661
KCLI,KANSAS CITY LIFE INS CO,left,17,1852
KE,KIMBALL ELECTRONICS INC,left,17,4175
KEG,KEY ENERGY SERVICES INC,left,17,3569
KELYA,KELLY SERVICES INC,left,17,2963
KERX,KERYX BIOPHARMACEUTICAL,left,17,3368
KEX,KIRBY CORP,left,17,4882
KEY,KEYCORP,left,17,3670
KEYS,KEYSIGHT TECHNOLOGIES,left,17,3771
KEYW,KEYW HOLDING CORP,left,17,3873
KFRC,KFORCE INC,left,17,3973
KFY,KORN FERRY INTERNATIONA,left,18,1550
KIM,KIMCO REALTY CORP,left,17,4479
KING,KING DIGITAL ENTMT PLC,left,17,4781
KIRK,KIRKLANDS INC,left,17,4983
KITE,KITE PHARMA INC,left,17,5084
KKD,KRISPY KREME DOUGHNUTS,left,18,2055
KLXI,KLX INC,left,18,641
KMB,KIMBERLY CLARK CORP,left,17,4377
KMG,KMG CHEMICALS INC,left,18,743
KMI,KINDER MORGAN INC,left,17,4579
KMPR,KEMPER CORPORATION,left,17,3064
KMT,KENNAMETAL INC,left,17,3165
KMX,CARMAX INC,left,6,2963
KN,KNOWLES CORPORATION,left,18,1045
KND,KINDRED HEALTHCARE INC,left,17,4680
KNL,KNOLL INC,left,18,944
KNX,KNIGHT TRANSPORTATION,left,18,843
KO,COCA COLA CO,left,8,2661
KODK,EASTMAN KODAK CO,left,10,3569
KONA,KONA GRILL INC,left,18,1247
KOP,KOPPERS HOLDINGS INC,left,18,1449
KOPN,KOPIN CORP,left,18,1348
KORS,MICHAEL KORS HLDGS LTD,left,20,4175
KOS,KOSMOS ENERGY LTD,left,18,1651
KPTI,KARYOPHARM THERAPEUTICS,left,17,2257
KR,KROGER CO,left,18,2156
KRA,KRATON PERF POLYMERS,left,18,1852
KRC,KILROY REALTY CORP,left,17,4074
KRFT,KRAFT FOODS GROUP INC,left,18,1752
KRG,KITE REALTY GROUP TRUST,left,17,5185
KRNY,KEARNY FINANCIAL CORP,left,17,2762
KRO,KRONOS WORLDWIDE INC,left,18,2257
KS,KAPSTONE PAPER AND PACK,left,17,2055
KSS,KOHLS CORP,left,18,1146
KSU,KANSAS CITY SOUTHERN,left,17,1954
KTOS,KRATOS DEFENSE & SEC SO,left,18,1954
KTWO,K2M GROUP HLDGS INC,left,17,1449
KVHI,KVH INDUSTRIES INC,left,18,2358
KW,KENNEDY-WILSON HLDGS IN,left,17,3267
KWR,QUAKER CHEMICAL CORP,left,25,1651
KYTH,KYTHERA BIOPHARM INC,left,18,2458
L,LOEWS CORP,left,19,843
LABL,MULTI COLOR CORP,left,20,5185
LAD,LITHIA MOTORS INC,left,18,4983
LADR,LADDER CAPITAL CORP,left,18,3267
LAMR,LAMAR ADVERTISING CO,left,18,3771
LANC,LANCASTER COLONY CORP,left,18,3873
LAWS,LAWSON PRODUCTS INC,left,18,4882
LAZ,LAZARD LTD,left,18,4983
LB,L BRANDS INC,left,18,2560
LBAI,LAKELAND BANCORP INC,left,18,3468
LBIO,LION BIOTECHNOLOGIES IN,left,18,4579
LBRDA,LIBERTY BROADBAND CL A,left,18,2358
LBRDK,LIBERTY BROADBAND CL C,left,18,2458
LBY,LIBBEY INC,left,18,2257
LC,LENDINGCLUB CORPORATION,left,18,1045
LCI,LANNETT CO INC,left,18,4377
LCUT,LIFETIME BRANDS INC,left,18,3468
LDL,LYDALL INC,left,19,2358
LDOS,LEIDOS HOLDINGS INC,left,18,843
LDR,LANDAUER INC,left,18,3973
LDRH,LDR HOLDING CORPORATION,left,18,5084
LE,LANDS END INC,left,18,4175
LEA,LEAR CORP,left,18,5185
LEAF,SPRINGLEAF HOLDINGS INC,left,28,1146
LECO,LINCOLN ELECTRIC HLDGS,left,18,4074
LEG,LEGGETT & PLATT INC,left,18,743
LEN,LENNAR CORP CL A,left,18,1247
LEN.B,LENNAR CORP CL B,left,18,1348
LFUS,LITTELFUSE INC,left,18,5084
LG,LACLEDE GROUP INC,left,18,3165
LGF,LIONS GATE ENTMNT CORP,left,18,4781
LGIH,LGI HOMES INC,left,18,2055
LGND,LIGAND PHARMACEUTICALS,left,18,3670
LH,LABORATORY CORP OF AMER,left,18,3064
LHCG,LHC GROUP INC,left,18,2156
LHO,LASALLE HOTEL PROPERTIE,left,18,4680
LIFE,ATYR PHARMA INC,left,4,4579
LII,LENNOX INTERNATIONAL IN,left,18,1449
LION,FIDELITY SOUTHERN CORP,left,12,4579
LIOX,LIONBRIDGE TECHNOLOGIES,left,18,4680
LJPC,LA JOLLA PHARMACEUTICAL,left,18,2762
LKFN,LAKELAND FINANCIAL CORP,left,18,3569
LKQ,LKQ CORP,left,19,641
LL,LUMBER LIQUIDATORS HLDG,left,19,1954
LLL,L-3 COMMUNICATIONS HLDG,left,18,2661
LLNW,LIMELIGHT NETWORKS INC,left,18,3873
LLTC,LINEAR TECHNOLOGY CO,left,18,4377
LLY,LILLY ELI & CO,left,18,3771
LM,LEGG MASON INC,left,18,641
LMAT,LEMAITRE VASCULAR INC,left,18,944
LMCA,LIBERTY MEDIA CORP CL A,left,18,2661
LMCK,LIBERTY MEDIA CORP CL C,left,18,2762
LMNR,LIMONEIRA CO,left,18,3973
LMNX,LUMINEX CORP,left,19,2055
LMOS,LUMOS NETWORKS CORP,left,19,2156
LMT,LOCKHEED MARTIN CORP,left,19,743
LNC,LINCOLN NATIONAL CORP,left,18,4175
LNCE,SNYDER'S-LANCE INC,left,27,2156
LNDC,LANDEC CORP,left,18,4074
LNG,CHENIERE ENERGY INC,left,7,843
LNKD,LINKEDIN CORP,left,18,4479
LNN,LINDSAY CORP,left,18,4276
LNT,ALLIANT ENERGY CORP,left,2,2257
LOCK,LIFELOCK INC,left,18,3267
LOCO,EL POLLO LOCO HLDGS INC,left,10,4983
LOGM,LOGMEIN INC,left,19,944
LOPE,GRAND CANYON EDUCATION,left,14,3368
LORL,LORAL SPACE & COMM,left,19,1045
LOW,LOWES COS INC,left,19,1247
LOXO,LOXO ONCOLOGY INC,left,19,1348
LPG,DORIAN LPG LTD,left,10,4074
LPI,LAREDO PETROLEUM INC,left,18,4479
LPLA,LPL FINANCIAL HOLDINGS,left,19,1449
LPNT,LIFEPOINT HEALTH INC,left,18,3368
LPT,LIBERTY PROPERTY TRUST,left,18,2863
LPX,LOUISIANA PACIFIC CORP,left,19,1146
LQ,LA QUINTA HLDGS INC,left,18,2863
LQDT,LIQUIDITY SERVICES INC,left,18,4882
LRCX,LAM RESEARCH CORP,left,18,3670
LRN,K12 INC,left,17,1348
LSCC,LATTICE SEMICONDUCTOR,left,18,4781
LSTR,LANDSTAR SYSTEMS INC,left,18,4276
LTC,LTC PROPERTIES INC,left,19,1752
LTRPA,LIBERTY TRIPADVISOR HLD,left,18,3064
LTS,LADENBURG THALMAN FIN,left,18,3368
LUK,LEUCADIA NATIONAL CORP,left,18,1550
LULU,LULULEMON ATHLETICA INC,left,19,1852
LUV,SOUTHWEST AIRLINES CO,left,27,3771
LVLT,LEVEL 3 COMMUNICATIONS,left,18,1651
LVNTA,LIBERTY VENTURES,left,18,3165
LVS,LAS VEGAS SANDS CORP,left,18,4579
LWAY,LIFEWAY FOODS INC,left,18,3569
LXFT,LUXOFT HOLDING INC,left,19,2257
LXK,LEXMARK INTERNATIONAL,left,18,1954
LXP,LEXINGTON REALTY TRUST,left,18,1852
LXRX,LEXICON PHARMACEUTICALS,left,18,1752
LXU,LSB INDUSTRIES INC,left,19,1550
LYB,LYONDELLBASELL INDS,left,19,2458
LYTS,LSI INDUSTRIES INC,left,19,1651
LYV,LIVE NATION ENT INC,left,18,5185
LZB,LA Z BOY INC,left,18,2963
M,MACYS INC,left,19,3267
MA,MASTERCARD INC,left,19,2257
MAA,MID-AMER APT CMNTYS,left,20,4983
MAC,MACERICH CO,left,19,2863
MACK,MERRIMACK PHARMACEUTICA,left,20,2863
MAN,MANPOWERGROUP,left,19,4479
MANH,MANHATTAN ASSOCS INC,left,19,4175
MANT,MANTECH INTERNATIONAL,left,19,4579
MAR,MARRIOTT INTL INC,left,19,1146
MAS,MASCO CORP,left,19,1852
MASI,MASIMO CORPORATION,left,19,1954
MAT,MATTEL INC,left,19,2762
MATW,MATTHEWS INTERNATIONAL,left,19,2863
MATX,MATSON INC,left,19,2661
MBFI,MB FINANCIAL INC,left,19,3569
MBI,MBIA INC,left,19,3670
MBUU,MALIBU BOATS INC,left,19,3973
MBVT,MERCHANTS BANCSHARES,left,20,1752
MBWM,MERCANTILE BANK CORP,left,20,1651
MC,MOELIS & CO,left,20,1852
MCD,MCDONALDS CORP,left,19,3973
MCF,CONTANGO OIL & GAS CO,left,8,3569
MCHP,MICROCHIP TECHNOLOGY,left,20,4479
MCHX,MARCHEX INC,left,19,4882
MCK,MCKESSON CORP,left,19,4276
MCO,MOODYS CORP,left,20,3569
MCRI,MONARCH CASINO & RESORT,left,20,2358
MCRL,MICREL INC,left,20,4377
MCS,MARCUS CORP,left,19,5084
MCY,MERCURY GENERAL CORP,left,20,1954
MD,MEDNAX INC,left,20,1146
MDAS,MEDASSETS INC,left,19,4983
MDC,MDC HOLDINGS INC,left,19,4479
MDCA,MDC CORP,left,19,4377
MDCO,MEDICINES CO,left,20,641
MDGN,MEDGENICS INC,left,19,5084
MDLY,MEDLEY MANAGEMENT INC,left,20,1045
MDLZ,MONDELEZ INTERNATIONAL,left,20,2458
MDP,MEREDITH CORP,left,20,2156
MDR,MCDERMOTT INTL INC,left,19,3873
MDRX,ALLSCRIPTS HEALTHCARE,left,2,2661
MDSO,MEDIDATA SOLUTIONS INC,left,20,743
MDT,MEDTRONIC PLC,left,20,1247
MDU,MDU RESOURCES GROUP INC,left,19,4579
MDVN,MEDIVATION INC,left,20,944
MDXG,MIMEDX GROUP INC,left,20,843
MED,MEDIFAST INC,left,20,843
MEG,MEDIA GENERAL INC,left,19,5185
MEI,METHODE ELECTRS INC,left,20,3267
MENT,MENTOR GRAPHICS CORP,left,20,1550
MET,METLIFE INC,left,20,3368
METR,METRO BANCORP INC,left,20,3468
MFA,MFA FINANCIAL INC,left,20,3670
MFRM,MATTRESS FIRM HLDG CORP,left,19,2963
MG,MISTRAS GROUP INC,left,20,1146
MGEE,MGE ENERGY INC,left,20,3771
MGI,MONEYGRAM INTERNATIONAL,left,20,2560
MGLN,MAGELLAN HEALTH INC,left,19,3569
MGM,MGM RESORTS INTL,left,20,3973
MGNX,MACROGENICS INC,left,19,3165
MGPI,MGP INGREDIENTS INC,left,20,4074
MGRC,MCGRATH RENTCORP,left,19,4074
MHFI,MCGRAW HILL FINL INC,left,19,4175
MHGC,MORGANS HOTEL GROUP CO,left,20,3873
MHK,MOHAWK INDUSTRIES INC,left,20,1954
MHLD,MAIDEN HOLDINGS LTD,left,19,3771
MHO,M/I HOMES INC,left,19,2661
MHR,MAGNUM HUNTER RES CORP,left,19,3670
MIC,MACQUARIE INFRASTRUCTUR,left,19,3064
MIDD,MIDDLEBY CORP,left,20,5084
MIFI,NOVATEL WIRELESS INC,left,22,2863
MIG,MEADOWBROOK INS GROUP,left,19,4781
MIK,MICHAELS COS INC/THE,left,20,4276
MINI,MOBILE MINI INC,left,20,1348
MITT,AG MORTGAGE INVT TR INC,left,2,2560
MJN,MEAD JOHNSON NUTRITION,left,19,4680
MKC,MCCORMICK & CO INC,left,19,3771
MKL,MARKEL CORP,left,19,743
MKSI,MKS INSTRUMENTS INC,left,20,1247
MKTO,MARKETO INC,left,19,944
MKTX,MARKETAXESS HOLDINGS IN,left,19,843
MLAB,MESA LABS INC,left,20,2963
MLHR,HERMAN MILLER INC,left,15,4175
MLI,MUELLER INDUSTRIES INC,left,20,4983
MLM,MARTIN MARIETTA MTLS,left,19,1651
MLNK,MODUSLINK GLB SOLUTIONS,left,20,1752
MLR,MILLER INDUSTRIES INC,left,20,743
MM,MILLENNIAL MEDIA INC,left,20,641
MMC,MARSH & MCLENNAN COS,left,19,1348
MMI,MARCUS & MILLICHAP,left,19,4983
MMM,3M CO,left,1,3181
MMS,MAXIMUS INC,left,19,3267
MMSI,MERIT MED SYSTEMS INC,left,20,2560
MNK,MALLINCKRODT PLC,left,19,4074
MNKD,MANNKIND CORP,left,19,4377
MNR,MONMOUTH REAL ESTATE,left,20,2661
MNRO,MONRO MUFFLER BRAKE INC,left,20,3064
MNST,MONSTER BEVERAGE CORP,left,20,3267
MNTA,MOMENTA PHARMACEUTICALS,left,20,2257
MO,ALTRIA GROUP INC,left,2,3873
MOBL,MOBILEIRON INC,left,20,1449
MOD,MODINE MANUFACTURING CO,left,20,1651
MODN,MODEL N INC,left,20,1550
MOG.A,MOOG INC,left,20,3670
MOH,MOLINA HEALTHCARE INC,left,20,2055
MON,MONSANTO CO,left,20,3165
MORE,MONOGRAM RESIDENTIAL TR,left,20,2762
MORN,MORNINGSTAR INC,left,20,3973
MOS,MOSAIC COMPANY,left,20,4074
MOV,MOVADO GROUP INC,left,20,4377
MPAA,MOTORCAR PTS AMERICA IN,left,20,4175
MPC,MARATHON PETROLEUM CORP,left,19,4781
MPG,METALDYNE PERFORM GROUP,left,20,3165
MPWR,MONOLITHIC POWER SYSTEM,left,20,2863
MRC,MRC GLOBAL INC,left,20,4479
MRCY,MERCURY SYSTEMS INC,left,20,2055
MRD,MEMORIAL RESOURCE DEV,left,20,1348
MRGE,MERGE HEALTHCARE INC,left,20,2257
MRH,MONTPELIER RE HOLDINGS,left,20,3468
MRIN,MARIN SOFTWARE INC,left,19,5185
MRK,MERCK & CO INC,left,20,1852
MRLN,MARLIN BUSINESS SVCS,left,19,1045
MRO,MARATHON OIL CORP,left,19,4680
MRTN,MARTEN TRANS LTD,left,19,1449
MRTX,MIRATI THERAPEUTICS INC,left,20,1045
MRVL,MARVELL TECHNOLOGY GROU,left,19,1752
MS,MORGAN STANLEY,left,20,3771
MSA,MSA SAFETY INC,left,20,4579
MSCC,MICROSEMI CORP,left,20,4680
MSCI,MSCI INC,left,20,4781
MSEX,MIDDLESEX WATER CO,left,20,5185
MSFG,MAINSOURCE FINANCIAL GR,left,19,3873
MSFT,MICROSOFT CORP,left,20,4781
MSG,MADISON SQUARE GARDEN,left,19,3468
MSI,MOTOROLA SOLUTIONS INC,left,20,4276
MSM,MSC INDL DIRECT INC,left,20,4680
MSO,MARTHA STEWART LIVING,left,19,1550
MSTR,MICROSTRATEGY INC,left,20,4882
MTB,M & T BANK CORP,left,19,2560
MTD,METTLER TOLEDO INTL INC,left,20,3569
MTDR,MATADOR RES CO,left,19,2358
MTG,MGIC INVESTMENT CORP,left,20,3873
MTGE,AMERICAN CAP MTG INVT,left,3,944
MTH,MERITAGE HOMES CORP,left,20,2661
MTN,VAIL RESORTS INC,left,31,3670
MTOR,MERITOR INC,left,20,2762
MTRN,MATERION CORPORATION,left,19,2458
MTRX,MATRIX SERVICE CO,left,19,2560
MTSC,MTS SYSTEMS CORP,left,20,4882
MTSI,MA COM TECHNOLOGY SOL,left,19,2762
MTSN,MATTSON TECHNOLOGY INC,left,19,3064
MTW,MANITOWOC CO INC,left,19,4276
MTX,MINERALS TECHNOLOGIES,left,20,944
MTZ,MASTEC INC,left,19,2156
MU,MICRON TECHNOLOGY INC,left,20,4579
MUR,MURPHY OIL CORP,left,21,641
MUSA,MURPHY USA INC,left,21,743
MW,MENS WEARHOUSE INC,left,20,1449
MWA,MUELLER WTR PRODS INC,left,20,5084
MWV,MEADWESTVACO CORP,left,19,4882
MWW,MONSTER WORLDWIDE INC,left,20,3368
MXIM,MAXIM INTEGRATED PRODS,left,19,3165
MXL,MAXLINEAR INC,left,19,3368
MXPT,MAXPOINT INTERACTIVE IN,left,19,3468
MYCC,CLUBCORP HOLDINGS,left,8,1651
MYE,MYERS INDUSTRIES INC,left,21,843
MYGN,MYRIAD GENETICS INC,left,21,1146
MYL,MYLAN NV,left,21,944
MYRG,MYR GROUP INC,left,21,1045
N,NETSUITE INC,left,21,1651
NADL,NORTH ATLANTIC DRILLING,left,22,1550
NANO,NANOMETRICS INC,left,21,1449
NAO,NORDIC AMERICAN OFFSHOR,left,22,944
NAT,NORDIC AMERICAN TANKER,left,22,1045
NATI,NATIONAL INSTRS CORP,left,21,2661
NATL,NATIONAL INTERSTATE COR,left,21,2762
NATR,NATURES SUNSHINE PRODS,left,21,3973
NAV,NAVISTAR INTL CORP,left,21,4882
NAVB,NAVIDEA BIOPHARMA INC,left,21,4276
NAVG,NAVIGATORS GROUP INC,left,21,4579
NAVI,NAVIENT CORPORATION,left,21,4377
NBBC,NEWBRIDGE BANCORP,left,21,3064
NBHC,NATIONAL BANK HOLDINGS,left,21,1752
NBIX,NEUROCRINE BIOSCIENCES,left,21,1752
NBL,NOBLE ENERGY INC,left,22,743
NBR,NABORS INDUSTRIES LTD,left,21,1247
NBTB,NBT BANCORP INC,left,21,4983
NC,NACCO INDUSTRIES INC,left,21,1348
NCI,NAVIGANT CONSULTING INC,left,21,4479
NCLH,NORWEGIAN CRUISE LINE,left,22,2762
NCMI,NATIONAL CINEMEDIA INC,left,21,2055
NCOM,NATIONAL COMM CORP,left,21,2156
NCR,NCR CORP,left,21,5185
NCS,NCI BUILDING SYSTEMS IN,left,21,5084
NDAQ,NASDAQ OMX GROUP INC,left,21,1651
NDLS,NOODLES & COMPANY,left,22,843
NDSN,NORDSON CORP,left,22,1146
NE,NOBLE CORPORATION PLC,left,22,641
NEE,NEXTERA ENERGY INC,left,21,4377
NEFF,NEFF CORP,left,21,641
NEM,NEWMONT MINING CORP,left,21,3569
NEO,NEOGENOMICS INC,left,21,1045
NEOG,NEOGEN CORP,left,21,944
NEU,NEWMARKET CORPORATION,left,21,3468
NEWM,NEW MEDIA INVT GROUP IN,left,21,2257
NEWP,NEWPORT CORP,left,21,3771
NEWR,NEW RELIC INC,left,21,2358
NEWS,NEWSTAR FINANCIAL INC,left,21,4074
NFBK,NORTHFIELD BANCORP INC,left,22,1852
NFG,NATIONAL FUEL GAS CO,left,21,2257
NFLX,NETFLIX INC,left,21,1348
NFX,NEWFIELD EXPLORATION CO,left,21,3267
NGHC,NATIONAL GEN HLDGS CORP,left,21,2358
NGS,NATURAL GAS SERVICES GR,left,21,3670
NGVC,NATURAL GROCERS VITA CT,left,21,3771
NHC,NATIONAL HEALTHCARE COR,left,21,2560
NHI,NATIONAL HEALTH INVS IN,left,21,2458
NHTC,NATURAL HEALTH TRENDS C,left,21,3873
NI,NISOURCE INC,left,21,4882
NILE,BLUE NILE INC,left,5,1045
NJR,NEW JERSEY RESOURCES,left,21,2156
NKE,NIKE INC,left,21,4680
NKSH,NATIONAL BANKSHARES INC,left,21,1852
NKTR,NEKTAR THERAPEUTICS,left,21,743
NL,NL INDUSTRIES INC,left,21,4983
NLNK,NEWLINK GENETICS CORP,left,21,3368
NLS,NAUTILUS INC,left,21,4175
NLSN,NIELSEN NV,left,21,4579
NLY,ANNALY CAPITAL MGMT INC,left,3,1045
NM,NAVIOS MARITIME HOLDING,left,21,4781
NMBL,NIMBLE STORAGE INC,left,21,4781
NMIH,NMI HLDGS INC,left,21,5084
NNA,NAVIOS MARITIME ACQUIS,left,21,4680
NNBR,NN INC,left,21,5185
NNI,NELNET INC,left,21,843
NNN,NATIONAL RETAIL PPTYS,left,21,3267
NOC,NORTHROP GRUMMAN CORP,left,22,1954
NOG,NORTHERN OIL & GAS INC,left,22,1651
NOV,NATIONAL OILWELL VARCO,left,21,2863
NOW,SERVICENOW INC,left,27,2358
NPBC,NATIONAL PENN BANCSHARE,left,21,2963
NPK,NATIONAL PRESTO INDS IN,left,21,3064
NPO,ENPRO INDUSTRIES INC,left,11,3873
NPTN,NEOPHOTONICS CORP,left,21,1146
NR,NEWPARK RESOURCES INC,left,21,3670
NRCIA,NATIONAL RESEARCH CORP,left,21,3165
NRF,NORTHSTAR REALTY FINANC,left,22,2156
NRG,NRG ENERGY INC,left,22,3165
NRZ,NEW RESIDENTIAL INVT,left,21,2458
NSA,NATIONAL STORAGE AFFIL,left,21,3368
NSAM,NORTHSTAR ASSET MGMT GR,left,22,2055
NSC,NORFOLK SOUTHERN CORP,left,22,1348
NSIT,INSIGHT ENTERPRISES INC,left,16,1348
NSM,NATIONSTAR MTG HLDGS IN,left,21,3569
NSP,INSPERITY INC,left,16,1550
NSR,NEUSTAR INC,left,21,1852
NSTG,NANOSTRING TECH INC,left,21,1550
NTAP,NETAPP INC,left,21,1247
NTCT,NETSCOUT SYSTEMS INC,left,21,1550
NTGR,NETGEAR INC,left,21,1449
NTK,NORTEK INC,left,22,1449
NTLS,NTELOS HOLDINGS CORP,left,22,3468
NTRI,NUTRI SYSTEM INC,left,22,3973
NTRS,NORTHERN TRUST CORP,left,22,1752
NUAN,NUANCE COMMUNICATIONS,left,22,3670
NUE,NUCOR CORP,left,22,3771
NUS,NU SKIN ENTERPRISES,left,22,3569
NUTR,NUTRACEUTICAL INTL CORP,left,22,3873
NUVA,NUVASIVE INC,left,22,4074
NVAX,NOVAVAX INC,left,22,2963
NVDA,NVIDIA CORP,left,22,4377
NVEC,NVE CORP,left,22,4276
NVEE,NV5 HLDGS INC,left,22,4175
NVIV,INVIVO THERAPEUTICS HLD,left,17,1550
NVR,NVR INC,left,22,4479
NVRO,NEVRO CORP,left,21,1954
NVTA,INVITAE CORPORATION,left,17,1449
NWBI,NORTHWEST BANCSHARES IN,left,22,2257
NWBO,NORTHWEST BIOTHERAPEUTI,left,22,2358
NWE,NORTHWESTERN CORP,left,22,2661
NWHM,NEW HOME COMPANY INC,left,21,2055
NWL,NEWELL RUBBERMAID INC,left,21,3165
NWLI,NATIONAL WESTRN LIFE IN,left,21,3468
NWN,NORTHWEST NATURAL GAS C,left,22,2458
NWPX,NORTHWEST PIPE CO,left,22,2560
NWS,NEWS CORP CL B,left,21,3973
NWSA,NEWS CORP CL A,left,21,3873
NX,QUANEX BUILDING PRODUCT,left,25,2156
NXRT,NEXPOINT RESIDENTIAL TR,left,21,4175
NXST,NEXSTAR BROADCASTING GR,left,21,4276
NXTM,NXSTAGE MEDICAL INC,left,22,4579
NYCB,NEW YORK CMNTY BANCORP,left,21,2661
NYLD,NRG YIELD INC CL C,left,22,3368
NYLD.A,NRG YIELD INC CL A,left,22,3267
NYMT,NEW YORK MTG TR INC,left,21,2762
NYNY,EMPIRE RESORTS INC,left,11,1752
NYRT,NEW YORK REIT INC,left,21,2863
NYT,NEW YORK TIMES CO,left,21,2963
O,REALTY INCOME CORP,left,25,944
OA,ORBITAL ATK INC,left,22,4781
OAS,OASIS PETE INC,left,22,4781
OB,ONEBEACON INSURANCE GRP,left,22,3771
OC,OWENS CORNING,left,23,2055
OCAT,OCATA THERAPEUTICS INC,left,22,4882
OCFC,OCEANFIRST FINANCIAL,left,22,5185
OCN,OCWEN FINANCIAL CORP,left,22,743
OCR,OMNICARE INC,left,22,2560
OCUL,OCULAR THERAPEUTIX INC,left,22,641
ODC,OIL DRI CORP OF AMERICA,left,22,1146
ODFL,OLD DOMINION FREIGHT,left,22,1348
ODP,OFFICE DEPOT INC,left,22,843
OFC,CORPORATE OFFICE PPTYS,left,9,1045
OFG,OFG BANCORP,left,22,944
OFIX,ORTHOFIX INTL NV,left,23,944
OFLX,OMEGA FLEX INC,left,22,2156
OGE,OGE ENERGY CORP,left,22,1045
OGS,ONE GAS INC,left,22,3569
OHI,OMEGA HEALTHCARE INVS,left,22,2257
OI,OWENS ILLINOIS INC,left,23,2156
OII,OCEANEERING INTL INC,left,22,5084
OIS,OIL STATES INTERNATIONA,left,22,1247
OKE,ONEOK INC,left,22,3873
OKSB,SOUTHWEST BANCORP INC O,left,27,3873
OLED,UNIVERSAL DISPLAY CORP,left,31,1550
OLN,OLIN CORP,left,22,1752
OLP,ONE LIBERTY PROPERTIES,left,22,3670
OMAM,OM ASSET MANAGEMENT,left,22,1954
OMC,OMNICOM GROUP INC,left,22,2762
OMCL,OMNICELL INC,left,22,2661
OME,OMEGA PROTEIN CORP,left,22,2358
OMED,ONCOMED PHARMACEUTICALS,left,22,3368
OMER,OMEROS CORP,left,22,2458
OMG,OM GROUP INC,left,22,2055
OMI,OWENS & MINOR INC,left,23,1954
OMN,OMNOVA SOLUTIONS INC,left,22,2963
ON,ON SEMICONDUCTOR CORP,left,22,3267
ONB,OLD NATIONAL BANCORP,left,22,1449
ONCE,SPARK THERAPEUTICS INC,left,27,4479
ONDK,ON DECK CAPITAL INC,left,22,3165
ONTY,ONCOTHYREON INC,left,22,3468
OPB,OPUS BK IRVINE CALIF,left,22,4377
OPHT,OPHTHOTECH CORP,left,22,3973
OPK,OPKO HEALTH INC,left,22,4074
OPWR,OPOWER INC,left,22,4175
OPY,OPPENHEIMER HOLDINGS IN,left,22,4276
ORA,ORMAT TECHNOLOGIES INC,left,23,843
ORBC,ORBCOMM INC,left,22,4680
ORC,ORCHID ISLAND CAPITAL,left,22,4983
ORCL,ORACLE CORP,left,22,4479
OREX,OREXIGEN THERAPEUTICS,left,22,5185
ORI,OLD REPUBLIC INTL CORP,left,22,1550
ORIT,ORITANI FINANCIAL CORP,left,23,743
ORLY,O REILLY AUTOMOTIVE INC,left,22,4680
ORN,ORION MARINE GROUP INC,left,23,641
OSBC,OLD SECOND BANCORP INC,left,22,1651
OSIR,OSIRIS THERAPEUTICS,left,23,1247
OSIS,OSI SYSTEMS INC,left,23,1146
OSK,OSHKOSH CORP,left,23,1045
OSTK,OVERSTOCK COM INC,left,23,1852
OSUR,ORASURE TECHNOLOGIES IN,left,22,4579
OTIC,OTONOMY INC,left,23,1348
OTTR,OTTER TAIL CORP,left,23,1449
OUT,OUTFRONT MEDIA INC,left,23,1651
OUTR,OUTERWALL INC,left,23,1550
OVAS,OVASCIENCE INC,left,23,1752
OVTI,OMNIVISION TECHNOLOGIES,left,22,2863
OWW,ORBITZ WORLDWIDE INC,left,22,4882
OXFD,OXFORD IMMUNOTEC GLOBAL,left,23,2257
OXM,OXFORD INDUSTRIES INC,left,23,2358
OXY,OCCIDENTAL PETE CORP,left,22,4983
OZRK,BANK OF THE OZARKS INC,left,4,3670
P,PANDORA MEDIA INC,left,23,3873
PACB,PACIFIC BIOSCIENCES CA,left,23,2762
PACW,PACWEST BANCORP,left,23,3468
PAG,PENSKE AUTOMOTIVE GROUP,left,23,3569
PAH,PLATFORM SPECIALTY PROD,left,24,3165
PAHC,PHIBRO ANIMAL HEALTH,left,24,1247
PANW,PALO ALTO NETWORKS INC,left,23,3771
PARR,PAR PETE CORP,left,23,4377
PATK,PATRICK INDS INC,left,23,1146
PAY,VERIFONE SYSTEMS INC,left,31,1247
PAYC,PAYCOM SOFTWARE INC,left,23,1752
PAYX,PAYCHEX INC,left,23,1651
PB,PROSPERITY BANCSHARES,left,24,3771
PBCT,PEOPLES UNITED FINANCIA,left,23,3973
PBF,PBF ENERGY INC,left,23,1954
PBH,PRESTIGE BRANDS HOLDING,left,24,2257
PBI,PITNEY BOWES INC,left,24,2963
PBPB,POTBELLY CORPORATION,left,24,5084
PBY,PEP BOYS MANNY MOE&J,left,23,4074
PBYI,PUMA BIOTECHNOLOGY INC,left,24,5084
PCAR,PACCAR INC,left,23,2661
PCBK,PACIFIC CONTINENTAL COR,left,23,2863
PCCC,P C CONNECTION,left,23,2560
PCG,PG&E CORP,left,24,743
PCH,POTLATCH CORP,left,24,5185
PCL,PLUM CREEK TIMBER CO IN,left,24,3468
PCLN,THE PRICELINE GROUP INC,left,29,2156
PCO,PENDRELL CORPORATION,left,23,2762
PCP,PRECISION CASTPARTS,left,24,1550
PCRX,PACIRA PHARMACEUTICALS,left,23,3267
PCTY,PAYLOCITY HLDG CORP,left,23,1852
PCYG,PARK CITY GROUP INC,left,23,4781
PDCE,PDC ENERGY INC,left,23,2055
PDCO,PATTERSON COS INC,left,23,1449
PDFS,PDF SOLUTIONS INC,left,23,2156
PDLI,PDL BIOPHARMA INC,left,23,2257
PDM,PIEDMONT OFFICE RLTY TR,left,24,1954
PDVW,PACIFIC DATAVISION INC,left,23,2963
PE,PARSLEY ENERGY INC,left,23,843
PEB,PEBBLEBROOK HOTEL TRUST,left,23,2560
PEBO,PEOPLES BANCORP INC,left,23,3771
PEG,PUBLIC SVC ENTERPRISE,left,24,4882
PEGA,PEGASYSTEMS INC,left,23,2661
PEGI,PATTERN ENERGY GROUP IN,left,23,1348
PEI,PENNSYLVANIA REAL ESTAT,left,23,3267
PEIX,PACIFIC ETHANOL INC,left,23,3064
PENN,PENN NATIONAL GAMING IN,left,23,2863
PEP,PEPSICO INC,left,23,4276
PERY,ELLIS PERRY INTL INC,left,11,944
PES,PIONEER ENERGY SERVICES,left,24,2661
PETS,PETMED EXPRESS INC,left,23,5084
PETX,ARATANA THERAPEUTICS IN,left,3,3670
PF,PINNACLE FOODS INC,left,24,2458
PFBC,PREFERRED BANK,left,24,1752
PFG,PRINCIPAL FINANCIAL GRP,left,24,2762
PFIS,PEOPLES FINL SVCS CORP,left,23,3873
PFNX,PFENEX INC,left,23,5185
PFPT,PROOFPOINT INC,left,24,3569
PFS,PROVIDENT FINANCIAL SVC,left,24,4276
PFSI,PENNYMAC FINL SVCS INC,left,23,3368
PFSW,PFSWEB INC,left,24,641
PG,PROCTER & GAMBLE CO,left,24,3064
PGC,PEAPACK-GLADSTONE FINL,left,23,2458
PGEM,PLY GEM HLDGS INC,left,24,3569
PGI,PREMIERE GLOBAL SERVICE,left,24,2055
PGND,PRESS GANEY HLDGS INC,left,24,2156
PGNX,PROGENICS PHARMACEUTICA,left,24,3165
PGR,PROGRESSIVE CORP,left,24,3368
PGRE,PARAMOUNT GROUP INC,left,23,4479
PGTI,PGT INC,left,24,843
PH,PARKER HANNIFIN CORP,left,23,641
PHH,PHH CORPORATION,left,24,1045
PHIIK,PHI INC,left,24,1146
PHM,PULTEGROUP INC,left,24,4983
PHX,PANHANDLE OIL AND GAS,left,23,4074
PICO,PICO HOLDINGS INC,left,24,1752
PII,POLARIS INDUSTRIES INC,left,24,3973
PINC,PREMIER INC,left,24,1954
PIR,PIER 1 IMPORTS INC,left,24,2055
PJC,PIPER JAFFRAY COMPANIES,left,24,2863
PKE,PARK ELECTROCHEMICAL,left,23,4882
PKG,PACKAGING CORP OF AMER,left,23,3368
PKI,PERKINELMER INC,left,23,4781
PKOH,PARK OHIO HOLDINGS CORP,left,23,5084
PKY,PARKWAY PROPERTIES INC,left,23,743
PLAB,PHOTRONICS INC,left,24,1550
PLAY,DAVE & BUSTERS ENTMT IN,left,9,2762
PLCE,CHILDRENS PLACE INC,left,7,1651
PLCM,POLYCOM INC,left,24,4074
PLD,PROLOGIS INC,left,24,3468
PLKI,POPEYES LOU KITCHEN INC,left,24,4479
PLL,PALL CORP,left,23,3569
PLMT,PALMETTO BANCSHARES INC,left,23,3670
PLOW,DOUGLAS DYNAMICS INC,left,10,4377
PLPC,PREFORMED LINE PRODUCTS,left,24,1852
PLT,PLANTRONICS INC,left,24,3064
PLUG,PLUG POWER INC,left,24,3368
PLUS,EPLUS INC,left,11,944
PLXS,PLEXUS CORP,left,24,3267
PM,PHILIP MORRIS INTL,left,24,1348
PMC,PHARMERICA CORP,left,24,944
PMCS,PMC-SIERRA INC,left,24,3670
PMT,PENNYMAC MORTGAGE INV,left,23,3468
PN,PATRIOT NATIONAL INC,left,23,1247
PNC,PNC FINANCIAL SVCS GROU,left,24,3771
PNFP,PINNACLE FINANCIAL,left,24,2358
PNK,PINNACLE ENTMT INC,left,24,2257
PNM,PNM RESOURCES INC,left,24,3873
PNR,PENTAIR PLC,left,23,3670
PNRA,PANERA BREAD CO,left,23,3973
PNW,PINNACLE WEST CAPITAL C,left,24,2560
PNY,PIEDMONT NAT GAS INC,left,24,1852
PODD,INSULET CORP,left,16,1852
POL,POLYONE CORP,left,24,4175
POM,PEPCO HOLDINGS INC,left,23,4175
POOL,POOL CORP,left,24,4377
POR,PORTLAND GEN ELEC CO,left,24,4680
POST,POST HOLDINGS INC,left,24,4882
POWI,POWER INTEGRATIONS INC,left,24,641
POWR,POWERSECURE INTL INC,left,24,843
POZN,POZEN INC,left,24,944
PPBI,PACIFIC PREMIER BANCORP,left,23,3165
PPC,PILGRIMS PRIDE CORP,left,24,2156
PPG,PPG INDUSTRIES INC,left,24,1045
PPHM,PEREGRINE PHARMACEUTICA,left,23,4377
PPL,PPL CORP,left,24,1146
PPO,POLYPORE INTL INC,left,24,4276
PPS,POST PROPERTIES INC,left,24,4983
PRA,PROASSURANCE CORP,left,24,2963
PRAA,PRA GROUP INC,left,24,1247
PRAH,PRA HEALTH SCIENCES INC,left,24,1348
PRE,PARTNERRE LTD,left,23,944
PRFT,PERFICIENT INC,left,23,4479
PRGO,PERRIGO CO PLC,left,23,4983
PRGS,PROGRESS SOFTWARE CORP,left,24,3267
PRI,PRIMERICA INC,left,24,2560
PRIM,PRIMORIS SVCS CORP,left,24,2661
PRK,PARK NATIONAL CORP,left,23,4983
PRLB,PROTO LABS INC,left,24,4074
PRO,PROS HOLDINGS INC,left,24,3670
PRSC,PROVIDENCE SERVICE CORP,left,24,4175
PRTA,PROTHENA CORP PLC,left,24,3973
PRTK,PARATEK PHARMACEUTICALS,left,23,4579
PRTO,PROTEON THERAPEUTICS IN,left,24,3873
PRTY,PARTY CITY HOLDCO INC,left,23,1045
PRU,PRUDENTIAL FINANCIAL IN,left,24,4377
PRXL,PAREXEL INTERNATIONAL,left,23,4680
PSA,PUBLIC STORAGE INC,left,24,4781
PSB,PS BUSINESS PARKS INC,left,24,4479
PSEM,PERICOM SEMICONDUCTOR,left,23,4680
PSG,PERFORMANCE SPORTS GROU,left,23,4579
PSIX,POWER SOLUTIONS INTL IN,left,24,743
PSMT,PRICESMART INC,left,24,2458
PSTB,PARK STERLING CORP,left,23,5185
PSX,PHILLIPS 66,left,24,1449
PTC,PTC INC,left,24,4579
PTCT,PTC THERAPEUTICS INC,left,24,4680
PTEN,PATTERSON UTI ENERGY,left,23,1550
PTLA,PORTOLA PHARMACEUTICALS,left,24,4781
PTSI,P A M TRANSN SVCS INC,left,23,2458
PTX,PERNIX THERAPEUTICS HLD,left,23,4882
PVA,PENN VIRGINIA CORP,left,23,2963
PVH,PVH CORP,left,24,5185
PVTB,PRIVATEBANCORP INC,left,24,2863
PWOD,PENNS WOODS BANCORP INC,left,23,3165
PWR,QUANTA SERVICES INC,left,25,2257
PX,PRAXAIR INC,left,24,1449
PXD,PIONEER NAT RESOURCES C,left,24,2762
PZZA,PAPA JOHNS INTERNATIONA,left,23,4175
Q,QUINTILES TRANSNATIONAL,left,25,2963
QADA,QAD INC,left,25,743
QCOM,QUALCOMM INC,left,25,1752
QCRH,QCR HOLDINGS INC,left,25,843
QDEL,QUIDEL CORP,left,25,2661
QEP,QEP RESOURCES INC,left,25,944
QGEN,QIAGEN NV,left,25,1045
QLGC,QLOGIC CORP,left,25,1247
QLIK,QLIK TECHNOLOGIES INC,left,25,1146
QLTY,QUALITY DISTRIBUTION IN,left,25,1852
QLYS,QUALYS INC,left,25,2055
QNST,QUINSTREET INC,left,25,2863
QRVO,QORVO INC,left,25,1348
QSII,QUALITY SYSTEMS INC,left,25,1954
QTM,QUANTUM CORP,left,25,2358
QTS,QTS REALTY TRUST INC,left,25,1449
QTWO,Q2 HLDGS INC,left,25,641
QUAD,QUAD / GRAPHICS INC,left,25,1550
QVCA,LIBERTY INTERACTIVE QVC,left,18,2560
R,RYDER SYSTEM INC,left,26,4479
RAD,RITE AID CORP,left,26,1146
RAIL,FREIGHTCAR AMERICA INC,left,13,3873
RALY,RALLY SOFTWARE DEV CORP,left,25,3670
RARE,ULTRAGENYX PHARMA,left,30,2762
RAS,RAIT FINANCIAL TRUST,left,25,3569
RATE,BANKRATE INC,left,4,3873
RAVN,RAVEN INDUSTRIES INC,left,25,4276
RAX,RACKSPACE HOSTING INC,left,25,3064
RBC,REGAL BELOIT CORP,left,25,1449
RBCAA,REPUBLIC BANCORP INC KY,left,25,3569
RCAP,RCS CAPITAL CORP,left,25,4882
RCII,RENT A CENTER INC,left,25,3064
RCL,ROYAL CARIBBEAN CRUISES,left,26,3064
RCPT,RECEPTOS INC,left,25,1045
RDC,ROWAN COMPANIES PLC,left,26,2963
RDEN,ELIZABETH ARDEN INC,left,11,743
RDI,READING INTERNATIONAL,left,25,5084
RDN,RADIAN GROUP INC,left,25,3165
RDNT,RADNET INC,left,25,3468
RDUS,RADIUS HEALTH INC,left,25,3368
RE,EVEREST RE GROUP LTD,left,11,3569
RECN,RESOURCES CONNECTION,left,25,4074
REG,REGENCY CENTERS CORP,left,25,1651
REGI,RENEWABLE ENER GROUP IN,left,25,2963
REGN,REGENERON PHARMACEUTICA,left,25,1752
REI,RING ENERGY INC,left,26,944
REIS,REIS INC,left,25,2358
RELY,REAL INDUSTRY INC,left,25,5185
REMY,REMY INTL INC,left,25,2661
RENT,RENTRAK CORP,left,25,3267
RES,RPC INC,left,26,3267
RESI,ALTISOURCE RESIDENTIAL,left,2,3670
REV,REVLON INC,left,25,4781
REX,REX AMERICAN RESOURCES,left,25,4882
REXI,RESOURCE AMERICA INC,left,25,3873
REXR,REXFORD INDUSTRIAL RLTY,left,25,5084
REXX,REX ENERGY CORP,left,25,4983
RF,REGIONS FINANCIAL CORP,left,25,1954
RGA,REINSURANCE GRP OF AMER,left,25,2257
RGC,REGAL ENTMT GROUP,left,25,1550
RGEN,REPLIGEN CORP,left,25,3368
RGLD,ROYAL GOLD INC,left,26,3165
RGLS,REGULUS THERAPEUTICS,left,25,2156
RGR,STURM RUGER & CO INC,left,28,1752
RGS,REGIS CORP,left,25,2055
RH,RESTORATION HARDWARE,left,25,4175
RHI,ROBERT HALF INTL INC,left,26,1550
RHP,RYMAN HOSPITALITY PPTYS,left,26,4781
RHT,RED HAT INC,left,25,1146
RICE,RICE ENERGY INC,left,26,641
RIGL,RIGEL PHARMACEUTICALS,left,26,743
RJET,REPUBLIC AIRWAYS HLD,left,25,3468
RJF,RAYMOND JAMES FINANCIAL,left,25,4377
RKDA,ARCADIA BIOSCIENCES INC,left,3,3873
RKT,ROCK-TENN CO,left,26,1752
RKUS,RUCKUS WIRELESS INC,left,26,4074
RL,RALPH LAUREN CORP,left,25,3771
RLGT,RADIANT LOGISTICS INC,left,25,3267
RLGY,REALOGY HOLDINGS CORP,left,25,743
RLI,RLI CORP,left,26,1247
RLJ,RLJ LODGING TR,left,26,1348
RLYP,RELYPSA INC,left,25,2560
RM,REGIONAL MGMT CORP,left,25,1852
RMAX,RE/MAX HOLDINGS INC,left,25,4983
RMBS,RAMBUS INC,left,25,3873
RMD,RESMED INC,left,25,3771
RMTI,ROCKWELL MEDICAL INC,left,26,2055
RNET,RIGNET INC,left,26,843
RNG,RINGCENTRAL INC,left,26,1045
RNR,RENAISSANCERE HOLDINGS,left,25,2762
RNST,RENASANT CORP,left,25,2863
RNWK,REALNETWORKS INC,left,25,641
ROCK,GIBRALTAR INDUSTRIES IN,left,13,4377
ROG,ROGERS CORP,left,26,2257
ROIC,RETAIL OPPORTUNITY INVT,left,25,4276
ROK,ROCKWELL AUTOMATION INC,left,26,1852
ROL,ROLLINS INC,left,26,2358
ROLL,RBC BEARINGS INC,left,25,4781
ROP,ROPER TECHNOLOGIES INC,left,26,2458
ROSE,ROSETTA RESOURCES INC,left,26,2560
ROST,ROSS STORES INC,left,26,2661
ROVI,ROVI CORPORATION,left,26,2863
ROX,CASTLE BRANDS INC,left,6,4377
RP,REALPAGE INC,left,25,843
RPAI,RETAIL PPTYS AMER INC,left,25,4377
RPM,RPM INTERNATIONAL INC,left,26,3368
RPT,RAMCO-GERSHENSON PPTYS,left,25,3973
RPTP,RAPTOR PHARMACEUTICAL,left,25,4175
RPXC,RPX CORP,left,26,3468
RRC,RANGE RESOURCES CORP,left,25,4074
RRD,DONNELLEY R R & SONS CO,left,10,3973
RRGB,RED ROBIN GOURMET BURGE,left,25,1247
RRTS,ROADRUNNER TRNSN SVCS,left,26,1449
RS,RELIANCE STEEL & ALUM,left,25,2458
RSE,ROUSE PROPERTIES INC,left,26,2762
RSG,REPUBLIC SERVICES INC,left,25,3670
RSO,RESOURCE CAPITAL CORP,left,25,3973
RSPP,RSP PERMIAN INC,left,26,3569
RSTI,ROFIN SINAR TECHNOLOGIE,left,26,2156
RT,RUBY TUESDAY INC,left,26,3973
RTEC,RUDOLPH TECHNOLOGIES IN,left,26,4175
RTI,RTI INTERNATIONAL METAL,left,26,3670
RTIX,RTI SURGICAL INC,left,26,3771
RTK,RENTECH INC,left,25,3165
RTN,RAYTHEON CO,left,25,4680
RTRX,RETROPHIN INC,left,25,4579
RUBI,RUBICON PROJ INC,left,26,3873
RUSHA,RUSH ENTERPRISES INC,left,26,4276
RUTH,RUTH'S HOSPITALITY GROU,left,26,4377
RVNC,REVANCE THERAPEUTICS IN,left,25,4680
RWT,REDWOOD TRUST INC,left,25,1348
RXDX,IGNYTA INC,left,16,1752
RXN,REXNORD CORP,left,25,5185
RYAM,RAYONIER ADV MATERIALS,left,25,4479
RYI,RYERSON HOLDING CORP,left,26,4579
RYL,RYLAND GROUP INC,left,26,4680
RYN,RAYONIER INC,left,25,4579
S,SPRINT CORP,left,28,1247
SAAS,INCONTACT INC,left,16,3468
SABR,SABRE CORP,left,26,5084
SAFM,SANDERSON FARMS INC,left,26,1449
SAFT,SAFETY INSURANCE GRP IN,left,26,641
SAGE,SAGE THERAPEUTICS INC,left,26,843
SAH,SONIC AUTOMOTIVE INC,left,27,2661
SAIA,SAIA INC,left,26,1045
SAIC,SCIENCE APPLICATIONS IN,left,26,3670
SALE,RETAILMENOT INC,left,25,4479
SALT,SCORPIO BULKERS INC,left,26,3973
SAM,BOSTON BEER INC,left,5,2661
SANM,SANMINA CORPORATION,left,26,2055
SASR,SANDY SPRING BANCORP,left,26,1752
SATS,ECHOSTAR CORP,left,10,4175
SAVE,SPIRIT AIRLS INC,left,28,641
SB,SAFE BULKERS INC,left,26,5185
SBAC,SBA COMMUNICATIONS CORP,left,26,2560
SBCF,SEACOAST BANKING CORP F,left,26,4680
SBGI,SINCLAIR BROADCAST GROU,left,27,5084
SBH,SALLY BEAUTY HOLDINGS,left,26,1247
SBNY,SIGNATURE BANK,left,27,4074
SBRA,SABRA HEALTH CARE REIT,left,26,4983
SBSI,SOUTHSIDE BANCSHARES IN,left,27,3670
SBUX,STARBUCKS CORP,left,28,3064
SBY,SILVER BAY RLTY TR CORP,left,27,4579
SC,SANTANDER CNSMR USA HLD,left,26,2156
SCAI,SURGICAL CARE AFFILIATE,left,28,3670
SCCO,SOUTHERN COPPER CORP,left,27,3569
SCG,SCANA CORP,left,26,2661
SCHL,SCHOLASTIC CORP,left,26,3165
SCHN,SCHNITZER STEEL INDS,left,26,3064
SCHW,SCHWAB CHARLES CORP,left,26,3368
SCI,SERVICE CORP INTL,left,27,2156
SCL,STEPAN CO,left,28,4479
SCLN,SCICLONE PHARMACEUTICAL,left,26,3569
SCMP,SUCAMPO PHARMA,left,28,1852
SCOR,COMSCORE INC,left,8,1651
SCS,STEELCASE INC,left,28,4074
SCSC,SCANSOURCE INC,left,26,2762
SCSS,SELECT COMFORT CORP,left,27,843
SCTY,SOLARCITY CORP,left,27,2257
SCVL,SHOE CARNIVAL INC,left,27,3267
SD,SANDRIDGE ENERGY INC,left,26,1651
SDRL,SEADRILL LIMITED,left,26,4882
SE,SPECTRA ENERGY CORP,left,27,4781
SEAC,SEACHANGE INTERNATIONAL,left,26,4579
SEB,SEABOARD CORP,left,26,4479
SEE,SEALED AIR CORP,left,26,4983
SEIC,SEI INVESTMENTS CO,left,27,743
SEM,SELECT MEDICAL HOLDINGS,left,27,1045
SEMG,SEMGROUP CORP,left,27,1247
SENEA,SENECA FOODS CORP,left,27,1550
SERV,SERVICEMASTER GLOBAL,left,27,2257
SF,STIFEL FINANCIAL CORP,left,28,4983
SFBS,SERVISFIRST BANCSHARES,left,27,2560
SFG,STANCORP FINANCIAL GROU,left,28,2458
SFL,SHIP FINANCE INTL,left,27,3165
SFLY,SHUTTERFLY INC,left,27,3468
SFM,SPROUTS FRMRS MKT INC,left,28,1348
SFNC,SIMMONS FIRST NATIONAL,left,27,4781
SFS,SMART & FINAL STORES IN,left,27,1651
SFXE,SFX ENTERTAINMENT INC,left,27,2762
SGA,SAGA COMMUNICATIONS INC,left,26,743
SGBK,STONEGATE BANK,left,28,743
SGC,SUPERIOR UNIFORM GROUP,left,28,3368
SGEN,SEATTLE GENETICS INC,left,26,5185
SGI,SILICON GRAPHICS INTL,left,27,4377
SGM,STONEGATE MORTGAGE CORP,left,28,843
SGMO,SANGAMO BIOSCIENCES INC,left,26,1954
SGMS,SCIENTIFIC GAMES CORP,left,26,3771
SGNT,SAGENT PHARMACEUTICALS,left,26,944
SGY,STONE ENERGY CORP,left,28,641
SGYP,SYNERGY PHARMACEUTICALS,left,28,4781
SHAK,SHAKE SHACK INC,left,27,2863
SHEN,SHENANDOAH TELECOMM CO,left,27,2963
SHLD,SEARS HOLDINGS CORP,left,26,5084
SHLM,SCHULMAN A INC,left,26,3267
SHO,SUNSTONE HOTEL INVS INC,left,28,2863
SHOO,MADDEN STEVEN LTD,left,19,3368
SHOR,SHORETEL INC,left,27,3368
SHW,SHERWIN WILLIAMS CO,left,27,3064
SIAL,SIGMA ALDRICH CORP,left,27,3873
SIEN,SIENTRA INC,left,27,3670
SIG,SIGNET JEWELERS LTD,left,27,4175
SIGI,SELECTIVE INSURANCE GRP,left,27,1146
SIGM,SIGMA DESIGNS INC,left,27,3973
SIR,SELECT INCOME REIT,left,27,944
SIRI,SIRIUS XM HOLDINGS INC,left,27,5185
SIVB,SVB FINANCIAL GROUP,left,28,3973
SIX,SIX FLAGS ENTMT CORP,left,27,641
SIXD,6D GLOBAL TECHNOLOGIES,left,1,3282
SJI,SOUTH JERSEY INDUSTRIES,left,27,3267
SJM,SMUCKER J M CO,left,27,1954
SJW,SJW CORP,left,27,843
SKT,TANGER FACTORY OUTLET,left,29,1852
SKUL,SKULLCANDY INC,left,27,1045
SKX,SKECHERS USA INC,left,27,944
SKYW,SKYWEST INC,left,27,1146
SLAB,SILICON LABORATORIES IN,left,27,4479
SLB,SCHLUMBERGER LTD,left,26,2963
SLCA,U S SILICA HLDGS INC,left,30,1852
SLG,SL GREEN REALTY CORP,left,27,1348
SLGN,SILGAN HOLDINGS INC,left,27,4276
SLH,SOLERA HOLDINGS INC,left,27,2560
SLM,SLM CORP,left,27,1449
SM,SM ENERGY CO,left,27,1550
SMCI,SUPER MICRO COMPUTER IN,left,28,3064
SMG,SCOTTS MIRACLE-GRO CO,left,26,4175
SMP,STANDARD MOTOR PRODUCTS,left,28,2560
SMRT,STEIN MART INC,left,28,4175
SMTC,SEMTECH CORP,left,27,1449
SN,SANCHEZ ENERGY CORP,left,26,1348
SNA,SNAP ON INC,left,27,2055
SNAK,INVENTURE FOODS INC,left,17,843
SNBC,SUN BANCORP INC NJ,left,28,2257
SNC,STATE NATIONAL COMPANIE,left,28,3771
SNCR,SYNCHRONOSS TECHNOLOGY,left,28,4579
SNDK,SANDISK CORP,left,26,1550
SNH,SENIOR HOUSING PPTYS TR,left,27,1651
SNHY,SUN HYDRAULICS CORP,left,28,2458
SNI,SCRIPPS NTWK INTERACTIV,left,26,4377
SNMX,SENOMYX INC,left,27,1752
SNOW,INTRAWEST RSRTS HLDG IN,left,16,4882
SNPS,SYNOPSYS INC,left,28,5084
SNR,NEW SR INVT GROUP INC,left,21,2560
SNV,SYNOVUS FINANCIAL CORP,left,28,5185
SNX,SYNNEX CORP,left,28,4983
SO,SOUTHERN CO,left,27,3468
SON,SONOCO PRODUCTS CO,left,27,2863
SONC,SONIC CORP,left,27,2762
SONS,SONUS NETWORKS INC,left,27,2963
SP,SP PLUS CORPORATION,left,27,4276
SPA,SPARTON CORP,left,27,4680
SPB,SPECTRUM BRANDS HOLDING,left,27,4983
SPF,STANDARD PACIFIC CORP,left,28,2661
SPG,SIMON PROPERTY GROUP IN,left,27,4882
SPKE,SPARK ENERGY INC,left,27,4377
SPLK,SPLUNK INC,left,28,843
SPLS,STAPLES INC,left,28,2963
SPN,SUPERIOR ENERGY SERVICE,left,28,3165
SPNC,SPECTRANETICS CORP,left,27,4882
SPNS,SAPIENS INTL CORP NV,left,26,2257
SPOK,SPOK HOLDINGS INC,left,28,944
SPPI,SPECTRUM PHARMACEUTICAL,left,27,5084
SPSC,SPS COMM INC,left,28,1449
SPTN,SPARTANNASH COMPANY,left,27,4579
SPW,SPX CORP,left,28,1550
SPWH,SPORTSMANS WHSE HLDGS,left,28,1045
SPWR,SUNPOWER CORP,left,28,2762
SQBG,SEQUENTIAL BRANDS GROUP,left,27,2055
SQBK,SQUARE 1 FINL INC,left,28,1651
SQI,SCIQUEST INC,left,26,3873
SQNM,SEQUENOM INC,left,27,1954
SRC,SPIRIT RLTY CAP INC,left,28,743
SRCE,1ST SOURCE CORP,left,1,2676
SRCL,STERICYCLE INC,left,28,4579
SRDX,SURMODICS INC,left,28,3771
SRE,SEMPRA ENERGY,left,27,1348
SREV,SERVICESOURCE INTL,left,27,2458
SRI,STONERIDGE INC,left,28,944
SRNE,SORRENTO THERAPEUTICS,left,27,3064
SRPT,SAREPTA THERAPEUTICS IN,left,26,2358
SSB,SOUTH STATE CORPORATION,left,27,3368
SSD,SIMPSON MANUFACTURING,left,27,4983
SSE,SEVENTY SEVEN ENERGY,left,27,2661
SSI,STAGE STORES INC,left,28,2257
SSNC,SS&C TECHNOLOGIES HLDGS,left,28,1752
SSNI,SILVER SPRING NETWORKS,left,27,4680
SSP,SCRIPPS E W CO,left,26,4276
SSS,SOVRAN SELF STORAGE,left,27,4175
SSTK,SHUTTERSTOCK INC,left,27,3569
SSYS,STRATASYS LTD,left,28,1247
STAA,STAAR SURGICAL CO,left,28,2055
STAG,STAG INDL INC,left,28,2156
STAR,ISTAR FINANCIAL INC,left,17,2762
STAY,EXTENDED STAY AMERICA,left,12,944
STBA,S & T BANCORP INC,left,26,4882
STBZ,STATE BK FINL CORP,left,28,3670
STC,STEWART INFORMATION,left,28,4882
STCK,STOCK BUILDING SUP HLD,left,28,5185
STE,STERIS CORP,left,28,4680
STFC,STATE AUTO FINANCIAL,left,28,3569
STI,SUNTRUST BANKS INC,left,28,2963
STJ,ST JUDE MEDICAL INC,left,28,1954
STL,STERLING BANCORP,left,28,4781
STLD,STEEL DYNAMICS INC,left,28,3973
STML,STEMLINE THERAPEUTICS,left,28,4377
STMP,STAMPS COM INC,left,28,2358
STNG,SCORPIO TANKERS INC,left,26,4074
STNR,STEINER LEISURE LTD,left,28,4276
STOR,STORE CAPITAL CORP,left,28,1045
STR,QUESTAR CORP,left,25,2560
STRA,STRAYER EDUCATION INC,left,28,1550
STRP,STRAIGHT PATH COMM INC,left,28,1146
STRT,STRATTEC SEC CORP,left,28,1449
STRZA,STARZ,left,28,3468
STT,STATE STREET CORP,left,28,3873
STWD,STARWOOD PPTY TRUST INC,left,28,3267
STZ,CONSTELLATION BRANDS,left,8,3468
SUBK,SUFFOLK BANCORP,left,28,1954
SUI,SUN COMMUNITIES INC,left,28,2358
SUM,SUMMIT MATLS INC,left,28,2156
SUNE,SUNEDISON INC,left,28,2661
SUP,SUPERIOR INDUSTRIES INT,left,28,3267
SUPN,SUPERNUS PHARMACEUTICAL,left,28,3468
SUSQ,SUSQUEHANNA BANCSHARES,left,28,3873
SVU,SUPERVALU INC,left,28,3569
SWAY,STARWOOD WAYPOINT TRUST,left,28,3368
SWC,STILLWATER MINING CO,left,28,5084
SWFT,SWIFT TRANSN CO,left,28,4074
SWHC,SMITH & WESSON HOLDING,left,27,1752
SWI,SOLARWINDS INC,left,27,2358
SWK,STANLEY BLACK & DECKER,left,28,2863
SWKS,SKYWORKS SOLUTIONS INC,left,27,1247
SWM,SCHWEITZER-MAUDUIT INTL,left,26,3468
SWN,SOUTHWESTERN ENERGY CO,left,27,4074
SWX,SOUTHWEST GAS CORP,left,27,3973
SXC,SUNCOKE ENERGY INC,left,28,2560
SXI,STANDEX INTERNATIONAL,left,28,2762
SXT,SENSIENT TECHNOLOGIES,left,27,1852
SYA,SYMETRA FINANCIAL CORP,left,28,4377
SYF,SYNCHRONY FINANCIAL,left,28,4680
SYK,STRYKER CORP,left,28,1651
SYKE,SYKES ENTERPRISES INC,left,28,4175
SYMC,SYMANTEC CORP,left,28,4276
SYNA,SYNAPTICS INC,left,28,4479
SYNT,SYNTEL INC,left,29,641
SYRG,SYNERGY RES CORP,left,28,4882
SYUT,SYNUTRA INTL INC,left,29,743
SYX,SYSTEMAX INC,left,29,944
SYY,SYSCO CORP,left,29,843
SZMK,SIZMEK INC,left,27,743
SZYM,SOLAZYME INC,left,27,2458
T,AT&T INC,left,4,3368
TAHO,TAHOE RES INC,left,29,1247
TAL,TAL INTERNATIONAL GROUP,left,29,1449
TAP,MOLSON COORS BREWING CO,left,20,2156
TASR,TASER INTL INC,left,29,2257
TAST,CARROLS RESTAURANT GRP,left,6,3569
TAT,TRANSATLANTIC PETROLEUM,left,30,1651
TAX,LIBERTY TAX INC,left,18,2963
TBBK,BANCORP INC,left,4,2963
TBI,TRUEBLUE INC,left,30,4579
TBK,TRIUMPH BANCORP INC,left,30,4175
TBNK,TERRITORIAL BANCORP INC,left,29,5084
TBPH,THERAVANCE BIOPHARMA IN,left,29,2458
TBRA,TOBIRA THERAPEUTICS INC,left,29,4882
TCB,TCF FINANCIAL CORP,left,29,2560
TCBI,TEXAS CAPITAL BANCSHARE,left,29,1247
TCBK,TRICO BANCSHARES,left,30,3267
TCO,TAUBMAN CENTERS INC,left,29,2358
TCS,THE CONTAINER STORE GRP,left,29,2055
TDC,TERADATA CORP,left,29,4579
TDG,TRANSDIGM GROUP INC,left,30,1752
TDS,TELEPHONE & DATA SYSTEM,left,29,3973
TDW,TIDEWATER INC,left,29,3368
TDY,TELEDYNE TECHNOLOGIES,left,29,3670
TE,TECO ENERGY INC,left,29,3165
TECD,TECH DATA CORP,left,29,2963
TECH,BIO-TECHNE CORP,left,5,4074
TEG,INTEGRYS ENERGY GROUP,left,16,2358
TEN,TENNECO INC,left,29,4479
TER,TERADYNE INC,left,29,4680
TERP,TERRAFORM POWER INC,left,29,4882
TEX,TEREX CORP,left,29,4781
TFM,FRESH MARKET INC,left,13,4074
TFSL,TFS FINL CORP,left,29,1852
TFX,TELEFLEX INC,left,29,3771
TG,TREDEGAR CORP,left,30,2458
TGH,TEXTAINER GROUP HLDGS,left,29,1550
TGI,TRIUMPH GROUP INC,left,30,4276
TGT,TARGET CORP,left,29,2156
TGTX,TG THERAPEUTICS INC,left,29,1954
THC,TENET HEALTHCARE CORP,left,29,4276
THFF,FIRST FINANCIAL CORP,left,12,2055
THG,HANOVER INSURANCE GROUP,left,14,3468
THLD,THRESHOLD PHARMACEUTICA,left,29,3267
THO,THOR INDUSTRIES INC,left,29,3064
THOR,THORATEC CORP,left,29,3165
THR,THERMON GROUP HLDGS INC,left,29,2762
THRM,GENTHERM INC,left,13,3569
THRX,THERAVANCE INC,left,29,2560
THS,TREEHOUSE FOODS INC,left,30,2560
TIF,TIFFANY & CO,left,29,3468
TILE,INTERFACE INC,left,16,3368
TIME,TIME INC,left,29,3771
TIPT,TIPTREE FINANCIAL INC,left,29,4276
TIS,ORCHIDS PAPER PRODS COM,left,22,5084
TISI,TEAM INC,left,29,2863
TITN,TITAN MACHINERY INC,left,29,4479
TIVO,TIVO INC,left,29,4579
TJX,TJX COMPANIES INC,left,29,4680
TK,TEEKAY CORP,left,29,3267
TKAI,TOKAI PHARMACEUTICALS,left,29,4983
TKR,TIMKEN CO,left,29,4074
TLMR,TALMER BANCORP INC,left,29,1651
TLN,TALEN ENERGY CORP,left,29,1550
TLYS,TILLYS INC,left,29,3670
TMH,TEAM HEALTH HOLDINGS IN,left,29,2762
TMHC,TAYLOR MORRISON HOME,left,29,2458
TMK,TORCHMARK CORP,left,30,641
TMO,THERMO FISHER SCIENTIFI,left,29,2661
TMP,TOMPKINS FINANCIAL CORP,left,29,5185
TMST,TIMKENSTEEL CORPORATION,left,29,4175
TMUS,T-MOBILE US INC,left,29,4781
TNAV,TELENAV INC,left,29,3873
TNC,TENNANT CO,left,29,4377
TNDM,TANDEM DIABETES CARE IN,left,29,1752
TNET,TRINET GROUP INC,left,30,3569
TNGO,TANGOE INC,left,29,1954
TNK,TEEKAY TANKERS LTD,left,29,3368
TOL,TOLL BROTHERS INC,left,29,5084
TOWN,TOWNEBANK PORTSMOUTH VA,left,30,1247
TOWR,TOWER INTERNATIONAL INC,left,30,1045
TPC,TUTOR PERINI CORP,left,30,843
TPH,TRI POINTE HOMES INC,left,30,2863
TPLM,TRIANGLE PETE CORP,left,30,2963
TPRE,THIRD POINT REINSURANCE,left,29,2863
TPUB,TRIBUNE PUBG CO,left,30,3165
TPX,TEMPUR SEALY INTL INC,left,29,4175
TRAK,DEALERTRACK TECHNOLOGIE,left,9,3165
TRC,TEJON RANCH CO,left,29,3468
TRCO,TRIBUNE MEDIA CO,left,30,3064
TREC,TRECORA RESOURCES,left,30,2358
TREE,LENDINGTREE INC,left,18,1146
TREX,TREX INC,left,30,2762
TRGP,TARGA RESOURCES INC,left,29,2055
TRI,THOMSON REUTERS CORP,left,29,2963
TRIP,TRIPADVISOR INC,left,30,3873
TRK,SPEEDWAY MOTORSPORTS IN,left,27,5185
TRMB,TRIMBLE NAVIGATION LTD,left,30,3468
TRMK,TRUSTMARK CORP,left,30,4983
TRN,TRINITY INDUSTRIES INC,left,30,3670
TRNO,TERRENO REALTY CORP,left,29,4983
TRNX,TORNIER NV,left,30,743
TROV,TROVAGENE INC,left,30,4479
TROW,PRICE T ROWE GROUP INC,left,24,2358
TROX,TRONOX LTD,left,30,4377
TRR,TRC COS INC,left,30,2257
TRS,TRIMAS CORP,left,30,3368
TRST,TRUSTCO BANK CORP NY,left,30,4882
TRUE,TRUECAR INC,left,30,4680
TRUP,TRUPANION INC,left,30,4781
TRV,TRAVELERS COS INC,left,30,1954
TRVN,TREVENA INC,left,30,2661
TRXC,TRANSENTERIX INC,left,30,1852
TSC,TRISTATE CAP HLDGS INC,left,30,4074
TSCO,TRACTOR SUPPLY CO,left,30,1449
TSE,TRINSEO SA,left,30,3771
TSLA,TESLA MTRS INC,left,29,641
TSN,TYSON FOODS INC,left,30,1449
TSO,TESORO CORP,left,29,743
TSQ,TOWNSQUARE MEDIA INC,left,30,1348
TSRA,TESSERA TECHNOLOGIES IN,left,29,843
TSRE,TRADE STREET RESIDENTIA,left,30,1550
TSRO,TESARO INC,left,29,5185
TSS,TOTAL SYSTEM SERVICES,left,30,944
TSYS,TELECOMMUNICATION SYSTE,left,29,3569
TTC,TORO CO,left,30,843
TTEC,TELETECH HOLDINGS INC,left,29,4074
TTEK,TETRA TECH INC,left,29,944
TTGT,TECHTARGET INC,left,29,3064
TTI,TETRA TECHNOLOGIES INC,left,29,1045
TTMI,TTM TECHNOLOGIES INC,left,30,5084
TTOO,T2 BIOSYSTEMS INC,left,29,1045
TTPH,TETRAPHASE PHARMA INC,left,29,1146
TTS,TILE SHOP HLDGS INC,left,29,3569
TTWO,TAKE-TWO INTERACTIVE,left,29,1348
TUBE,TUBEMOGUL INC,left,30,5185
TUMI,TUMI HLDGS INC,left,30,641
TUP,TUPPERWARE BRANDS CORP,left,30,743
TVPT,TRAVELPORT WORLDWIDE LT,left,30,2055
TW,TOWERS WATSON & COMPANY,left,30,1146
TWC,TIME WARNER CABLE INC,left,29,3873
TWI,TITAN INTERNATIONAL INC,left,29,4377
TWIN,TWIN DISC INC,left,30,944
TWO,TWO HBRS INVT CORP,left,30,1146
TWOU,2U INC,left,1,2978
TWTR,TWITTER INC,left,30,1045
TWX,TIME WARNER INC,left,29,3973
TXMD,THERAPEUTICSMD INC,left,29,2358
TXN,TEXAS INSTRUMENTS INC,left,29,1348
TXRH,TEXAS ROADHOUSE INC,left,29,1449
TXT,TEXTRON INC,left,29,1651
TXTR,TEXTURA CORPORATION,left,29,1752
TYC,TYCO INTERNATIONAL PLC,left,30,1247
TYL,TYLER TECHNOLOGIES INC,left,30,1348
TYPE,MONOTYPE IMAGING HLDG,left,20,2963
TZOO,TRAVELZOO INC,left,30,2156
UA,UNDER ARMOUR INC,left,30,3368
UACL,UNIVERSAL TRUCKLOAD SVC,left,31,2257
UAL,UNITED CONTINENTAL HLDG,left,30,4479
UAM,UNIVERSAL AMERICAN CORP,left,31,1348
UBA,URSTADT BIDDLE PPTYS IN,left,31,2863
UBNK,UNITED FINANCIAL BANCOR,left,30,4680
UBNT,UBIQUITI NETWORKS INC,left,30,1954
UBSH,UNION BANKSHARES CORP,left,30,3771
UBSI,UNITED BANKSHARES INC,left,30,4175
UCBI,UNITED COMMUNITY BANKS,left,30,4377
UCFC,UNITED CMNTY FINL CO,left,30,4276
UCTT,ULTRA CLEAN HOLDINGS IN,left,30,2560
UDF,UNITED DEV FDG IV,left,30,4579
UDR,UDR INC,left,30,2055
UE,URBAN EDGE PROPERTIES,left,31,2661
UEC,URANIUM ENERGY CORP,left,31,2560
UEIC,UNIVERSAL ELECTRONICS,left,31,1651
UFCS,UNITED FIRE GROUP INC,left,30,4781
UFI,UNIFI INC,left,30,3468
UFPI,UNIVERSAL FOREST PRODS,left,31,1752
UFS,DOMTAR CORPORATION,left,10,3670
UGI,UGI CORP,left,30,2156
UHAL,AMERCO,left,2,4983
UHS,UNIVERSAL HEALTH SVCS,left,31,1954
UHT,UNIVERSAL HEALTH REALTY,left,31,1852
UIHC,UNITED INS HLDGS CORP,left,30,4882
UIL,UIL HOLDINGS CORP,left,30,2257
UIS,UNISYS CORP,left,30,3973
ULTA,ULTA SALON COSMETICS,left,30,2358
ULTI,ULTIMATE SOFTWARE GROUP,left,30,2458
ULTR,ULTRAPETROL BAHAMAS LTD,left,30,2863
UMBF,UMB FINANCIAL CORP,left,30,3064
UMH,UMH PROPERTIES INC,left,30,3165
UMPQ,UMPQUA HOLDINGS CORP,left,30,3267
UNF,UNIFIRST CORP MASS,left,30,3569
UNFI,UNITED NATURAL FOODS IN,left,30,4983
UNH,UNITEDHEALTH GROUP INC,left,31,1146
UNIS,UNILIFE CORP,left,30,3670
UNM,UNUM GROUP,left,31,2458
UNP,UNION PACIFIC CORP,left,30,3873
UNT,UNIT CORP,left,30,4074
UNTD,UNITED ONLINE INC,left,30,5084
UPL,ULTRA PETROLEUM CORP,left,30,2661
UPS,UNITED PARCEL SERVICE,left,30,5185
URBN,URBAN OUTFITTERS INC,left,31,2762
USAK,USA TRUCK INC,left,31,3165
USB,US BANCORP,left,31,2963
USCR,U S CONCRETE INC,left,30,1550
USG,U S G CORP,left,30,1651
USLM,UNITED STATES LIME & MI,left,31,743
USM,UNITED STATES CELLULAR,left,31,641
USNA,USANA HEALTH SCIENCES,left,31,3267
USPH,U S PHYSICAL THERAPY IN,left,30,1752
UTEK,ULTRATECH INC,left,30,2963
UTHR,UNITED THERAPEUTICS,left,31,1045
UTI,UNIVERSAL TECHNICAL INS,left,31,2156
UTIW,UTI WORLDWIDE INC,left,31,3468
UTL,UNITIL CORP,left,31,1247
UTMD,UTAH MED PRODS INC,left,31,3368
UTX,UNITED TECHNOLOGIES,left,31,944
UUUU,ENERGY FUELS INC,left,11,3064
UVE,UNIVERSAL INSURANCE,left,31,2055
UVSP,UNIVEST CORP OF PENN,left,31,2358
UVV,UNIVERSAL CORP,left,31,1449
V,VISA INC,left,31,3368
VA,VIRGIN AMERICA INC,left,31,2863
VAC,MARRIOTT VAC WORLD CORP,left,19,1247
VAL,VALSPAR CORP,left,31,4276
VAR,VARIAN MEDICAL SYSTEMS,left,31,4579
VASC,VASCULAR SOLUTIONS INC,left,31,4882
VC,VISTEON CORP,left,31,3771
VCRA,VOCERA COMMUNICATIONS,left,31,4479
VCYT,VERACYTE INC,left,31,1045
VDSI,VASCO DATA SECURITY INT,left,31,4781
VECO,VEECO INSTRUMENTS INC,left,31,641
VEEV,VEEVA SYSTEMS INC,left,31,743
VFC,V F CORP,left,31,3569
VG,VONAGE HLDGS CORP,left,31,4680
VGR,VECTOR GROUP LTD,left,31,5084
VHC,VIRNETX HOLDING CORP,left,31,2963
VHI,VALHI INC,left,31,3873
VIA,VIACOM INC CL A,left,31,2055
VIAB,VIACOM INC CL B,left,31,2156
VICR,VICOR CORP,left,31,2458
VIRT,VIRTU FINL INC,left,31,3064
VISI,VOLT INFORMATION SCIENC,left,31,4579
VIVO,MERIDIAN BIOSCIENCE INC,left,20,2458
VLGEA,VILLAGE SUPER MARKET IN,left,31,2560
VLO,VALERO ENERGY CORP,left,31,3771
VLY,VALLEY NATIONAL BANCORP,left,31,4074
VMC,VULCAN MATERIALS CO,left,31,5185
VMEM,VIOLIN MEMORY INC,left,31,2762
VMI,VALMONT INDUSTRIES INC,left,31,4175
VMW,VMWARE INC,left,31,4377
VNCE,VINCE HOLDING CORP,left,31,2661
VNDA,VANDA PHARMACEUTICALS,left,31,4377
VNO,VORNADO REALTY TRUST,left,31,4781
VNTV,VANTIV INC,left,31,4479
VOXX,VOXX INTERNATIONAL CORP,left,31,4882
VOYA,VOYA FINANCIAL INC,left,31,4983
VPG,VISHAY PRECISION GROUP,left,31,3569
VR,VALIDUS HOLDINGS LTD,left,31,3973
VRA,VERA BRADLEY INC,left,31,944
VRNS,VARONIS SYSTEMS INC,left,31,4680
VRNT,VERINT SYS INC,left,31,1348
VRSK,VERISK ANALYTICS INC,left,31,1550
VRSN,VERISIGN INC,left,31,1449
VRTS,VIRTUS INVESTMENT PTNRS,left,31,3165
VRTU,VIRTUSA CORP,left,31,3267
VRTV,VERITIV CORPORATION,left,31,1651
VRTX,VERTEX PHARMACEUTICALS,left,31,1954
VSAR,VERSARTIS INC,left,31,1852
VSAT,VIASAT INC,left,31,2358
VSEC,VSE CORP,left,31,5084
VSH,VISHAY INTERTECHNOLOGY,left,31,3468
VSI,VITAMIN SHOPPE INC,left,31,4074
VSLR,VIVINT SOLAR INC,left,31,4175
VSTM,VERASTEM INC,left,31,1146
VSTO,VISTA OUTDOOR INC,left,31,3670
VTAE,VITAE PHARMACEUTICALS,left,31,3873
VTL,VITAL THERAPIES INC,left,31,3973
VTR,VENTAS INC,left,31,843
VVC,VECTREN CORP,left,31,5185
VVI,VIAD CORP,left,31,2257
VVUS,VIVUS INC,left,31,4276
VZ,VERIZON COMMUNICATIONS,left,31,1752
W,WAYFAIR INC,left,32,2762
WAB,WABTEC CORP,left,32,1045
WABC,WESTAMERICA BANCORP,left,32,4781
WAC,WALTER INV MGMT CORP,left,32,1651
WAFD,WASHINGTON FED INC,left,32,1752
WAGE,WAGEWORKS INC,left,32,1247
WAIR,WESCO AIRCRAFT HLDGS IN,left,32,4175
WAL,WESTERN ALLIANCE BANCOR,left,32,4983
WASH,WASHINGTON TRUST BANCOR,left,32,1954
WAT,WATERS CORP,left,32,2257
WBA,WALGREENS BOOTS ALLIANC,left,32,1449
WBC,WABCO HOLDINGS INC,left,32,944
WBMD,WEBMD HEALTH CORP,left,32,3267
WBS,WEBSTER FINANCIAL CORP,left,32,3368
WCC,WESCO INTERNATIONAL INC,left,32,4276
WCG,WELLCARE GROUP INC,left,32,3771
WCIC,WCI COMMUNITIES INC,left,32,2863
WCN,WASTE CONNECTIONS INC,left,32,2055
WD,WALKER & DUNLOP INC,left,32,1550
WDAY,WORKDAY INC,left,32,3569
WDC,WESTERN DIGITAL CORP,left,32,5185
WDFC,WD-40 CO,left,32,2963
WDR,WADDELL & REED FINANCIA,left,32,1146
WEC,WISCONSIN ENERGY CORP,left,32,3064
WEN,THE WENDY'S COMPANY,left,29,2257
WERN,WERNER ENTERPRISES INC,left,32,3973
WETF,WISDOMTREE INVTS INC,left,32,3165
WEX,WEX INC,left,32,1045
WEYS,WEYCO GROUP INC,left,32,1146
WFC,WELLS FARGO & CO,left,32,3873
WFM,WHOLE FOODS MARKET INC,left,32,1954
WFT,WEATHERFORD INTL PLC,left,32,3064
WGL,WGL HOLDINGS INC,left,32,1348
WGO,WINNEBAGO INDUSTRIES IN,left,32,2863
WHG,WESTWOOD HOLDINGS GROUP,left,32,944
WHR,WHIRLPOOL CORP,left,32,1449
WIBC,WILSHIRE BANCORP INC,left,32,2560
WIFI,BOINGO WIRELESS INC,left,5,1852
WIN,WINDSTREAM HOLDINGS INC,left,32,2661
WINA,WINMARK CORP,left,32,2762
WIRE,ENCORE WIRE CORP,left,11,2257
WIX,WIX LTD,left,32,3267
WK,WORKIVA INC,left,32,3670
WLB,WESTMORELAND COAL CO,left,32,843
WLH,WILLIAM LYON HOMES,left,32,2156
WLK,WESTLAKE CHEMICAL CORP,left,32,743
WLL,WHITING PETROLEUM CORP,left,32,1852
WM,WASTE MGMT INC,left,32,2156
WMAR,WEST MARINE INC,left,32,4579
WMB,WILLIAMS COMPANIES INC,left,32,2358
WMC,WESTERN ASSET MTG CAP,left,32,5084
WMGI,WRIGHT MEDICAL GROUP IN,left,32,4377
WMK,WEIS MARKETS INC,left,32,3670
WMT,WAL MART STORES INC,left,32,1348
WNC,WABASH NATIONAL CORP,left,32,843
WOOF,VCA INC,left,31,4983
WOR,WORTHINGTON INDUSTRIES,left,32,4074
WPC,W P CAREY INC,left,32,641
WPG,WP GLIMCHER INC,left,32,4175
WPP,WAUSAU PAPER CORP,left,32,2661
WPX,WPX ENERGY INC,left,32,4276
WR,WESTAR ENERGY INC,left,32,4882
WRB,BERKLEY W R CORP,left,5,2156
WRE,WASHINGTON REAL ESTATE,left,32,1852
WRI,WEINGARTEN RLTY INVS,left,32,3569
WRLD,WORLD ACCEPTANCE CORP,left,32,3771
WSBC,WESBANCO INC,left,32,4074
WSBF,WATERSTONE FINANCIAL IN,left,32,2358
WSFS,WSFS FINANCIAL CORP,left,32,4479
WSM,WILLIAMS SONOMA INC,left,32,2458
WSO,WATSCO INC,left,32,2458
WSR,WHITESTONE REIT,left,32,1651
WST,WEST PHARMACEUTICAL SVC,left,32,4680
WSTC,WEST CORP,left,32,4479
WTBA,WEST BANCORPORATION INC,left,32,4377
WTFC,WINTRUST FINANCIAL CORP,left,32,2963
WTI,W&T OFFSHORE INC,left,32,743
WTM,WHITE MTNS INS GROUP LT,left,32,1550
WTR,AQUA AMERICA INC,left,3,3468
WTS,WATTS WATER TECH INC,left,32,2560
WTW,WEIGHT WATCHERS INTL IN,left,32,3468
WU,WESTERN UNION CO,left,32,641
WWAV,WHITEWAVE FOODS COMPANY,left,32,1752
WWD,WOODWARD INC,left,32,3468
WWE,WORLD WRESTLING ENTMNT,left,32,3973
WWW,WOLVERINE WORLD WIDE,left,32,3368
WWWW,WEB.COM GROUP INC,left,32,3165
WY,WEYERHAEUSER CO,left,32,1247
WYN,WYNDHAM WORLDWIDE CORP,left,32,4579
WYNN,WYNN RESORTS LTD,left,32,4680
X,UNITED STATES STEEL COR,left,31,843
XBIT,XBIOTECH INC,left,32,4781
XCO,EXCO RESOURCES INC,left,11,4680
XCRA,XCERRA CORPORATION,left,32,4983
XEC,CIMAREX ENERGY CO,left,7,3165
XEL,XCEL ENERGY INC,left,32,4882
XENT,INTERSECT ENT INC,left,16,4074
XHR,XENIA HOTELS & RESORTS,left,32,5185
XL,XL GROUP PLC,left,33,944
XLNX,XILINX INC,left,33,843
XLRN,ACCELERON PHARMA INC,left,1,2777
XNCR,XENCOR INC,left,32,5084
XOM,EXXON MOBIL CORP,left,12,1348
XOMA,XOMA CORPORATION,left,33,1146
XON,INTREXON CORP,left,16,5084
XONE,EXONE COMPANY,left,11,5084
XOOM,XOOM CORPORATION,left,33,1247
XOXO,XO GROUP INC,left,33,1045
XPO,XPO LOGISTICS INC,left,33,1348
XRAY,DENTSPLY INTERNATIONAL,left,9,4479
XRM,XERIUM TECHNOLOGIES INC,left,33,641
XRX,XEROX CORP,left,33,743
XXIA,IXIA,left,17,3165
XYL,XYLEM INC,left,33,1449
Y,ALLEGHANY CORP,left,2,1348
YDKN,YADKIN FINANCIAL CORP,left,33,1550
YDLE,YODLEE INC,left,33,1852
YELP,YELP INC,left,33,1752
YHOO,YAHOO INC,left,33,1651
YORW,YORK WATER COMPANY,left,33,1954
YRCW,YRC WORLDWIDE INC,left,33,2055
YUM,YUM! BRANDS INC,left,33,2156
Z,ZILLOW GROUP INC,left,33,1146
ZAIS,ZAIS GROUP HLDGS INC,left,33,641
ZAYO,ZAYO GROUP HOLDINGS INC,left,33,743
ZBRA,ZEBRA TECHNOLOGIES CORP,left,33,843
ZEN,ZENDESK INC,left,33,1045
ZEUS,OLYMPIC STEEL INC,left,22,1852
ZFGN,ZAFGEN INC,left,33,2257
ZGNX,ZOGENIX INC,left,33,1852
ZINC,HORSEHEAD HOLDING CORP,left,15,2863
ZION,ZIONS BANCORPORATION,left,33,1348
ZIOP,ZIOPHARM ONCOLOGY INC,left,33,1449
ZIXI,ZIX CORP,left,33,1550
ZLTQ,ZELTIQ AESTHETICS INC,left,33,944
ZMH,ZIMMER HOLDINGS INC,left,33,1247
ZNGA,ZYNGA INC,left,33,2257
ZOES,ZOES KITCHEN INC,left,33,1651
ZQK,QUIKSILVER INC,left,25,2762
ZSPH,ZS PHARMA INC,left,33,1954
ZTS,ZOETIS INC,left,33,1752
ZU,ZULILY INC,left,33,2055
ZUMZ,ZUMIEZ INC,left,33,2156
