year,effective_date,stage,action,source_type,symbol,company,industry,source_url
2026,2026-06-29,final,additions,annual_reconstitution,DIBS,1STDIBS.COM,Technology,https://www.lseg.com/content/dam/ftse-russell/en_us/documents/other/ru3000-additions-20260626.pdf
2026,2026-06-29,final,additions,annual_reconstitution,ARX,ACCELERANT HOLDINGS,Financials,https://www.lseg.com/content/dam/ftse-russell/en_us/documents/other/ru3000-additions-20260626.pdf
2026,2026-06-29,final,additions,annual_reconstitution,ACHV,ACHIEVE LIFE SCIENCES,Health Care,https://www.lseg.com/content/dam/ftse-russell/en_us/documents/other/ru3000-additions-20260626.pdf
2026,2026-06-29,final,additions,annual_reconstitution,ABOS,ACUMEN PHARMACEUTICALS,Health Care,https://www.lseg.com/content/dam/ftse-russell/en_us/documents/other/ru3000-additions-20260626.pdf
2026,2026-06-29,final,additions,annual_reconstitution,AMTX,AEMETIS,Energy,https://www.lseg.com/content/dam/ftse-russell/en_us/documents/other/ru3000-additions-20260626.pdf
2026,2026-06-29,final,additions,annual_reconstitution,AVEX,AEVEX CORP,Industrials,https://www.lseg.com/content/dam/ftse-russell/en_us/documents/other/ru3000-additions-20260626.pdf
2026,2026-06-29,final,additions,annual_reconstitution,AGEN,AGENUS INC,Health Care,https://www.lseg.com/content/dam/ftse-russell/en_us/documents/other/ru3000-additions-20260626.pdf
2026,2026-06-29,final,additions,annual_reconstitution,ALMR,ALAMAR BIOSCIENCES,Health Care,https://www.lseg.com/content/dam/ftse-russell/en_us/documents/other/ru3000-additions-20260626.pdf
2026,2026-06-29,final,additions,annual_reconstitution,ALM,ALMONTY INDUSTRIES ADR,Basic Materials,https://www.lseg.com/content/dam/ftse-russell/en_us/documents/other/ru3000-additions-20260626.pdf
2026,2026-06-29,final,additions,annual_reconstitution,ALTO,ALTO INGREDIENTS INC,Basic Materials,https://www.lseg.com/content/dam/ftse-russell/en_us/documents/other/ru3000-additions-20260626.pdf
2026,2026-06-29,final,additions,annual_reconstitution,ANRO,ALTO NEUROSCIENCE,Health Care,https://www.lseg.com/content/dam/ftse-russell/en_us/documents/other/ru3000-additions-20260626.pdf
2026,2026-06-29,final,additions,annual_reconstitution,ALXO,ALX ONCOLOGY HOLDINGS,Health Care,https://www.lseg.com/content/dam/ftse-russell/en_us/documents/other/ru3000-additions-20260626.pdf
2026,2026-06-29,final,additions,annual_reconstitution,AREC,AMERICAN RESOURCES,Energy,https://www.lseg.com/content/dam/ftse-russell/en_us/documents/other/ru3000-additions-20260626.pdf
2026,2026-06-29,final,additions,annual_reconstitution,AP,AMPCO-PITTSBURGH CORP,Basic Materials,https://www.lseg.com/content/dam/ftse-russell/en_us/documents/other/ru3000-additions-20260626.pdf
2026,2026-06-29,final,additions,annual_reconstitution,AMPY,AMPLIFY ENERGY CORP,Energy,https://www.lseg.com/content/dam/ftse-russell/en_us/documents/other/ru3000-additions-20260626.pdf
2026,2026-06-29,final,additions,annual_reconstitution,ASYS,AMTECH SYSTEMS INC,Technology,https://www.lseg.com/content/dam/ftse-russell/en_us/documents/other/ru3000-additions-20260626.pdf
2026,2026-06-29,final,additions,annual_reconstitution,ANTX,AN2 THERAPEUTICS,Health Care,https://www.lseg.com/content/dam/ftse-russell/en_us/documents/other/ru3000-additions-20260626.pdf
2026,2026-06-29,final,additions,annual_reconstitution,APC,ARKO PETROLEUM CORP,Energy,https://www.lseg.com/content/dam/ftse-russell/en_us/documents/other/ru3000-additions-20260626.pdf
2026,2026-06-29,final,additions,annual_reconstitution,ARMP,ARMATA PHARMACEUTICALS,Health Care,https://www.lseg.com/content/dam/ftse-russell/en_us/documents/other/ru3000-additions-20260626.pdf
2026,2026-06-29,final,additions,annual_reconstitution,ARTV,ARTIVA BIOTHERAPEUTICS,Health Care,https://www.lseg.com/content/dam/ftse-russell/en_us/documents/other/ru3000-additions-20260626.pdf
2026,2026-06-29,final,additions,annual_reconstitution,ASND,ASCENDIS PHARMA A/S,Health Care,https://www.lseg.com/content/dam/ftse-russell/en_us/documents/other/ru3000-additions-20260626.pdf
2026,2026-06-29,final,additions,annual_reconstitution,ASMB,ASSEMBLY BIOSCIENCES INC,Health Care,https://www.lseg.com/content/dam/ftse-russell/en_us/documents/other/ru3000-additions-20260626.pdf
2026,2026-06-29,final,additions,annual_reconstitution,ATAI,ATAIBECKLEY INC,Health Care,https://www.lseg.com/content/dam/ftse-russell/en_us/documents/other/ru3000-additions-20260626.pdf
2026,2026-06-29,final,additions,annual_reconstitution,AUGO,AURA MINERALS,Basic Materials,https://www.lseg.com/content/dam/ftse-russell/en_us/documents/other/ru3000-additions-20260626.pdf
2026,2026-06-29,final,additions,annual_reconstitution,AVTX,AVALO THERAPEUTICS,Health Care,https://www.lseg.com/content/dam/ftse-russell/en_us/documents/other/ru3000-additions-20260626.pdf
2026,2026-06-29,final,additions,annual_reconstitution,AVLN,AVALYN PHARMA,Health Care,https://www.lseg.com/content/dam/ftse-russell/en_us/documents/other/ru3000-additions-20260626.pdf
2026,2026-06-29,final,additions,annual_reconstitution,AVBC,AVIDIA BANCORP,Financials,https://www.lseg.com/content/dam/ftse-russell/en_us/documents/other/ru3000-additions-20260626.pdf
2026,2026-06-29,final,additions,annual_reconstitution,AXTI,AXT INC,Technology,https://www.lseg.com/content/dam/ftse-russell/en_us/documents/other/ru3000-additions-20260626.pdf
2026,2026-06-29,final,additions,annual_reconstitution,BW,BABCOCK & WILCOX ENT,Industrials,https://www.lseg.com/content/dam/ftse-russell/en_us/documents/other/ru3000-additions-20260626.pdf
2026,2026-06-29,final,additions,annual_reconstitution,BH.A,BIGLARI HOLDINGS A,Consumer Discretionary,https://www.lseg.com/content/dam/ftse-russell/en_us/documents/other/ru3000-additions-20260626.pdf
2026,2026-06-29,final,additions,annual_reconstitution,BMNR,BITMINE IMMERSION TECHNO,Technology,https://www.lseg.com/content/dam/ftse-russell/en_us/documents/other/ru3000-additions-20260626.pdf
2026,2026-06-29,final,additions,annual_reconstitution,BDTX,BLACK DIAMOND THERAPEUTI,Health Care,https://www.lseg.com/content/dam/ftse-russell/en_us/documents/other/ru3000-additions-20260626.pdf
2026,2026-06-29,final,additions,annual_reconstitution,BOBS,BOBS DISCOUNT FURNITURE,Consumer Discretionary,https://www.lseg.com/content/dam/ftse-russell/en_us/documents/other/ru3000-additions-20260626.pdf
2026,2026-06-29,final,additions,annual_reconstitution,BNAI,BRAND ENGAGEMENT NETWORK,Technology,https://www.lseg.com/content/dam/ftse-russell/en_us/documents/other/ru3000-additions-20260626.pdf
2026,2026-06-29,final,additions,annual_reconstitution,RILY,BRC GROUP HLDGS,Financials,https://www.lseg.com/content/dam/ftse-russell/en_us/documents/other/ru3000-additions-20260626.pdf
2026,2026-06-29,final,additions,annual_reconstitution,CCCC,C4 THERAPEUTICS,Health Care,https://www.lseg.com/content/dam/ftse-russell/en_us/documents/other/ru3000-additions-20260626.pdf
2026,2026-06-29,final,additions,annual_reconstitution,CABA,CABALETTA BIO,Health Care,https://www.lseg.com/content/dam/ftse-russell/en_us/documents/other/ru3000-additions-20260626.pdf
2026,2026-06-29,final,additions,annual_reconstitution,CAMP,CAMP4 THERAPEUTICS CORP,Health Care,https://www.lseg.com/content/dam/ftse-russell/en_us/documents/other/ru3000-additions-20260626.pdf
2026,2026-06-29,final,additions,annual_reconstitution,CSIQ,CANADIAN SOLAR INC,Energy,https://www.lseg.com/content/dam/ftse-russell/en_us/documents/other/ru3000-additions-20260626.pdf
2026,2026-06-29,final,additions,annual_reconstitution,CNTN,CANTON STRATEGIC HOLDING,Health Care,https://www.lseg.com/content/dam/ftse-russell/en_us/documents/other/ru3000-additions-20260626.pdf
2026,2026-06-29,final,additions,annual_reconstitution,CRBU,CARIBOU BIOSCIENCES,Health Care,https://www.lseg.com/content/dam/ftse-russell/en_us/documents/other/ru3000-additions-20260626.pdf
2026,2026-06-29,final,additions,annual_reconstitution,IPSC,CENTURY THERAPEUTICS,Health Care,https://www.lseg.com/content/dam/ftse-russell/en_us/documents/other/ru3000-additions-20260626.pdf
2026,2026-06-29,final,additions,annual_reconstitution,CHPT,CHARGEPOINT HOLDINGS (A),Energy,https://www.lseg.com/content/dam/ftse-russell/en_us/documents/other/ru3000-additions-20260626.pdf
2026,2026-06-29,final,additions,annual_reconstitution,CHYM,CHIME FINANCIAL,Financials,https://www.lseg.com/content/dam/ftse-russell/en_us/documents/other/ru3000-additions-20260626.pdf
2026,2026-06-29,final,additions,annual_reconstitution,CVEO,CIVEO CORP,Consumer Discretionary,https://www.lseg.com/content/dam/ftse-russell/en_us/documents/other/ru3000-additions-20260626.pdf
2026,2026-06-29,final,additions,annual_reconstitution,CCO,CLEAR CHANNEL OUTDOOR,Consumer Discretionary,https://www.lseg.com/content/dam/ftse-russell/en_us/documents/other/ru3000-additions-20260626.pdf
2026,2026-06-29,final,additions,annual_reconstitution,CLYM,CLIMB BIO INC,Health Care,https://www.lseg.com/content/dam/ftse-russell/en_us/documents/other/ru3000-additions-20260626.pdf
2026,2026-06-29,final,additions,annual_reconstitution,CVGI,COMMERCIAL VEH GROUP INC,Industrials,https://www.lseg.com/content/dam/ftse-russell/en_us/documents/other/ru3000-additions-20260626.pdf
2026,2026-06-29,final,additions,annual_reconstitution,CMTV,COMMUNITY BANCORP,Financials,https://www.lseg.com/content/dam/ftse-russell/en_us/documents/other/ru3000-additions-20260626.pdf
2026,2026-06-29,final,additions,annual_reconstitution,CHCI,COMSTOCK,Real Estate,https://www.lseg.com/content/dam/ftse-russell/en_us/documents/other/ru3000-additions-20260626.pdf
2026,2026-06-29,final,additions,annual_reconstitution,LODE,COMSTOCK INC,Basic Materials,https://www.lseg.com/content/dam/ftse-russell/en_us/documents/other/ru3000-additions-20260626.pdf
2026,2026-06-29,final,additions,annual_reconstitution,CNTB,CONNECT BIOPHARMA HOLDIN,Health Care,https://www.lseg.com/content/dam/ftse-russell/en_us/documents/other/ru3000-additions-20260626.pdf
2026,2026-06-29,final,additions,annual_reconstitution,CNTX,CONTEXT THERAPEUTICS,Health Care,https://www.lseg.com/content/dam/ftse-russell/en_us/documents/other/ru3000-additions-20260626.pdf
2026,2026-06-29,final,additions,annual_reconstitution,CTNM,CONTINEUM THERAPEUTICS,Health Care,https://www.lseg.com/content/dam/ftse-russell/en_us/documents/other/ru3000-additions-20260626.pdf
2026,2026-06-29,final,additions,annual_reconstitution,CRBP,CORBUS PHARMACEUTICALS,Health Care,https://www.lseg.com/content/dam/ftse-russell/en_us/documents/other/ru3000-additions-20260626.pdf
2026,2026-06-29,final,additions,annual_reconstitution,CRWV,COREWEAVE,Technology,https://www.lseg.com/content/dam/ftse-russell/en_us/documents/other/ru3000-additions-20260626.pdf
2026,2026-06-29,final,additions,annual_reconstitution,CBIO,CRESCENT BIOPHARMA INC,Health Care,https://www.lseg.com/content/dam/ftse-russell/en_us/documents/other/ru3000-additions-20260626.pdf
2026,2026-06-29,final,additions,annual_reconstitution,CTMX,CYTOMX THERAPEUTICS INC,Health Care,https://www.lseg.com/content/dam/ftse-russell/en_us/documents/other/ru3000-additions-20260626.pdf
2026,2026-06-29,final,additions,annual_reconstitution,DMRA,DAMORA THERAPEUTICS INC,Health Care,https://www.lseg.com/content/dam/ftse-russell/en_us/documents/other/ru3000-additions-20260626.pdf
2026,2026-06-29,final,additions,annual_reconstitution,DLO,DLOCAL,Industrials,https://www.lseg.com/content/dam/ftse-russell/en_us/documents/other/ru3000-additions-20260626.pdf
2026,2026-06-29,final,additions,annual_reconstitution,DUOT,DUOS TECHNOLOGIES GROUP,Technology,https://www.lseg.com/content/dam/ftse-russell/en_us/documents/other/ru3000-additions-20260626.pdf
2026,2026-06-29,final,additions,annual_reconstitution,EIKN,EIKON THERAPEUTICS,Health Care,https://www.lseg.com/content/dam/ftse-russell/en_us/documents/other/ru3000-additions-20260626.pdf
2026,2026-06-29,final,additions,annual_reconstitution,ELE,ELEMENTAL ROYALTY CORP (,Basic Materials,https://www.lseg.com/content/dam/ftse-russell/en_us/documents/other/ru3000-additions-20260626.pdf
2026,2026-06-29,final,additions,annual_reconstitution,ELTX,ELICIO THERAPEUTICS,Health Care,https://www.lseg.com/content/dam/ftse-russell/en_us/documents/other/ru3000-additions-20260626.pdf
2026,2026-06-29,final,additions,annual_reconstitution,ELMT,ELMET GROUP,Basic Materials,https://www.lseg.com/content/dam/ftse-russell/en_us/documents/other/ru3000-additions-20260626.pdf
2026,2026-06-29,final,additions,annual_reconstitution,WATT,ENERGOUS CORP,Industrials,https://www.lseg.com/content/dam/ftse-russell/en_us/documents/other/ru3000-additions-20260626.pdf
2026,2026-06-29,final,additions,annual_reconstitution,NRGV,ENERGY VAULT HLDGS (A),Energy,https://www.lseg.com/content/dam/ftse-russell/en_us/documents/other/ru3000-additions-20260626.pdf
2026,2026-06-29,final,additions,annual_reconstitution,ESP,ESPEY MFG & ELECTRS CORP,Industrials,https://www.lseg.com/content/dam/ftse-russell/en_us/documents/other/ru3000-additions-20260626.pdf
2026,2026-06-29,final,additions,annual_reconstitution,ESTA,ESTABLISHMENT LABS HOLDI,Health Care,https://www.lseg.com/content/dam/ftse-russell/en_us/documents/other/ru3000-additions-20260626.pdf
2026,2026-06-29,final,additions,annual_reconstitution,MRAM,EVERSPIN TECHNOLOGIES,Technology,https://www.lseg.com/content/dam/ftse-russell/en_us/documents/other/ru3000-additions-20260626.pdf
2026,2026-06-29,final,additions,annual_reconstitution,FIG,FIGMA,Technology,https://www.lseg.com/content/dam/ftse-russell/en_us/documents/other/ru3000-additions-20260626.pdf
2026,2026-06-29,final,additions,annual_reconstitution,FGBI,FIRST GUARANTY BANCSHARE,Financials,https://www.lseg.com/content/dam/ftse-russell/en_us/documents/other/ru3000-additions-20260626.pdf
2026,2026-06-29,final,additions,annual_reconstitution,FNRN,FIRST NORTHERN COMMUNITY,Financials,https://www.lseg.com/content/dam/ftse-russell/en_us/documents/other/ru3000-additions-20260626.pdf
2026,2026-06-29,final,additions,annual_reconstitution,FPS,FORGENT POWER SOLUTIONS,Industrials,https://www.lseg.com/content/dam/ftse-russell/en_us/documents/other/ru3000-additions-20260626.pdf
2026,2026-06-29,final,additions,annual_reconstitution,FBRX,FORTE BIOSCIENCES,Health Care,https://www.lseg.com/content/dam/ftse-russell/en_us/documents/other/ru3000-additions-20260626.pdf
2026,2026-06-29,final,additions,annual_reconstitution,FWDI,FORWARD INDUSTRIES INC,Industrials,https://www.lseg.com/content/dam/ftse-russell/en_us/documents/other/ru3000-additions-20260626.pdf
2026,2026-06-29,final,additions,annual_reconstitution,FOSL,FOSSIL GROUP INC,Consumer Discretionary,https://www.lseg.com/content/dam/ftse-russell/en_us/documents/other/ru3000-additions-20260626.pdf
2026,2026-06-29,final,additions,annual_reconstitution,RAIL,FREIGHTCAR AMERICA INC,Industrials,https://www.lseg.com/content/dam/ftse-russell/en_us/documents/other/ru3000-additions-20260626.pdf
2026,2026-06-29,final,additions,annual_reconstitution,FCEL,FUELCELL ENERGY INC,Energy,https://www.lseg.com/content/dam/ftse-russell/en_us/documents/other/ru3000-additions-20260626.pdf
2026,2026-06-29,final,additions,annual_reconstitution,GLXY,GALAXY DIGITAL HOLDINGS,Financials,https://www.lseg.com/content/dam/ftse-russell/en_us/documents/other/ru3000-additions-20260626.pdf
2026,2026-06-29,final,additions,annual_reconstitution,GALT,GALECTIN THERAPEUTICS,Health Care,https://www.lseg.com/content/dam/ftse-russell/en_us/documents/other/ru3000-additions-20260626.pdf
2026,2026-06-29,final,additions,annual_reconstitution,GDC,GD CULTURE GROUP LTD,Energy,https://www.lseg.com/content/dam/ftse-russell/en_us/documents/other/ru3000-additions-20260626.pdf
2026,2026-06-29,final,additions,annual_reconstitution,GEMI,GEMINI SPACE STATION,Financials,https://www.lseg.com/content/dam/ftse-russell/en_us/documents/other/ru3000-additions-20260626.pdf
2026,2026-06-29,final,additions,annual_reconstitution,GENB,GENERATE BIOMEDICINES,Health Care,https://www.lseg.com/content/dam/ftse-russell/en_us/documents/other/ru3000-additions-20260626.pdf
2026,2026-06-29,final,additions,annual_reconstitution,GFL,GFL ENVIRONMENTAL INC,Utilities,https://www.lseg.com/content/dam/ftse-russell/en_us/documents/other/ru3000-additions-20260626.pdf
2026,2026-06-29,final,additions,annual_reconstitution,GORO,GOLD RESOURCE CORP,Basic Materials,https://www.lseg.com/content/dam/ftse-russell/en_us/documents/other/ru3000-additions-20260626.pdf
2026,2026-06-29,final,additions,annual_reconstitution,GPRO,GOPRO INC,Consumer Discretionary,https://www.lseg.com/content/dam/ftse-russell/en_us/documents/other/ru3000-additions-20260626.pdf
2026,2026-06-29,final,additions,annual_reconstitution,EAF,GRAFTECH INTERNATIONAL,Basic Materials,https://www.lseg.com/content/dam/ftse-russell/en_us/documents/other/ru3000-additions-20260626.pdf
2026,2026-06-29,final,additions,annual_reconstitution,GSIT,GSI TECHNOLOGY,Technology,https://www.lseg.com/content/dam/ftse-russell/en_us/documents/other/ru3000-additions-20260626.pdf
2026,2026-06-29,final,additions,annual_reconstitution,HNGE,HINGE HEALTH,Health Care,https://www.lseg.com/content/dam/ftse-russell/en_us/documents/other/ru3000-additions-20260626.pdf
2026,2026-06-29,final,additions,annual_reconstitution,HMH,HMH HOLDING,Energy,https://www.lseg.com/content/dam/ftse-russell/en_us/documents/other/ru3000-additions-20260626.pdf
2026,2026-06-29,final,additions,annual_reconstitution,HYMC,HYCROFT MINING (A),Basic Materials,https://www.lseg.com/content/dam/ftse-russell/en_us/documents/other/ru3000-additions-20260626.pdf
2026,2026-06-29,final,additions,annual_reconstitution,HYPR,HYPERFINE,Health Care,https://www.lseg.com/content/dam/ftse-russell/en_us/documents/other/ru3000-additions-20260626.pdf
2026,2026-06-29,final,additions,annual_reconstitution,PURR,HYPERLIQUID STRATEGIES,Health Care,https://www.lseg.com/content/dam/ftse-russell/en_us/documents/other/ru3000-additions-20260626.pdf
2026,2026-06-29,final,additions,annual_reconstitution,IMMX,IMMIX BIOPHARMA,Health Care,https://www.lseg.com/content/dam/ftse-russell/en_us/documents/other/ru3000-additions-20260626.pdf
2026,2026-06-29,final,additions,annual_reconstitution,IMRX,IMMUNEERING,Health Care,https://www.lseg.com/content/dam/ftse-russell/en_us/documents/other/ru3000-additions-20260626.pdf
2026,2026-06-29,final,additions,annual_reconstitution,INFQ,INFLEQTION,Technology,https://www.lseg.com/content/dam/ftse-russell/en_us/documents/other/ru3000-additions-20260626.pdf
2026,2026-06-29,final,additions,annual_reconstitution,INFU,INFUSYSTEM HLDGS INC,Health Care,https://www.lseg.com/content/dam/ftse-russell/en_us/documents/other/ru3000-additions-20260626.pdf
2026,2026-06-29,final,additions,annual_reconstitution,VATE,INNOVATE CORP,Industrials,https://www.lseg.com/content/dam/ftse-russell/en_us/documents/other/ru3000-additions-20260626.pdf
2026,2026-06-29,final,additions,annual_reconstitution,ISSC,INNOVATIVE SOLUTIONS,Industrials,https://www.lseg.com/content/dam/ftse-russell/en_us/documents/other/ru3000-additions-20260626.pdf
2026,2026-06-29,final,additions,annual_reconstitution,IDN,INTELLICHECK INC,Technology,https://www.lseg.com/content/dam/ftse-russell/en_us/documents/other/ru3000-additions-20260626.pdf
2026,2026-06-29,final,additions,annual_reconstitution,INTT,INTEST CORP,Technology,https://www.lseg.com/content/dam/ftse-russell/en_us/documents/other/ru3000-additions-20260626.pdf
2026,2026-06-29,final,additions,annual_reconstitution,IVVD,INVIVYD INC,Health Care,https://www.lseg.com/content/dam/ftse-russell/en_us/documents/other/ru3000-additions-20260626.pdf
2026,2026-06-29,final,additions,annual_reconstitution,IREN,IREN LIMITED,Technology,https://www.lseg.com/content/dam/ftse-russell/en_us/documents/other/ru3000-additions-20260626.pdf
2026,2026-06-29,final,additions,annual_reconstitution,ISBA,ISABELLA BANK CORP,Financials,https://www.lseg.com/content/dam/ftse-russell/en_us/documents/other/ru3000-additions-20260626.pdf
2026,2026-06-29,final,additions,annual_reconstitution,JAN,JANUS LIVING INC,Real Estate,https://www.lseg.com/content/dam/ftse-russell/en_us/documents/other/ru3000-additions-20260626.pdf
2026,2026-06-29,final,additions,annual_reconstitution,JBS,JBS NV1,Consumer Staples,https://www.lseg.com/content/dam/ftse-russell/en_us/documents/other/ru3000-additions-20260626.pdf
2026,2026-06-29,final,additions,annual_reconstitution,FROG,JFROG,Technology,https://www.lseg.com/content/dam/ftse-russell/en_us/documents/other/ru3000-additions-20260626.pdf
2026,2026-06-29,final,additions,annual_reconstitution,KLRA,KAILERA THERAPEUTICS,Health Care,https://www.lseg.com/content/dam/ftse-russell/en_us/documents/other/ru3000-additions-20260626.pdf
2026,2026-06-29,final,additions,annual_reconstitution,KPTI,KARYOPHARM THERAPEUTICS,Health Care,https://www.lseg.com/content/dam/ftse-russell/en_us/documents/other/ru3000-additions-20260626.pdf
2026,2026-06-29,final,additions,annual_reconstitution,KEEL,KEEL INFRASTRUCTURE CORP,Technology,https://www.lseg.com/content/dam/ftse-russell/en_us/documents/other/ru3000-additions-20260626.pdf
2026,2026-06-29,final,additions,annual_reconstitution,KNSA,KINIKSA PHARMACEUTIC (A),Health Care,https://www.lseg.com/content/dam/ftse-russell/en_us/documents/other/ru3000-additions-20260626.pdf
2026,2026-06-29,final,additions,annual_reconstitution,KVYO,KLAVIYO INC,Technology,https://www.lseg.com/content/dam/ftse-russell/en_us/documents/other/ru3000-additions-20260626.pdf
2026,2026-06-29,final,additions,annual_reconstitution,KORE,KORE GROUP HOLDINGS (A),Technology,https://www.lseg.com/content/dam/ftse-russell/en_us/documents/other/ru3000-additions-20260626.pdf
2026,2026-06-29,final,additions,annual_reconstitution,KVHI,KVH INDUSTRIES INC,Telecommunications,https://www.lseg.com/content/dam/ftse-russell/en_us/documents/other/ru3000-additions-20260626.pdf
2026,2026-06-29,final,additions,annual_reconstitution,KYTX,KYVERNA THERAPEUTICS,Health Care,https://www.lseg.com/content/dam/ftse-russell/en_us/documents/other/ru3000-additions-20260626.pdf
2026,2026-06-29,final,additions,annual_reconstitution,LTRX,LANTRONIX INC,Telecommunications,https://www.lseg.com/content/dam/ftse-russell/en_us/documents/other/ru3000-additions-20260626.pdf
2026,2026-06-29,final,additions,annual_reconstitution,LNZA,LANZATECH GLOBAL,Basic Materials,https://www.lseg.com/content/dam/ftse-russell/en_us/documents/other/ru3000-additions-20260626.pdf
2026,2026-06-29,final,additions,annual_reconstitution,LEE,LEE ENTERPRISES INC,Consumer Discretionary,https://www.lseg.com/content/dam/ftse-russell/en_us/documents/other/ru3000-additions-20260626.pdf
2026,2026-06-29,final,additions,annual_reconstitution,LXRX,LEXICON PHARMACEUTICALS,Health Care,https://www.lseg.com/content/dam/ftse-russell/en_us/documents/other/ru3000-additions-20260626.pdf
2026,2026-06-29,final,additions,annual_reconstitution,LCUT,LIFETIME BRANDS INC,Consumer Discretionary,https://www.lseg.com/content/dam/ftse-russell/en_us/documents/other/ru3000-additions-20260626.pdf
2026,2026-06-29,final,additions,annual_reconstitution,LPTH,LIGHTPATH TECHNOLOGIES,Industrials,https://www.lseg.com/content/dam/ftse-russell/en_us/documents/other/ru3000-additions-20260626.pdf
2026,2026-06-29,final,additions,annual_reconstitution,LWLG,LIGHTWAVE LOGIC INC,Telecommunications,https://www.lseg.com/content/dam/ftse-russell/en_us/documents/other/ru3000-additions-20260626.pdf
2026,2026-06-29,final,additions,annual_reconstitution,LCTX,LINEAGE CELL THERAPEUTIC,Health Care,https://www.lseg.com/content/dam/ftse-russell/en_us/documents/other/ru3000-additions-20260626.pdf
2026,2026-06-29,final,additions,annual_reconstitution,LYEL,LYELL IMMUNOPHARMA,Health Care,https://www.lseg.com/content/dam/ftse-russell/en_us/documents/other/ru3000-additions-20260626.pdf
2026,2026-06-29,final,additions,annual_reconstitution,MGNX,MACROGENICS INC,Health Care,https://www.lseg.com/content/dam/ftse-russell/en_us/documents/other/ru3000-additions-20260626.pdf
2026,2026-06-29,final,additions,annual_reconstitution,MUX,MCEWEN INC,Basic Materials,https://www.lseg.com/content/dam/ftse-russell/en_us/documents/other/ru3000-additions-20260626.pdf
2026,2026-06-29,final,additions,annual_reconstitution,NERV,MINERVA NEUROSCIENCES,Health Care,https://www.lseg.com/content/dam/ftse-russell/en_us/documents/other/ru3000-additions-20260626.pdf
2026,2026-06-29,final,additions,annual_reconstitution,MMED,MINIMED GROUP,Health Care,https://www.lseg.com/content/dam/ftse-russell/en_us/documents/other/ru3000-additions-20260626.pdf
2026,2026-06-29,final,additions,annual_reconstitution,MNTN,MNTN,Consumer Discretionary,https://www.lseg.com/content/dam/ftse-russell/en_us/documents/other/ru3000-additions-20260626.pdf
2026,2026-06-29,final,additions,annual_reconstitution,NHP,NATIONAL HEALTHCARE PROP,Real Estate,https://www.lseg.com/content/dam/ftse-russell/en_us/documents/other/ru3000-additions-20260626.pdf
2026,2026-06-29,final,additions,annual_reconstitution,NAUT,NAUTILUS BIOTECH INC,Health Care,https://www.lseg.com/content/dam/ftse-russell/en_us/documents/other/ru3000-additions-20260626.pdf
2026,2026-06-29,final,additions,annual_reconstitution,NKTR,NEKTAR THERAPEUTICS,Health Care,https://www.lseg.com/content/dam/ftse-russell/en_us/documents/other/ru3000-additions-20260626.pdf
2026,2026-06-29,final,additions,annual_reconstitution,NP,NEPTUNE INSURANCE HOLDIN,Financials,https://www.lseg.com/content/dam/ftse-russell/en_us/documents/other/ru3000-additions-20260626.pdf
2026,2026-06-29,final,additions,annual_reconstitution,NMRA,NEUMORA THERAPEUTICS INC,Health Care,https://www.lseg.com/content/dam/ftse-russell/en_us/documents/other/ru3000-additions-20260626.pdf
2026,2026-06-29,final,additions,annual_reconstitution,NUAI,NEW ERA ENERGY & DIGITAL,Energy,https://www.lseg.com/content/dam/ftse-russell/en_us/documents/other/ru3000-additions-20260626.pdf
2026,2026-06-29,final,additions,annual_reconstitution,OCGN,OCUGEN INC,Health Care,https://www.lseg.com/content/dam/ftse-russell/en_us/documents/other/ru3000-additions-20260626.pdf
2026,2026-06-29,final,additions,annual_reconstitution,ODD,ODDITY TECH LTD,Consumer Discretionary,https://www.lseg.com/content/dam/ftse-russell/en_us/documents/other/ru3000-additions-20260626.pdf
2026,2026-06-29,final,additions,annual_reconstitution,OFRM,ONCE UPON A FARM PBC,Consumer Staples,https://www.lseg.com/content/dam/ftse-russell/en_us/documents/other/ru3000-additions-20260626.pdf
2026,2026-06-29,final,additions,annual_reconstitution,ONDS,ONDAS INC,Industrials,https://www.lseg.com/content/dam/ftse-russell/en_us/documents/other/ru3000-additions-20260626.pdf
2026,2026-06-29,final,additions,annual_reconstitution,OSS,ONE STOP SYSTEMS INC,Technology,https://www.lseg.com/content/dam/ftse-russell/en_us/documents/other/ru3000-additions-20260626.pdf
2026,2026-06-29,final,additions,annual_reconstitution,OKUR,ONKURE THERAPEUTICS INC,Health Care,https://www.lseg.com/content/dam/ftse-russell/en_us/documents/other/ru3000-additions-20260626.pdf
2026,2026-06-29,final,additions,annual_reconstitution,OPEN,OPENDOOR TECHNOLOGIE (A),Real Estate,https://www.lseg.com/content/dam/ftse-russell/en_us/documents/other/ru3000-additions-20260626.pdf
2026,2026-06-29,final,additions,annual_reconstitution,IRD,OPUS GENETICS INC,Health Care,https://www.lseg.com/content/dam/ftse-russell/en_us/documents/other/ru3000-additions-20260626.pdf
2026,2026-06-29,final,additions,annual_reconstitution,ORMP,ORAMED PHARMACEUTICALS,Health Care,https://www.lseg.com/content/dam/ftse-russell/en_us/documents/other/ru3000-additions-20260626.pdf
2026,2026-06-29,final,additions,annual_reconstitution,OBIO,ORCHESTRA BIOMED HOLDING,Health Care,https://www.lseg.com/content/dam/ftse-russell/en_us/documents/other/ru3000-additions-20260626.pdf
2026,2026-06-29,final,additions,annual_reconstitution,ONL,ORION PROPERTIES INC,Real Estate,https://www.lseg.com/content/dam/ftse-russell/en_us/documents/other/ru3000-additions-20260626.pdf
2026,2026-06-29,final,additions,annual_reconstitution,OVID,OVID THERAPEUTICS INC,Health Care,https://www.lseg.com/content/dam/ftse-russell/en_us/documents/other/ru3000-additions-20260626.pdf
2026,2026-06-29,final,additions,annual_reconstitution,PALI,PALISADE BIO,Health Care,https://www.lseg.com/content/dam/ftse-russell/en_us/documents/other/ru3000-additions-20260626.pdf
2026,2026-06-29,final,additions,annual_reconstitution,PTRN,PATTERN GROUP,Industrials,https://www.lseg.com/content/dam/ftse-russell/en_us/documents/other/ru3000-additions-20260626.pdf
2026,2026-06-29,final,additions,annual_reconstitution,PAY,PAYMENTUS HOLDINGS,Industrials,https://www.lseg.com/content/dam/ftse-russell/en_us/documents/other/ru3000-additions-20260626.pdf
2026,2026-06-29,final,additions,annual_reconstitution,PED,PEDEVCO CORP,Energy,https://www.lseg.com/content/dam/ftse-russell/en_us/documents/other/ru3000-additions-20260626.pdf
2026,2026-06-29,final,additions,annual_reconstitution,PPIH,PERMA PIPE INTERNATIONAL,Basic Materials,https://www.lseg.com/content/dam/ftse-russell/en_us/documents/other/ru3000-additions-20260626.pdf
2026,2026-06-29,final,additions,annual_reconstitution,PLBY,PLAYBOY INC,Consumer Staples,https://www.lseg.com/content/dam/ftse-russell/en_us/documents/other/ru3000-additions-20260626.pdf
2026,2026-06-29,final,additions,annual_reconstitution,DTIL,PRECISION BIOSCIENCES,Health Care,https://www.lseg.com/content/dam/ftse-russell/en_us/documents/other/ru3000-additions-20260626.pdf
2026,2026-06-29,final,additions,annual_reconstitution,PRLD,PRELUDE THERAPEUTICS,Health Care,https://www.lseg.com/content/dam/ftse-russell/en_us/documents/other/ru3000-additions-20260626.pdf
2026,2026-06-29,final,additions,annual_reconstitution,PROK,PROKIDNEY CORP (A),Health Care,https://www.lseg.com/content/dam/ftse-russell/en_us/documents/other/ru3000-additions-20260626.pdf
2026,2026-06-29,final,additions,annual_reconstitution,QUIK,QUICKLOGIC CORP,Technology,https://www.lseg.com/content/dam/ftse-russell/en_us/documents/other/ru3000-additions-20260626.pdf
2026,2026-06-29,final,additions,annual_reconstitution,METCB,RAMACO RESOURCES CLASS B,Energy,https://www.lseg.com/content/dam/ftse-russell/en_us/documents/other/ru3000-additions-20260626.pdf
2026,2026-06-29,final,additions,annual_reconstitution,ALOY,REALLOYS,Financials,https://www.lseg.com/content/dam/ftse-russell/en_us/documents/other/ru3000-additions-20260626.pdf
2026,2026-06-29,final,additions,annual_reconstitution,RLMD,RELMADA THERAPEUTICS,Health Care,https://www.lseg.com/content/dam/ftse-russell/en_us/documents/other/ru3000-additions-20260626.pdf
2026,2026-06-29,final,additions,annual_reconstitution,RENT,RENT THE RUNWAY,Consumer Discretionary,https://www.lseg.com/content/dam/ftse-russell/en_us/documents/other/ru3000-additions-20260626.pdf
2026,2026-06-29,final,additions,annual_reconstitution,RJET,REPUBLIC AIRWAYS HLDG,Consumer Discretionary,https://www.lseg.com/content/dam/ftse-russell/en_us/documents/other/ru3000-additions-20260626.pdf
2026,2026-06-29,final,additions,annual_reconstitution,RFIL,RF INDS LTD,Industrials,https://www.lseg.com/content/dam/ftse-russell/en_us/documents/other/ru3000-additions-20260626.pdf
2026,2026-06-29,final,additions,annual_reconstitution,RDNW,RIDENOW GROUP INC,Consumer Discretionary,https://www.lseg.com/content/dam/ftse-russell/en_us/documents/other/ru3000-additions-20260626.pdf
2026,2026-06-29,final,additions,annual_reconstitution,REI,RING ENERGY INC,Energy,https://www.lseg.com/content/dam/ftse-russell/en_us/documents/other/ru3000-additions-20260626.pdf
2026,2026-06-29,final,additions,annual_reconstitution,RDZN,ROADZEN,Financials,https://www.lseg.com/content/dam/ftse-russell/en_us/documents/other/ru3000-additions-20260626.pdf
2026,2026-06-29,final,additions,annual_reconstitution,SABS,SAB BIOTHERAPEUTICS,Health Care,https://www.lseg.com/content/dam/ftse-russell/en_us/documents/other/ru3000-additions-20260626.pdf
2026,2026-06-29,final,additions,annual_reconstitution,SGMT,SAGIMET BIOSCIENCES INC,Health Care,https://www.lseg.com/content/dam/ftse-russell/en_us/documents/other/ru3000-additions-20260626.pdf
2026,2026-06-29,final,additions,annual_reconstitution,SENS,SENSEONICS HOLDINGS INC,Health Care,https://www.lseg.com/content/dam/ftse-russell/en_us/documents/other/ru3000-additions-20260626.pdf
2026,2026-06-29,final,additions,annual_reconstitution,TTAN,SERVICETITAN,Technology,https://www.lseg.com/content/dam/ftse-russell/en_us/documents/other/ru3000-additions-20260626.pdf
2026,2026-06-29,final,additions,annual_reconstitution,SES,SES AI CORPORATION,Consumer Discretionary,https://www.lseg.com/content/dam/ftse-russell/en_us/documents/other/ru3000-additions-20260626.pdf
2026,2026-06-29,final,additions,annual_reconstitution,SHAZ,SHARONAI HOLDINGS,Technology,https://www.lseg.com/content/dam/ftse-russell/en_us/documents/other/ru3000-additions-20260626.pdf
2026,2026-06-29,final,additions,annual_reconstitution,SBET,SHARPLINK INC,Consumer Discretionary,https://www.lseg.com/content/dam/ftse-russell/en_us/documents/other/ru3000-additions-20260626.pdf
2026,2026-06-29,final,additions,annual_reconstitution,STTK,SHATTUCK LABS,Health Care,https://www.lseg.com/content/dam/ftse-russell/en_us/documents/other/ru3000-additions-20260626.pdf
2026,2026-06-29,final,additions,annual_reconstitution,SHIM,SHIMMICK CORP,Industrials,https://www.lseg.com/content/dam/ftse-russell/en_us/documents/other/ru3000-additions-20260626.pdf
2026,2026-06-29,final,additions,annual_reconstitution,SIDU,SIDUS SPACE,Industrials,https://www.lseg.com/content/dam/ftse-russell/en_us/documents/other/ru3000-additions-20260626.pdf
2026,2026-06-29,final,additions,annual_reconstitution,SBMT,SILVER BOW MINING CORP,Basic Materials,https://www.lseg.com/content/dam/ftse-russell/en_us/documents/other/ru3000-additions-20260626.pdf
2026,2026-06-29,final,additions,annual_reconstitution,SND,SMART SAND INC,Energy,https://www.lseg.com/content/dam/ftse-russell/en_us/documents/other/ru3000-additions-20260626.pdf
2026,2026-06-29,final,additions,annual_reconstitution,SMRT,SMARTRENT INC,Technology,https://www.lseg.com/content/dam/ftse-russell/en_us/documents/other/ru3000-additions-20260626.pdf
2026,2026-06-29,final,additions,annual_reconstitution,SLNH,SOLUNA HOLDINGS,Technology,https://www.lseg.com/content/dam/ftse-russell/en_us/documents/other/ru3000-additions-20260626.pdf
2026,2026-06-29,final,additions,annual_reconstitution,MWH,SOLV ENERGY,Energy,https://www.lseg.com/content/dam/ftse-russell/en_us/documents/other/ru3000-additions-20260626.pdf
2026,2026-06-29,final,additions,annual_reconstitution,SPCX,SPACE EXPLORATION TECHNO,Telecommunications,https://www.lseg.com/content/dam/ftse-russell/en_us/documents/other/ru3000-additions-20260626.pdf
2026,2026-06-29,final,additions,annual_reconstitution,SPRB,SPRUCE BIOSCIENCES,Health Care,https://www.lseg.com/content/dam/ftse-russell/en_us/documents/other/ru3000-additions-20260626.pdf
2026,2026-06-29,final,additions,annual_reconstitution,SGP,SPYGLASS PHARMA,Health Care,https://www.lseg.com/content/dam/ftse-russell/en_us/documents/other/ru3000-additions-20260626.pdf
2026,2026-06-29,final,additions,annual_reconstitution,FJET,STARFIGHTERS SPACE,Industrials,https://www.lseg.com/content/dam/ftse-russell/en_us/documents/other/ru3000-additions-20260626.pdf
2026,2026-06-29,final,additions,annual_reconstitution,SRI,STONERIDGE INC,Consumer Discretionary,https://www.lseg.com/content/dam/ftse-russell/en_us/documents/other/ru3000-additions-20260626.pdf
2026,2026-06-29,final,additions,annual_reconstitution,STUB,STUBHUB HOLDINGS,Technology,https://www.lseg.com/content/dam/ftse-russell/en_us/documents/other/ru3000-additions-20260626.pdf
2026,2026-06-29,final,additions,annual_reconstitution,SUNB,SUNBELT RENTALS HOLDINGS,Industrials,https://www.lseg.com/content/dam/ftse-russell/en_us/documents/other/ru3000-additions-20260626.pdf
2026,2026-06-29,final,additions,annual_reconstitution,SRZN,SURROZEN,Health Care,https://www.lseg.com/content/dam/ftse-russell/en_us/documents/other/ru3000-additions-20260626.pdf
2026,2026-06-29,final,additions,annual_reconstitution,STRO,SUTRO BIOPHARMA,Health Care,https://www.lseg.com/content/dam/ftse-russell/en_us/documents/other/ru3000-additions-20260626.pdf
2026,2026-06-29,final,additions,annual_reconstitution,SWMR,SWARMER,Industrials,https://www.lseg.com/content/dam/ftse-russell/en_us/documents/other/ru3000-additions-20260626.pdf
2026,2026-06-29,final,additions,annual_reconstitution,OPTX,SYNTEC OPTICS HOLDIN (A),Technology,https://www.lseg.com/content/dam/ftse-russell/en_us/documents/other/ru3000-additions-20260626.pdf
2026,2026-06-29,final,additions,annual_reconstitution,TBLA,TABOOLA COM LTD (A),Technology,https://www.lseg.com/content/dam/ftse-russell/en_us/documents/other/ru3000-additions-20260626.pdf
2026,2026-06-29,final,additions,annual_reconstitution,TATT,TAT TECHNOLOGIES LTD,Industrials,https://www.lseg.com/content/dam/ftse-russell/en_us/documents/other/ru3000-additions-20260626.pdf
2026,2026-06-29,final,additions,annual_reconstitution,TAYD,TAYLOR DEVICES INC,Industrials,https://www.lseg.com/content/dam/ftse-russell/en_us/documents/other/ru3000-additions-20260626.pdf
2026,2026-06-29,final,additions,annual_reconstitution,TENX,TENAX THERAPEUTICS INC,Health Care,https://www.lseg.com/content/dam/ftse-russell/en_us/documents/other/ru3000-additions-20260626.pdf
2026,2026-06-29,final,additions,annual_reconstitution,TYGO,TIGO ENERGY,Energy,https://www.lseg.com/content/dam/ftse-russell/en_us/documents/other/ru3000-additions-20260626.pdf
2026,2026-06-29,final,additions,annual_reconstitution,TOYO,TOYO CO,Industrials,https://www.lseg.com/content/dam/ftse-russell/en_us/documents/other/ru3000-additions-20260626.pdf
2026,2026-06-29,final,additions,annual_reconstitution,TRON,TRON,Consumer Discretionary,https://www.lseg.com/content/dam/ftse-russell/en_us/documents/other/ru3000-additions-20260626.pdf
2026,2026-06-29,final,additions,annual_reconstitution,TWIN,TWIN DISC INC,Industrials,https://www.lseg.com/content/dam/ftse-russell/en_us/documents/other/ru3000-additions-20260626.pdf
2026,2026-06-29,final,additions,annual_reconstitution,ULS,UL SOLUTIONS,Industrials,https://www.lseg.com/content/dam/ftse-russell/en_us/documents/other/ru3000-additions-20260626.pdf
2026,2026-06-29,final,additions,annual_reconstitution,UNCY,UNICYCIVE THERAPEUTICS,Health Care,https://www.lseg.com/content/dam/ftse-russell/en_us/documents/other/ru3000-additions-20260626.pdf
2026,2026-06-29,final,additions,annual_reconstitution,UMAC,UNUSUAL MACHINES,Consumer Discretionary,https://www.lseg.com/content/dam/ftse-russell/en_us/documents/other/ru3000-additions-20260626.pdf
2026,2026-06-29,final,additions,annual_reconstitution,URG,UR ENERGY,Basic Materials,https://www.lseg.com/content/dam/ftse-russell/en_us/documents/other/ru3000-additions-20260626.pdf
2026,2026-06-29,final,additions,annual_reconstitution,VELO,VELO3D INC (A),Industrials,https://www.lseg.com/content/dam/ftse-russell/en_us/documents/other/ru3000-additions-20260626.pdf
2026,2026-06-29,final,additions,annual_reconstitution,VENU,VENU HOLDING CORP,Consumer Discretionary,https://www.lseg.com/content/dam/ftse-russell/en_us/documents/other/ru3000-additions-20260626.pdf
2026,2026-06-29,final,additions,annual_reconstitution,MANE,VERADERMICS INC,Health Care,https://www.lseg.com/content/dam/ftse-russell/en_us/documents/other/ru3000-additions-20260626.pdf
2026,2026-06-29,final,additions,annual_reconstitution,VERI,VERITONE INC,Technology,https://www.lseg.com/content/dam/ftse-russell/en_us/documents/other/ru3000-additions-20260626.pdf
2026,2026-06-29,final,additions,annual_reconstitution,SPCE,VIRGIN GALACTIC HLDG (A),Industrials,https://www.lseg.com/content/dam/ftse-russell/en_us/documents/other/ru3000-additions-20260626.pdf
2026,2026-06-29,final,additions,annual_reconstitution,VGZ,VISTA GOLD CORP,Basic Materials,https://www.lseg.com/content/dam/ftse-russell/en_us/documents/other/ru3000-additions-20260626.pdf
2026,2026-06-29,final,additions,annual_reconstitution,VOR,VOR BIOPHARMA,Health Care,https://www.lseg.com/content/dam/ftse-russell/en_us/documents/other/ru3000-additions-20260626.pdf
2026,2026-06-29,final,additions,annual_reconstitution,WSHP,WESHOP HOLDINGS,Technology,https://www.lseg.com/content/dam/ftse-russell/en_us/documents/other/ru3000-additions-20260626.pdf
2026,2026-06-29,final,additions,annual_reconstitution,UP,WHEELS UP EXP INC,Consumer Discretionary,https://www.lseg.com/content/dam/ftse-russell/en_us/documents/other/ru3000-additions-20260626.pdf
2026,2026-06-29,final,additions,annual_reconstitution,WHWK,WHITEHAWK THERAPEUTICS,Health Care,https://www.lseg.com/content/dam/ftse-russell/en_us/documents/other/ru3000-additions-20260626.pdf
2026,2026-06-29,final,additions,annual_reconstitution,WOLF,WOLFSPEED INC,Technology,https://www.lseg.com/content/dam/ftse-russell/en_us/documents/other/ru3000-additions-20260626.pdf
2026,2026-06-29,final,additions,annual_reconstitution,XFOR,X4 PHARMACEUTICALS INC,Health Care,https://www.lseg.com/content/dam/ftse-russell/en_us/documents/other/ru3000-additions-20260626.pdf
2026,2026-06-29,final,additions,annual_reconstitution,XE,X-ENERGY,Energy,https://www.lseg.com/content/dam/ftse-russell/en_us/documents/other/ru3000-additions-20260626.pdf
2026,2026-06-29,final,additions,annual_reconstitution,XMAX,XMAX,Consumer Discretionary,https://www.lseg.com/content/dam/ftse-russell/en_us/documents/other/ru3000-additions-20260626.pdf
2026,2026-06-29,final,additions,annual_reconstitution,YSWY,YESWAY,Consumer Discretionary,https://www.lseg.com/content/dam/ftse-russell/en_us/documents/other/ru3000-additions-20260626.pdf
2026,2026-06-29,final,additions,annual_reconstitution,ZSQR,Z SQUARED INC,Technology,https://www.lseg.com/content/dam/ftse-russell/en_us/documents/other/ru3000-additions-20260626.pdf
2026,2026-06-29,final,additions,annual_reconstitution,ZENA,ZENATECH,Technology,https://www.lseg.com/content/dam/ftse-russell/en_us/documents/other/ru3000-additions-20260626.pdf
2026,2026-06-29,final,additions,annual_reconstitution,ZNTL,ZENTALIS PHARMACEUTICALS,Health Care,https://www.lseg.com/content/dam/ftse-russell/en_us/documents/other/ru3000-additions-20260626.pdf
2026,2026-06-29,final,additions,annual_reconstitution,ZURA,ZURA BIO LTD,Health Care,https://www.lseg.com/content/dam/ftse-russell/en_us/documents/other/ru3000-additions-20260626.pdf
2026,2026-06-29,final,deletions,annual_reconstitution,AARD,AARDVARK THERAPEUTICS,Health Care,https://www.lseg.com/content/dam/ftse-russell/en_us/documents/other/ru3000-deletions-20260626.pdf
2026,2026-06-29,final,deletions,annual_reconstitution,ARAY,ACCURAY INC,Health Care,https://www.lseg.com/content/dam/ftse-russell/en_us/documents/other/ru3000-deletions-20260626.pdf
2026,2026-06-29,final,deletions,annual_reconstitution,ACTU,ACTUATE THERAPEUTICS,Health Care,https://www.lseg.com/content/dam/ftse-russell/en_us/documents/other/ru3000-deletions-20260626.pdf
2026,2026-06-29,final,deletions,annual_reconstitution,AISP,AIRSHIP AI HOLDINGS,Technology,https://www.lseg.com/content/dam/ftse-russell/en_us/documents/other/ru3000-deletions-20260626.pdf
2026,2026-06-29,final,deletions,annual_reconstitution,ALDX,ALDEYRA THERAPEUTICS INC,Health Care,https://www.lseg.com/content/dam/ftse-russell/en_us/documents/other/ru3000-deletions-20260626.pdf
2026,2026-06-29,final,deletions,annual_reconstitution,ALIT,ALIGHT INC (A),Industrials,https://www.lseg.com/content/dam/ftse-russell/en_us/documents/other/ru3000-deletions-20260626.pdf
2026,2026-06-29,final,deletions,annual_reconstitution,AOUT,AMERICAN OUTDOOR BRANDS,Consumer Discretionary,https://www.lseg.com/content/dam/ftse-russell/en_us/documents/other/ru3000-deletions-20260626.pdf
2026,2026-06-29,final,deletions,annual_reconstitution,AVD,AMERICAN VANGUARD CORP,Basic Materials,https://www.lseg.com/content/dam/ftse-russell/en_us/documents/other/ru3000-deletions-20260626.pdf
2026,2026-06-29,final,deletions,annual_reconstitution,CRMT,AMERICAS CAR-MART INC,Consumer Discretionary,https://www.lseg.com/content/dam/ftse-russell/en_us/documents/other/ru3000-deletions-20260626.pdf
2026,2026-06-29,final,deletions,annual_reconstitution,AREN,ARENA GROUP HOLDINGS INC,Technology,https://www.lseg.com/content/dam/ftse-russell/en_us/documents/other/ru3000-deletions-20260626.pdf
2026,2026-06-29,final,deletions,annual_reconstitution,ARQ,ARQ INC,Utilities,https://www.lseg.com/content/dam/ftse-russell/en_us/documents/other/ru3000-deletions-20260626.pdf
2026,2026-06-29,final,deletions,annual_reconstitution,ARAI,ARRIVE AI,Industrials,https://www.lseg.com/content/dam/ftse-russell/en_us/documents/other/ru3000-deletions-20260626.pdf
2026,2026-06-29,final,deletions,annual_reconstitution,ACNT,ASCENT INDUSTRIES CO,Basic Materials,https://www.lseg.com/content/dam/ftse-russell/en_us/documents/other/ru3000-deletions-20260626.pdf
2026,2026-06-29,final,deletions,annual_reconstitution,ATLN,ATLANTIC INTERNATIONAL C,Health Care,https://www.lseg.com/content/dam/ftse-russell/en_us/documents/other/ru3000-deletions-20260626.pdf
2026,2026-06-29,final,deletions,annual_reconstitution,ATYR,ATYR PHARMA INC,Health Care,https://www.lseg.com/content/dam/ftse-russell/en_us/documents/other/ru3000-deletions-20260626.pdf
2026,2026-06-29,final,deletions,annual_reconstitution,AEYE,AUDIOEYE INC,Technology,https://www.lseg.com/content/dam/ftse-russell/en_us/documents/other/ru3000-deletions-20260626.pdf
2026,2026-06-29,final,deletions,annual_reconstitution,RCEL,AVITA MEDICAL INC,Health Care,https://www.lseg.com/content/dam/ftse-russell/en_us/documents/other/ru3000-deletions-20260626.pdf
2026,2026-06-29,final,deletions,annual_reconstitution,BARK,BARK INC (A),Consumer Discretionary,https://www.lseg.com/content/dam/ftse-russell/en_us/documents/other/ru3000-deletions-20260626.pdf
2026,2026-06-29,final,deletions,annual_reconstitution,BSET,BASSETT FURNITURE INDS,Consumer Discretionary,https://www.lseg.com/content/dam/ftse-russell/en_us/documents/other/ru3000-deletions-20260626.pdf
2026,2026-06-29,final,deletions,annual_reconstitution,BYND,BEYOND MEAT,Consumer Staples,https://www.lseg.com/content/dam/ftse-russell/en_us/documents/other/ru3000-deletions-20260626.pdf
2026,2026-06-29,final,deletions,annual_reconstitution,BTMD,BIOTE CORP,Health Care,https://www.lseg.com/content/dam/ftse-russell/en_us/documents/other/ru3000-deletions-20260626.pdf
2026,2026-06-29,final,deletions,annual_reconstitution,BYRN,BYRNA TECHNOLOGIES,Industrials,https://www.lseg.com/content/dam/ftse-russell/en_us/documents/other/ru3000-deletions-20260626.pdf
2026,2026-06-29,final,deletions,annual_reconstitution,CRDF,CARDIFF ONCOLOGY INC,Health Care,https://www.lseg.com/content/dam/ftse-russell/en_us/documents/other/ru3000-deletions-20260626.pdf
2026,2026-06-29,final,deletions,annual_reconstitution,CLAR,CLARUS CORPORATION,Consumer Discretionary,https://www.lseg.com/content/dam/ftse-russell/en_us/documents/other/ru3000-deletions-20260626.pdf
2026,2026-06-29,final,deletions,annual_reconstitution,CLPR,CLIPPER REALTY INC,Real Estate,https://www.lseg.com/content/dam/ftse-russell/en_us/documents/other/ru3000-deletions-20260626.pdf
2026,2026-06-29,final,deletions,annual_reconstitution,CSPI,CSP INC,Technology,https://www.lseg.com/content/dam/ftse-russell/en_us/documents/other/ru3000-deletions-20260626.pdf
2026,2026-06-29,final,deletions,annual_reconstitution,DH,DEFINITIVE HEALTHCARE,Health Care,https://www.lseg.com/content/dam/ftse-russell/en_us/documents/other/ru3000-deletions-20260626.pdf
2026,2026-06-29,final,deletions,annual_reconstitution,BOOM,DMC GLOBAL INC,Energy,https://www.lseg.com/content/dam/ftse-russell/en_us/documents/other/ru3000-deletions-20260626.pdf
2026,2026-06-29,final,deletions,annual_reconstitution,DCGO,DOCGO INC,Health Care,https://www.lseg.com/content/dam/ftse-russell/en_us/documents/other/ru3000-deletions-20260626.pdf
2026,2026-06-29,final,deletions,annual_reconstitution,EML,EASTERN CO,Industrials,https://www.lseg.com/content/dam/ftse-russell/en_us/documents/other/ru3000-deletions-20260626.pdf
2026,2026-06-29,final,deletions,annual_reconstitution,EHTH,EHEALTH INC,Financials,https://www.lseg.com/content/dam/ftse-russell/en_us/documents/other/ru3000-deletions-20260626.pdf
2026,2026-06-29,final,deletions,annual_reconstitution,EP,EMPIRE PETROLEUM CORP,Energy,https://www.lseg.com/content/dam/ftse-russell/en_us/documents/other/ru3000-deletions-20260626.pdf
2026,2026-06-29,final,deletions,annual_reconstitution,EXFY,EXPENSIFY,Technology,https://www.lseg.com/content/dam/ftse-russell/en_us/documents/other/ru3000-deletions-20260626.pdf
2026,2026-06-29,final,deletions,annual_reconstitution,FFAI,FARADAY FUTURE INTELLIGE,Consumer Discretionary,https://www.lseg.com/content/dam/ftse-russell/en_us/documents/other/ru3000-deletions-20260626.pdf
2026,2026-06-29,final,deletions,annual_reconstitution,FATE,FATE THERAPEUTICS INC,Health Care,https://www.lseg.com/content/dam/ftse-russell/en_us/documents/other/ru3000-deletions-20260626.pdf
2026,2026-06-29,final,deletions,annual_reconstitution,FNWD,FINWARD BANCORP,Financials,https://www.lseg.com/content/dam/ftse-russell/en_us/documents/other/ru3000-deletions-20260626.pdf
2026,2026-06-29,final,deletions,annual_reconstitution,FTLF,FITLIFE BRANDS,Consumer Staples,https://www.lseg.com/content/dam/ftse-russell/en_us/documents/other/ru3000-deletions-20260626.pdf
2026,2026-06-29,final,deletions,annual_reconstitution,FLD,FOLD HOLDINGS,Financials,https://www.lseg.com/content/dam/ftse-russell/en_us/documents/other/ru3000-deletions-20260626.pdf
2026,2026-06-29,final,deletions,annual_reconstitution,FORR,FORRESTER RESEARCH INC,Industrials,https://www.lseg.com/content/dam/ftse-russell/en_us/documents/other/ru3000-deletions-20260626.pdf
2026,2026-06-29,final,deletions,annual_reconstitution,FSP,FRANKLIN STREET PPTYS CO,Real Estate,https://www.lseg.com/content/dam/ftse-russell/en_us/documents/other/ru3000-deletions-20260626.pdf
2026,2026-06-29,final,deletions,annual_reconstitution,GAIA,GAIA INC,Consumer Discretionary,https://www.lseg.com/content/dam/ftse-russell/en_us/documents/other/ru3000-deletions-20260626.pdf
2026,2026-06-29,final,deletions,annual_reconstitution,GAMB,GAMBLING.COM GROUP,Consumer Discretionary,https://www.lseg.com/content/dam/ftse-russell/en_us/documents/other/ru3000-deletions-20260626.pdf
2026,2026-06-29,final,deletions,annual_reconstitution,GETY,GETTY IMAGES HOLDING (A),Technology,https://www.lseg.com/content/dam/ftse-russell/en_us/documents/other/ru3000-deletions-20260626.pdf
2026,2026-06-29,final,deletions,annual_reconstitution,GOSS,GOSSAMER BIO,Health Care,https://www.lseg.com/content/dam/ftse-russell/en_us/documents/other/ru3000-deletions-20260626.pdf
2026,2026-06-29,final,deletions,annual_reconstitution,HAIN,HAIN CELESTIAL GROUP,Consumer Staples,https://www.lseg.com/content/dam/ftse-russell/en_us/documents/other/ru3000-deletions-20260626.pdf
2026,2026-06-29,final,deletions,annual_reconstitution,HCAT,HEALTH CATALYST INC,Health Care,https://www.lseg.com/content/dam/ftse-russell/en_us/documents/other/ru3000-deletions-20260626.pdf
2026,2026-06-29,final,deletions,annual_reconstitution,HFFG,HF FOODS GROUP INC,Consumer Staples,https://www.lseg.com/content/dam/ftse-russell/en_us/documents/other/ru3000-deletions-20260626.pdf
2026,2026-06-29,final,deletions,annual_reconstitution,HUMA,HUMACYTE INC (A),Health Care,https://www.lseg.com/content/dam/ftse-russell/en_us/documents/other/ru3000-deletions-20260626.pdf
2026,2026-06-29,final,deletions,annual_reconstitution,INMB,INMUNE BIO,Health Care,https://www.lseg.com/content/dam/ftse-russell/en_us/documents/other/ru3000-deletions-20260626.pdf
2026,2026-06-29,final,deletions,annual_reconstitution,ISPR,ISPIRE TECHNOLOGY INC,Consumer Staples,https://www.lseg.com/content/dam/ftse-russell/en_us/documents/other/ru3000-deletions-20260626.pdf
2026,2026-06-29,final,deletions,annual_reconstitution,JELD,JELD-WEN HOLDING INC,Industrials,https://www.lseg.com/content/dam/ftse-russell/en_us/documents/other/ru3000-deletions-20260626.pdf
2026,2026-06-29,final,deletions,annual_reconstitution,DERM,JOURNEY MEDICAL,Health Care,https://www.lseg.com/content/dam/ftse-russell/en_us/documents/other/ru3000-deletions-20260626.pdf
2026,2026-06-29,final,deletions,annual_reconstitution,KG,KESTREL GROUP LTD,Financials,https://www.lseg.com/content/dam/ftse-russell/en_us/documents/other/ru3000-deletions-20260626.pdf
2026,2026-06-29,final,deletions,annual_reconstitution,KULR,KULR TECHNOLOGY GROUP,Technology,https://www.lseg.com/content/dam/ftse-russell/en_us/documents/other/ru3000-deletions-20260626.pdf
2026,2026-06-29,final,deletions,annual_reconstitution,LAKE,LAKELAND INDUSTRIES INC,Consumer Discretionary,https://www.lseg.com/content/dam/ftse-russell/en_us/documents/other/ru3000-deletions-20260626.pdf
2026,2026-06-29,final,deletions,annual_reconstitution,LNSR,LENSAR,Health Care,https://www.lseg.com/content/dam/ftse-russell/en_us/documents/other/ru3000-deletions-20260626.pdf
2026,2026-06-29,final,deletions,annual_reconstitution,LFVN,LIFEVANTAGE CORP,Consumer Staples,https://www.lseg.com/content/dam/ftse-russell/en_us/documents/other/ru3000-deletions-20260626.pdf
2026,2026-06-29,final,deletions,annual_reconstitution,LPA,LOGISTIC PROPERTIES OF T,Real Estate,https://www.lseg.com/content/dam/ftse-russell/en_us/documents/other/ru3000-deletions-20260626.pdf
2026,2026-06-29,final,deletions,annual_reconstitution,LFT,LUMENT FINANCE TRUST INC,Financials,https://www.lseg.com/content/dam/ftse-russell/en_us/documents/other/ru3000-deletions-20260626.pdf
2026,2026-06-29,final,deletions,annual_reconstitution,TUSK,MAMMOTH ENERGY SERVICES,Energy,https://www.lseg.com/content/dam/ftse-russell/en_us/documents/other/ru3000-deletions-20260626.pdf
2026,2026-06-29,final,deletions,annual_reconstitution,MXCT,MAXCYTE,Health Care,https://www.lseg.com/content/dam/ftse-russell/en_us/documents/other/ru3000-deletions-20260626.pdf
2026,2026-06-29,final,deletions,annual_reconstitution,MED,MEDIFAST INC,Consumer Staples,https://www.lseg.com/content/dam/ftse-russell/en_us/documents/other/ru3000-deletions-20260626.pdf
2026,2026-06-29,final,deletions,annual_reconstitution,MRDN,MERIDIAN HOLDINGS INC,Consumer Discretionary,https://www.lseg.com/content/dam/ftse-russell/en_us/documents/other/ru3000-deletions-20260626.pdf
2026,2026-06-29,final,deletions,annual_reconstitution,MVIS,MICROVISION INC,Technology,https://www.lseg.com/content/dam/ftse-russell/en_us/documents/other/ru3000-deletions-20260626.pdf
2026,2026-06-29,final,deletions,annual_reconstitution,BEEP,MOBILE INFRASTRUCTURE CO,Real Estate,https://www.lseg.com/content/dam/ftse-russell/en_us/documents/other/ru3000-deletions-20260626.pdf
2026,2026-06-29,final,deletions,annual_reconstitution,MYO,MYOMO,Health Care,https://www.lseg.com/content/dam/ftse-russell/en_us/documents/other/ru3000-deletions-20260626.pdf
2026,2026-06-29,final,deletions,annual_reconstitution,NNOX,NANO X IMAGING,Health Care,https://www.lseg.com/content/dam/ftse-russell/en_us/documents/other/ru3000-deletions-20260626.pdf
2026,2026-06-29,final,deletions,annual_reconstitution,NEON,NEONODE INC,Technology,https://www.lseg.com/content/dam/ftse-russell/en_us/documents/other/ru3000-deletions-20260626.pdf
2026,2026-06-29,final,deletions,annual_reconstitution,NRDY,NERDY INC (A),Consumer Discretionary,https://www.lseg.com/content/dam/ftse-russell/en_us/documents/other/ru3000-deletions-20260626.pdf
2026,2026-06-29,final,deletions,annual_reconstitution,STIM,NEURONETICS INC,Health Care,https://www.lseg.com/content/dam/ftse-russell/en_us/documents/other/ru3000-deletions-20260626.pdf
2026,2026-06-29,final,deletions,annual_reconstitution,NFE,NEW FORTRESS ENERGY,Energy,https://www.lseg.com/content/dam/ftse-russell/en_us/documents/other/ru3000-deletions-20260626.pdf
2026,2026-06-29,final,deletions,annual_reconstitution,NXXT,NEXTNRG,Consumer Discretionary,https://www.lseg.com/content/dam/ftse-russell/en_us/documents/other/ru3000-deletions-20260626.pdf
2026,2026-06-29,final,deletions,annual_reconstitution,OPRX,OPTIMIZERX CORP,Health Care,https://www.lseg.com/content/dam/ftse-russell/en_us/documents/other/ru3000-deletions-20260626.pdf
2026,2026-06-29,final,deletions,annual_reconstitution,OM,OUTSET MEDICAL,Health Care,https://www.lseg.com/content/dam/ftse-russell/en_us/documents/other/ru3000-deletions-20260626.pdf
2026,2026-06-29,final,deletions,annual_reconstitution,PGY,PAGAYA TECHNOLOGIES LTD,Industrials,https://www.lseg.com/content/dam/ftse-russell/en_us/documents/other/ru3000-deletions-20260626.pdf
2026,2026-06-29,final,deletions,annual_reconstitution,PNBK,PATRIOT NATIONAL BANCORP,Financials,https://www.lseg.com/content/dam/ftse-russell/en_us/documents/other/ru3000-deletions-20260626.pdf
2026,2026-06-29,final,deletions,annual_reconstitution,PMI,PICARD MEDICAL INC,Health Care,https://www.lseg.com/content/dam/ftse-russell/en_us/documents/other/ru3000-deletions-20260626.pdf
2026,2026-06-29,final,deletions,annual_reconstitution,MYPS,PLAYSTUDIOS INC (A),Consumer Discretionary,https://www.lseg.com/content/dam/ftse-russell/en_us/documents/other/ru3000-deletions-20260626.pdf
2026,2026-06-29,final,deletions,annual_reconstitution,PROP,PRAIRIE OPERATING CO,Energy,https://www.lseg.com/content/dam/ftse-russell/en_us/documents/other/ru3000-deletions-20260626.pdf
2026,2026-06-29,final,deletions,annual_reconstitution,LUNG,PULMONX,Health Care,https://www.lseg.com/content/dam/ftse-russell/en_us/documents/other/ru3000-deletions-20260626.pdf
2026,2026-06-29,final,deletions,annual_reconstitution,QSI,QUANTUM SI INC (A),Health Care,https://www.lseg.com/content/dam/ftse-russell/en_us/documents/other/ru3000-deletions-20260626.pdf
2026,2026-06-29,final,deletions,annual_reconstitution,RGP,RESOURCES CONNECTION,Industrials,https://www.lseg.com/content/dam/ftse-russell/en_us/documents/other/ru3000-deletions-20260626.pdf
2026,2026-06-29,final,deletions,annual_reconstitution,RZLV,REZOLVE AI,Technology,https://www.lseg.com/content/dam/ftse-russell/en_us/documents/other/ru3000-deletions-20260626.pdf
2026,2026-06-29,final,deletions,annual_reconstitution,RPT,RITHM PROPERTY TRUST INC,Financials,https://www.lseg.com/content/dam/ftse-russell/en_us/documents/other/ru3000-deletions-20260626.pdf
2026,2026-06-29,final,deletions,annual_reconstitution,RVSB,RIVERVIEW BANCORP INC,Financials,https://www.lseg.com/content/dam/ftse-russell/en_us/documents/other/ru3000-deletions-20260626.pdf
2026,2026-06-29,final,deletions,annual_reconstitution,SNWV,SANUWAVE HEALTH,Health Care,https://www.lseg.com/content/dam/ftse-russell/en_us/documents/other/ru3000-deletions-20260626.pdf
2026,2026-06-29,final,deletions,annual_reconstitution,SBFG,SB FINL GROUP INC,Financials,https://www.lseg.com/content/dam/ftse-russell/en_us/documents/other/ru3000-deletions-20260626.pdf
2026,2026-06-29,final,deletions,annual_reconstitution,SLQT,SELECTQUOTE,Financials,https://www.lseg.com/content/dam/ftse-russell/en_us/documents/other/ru3000-deletions-20260626.pdf
2026,2026-06-29,final,deletions,annual_reconstitution,SIEB,SIEBERT FINANCIAL CORP,Financials,https://www.lseg.com/content/dam/ftse-russell/en_us/documents/other/ru3000-deletions-20260626.pdf
2026,2026-06-29,final,deletions,annual_reconstitution,SKIL,SKILLSOFT CORP (A),Industrials,https://www.lseg.com/content/dam/ftse-russell/en_us/documents/other/ru3000-deletions-20260626.pdf
2026,2026-06-29,final,deletions,annual_reconstitution,SKIN,SKINHEALTH SYSTEMS INC,Consumer Staples,https://www.lseg.com/content/dam/ftse-russell/en_us/documents/other/ru3000-deletions-20260626.pdf
2026,2026-06-29,final,deletions,annual_reconstitution,SKYX,SKYX PLATFORMS CORP,Industrials,https://www.lseg.com/content/dam/ftse-russell/en_us/documents/other/ru3000-deletions-20260626.pdf
2026,2026-06-29,final,deletions,annual_reconstitution,SLSN,SOLESENCE,Basic Materials,https://www.lseg.com/content/dam/ftse-russell/en_us/documents/other/ru3000-deletions-20260626.pdf
2026,2026-06-29,final,deletions,annual_reconstitution,SFBC,SOUND FINL BANCORP INC,Financials,https://www.lseg.com/content/dam/ftse-russell/en_us/documents/other/ru3000-deletions-20260626.pdf
2026,2026-06-29,final,deletions,annual_reconstitution,SSTI,SOUNDTHINKING INC,Industrials,https://www.lseg.com/content/dam/ftse-russell/en_us/documents/other/ru3000-deletions-20260626.pdf
2026,2026-06-29,final,deletions,annual_reconstitution,SLND,SOUTHLAND HOLDINGS INC,Industrials,https://www.lseg.com/content/dam/ftse-russell/en_us/documents/other/ru3000-deletions-20260626.pdf
2026,2026-06-29,final,deletions,annual_reconstitution,LAB,STANDARD BIOTOOLS INC,Health Care,https://www.lseg.com/content/dam/ftse-russell/en_us/documents/other/ru3000-deletions-20260626.pdf
2026,2026-06-29,final,deletions,annual_reconstitution,SPWR,SUNPOWER INC (A),Energy,https://www.lseg.com/content/dam/ftse-russell/en_us/documents/other/ru3000-deletions-20260626.pdf
2026,2026-06-29,final,deletions,annual_reconstitution,SUNS,SUNRISE REALTY TRUST,Financials,https://www.lseg.com/content/dam/ftse-russell/en_us/documents/other/ru3000-deletions-20260626.pdf
2026,2026-06-29,final,deletions,annual_reconstitution,TEAD,TEADS HOLDING CO,Consumer Discretionary,https://www.lseg.com/content/dam/ftse-russell/en_us/documents/other/ru3000-deletions-20260626.pdf
2026,2026-06-29,final,deletions,annual_reconstitution,TVGN,TEVOGEN BIO HOLDINGS,Health Care,https://www.lseg.com/content/dam/ftse-russell/en_us/documents/other/ru3000-deletions-20260626.pdf
2026,2026-06-29,final,deletions,annual_reconstitution,JYNT,THE JOINT CORP,Health Care,https://www.lseg.com/content/dam/ftse-russell/en_us/documents/other/ru3000-deletions-20260626.pdf
2026,2026-06-29,final,deletions,annual_reconstitution,TR,TOOTSIE ROLL INDUSTRIES,Consumer Staples,https://www.lseg.com/content/dam/ftse-russell/en_us/documents/other/ru3000-deletions-20260626.pdf
2026,2026-06-29,final,deletions,annual_reconstitution,COOK,TRAEGER,Consumer Discretionary,https://www.lseg.com/content/dam/ftse-russell/en_us/documents/other/ru3000-deletions-20260626.pdf
2026,2026-06-29,final,deletions,annual_reconstitution,TZOO,TRAVELZOO,Consumer Discretionary,https://www.lseg.com/content/dam/ftse-russell/en_us/documents/other/ru3000-deletions-20260626.pdf
2026,2026-06-29,final,deletions,annual_reconstitution,TMCI,TREACE MEDICAL CONCEPTS,Health Care,https://www.lseg.com/content/dam/ftse-russell/en_us/documents/other/ru3000-deletions-20260626.pdf
2026,2026-06-29,final,deletions,annual_reconstitution,TTEC,TTEC HOLDINGS INC,Industrials,https://www.lseg.com/content/dam/ftse-russell/en_us/documents/other/ru3000-deletions-20260626.pdf
2026,2026-06-29,final,deletions,annual_reconstitution,HURA,TUHURA BIOSCIENCES,Health Care,https://www.lseg.com/content/dam/ftse-russell/en_us/documents/other/ru3000-deletions-20260626.pdf
2026,2026-06-29,final,deletions,annual_reconstitution,TVRD,TVARDI THERAPEUTICS,Health Care,https://www.lseg.com/content/dam/ftse-russell/en_us/documents/other/ru3000-deletions-20260626.pdf
2026,2026-06-29,final,deletions,annual_reconstitution,UNB,UNION BANKSHARES INC,Financials,https://www.lseg.com/content/dam/ftse-russell/en_us/documents/other/ru3000-deletions-20260626.pdf
2026,2026-06-29,final,deletions,annual_reconstitution,VGAS,VERDE CLEAN FUELS INC,Energy,https://www.lseg.com/content/dam/ftse-russell/en_us/documents/other/ru3000-deletions-20260626.pdf
2026,2026-06-29,final,deletions,annual_reconstitution,VIRC,VIRCO MFG CO,Consumer Discretionary,https://www.lseg.com/content/dam/ftse-russell/en_us/documents/other/ru3000-deletions-20260626.pdf
2026,2026-06-29,final,deletions,annual_reconstitution,SEAT,VIVID SEATS INC (A),Technology,https://www.lseg.com/content/dam/ftse-russell/en_us/documents/other/ru3000-deletions-20260626.pdf
2026,2026-06-29,final,deletions,annual_reconstitution,VRM,VROOM,Technology,https://www.lseg.com/content/dam/ftse-russell/en_us/documents/other/ru3000-deletions-20260626.pdf
2026,2026-06-29,final,deletions,annual_reconstitution,VTEX,VTEX,Technology,https://www.lseg.com/content/dam/ftse-russell/en_us/documents/other/ru3000-deletions-20260626.pdf
2026,2026-06-29,final,deletions,annual_reconstitution,WALD,WALDENCAST PLC (A),Consumer Staples,https://www.lseg.com/content/dam/ftse-russell/en_us/documents/other/ru3000-deletions-20260626.pdf
2026,2026-06-29,final,deletions,annual_reconstitution,SAFX,XCF GLOBAL,Energy,https://www.lseg.com/content/dam/ftse-russell/en_us/documents/other/ru3000-deletions-20260626.pdf
2026,2026-06-29,final,deletions,annual_reconstitution,ZVIA,ZEVIA PBC,Consumer Staples,https://www.lseg.com/content/dam/ftse-russell/en_us/documents/other/ru3000-deletions-20260626.pdf
2025,2025-06-30,final,additions,annual_reconstitution,AARD,AARDVARK THERAPEUTICS,Health Care,https://www.lseg.com/content/dam/ftse-russell/en_us/documents/other/ru3000-additions-20250627.pdf
2025,2025-06-30,final,additions,annual_reconstitution,ABEO,ABEONA THERAPEUTICS INC,Health Care,https://www.lseg.com/content/dam/ftse-russell/en_us/documents/other/ru3000-additions-20250627.pdf
2025,2025-06-30,final,additions,annual_reconstitution,ACRS,ACLARIS THERAPEUTICS,Health Care,https://www.lseg.com/content/dam/ftse-russell/en_us/documents/other/ru3000-additions-20250627.pdf
2025,2025-06-30,final,additions,annual_reconstitution,ACU,ACME UTD CORP,Health Care,https://www.lseg.com/content/dam/ftse-russell/en_us/documents/other/ru3000-additions-20250627.pdf
2025,2025-06-30,final,additions,annual_reconstitution,ACR,ACRES COMMERCIAL REALTY,Financials,https://www.lseg.com/content/dam/ftse-russell/en_us/documents/other/ru3000-additions-20250627.pdf
2025,2025-06-30,final,additions,annual_reconstitution,ACTU,ACTUATE THERAPEUTICS,Health Care,https://www.lseg.com/content/dam/ftse-russell/en_us/documents/other/ru3000-additions-20250627.pdf
2025,2025-06-30,final,additions,annual_reconstitution,TIC,ACUREN (NYSE AMERICA),Industrials,https://www.lseg.com/content/dam/ftse-russell/en_us/documents/other/ru3000-additions-20250627.pdf
2025,2025-06-30,final,additions,annual_reconstitution,ALMU,AELUMA INC,Technology,https://www.lseg.com/content/dam/ftse-russell/en_us/documents/other/ru3000-additions-20250627.pdf
2025,2025-06-30,final,additions,annual_reconstitution,AIRJ,AIRJOULE TECHNOLOGIES CO,Industrials,https://www.lseg.com/content/dam/ftse-russell/en_us/documents/other/ru3000-additions-20250627.pdf
2025,2025-06-30,final,additions,annual_reconstitution,TKNO,ALPHA TEKNOVA,Health Care,https://www.lseg.com/content/dam/ftse-russell/en_us/documents/other/ru3000-additions-20250627.pdf
2025,2025-06-30,final,additions,annual_reconstitution,ATUS,ALTICE USA,Telecommunications,https://www.lseg.com/content/dam/ftse-russell/en_us/documents/other/ru3000-additions-20250627.pdf
2025,2025-06-30,final,additions,annual_reconstitution,ABAT,AMERICAN BATTERY TECHNOL,Basic Materials,https://www.lseg.com/content/dam/ftse-russell/en_us/documents/other/ru3000-additions-20250627.pdf
2025,2025-06-30,final,additions,annual_reconstitution,AOUT,AMERICAN OUTDOOR BRANDS,Consumer Discretionary,https://www.lseg.com/content/dam/ftse-russell/en_us/documents/other/ru3000-additions-20250627.pdf
2025,2025-06-30,final,additions,annual_reconstitution,AMLX,AMYLYX PHARMACEUTICALS,Health Care,https://www.lseg.com/content/dam/ftse-russell/en_us/documents/other/ru3000-additions-20250627.pdf
2025,2025-06-30,final,additions,annual_reconstitution,AU,ANGLOGOLD ASHANTI PLC,Basic Materials,https://www.lseg.com/content/dam/ftse-russell/en_us/documents/other/ru3000-additions-20250627.pdf
2025,2025-06-30,final,additions,annual_reconstitution,AREN,ARENA GROUP HOLDINGS INC,Technology,https://www.lseg.com/content/dam/ftse-russell/en_us/documents/other/ru3000-additions-20250627.pdf
2025,2025-06-30,final,additions,annual_reconstitution,ACNT,ASCENT INDUSTRIES CO,Basic Materials,https://www.lseg.com/content/dam/ftse-russell/en_us/documents/other/ru3000-additions-20250627.pdf
2025,2025-06-30,final,additions,annual_reconstitution,ATLN,ATLANTIC INTERNATIONAL C,Health Care,https://www.lseg.com/content/dam/ftse-russell/en_us/documents/other/ru3000-additions-20250627.pdf
2025,2025-06-30,final,additions,annual_reconstitution,ATOM,ATOMERA LIMITED,Technology,https://www.lseg.com/content/dam/ftse-russell/en_us/documents/other/ru3000-additions-20250627.pdf
2025,2025-06-30,final,additions,annual_reconstitution,ATYR,ATYR PHARMA INC,Health Care,https://www.lseg.com/content/dam/ftse-russell/en_us/documents/other/ru3000-additions-20250627.pdf
2025,2025-06-30,final,additions,annual_reconstitution,BKKT,BAKKT HOLDINGS INC (A),Financials,https://www.lseg.com/content/dam/ftse-russell/en_us/documents/other/ru3000-additions-20250627.pdf
2025,2025-06-30,final,additions,annual_reconstitution,BALY,BALLYS CORPORATION,Consumer Discretionary,https://www.lseg.com/content/dam/ftse-russell/en_us/documents/other/ru3000-additions-20250627.pdf
2025,2025-06-30,final,additions,annual_reconstitution,BFIN,BANKFINANCIAL CORP,Financials,https://www.lseg.com/content/dam/ftse-russell/en_us/documents/other/ru3000-additions-20250627.pdf
2025,2025-06-30,final,additions,annual_reconstitution,BNED,BARNES & NOBLE EDUCATION,Consumer Discretionary,https://www.lseg.com/content/dam/ftse-russell/en_us/documents/other/ru3000-additions-20250627.pdf
2025,2025-06-30,final,additions,annual_reconstitution,BSET,BASSETT FURNITURE INDS,Consumer Discretionary,https://www.lseg.com/content/dam/ftse-russell/en_us/documents/other/ru3000-additions-20250627.pdf
2025,2025-06-30,final,additions,annual_reconstitution,BNTC,BENITEC BIOPHARMA ADS,Health Care,https://www.lseg.com/content/dam/ftse-russell/en_us/documents/other/ru3000-additions-20250627.pdf
2025,2025-06-30,final,additions,annual_reconstitution,BETR,BETTER HOME & FINANCE HO,Financials,https://www.lseg.com/content/dam/ftse-russell/en_us/documents/other/ru3000-additions-20250627.pdf
2025,2025-06-30,final,additions,annual_reconstitution,BTDR,BITDEER TECHNOLOGIES GRO,Technology,https://www.lseg.com/content/dam/ftse-russell/en_us/documents/other/ru3000-additions-20250627.pdf
2025,2025-06-30,final,additions,annual_reconstitution,BKTI,BK TECHNOLOGIES INC,Telecommunications,https://www.lseg.com/content/dam/ftse-russell/en_us/documents/other/ru3000-additions-20250627.pdf
2025,2025-06-30,final,additions,annual_reconstitution,BRBS,BLUE RIDGE BANKSHARES,Financials,https://www.lseg.com/content/dam/ftse-russell/en_us/documents/other/ru3000-additions-20250627.pdf
2025,2025-06-30,final,additions,annual_reconstitution,DRUG,BRIGHT MINDS BIOSCIENCES,Health Care,https://www.lseg.com/content/dam/ftse-russell/en_us/documents/other/ru3000-additions-20250627.pdf
2025,2025-06-30,final,additions,annual_reconstitution,BAM,BROOKFIELD ASSET MANAGEM,Financials,https://www.lseg.com/content/dam/ftse-russell/en_us/documents/other/ru3000-additions-20250627.pdf
2025,2025-06-30,final,additions,annual_reconstitution,BFLY,BUTTERFLY NETWORK IN (A),Health Care,https://www.lseg.com/content/dam/ftse-russell/en_us/documents/other/ru3000-additions-20250627.pdf
2025,2025-06-30,final,additions,annual_reconstitution,BVFL,BV FINANCIAL INC,Financials,https://www.lseg.com/content/dam/ftse-russell/en_us/documents/other/ru3000-additions-20250627.pdf
2025,2025-06-30,final,additions,annual_reconstitution,CFFI,C & F FINANCIAL CORP,Financials,https://www.lseg.com/content/dam/ftse-russell/en_us/documents/other/ru3000-additions-20250627.pdf
2025,2025-06-30,final,additions,annual_reconstitution,CLMT,CALUMET,Energy,https://www.lseg.com/content/dam/ftse-russell/en_us/documents/other/ru3000-additions-20250627.pdf
2025,2025-06-30,final,additions,annual_reconstitution,CBFV,CB FINL SVCS INC,Financials,https://www.lseg.com/content/dam/ftse-russell/en_us/documents/other/ru3000-additions-20250627.pdf
2025,2025-06-30,final,additions,annual_reconstitution,CFBK,CF BANKSHARES INC,Financials,https://www.lseg.com/content/dam/ftse-russell/en_us/documents/other/ru3000-additions-20250627.pdf
2025,2025-06-30,final,additions,annual_reconstitution,CBNA,CHAIN BRIDGE BANCORP INC,Financials,https://www.lseg.com/content/dam/ftse-russell/en_us/documents/other/ru3000-additions-20250627.pdf
2025,2025-06-30,final,additions,annual_reconstitution,CHWY,CHEWY,Consumer Discretionary,https://www.lseg.com/content/dam/ftse-russell/en_us/documents/other/ru3000-additions-20250627.pdf
2025,2025-06-30,final,additions,annual_reconstitution,CDTX,CIDARA THERAPEUTICS INC,Health Care,https://www.lseg.com/content/dam/ftse-russell/en_us/documents/other/ru3000-additions-20250627.pdf
2025,2025-06-30,final,additions,annual_reconstitution,CZWI,CITIZENS CMNTY BANCORP,Financials,https://www.lseg.com/content/dam/ftse-russell/en_us/documents/other/ru3000-additions-20250627.pdf
2025,2025-06-30,final,additions,annual_reconstitution,CIA,CITIZENS INC,Financials,https://www.lseg.com/content/dam/ftse-russell/en_us/documents/other/ru3000-additions-20250627.pdf
2025,2025-06-30,final,additions,annual_reconstitution,CTEV,CLARITEV CORPORATION (A),Health Care,https://www.lseg.com/content/dam/ftse-russell/en_us/documents/other/ru3000-additions-20250627.pdf
2025,2025-06-30,final,additions,annual_reconstitution,CLPT,CLEARPOINT NEURO INC,Health Care,https://www.lseg.com/content/dam/ftse-russell/en_us/documents/other/ru3000-additions-20250627.pdf
2025,2025-06-30,final,additions,annual_reconstitution,CLOV,CLOVER HEALTH INVEST (A),Health Care,https://www.lseg.com/content/dam/ftse-russell/en_us/documents/other/ru3000-additions-20250627.pdf
2025,2025-06-30,final,additions,annual_reconstitution,SPWR,COMPLETE SOLARIA,Energy,https://www.lseg.com/content/dam/ftse-russell/en_us/documents/other/ru3000-additions-20250627.pdf
2025,2025-06-30,final,additions,annual_reconstitution,CCRD,CORECARD CORP,Technology,https://www.lseg.com/content/dam/ftse-russell/en_us/documents/other/ru3000-additions-20250627.pdf
2025,2025-06-30,final,additions,annual_reconstitution,CRVS,CORVUS PHARMACEUTICALS,Health Care,https://www.lseg.com/content/dam/ftse-russell/en_us/documents/other/ru3000-additions-20250627.pdf
2025,2025-06-30,final,additions,annual_reconstitution,CXDO,CREXENDO,Telecommunications,https://www.lseg.com/content/dam/ftse-russell/en_us/documents/other/ru3000-additions-20250627.pdf
2025,2025-06-30,final,additions,annual_reconstitution,CRSP,CRISPR THERAPEUTICS,Health Care,https://www.lseg.com/content/dam/ftse-russell/en_us/documents/other/ru3000-additions-20250627.pdf
2025,2025-06-30,final,additions,annual_reconstitution,CSPI,CSP INC,Technology,https://www.lseg.com/content/dam/ftse-russell/en_us/documents/other/ru3000-additions-20250627.pdf
2025,2025-06-30,final,additions,annual_reconstitution,CURI,CURIOSITYSTREAM INC (A),Consumer Discretionary,https://www.lseg.com/content/dam/ftse-russell/en_us/documents/other/ru3000-additions-20250627.pdf
2025,2025-06-30,final,additions,annual_reconstitution,DCTH,DELCATH SYSTEMS,Health Care,https://www.lseg.com/content/dam/ftse-russell/en_us/documents/other/ru3000-additions-20250627.pdf
2025,2025-06-30,final,additions,annual_reconstitution,DMAC,DIAMEDICA THERAPEUTICS,Health Care,https://www.lseg.com/content/dam/ftse-russell/en_us/documents/other/ru3000-additions-20250627.pdf
2025,2025-06-30,final,additions,annual_reconstitution,DOUG,DOUGLAS ELLIMAN INC,Real Estate,https://www.lseg.com/content/dam/ftse-russell/en_us/documents/other/ru3000-additions-20250627.pdf
2025,2025-06-30,final,additions,annual_reconstitution,EBMT,EAGLE BANCORP MONT INC,Financials,https://www.lseg.com/content/dam/ftse-russell/en_us/documents/other/ru3000-additions-20250627.pdf
2025,2025-06-30,final,additions,annual_reconstitution,EFSI,EAGLE FINANCIALSERVICES,Financials,https://www.lseg.com/content/dam/ftse-russell/en_us/documents/other/ru3000-additions-20250627.pdf
2025,2025-06-30,final,additions,annual_reconstitution,ECBK,ECB BANCORP INC,Financials,https://www.lseg.com/content/dam/ftse-russell/en_us/documents/other/ru3000-additions-20250627.pdf
2025,2025-06-30,final,additions,annual_reconstitution,EHTH,EHEALTH INC,Financials,https://www.lseg.com/content/dam/ftse-russell/en_us/documents/other/ru3000-additions-20250627.pdf
2025,2025-06-30,final,additions,annual_reconstitution,ELMD,ELECTROMED INC,Health Care,https://www.lseg.com/content/dam/ftse-russell/en_us/documents/other/ru3000-additions-20250627.pdf
2025,2025-06-30,final,additions,annual_reconstitution,ELDN,ELEDON PHARMACEUTICALS,Health Care,https://www.lseg.com/content/dam/ftse-russell/en_us/documents/other/ru3000-additions-20250627.pdf
2025,2025-06-30,final,additions,annual_reconstitution,EBS,EMERGENT BIOSOLUTIONS,Health Care,https://www.lseg.com/content/dam/ftse-russell/en_us/documents/other/ru3000-additions-20250627.pdf
2025,2025-06-30,final,additions,annual_reconstitution,ESOA,ENERGY SERVICES OF AMERI,Energy,https://www.lseg.com/content/dam/ftse-russell/en_us/documents/other/ru3000-additions-20250627.pdf
2025,2025-06-30,final,additions,annual_reconstitution,ELA,ENVELA,Consumer Discretionary,https://www.lseg.com/content/dam/ftse-russell/en_us/documents/other/ru3000-additions-20250627.pdf
2025,2025-06-30,final,additions,annual_reconstitution,EOSE,EOS ENERGY (A),Industrials,https://www.lseg.com/content/dam/ftse-russell/en_us/documents/other/ru3000-additions-20250627.pdf
2025,2025-06-30,final,additions,annual_reconstitution,EPSN,EPSILON ENERGY LIMITED,Energy,https://www.lseg.com/content/dam/ftse-russell/en_us/documents/other/ru3000-additions-20250627.pdf
2025,2025-06-30,final,additions,annual_reconstitution,ZGN,ERMENEGILDO ZEGNA NV (A),Consumer Discretionary,https://www.lseg.com/content/dam/ftse-russell/en_us/documents/other/ru3000-additions-20250627.pdf
2025,2025-06-30,final,additions,annual_reconstitution,ETON,ETON PHARMACEUTICALS,Health Care,https://www.lseg.com/content/dam/ftse-russell/en_us/documents/other/ru3000-additions-20250627.pdf
2025,2025-06-30,final,additions,annual_reconstitution,EXFY,EXPENSIFY,Technology,https://www.lseg.com/content/dam/ftse-russell/en_us/documents/other/ru3000-additions-20250627.pdf
2025,2025-06-30,final,additions,annual_reconstitution,FFAI,FARADAY FUTURE INTELLIGE,Consumer Discretionary,https://www.lseg.com/content/dam/ftse-russell/en_us/documents/other/ru3000-additions-20250627.pdf
2025,2025-06-30,final,additions,annual_reconstitution,FBLA,FB BANCORP,Financials,https://www.lseg.com/content/dam/ftse-russell/en_us/documents/other/ru3000-additions-20250627.pdf
2025,2025-06-30,final,additions,annual_reconstitution,GSM,FERROGLOBE PLC,Basic Materials,https://www.lseg.com/content/dam/ftse-russell/en_us/documents/other/ru3000-additions-20250627.pdf
2025,2025-06-30,final,additions,annual_reconstitution,FOA,FINANCE OF AMERICAS COMP,Financials,https://www.lseg.com/content/dam/ftse-russell/en_us/documents/other/ru3000-additions-20250627.pdf
2025,2025-06-30,final,additions,annual_reconstitution,FNWD,FINWARD BANCORP,Financials,https://www.lseg.com/content/dam/ftse-russell/en_us/documents/other/ru3000-additions-20250627.pdf
2025,2025-06-30,final,additions,annual_reconstitution,FINW,FINWISE BANCORP,Financials,https://www.lseg.com/content/dam/ftse-russell/en_us/documents/other/ru3000-additions-20250627.pdf
2025,2025-06-30,final,additions,annual_reconstitution,FCAP,FIRST CAPITAL INC,Financials,https://www.lseg.com/content/dam/ftse-russell/en_us/documents/other/ru3000-additions-20250627.pdf
2025,2025-06-30,final,additions,annual_reconstitution,FCCO,FIRST CMNTY CORP SC,Financials,https://www.lseg.com/content/dam/ftse-russell/en_us/documents/other/ru3000-additions-20250627.pdf
2025,2025-06-30,final,additions,annual_reconstitution,FXNC,FIRST NATIONAL CORP,Financials,https://www.lseg.com/content/dam/ftse-russell/en_us/documents/other/ru3000-additions-20250627.pdf
2025,2025-06-30,final,additions,annual_reconstitution,FSFG,FIRST SAVINGS FINANCIAL,Financials,https://www.lseg.com/content/dam/ftse-russell/en_us/documents/other/ru3000-additions-20250627.pdf
2025,2025-06-30,final,additions,annual_reconstitution,FUNC,FIRST UNITED CORP,Financials,https://www.lseg.com/content/dam/ftse-russell/en_us/documents/other/ru3000-additions-20250627.pdf
2025,2025-06-30,final,additions,annual_reconstitution,FSUN,FIRSTSUN CAPITAL BANCORP,Financials,https://www.lseg.com/content/dam/ftse-russell/en_us/documents/other/ru3000-additions-20250627.pdf
2025,2025-06-30,final,additions,annual_reconstitution,FTLF,FITLIFE BRANDS,Consumer Staples,https://www.lseg.com/content/dam/ftse-russell/en_us/documents/other/ru3000-additions-20250627.pdf
2025,2025-06-30,final,additions,annual_reconstitution,FLEX,FLEX,Technology,https://www.lseg.com/content/dam/ftse-russell/en_us/documents/other/ru3000-additions-20250627.pdf
2025,2025-06-30,final,additions,annual_reconstitution,FTK,FLOTEK INDUSTRIES INC,Energy,https://www.lseg.com/content/dam/ftse-russell/en_us/documents/other/ru3000-additions-20250627.pdf
2025,2025-06-30,final,additions,annual_reconstitution,FLUT,FLUTTER ENTERTAINMENT,Consumer Discretionary,https://www.lseg.com/content/dam/ftse-russell/en_us/documents/other/ru3000-additions-20250627.pdf
2025,2025-06-30,final,additions,annual_reconstitution,FRAF,FRANKLIN FINANCIAL SERV,Financials,https://www.lseg.com/content/dam/ftse-russell/en_us/documents/other/ru3000-additions-20250627.pdf
2025,2025-06-30,final,additions,annual_reconstitution,FRHC,FREEDOM HOLDING CORP,Financials,https://www.lseg.com/content/dam/ftse-russell/en_us/documents/other/ru3000-additions-20250627.pdf
2025,2025-06-30,final,additions,annual_reconstitution,FEIM,FREQUENCY ELECTRONICS,Industrials,https://www.lseg.com/content/dam/ftse-russell/en_us/documents/other/ru3000-additions-20250627.pdf
2025,2025-06-30,final,additions,annual_reconstitution,FRD,FRIEDMAN INDS INC,Basic Materials,https://www.lseg.com/content/dam/ftse-russell/en_us/documents/other/ru3000-additions-20250627.pdf
2025,2025-06-30,final,additions,annual_reconstitution,GAIA,GAIA INC,Consumer Discretionary,https://www.lseg.com/content/dam/ftse-russell/en_us/documents/other/ru3000-additions-20250627.pdf
2025,2025-06-30,final,additions,annual_reconstitution,GTX,GARRETT MOTION INC,Consumer Discretionary,https://www.lseg.com/content/dam/ftse-russell/en_us/documents/other/ru3000-additions-20250627.pdf
2025,2025-06-30,final,additions,annual_reconstitution,GBFH,GBANK FINANCIAL HOLDINGS,Financials,https://www.lseg.com/content/dam/ftse-russell/en_us/documents/other/ru3000-additions-20250627.pdf
2025,2025-06-30,final,additions,annual_reconstitution,GENI,GENIUS SPORTS LTD (A),Consumer Discretionary,https://www.lseg.com/content/dam/ftse-russell/en_us/documents/other/ru3000-additions-20250627.pdf
2025,2025-06-30,final,additions,annual_reconstitution,GEVO,GEVO INC,Energy,https://www.lseg.com/content/dam/ftse-russell/en_us/documents/other/ru3000-additions-20250627.pdf
2025,2025-06-30,final,additions,annual_reconstitution,DNA,GINKGO BIOWORKS INC (A),Health Care,https://www.lseg.com/content/dam/ftse-russell/en_us/documents/other/ru3000-additions-20250627.pdf
2025,2025-06-30,final,additions,annual_reconstitution,GOSS,GOSSAMER BIO,Health Care,https://www.lseg.com/content/dam/ftse-russell/en_us/documents/other/ru3000-additions-20250627.pdf
2025,2025-06-30,final,additions,annual_reconstitution,HNVR,HANOVER BANCORP INC,Financials,https://www.lseg.com/content/dam/ftse-russell/en_us/documents/other/ru3000-additions-20250627.pdf
2025,2025-06-30,final,additions,annual_reconstitution,HWBK,HAWTHORN BANCSHARES INC,Financials,https://www.lseg.com/content/dam/ftse-russell/en_us/documents/other/ru3000-additions-20250627.pdf
2025,2025-06-30,final,additions,annual_reconstitution,IDR,IDAHO STRATEGIC RESOURCE,Basic Materials,https://www.lseg.com/content/dam/ftse-russell/en_us/documents/other/ru3000-additions-20250627.pdf
2025,2025-06-30,final,additions,annual_reconstitution,INDV,INDIVIOR,Health Care,https://www.lseg.com/content/dam/ftse-russell/en_us/documents/other/ru3000-additions-20250627.pdf
2025,2025-06-30,final,additions,annual_reconstitution,IKT,INHIBIKASE THERAPEUTICS,Health Care,https://www.lseg.com/content/dam/ftse-russell/en_us/documents/other/ru3000-additions-20250627.pdf
2025,2025-06-30,final,additions,annual_reconstitution,INSG,INSEEGO CORP,Telecommunications,https://www.lseg.com/content/dam/ftse-russell/en_us/documents/other/ru3000-additions-20250627.pdf
2025,2025-06-30,final,additions,annual_reconstitution,DERM,JOURNEY MEDICAL,Health Care,https://www.lseg.com/content/dam/ftse-russell/en_us/documents/other/ru3000-additions-20250627.pdf
2025,2025-06-30,final,additions,annual_reconstitution,KRMN,KARMAN HOLDINGS,Industrials,https://www.lseg.com/content/dam/ftse-russell/en_us/documents/other/ru3000-additions-20250627.pdf
2025,2025-06-30,final,additions,annual_reconstitution,KMTS,KESTRA MEDICAL TECHNOLOG,Health Care,https://www.lseg.com/content/dam/ftse-russell/en_us/documents/other/ru3000-additions-20250627.pdf
2025,2025-06-30,final,additions,annual_reconstitution,KINS,KINGSTONE COS INC,Financials,https://www.lseg.com/content/dam/ftse-russell/en_us/documents/other/ru3000-additions-20250627.pdf
2025,2025-06-30,final,additions,annual_reconstitution,KGEI,KOLIBRI GLOBAL ENERGY IN,Energy,https://www.lseg.com/content/dam/ftse-russell/en_us/documents/other/ru3000-additions-20250627.pdf
2025,2025-06-30,final,additions,annual_reconstitution,KOPN,KOPIN CORP,Technology,https://www.lseg.com/content/dam/ftse-russell/en_us/documents/other/ru3000-additions-20250627.pdf
2025,2025-06-30,final,additions,annual_reconstitution,KRMD,KORU MEDICAL SYSTEMS INC,Health Care,https://www.lseg.com/content/dam/ftse-russell/en_us/documents/other/ru3000-additions-20250627.pdf
2025,2025-06-30,final,additions,annual_reconstitution,KULR,KULR TECHNOLOGY GROUP,Technology,https://www.lseg.com/content/dam/ftse-russell/en_us/documents/other/ru3000-additions-20250627.pdf
2025,2025-06-30,final,additions,annual_reconstitution,LAKE,LAKELAND INDUSTRIES INC,Consumer Discretionary,https://www.lseg.com/content/dam/ftse-russell/en_us/documents/other/ru3000-additions-20250627.pdf
2025,2025-06-30,final,additions,annual_reconstitution,LARK,LANDMARK BANCORP INC,Financials,https://www.lseg.com/content/dam/ftse-russell/en_us/documents/other/ru3000-additions-20250627.pdf
2025,2025-06-30,final,additions,annual_reconstitution,LNSR,LENSAR,Health Care,https://www.lseg.com/content/dam/ftse-russell/en_us/documents/other/ru3000-additions-20250627.pdf
2025,2025-06-30,final,additions,annual_reconstitution,LFVN,LIFEVANTAGE CORP,Consumer Staples,https://www.lseg.com/content/dam/ftse-russell/en_us/documents/other/ru3000-additions-20250627.pdf
2025,2025-06-30,final,additions,annual_reconstitution,LTBR,LIGHTBRIDGE,Industrials,https://www.lseg.com/content/dam/ftse-russell/en_us/documents/other/ru3000-additions-20250627.pdf
2025,2025-06-30,final,additions,annual_reconstitution,LDI,LOANDEPOT,Financials,https://www.lseg.com/content/dam/ftse-russell/en_us/documents/other/ru3000-additions-20250627.pdf
2025,2025-06-30,final,additions,annual_reconstitution,LPA,LOGISTIC PROPERTIES OF T,Real Estate,https://www.lseg.com/content/dam/ftse-russell/en_us/documents/other/ru3000-additions-20250627.pdf
2025,2025-06-30,final,additions,annual_reconstitution,LUCD,LUCID DIAGNOSTICS,Health Care,https://www.lseg.com/content/dam/ftse-russell/en_us/documents/other/ru3000-additions-20250627.pdf
2025,2025-06-30,final,additions,annual_reconstitution,LFT,LUMENT FINANCE TRUST INC,Financials,https://www.lseg.com/content/dam/ftse-russell/en_us/documents/other/ru3000-additions-20250627.pdf
2025,2025-06-30,final,additions,annual_reconstitution,MPTI,M TRON INDUSTRIES INC,Industrials,https://www.lseg.com/content/dam/ftse-russell/en_us/documents/other/ru3000-additions-20250627.pdf
2025,2025-06-30,final,additions,annual_reconstitution,MAGN,MAGNERA CORPORATION,Basic Materials,https://www.lseg.com/content/dam/ftse-russell/en_us/documents/other/ru3000-additions-20250627.pdf
2025,2025-06-30,final,additions,annual_reconstitution,MNSB,MAINSTREET BANCSHARES,Financials,https://www.lseg.com/content/dam/ftse-russell/en_us/documents/other/ru3000-additions-20250627.pdf
2025,2025-06-30,final,additions,annual_reconstitution,MRX,MAREX GROUP PLC,Financials,https://www.lseg.com/content/dam/ftse-russell/en_us/documents/other/ru3000-additions-20250627.pdf
2025,2025-06-30,final,additions,annual_reconstitution,MFH,MERCURITY FINTECH HOLDIN,Technology,https://www.lseg.com/content/dam/ftse-russell/en_us/documents/other/ru3000-additions-20250627.pdf
2025,2025-06-30,final,additions,annual_reconstitution,MRBK,MERIDIAN CORPORATION,Financials,https://www.lseg.com/content/dam/ftse-russell/en_us/documents/other/ru3000-additions-20250627.pdf
2025,2025-06-30,final,additions,annual_reconstitution,MVST,MICROVAST HOLDINGS INC,Industrials,https://www.lseg.com/content/dam/ftse-russell/en_us/documents/other/ru3000-additions-20250627.pdf
2025,2025-06-30,final,additions,annual_reconstitution,TIGO,MILLICOM INTERNATIONAL C,Telecommunications,https://www.lseg.com/content/dam/ftse-russell/en_us/documents/other/ru3000-additions-20250627.pdf
2025,2025-06-30,final,additions,annual_reconstitution,BEEP,MOBILE INFRASTRUCTURE CO,Real Estate,https://www.lseg.com/content/dam/ftse-russell/en_us/documents/other/ru3000-additions-20250627.pdf
2025,2025-06-30,final,additions,annual_reconstitution,MDV,MODIV INDUSTRIAL INC (C),Real Estate,https://www.lseg.com/content/dam/ftse-russell/en_us/documents/other/ru3000-additions-20250627.pdf
2025,2025-06-30,final,additions,annual_reconstitution,MNPR,MONOPAR THERAPEUTICS,Health Care,https://www.lseg.com/content/dam/ftse-russell/en_us/documents/other/ru3000-additions-20250627.pdf
2025,2025-06-30,final,additions,annual_reconstitution,MPAA,MOTORCAR PTS AMERICA INC,Consumer Discretionary,https://www.lseg.com/content/dam/ftse-russell/en_us/documents/other/ru3000-additions-20250627.pdf
2025,2025-06-30,final,additions,annual_reconstitution,MYO,MYOMO,Health Care,https://www.lseg.com/content/dam/ftse-russell/en_us/documents/other/ru3000-additions-20250627.pdf
2025,2025-06-30,final,additions,annual_reconstitution,NESR,NATIONAL ENERGY SERVICES,Energy,https://www.lseg.com/content/dam/ftse-russell/en_us/documents/other/ru3000-additions-20250627.pdf
2025,2025-06-30,final,additions,annual_reconstitution,NVGS,NAVIGATOR HOLDINGS,Industrials,https://www.lseg.com/content/dam/ftse-russell/en_us/documents/other/ru3000-additions-20250627.pdf
2025,2025-06-30,final,additions,annual_reconstitution,NEON,NEONODE INC,Technology,https://www.lseg.com/content/dam/ftse-russell/en_us/documents/other/ru3000-additions-20250627.pdf
2025,2025-06-30,final,additions,annual_reconstitution,STIM,NEURONETICS INC,Health Care,https://www.lseg.com/content/dam/ftse-russell/en_us/documents/other/ru3000-additions-20250627.pdf
2025,2025-06-30,final,additions,annual_reconstitution,NMAX,NEWSMAX INC,Consumer Discretionary,https://www.lseg.com/content/dam/ftse-russell/en_us/documents/other/ru3000-additions-20250627.pdf
2025,2025-06-30,final,additions,annual_reconstitution,NXXT,NEXTNRG,Consumer Discretionary,https://www.lseg.com/content/dam/ftse-russell/en_us/documents/other/ru3000-additions-20250627.pdf
2025,2025-06-30,final,additions,annual_reconstitution,NEXN,NEXXEN INTERNATIONAL,Consumer Discretionary,https://www.lseg.com/content/dam/ftse-russell/en_us/documents/other/ru3000-additions-20250627.pdf
2025,2025-06-30,final,additions,annual_reconstitution,NB,NIOCORP DEVELOPMENTS LTD,Basic Materials,https://www.lseg.com/content/dam/ftse-russell/en_us/documents/other/ru3000-additions-20250627.pdf
2025,2025-06-30,final,additions,annual_reconstitution,NPB,NORTHPOINTE BANCSHARES,Financials,https://www.lseg.com/content/dam/ftse-russell/en_us/documents/other/ru3000-additions-20250627.pdf
2025,2025-06-30,final,additions,annual_reconstitution,NUTX,NUTEX HEALTH,Health Care,https://www.lseg.com/content/dam/ftse-russell/en_us/documents/other/ru3000-additions-20250627.pdf
2025,2025-06-30,final,additions,annual_reconstitution,NVCT,NUVECTIS PHARMA,Health Care,https://www.lseg.com/content/dam/ftse-russell/en_us/documents/other/ru3000-additions-20250627.pdf
2025,2025-06-30,final,additions,annual_reconstitution,OVBC,OHIO VY BANC CORP,Financials,https://www.lseg.com/content/dam/ftse-russell/en_us/documents/other/ru3000-additions-20250627.pdf
2025,2025-06-30,final,additions,annual_reconstitution,OKLO,OKLO,Utilities,https://www.lseg.com/content/dam/ftse-russell/en_us/documents/other/ru3000-additions-20250627.pdf
2025,2025-06-30,final,additions,annual_reconstitution,OPOF,OLD POINT FINL CORP,Financials,https://www.lseg.com/content/dam/ftse-russell/en_us/documents/other/ru3000-additions-20250627.pdf
2025,2025-06-30,final,additions,annual_reconstitution,ONON,ON HOLDING AG,Consumer Discretionary,https://www.lseg.com/content/dam/ftse-russell/en_us/documents/other/ru3000-additions-20250627.pdf
2025,2025-06-30,final,additions,annual_reconstitution,OPBK,OP BANCORP,Financials,https://www.lseg.com/content/dam/ftse-russell/en_us/documents/other/ru3000-additions-20250627.pdf
2025,2025-06-30,final,additions,annual_reconstitution,OPAL,OPAL FUELS INC (A),Energy,https://www.lseg.com/content/dam/ftse-russell/en_us/documents/other/ru3000-additions-20250627.pdf
2025,2025-06-30,final,additions,annual_reconstitution,OPRT,OPORTUN FINANCIAL,Financials,https://www.lseg.com/content/dam/ftse-russell/en_us/documents/other/ru3000-additions-20250627.pdf
2025,2025-06-30,final,additions,annual_reconstitution,ORKA,ORUKA THERAPEUTICS INC,Health Care,https://www.lseg.com/content/dam/ftse-russell/en_us/documents/other/ru3000-additions-20250627.pdf
2025,2025-06-30,final,additions,annual_reconstitution,OM,OUTSET MEDICAL,Health Care,https://www.lseg.com/content/dam/ftse-russell/en_us/documents/other/ru3000-additions-20250627.pdf
2025,2025-06-30,final,additions,annual_reconstitution,PDYN,PALLADYNE AI CORP (A),Industrials,https://www.lseg.com/content/dam/ftse-russell/en_us/documents/other/ru3000-additions-20250627.pdf
2025,2025-06-30,final,additions,annual_reconstitution,PVLA,PALVELLA THERAPEUTICS,Health Care,https://www.lseg.com/content/dam/ftse-russell/en_us/documents/other/ru3000-additions-20250627.pdf
2025,2025-06-30,final,additions,annual_reconstitution,PNBK,PATRIOT NATIONAL BANCORP,Financials,https://www.lseg.com/content/dam/ftse-russell/en_us/documents/other/ru3000-additions-20250627.pdf
2025,2025-06-30,final,additions,annual_reconstitution,PWOD,PENNS WOODS BANCORP INC,Financials,https://www.lseg.com/content/dam/ftse-russell/en_us/documents/other/ru3000-additions-20250627.pdf
2025,2025-06-30,final,additions,annual_reconstitution,PSNL,PERSONALIS INC,Health Care,https://www.lseg.com/content/dam/ftse-russell/en_us/documents/other/ru3000-additions-20250627.pdf
2025,2025-06-30,final,additions,annual_reconstitution,PSIX,POWER SOLUTIONS INTERNAT,Industrials,https://www.lseg.com/content/dam/ftse-russell/en_us/documents/other/ru3000-additions-20250627.pdf
2025,2025-06-30,final,additions,annual_reconstitution,PDEX,PRO-DEX INC,Health Care,https://www.lseg.com/content/dam/ftse-russell/en_us/documents/other/ru3000-additions-20250627.pdf
2025,2025-06-30,final,additions,annual_reconstitution,PLX,PROTALIX BIO THERA,Health Care,https://www.lseg.com/content/dam/ftse-russell/en_us/documents/other/ru3000-additions-20250627.pdf
2025,2025-06-30,final,additions,annual_reconstitution,TARA,PROTARA THERAPEUTICS INC,Health Care,https://www.lseg.com/content/dam/ftse-russell/en_us/documents/other/ru3000-additions-20250627.pdf
2025,2025-06-30,final,additions,annual_reconstitution,QUBT,QUANTUM COMPUTING,Technology,https://www.lseg.com/content/dam/ftse-russell/en_us/documents/other/ru3000-additions-20250627.pdf
2025,2025-06-30,final,additions,annual_reconstitution,QXO,QXO INC,Industrials,https://www.lseg.com/content/dam/ftse-russell/en_us/documents/other/ru3000-additions-20250627.pdf
2025,2025-06-30,final,additions,annual_reconstitution,RCMT,RCM TECHNOLOGIES INC,Health Care,https://www.lseg.com/content/dam/ftse-russell/en_us/documents/other/ru3000-additions-20250627.pdf
2025,2025-06-30,final,additions,annual_reconstitution,RCAT,RED CAT HOLDINGS,Consumer Discretionary,https://www.lseg.com/content/dam/ftse-russell/en_us/documents/other/ru3000-additions-20250627.pdf
2025,2025-06-30,final,additions,annual_reconstitution,RDDT,REDDIT INC,Technology,https://www.lseg.com/content/dam/ftse-russell/en_us/documents/other/ru3000-additions-20250627.pdf
2025,2025-06-30,final,additions,annual_reconstitution,QSR,RESTAURANT BRANDS INTERN,Consumer Discretionary,https://www.lseg.com/content/dam/ftse-russell/en_us/documents/other/ru3000-additions-20250627.pdf
2025,2025-06-30,final,additions,annual_reconstitution,RZLT,REZOLUTE,Health Care,https://www.lseg.com/content/dam/ftse-russell/en_us/documents/other/ru3000-additions-20250627.pdf
2025,2025-06-30,final,additions,annual_reconstitution,RZLV,REZOLVE AI,Technology,https://www.lseg.com/content/dam/ftse-russell/en_us/documents/other/ru3000-additions-20250627.pdf
2025,2025-06-30,final,additions,annual_reconstitution,RBKB,RHINEBECK BANCORP,Financials,https://www.lseg.com/content/dam/ftse-russell/en_us/documents/other/ru3000-additions-20250627.pdf
2025,2025-06-30,final,additions,annual_reconstitution,RMBI,RICHMOND MUTUAL BANCORP,Financials,https://www.lseg.com/content/dam/ftse-russell/en_us/documents/other/ru3000-additions-20250627.pdf
2025,2025-06-30,final,additions,annual_reconstitution,RR,RICHTECH ROBOTICS,Industrials,https://www.lseg.com/content/dam/ftse-russell/en_us/documents/other/ru3000-additions-20250627.pdf
2025,2025-06-30,final,additions,annual_reconstitution,RPT,RITHM PROPERTY TRUST INC,Financials,https://www.lseg.com/content/dam/ftse-russell/en_us/documents/other/ru3000-additions-20250627.pdf
2025,2025-06-30,final,additions,annual_reconstitution,RVSB,RIVERVIEW BANCORP INC,Financials,https://www.lseg.com/content/dam/ftse-russell/en_us/documents/other/ru3000-additions-20250627.pdf
2025,2025-06-30,final,additions,annual_reconstitution,RBRK,RUBRIK INC,Technology,https://www.lseg.com/content/dam/ftse-russell/en_us/documents/other/ru3000-additions-20250627.pdf
2025,2025-06-30,final,additions,annual_reconstitution,RUM,RUMBLE INC (A),Technology,https://www.lseg.com/content/dam/ftse-russell/en_us/documents/other/ru3000-additions-20250627.pdf
2025,2025-06-30,final,additions,annual_reconstitution,SAIL,SAILPOINT,Technology,https://www.lseg.com/content/dam/ftse-russell/en_us/documents/other/ru3000-additions-20250627.pdf
2025,2025-06-30,final,additions,annual_reconstitution,IOT,SAMSARA INC,Technology,https://www.lseg.com/content/dam/ftse-russell/en_us/documents/other/ru3000-additions-20250627.pdf
2025,2025-06-30,final,additions,annual_reconstitution,SNWV,SANUWAVE HEALTH,Health Care,https://www.lseg.com/content/dam/ftse-russell/en_us/documents/other/ru3000-additions-20250627.pdf
2025,2025-06-30,final,additions,annual_reconstitution,SATL,SATELLOGIC INC (A),Industrials,https://www.lseg.com/content/dam/ftse-russell/en_us/documents/other/ru3000-additions-20250627.pdf
2025,2025-06-30,final,additions,annual_reconstitution,SBFG,SB FINL GROUP INC,Financials,https://www.lseg.com/content/dam/ftse-russell/en_us/documents/other/ru3000-additions-20250627.pdf
2025,2025-06-30,final,additions,annual_reconstitution,SBC,SBC MEDICAL GROUP HOLDIN,Health Care,https://www.lseg.com/content/dam/ftse-russell/en_us/documents/other/ru3000-additions-20250627.pdf
2025,2025-06-30,final,additions,annual_reconstitution,SNFCA,SECURITY NATL FINL CORP,Financials,https://www.lseg.com/content/dam/ftse-russell/en_us/documents/other/ru3000-additions-20250627.pdf
2025,2025-06-30,final,additions,annual_reconstitution,SLS,SELLAS LIFE SCIENCES,Health Care,https://www.lseg.com/content/dam/ftse-russell/en_us/documents/other/ru3000-additions-20250627.pdf
2025,2025-06-30,final,additions,annual_reconstitution,SERV,SERVE ROBOTICS,Technology,https://www.lseg.com/content/dam/ftse-russell/en_us/documents/other/ru3000-additions-20250627.pdf
2025,2025-06-30,final,additions,annual_reconstitution,SIEB,SIEBERT FINANCIAL CORP,Financials,https://www.lseg.com/content/dam/ftse-russell/en_us/documents/other/ru3000-additions-20250627.pdf
2025,2025-06-30,final,additions,annual_reconstitution,SILA,SILA REALTY TRUST,Real Estate,https://www.lseg.com/content/dam/ftse-russell/en_us/documents/other/ru3000-additions-20250627.pdf
2025,2025-06-30,final,additions,annual_reconstitution,SION,SIONNA THERAPEUTICS,Health Care,https://www.lseg.com/content/dam/ftse-russell/en_us/documents/other/ru3000-additions-20250627.pdf
2025,2025-06-30,final,additions,annual_reconstitution,SKIL,SKILLSOFT CORP (A),Industrials,https://www.lseg.com/content/dam/ftse-russell/en_us/documents/other/ru3000-additions-20250627.pdf
2025,2025-06-30,final,additions,annual_reconstitution,SKYX,SKYX PLATFORMS CORP,Industrials,https://www.lseg.com/content/dam/ftse-russell/en_us/documents/other/ru3000-additions-20250627.pdf
2025,2025-06-30,final,additions,annual_reconstitution,SMA,SMARTSTOP SELF STORAGE R,Real Estate,https://www.lseg.com/content/dam/ftse-russell/en_us/documents/other/ru3000-additions-20250627.pdf
2025,2025-06-30,final,additions,annual_reconstitution,SLSN,SOLESENCE,Basic Materials,https://www.lseg.com/content/dam/ftse-russell/en_us/documents/other/ru3000-additions-20250627.pdf
2025,2025-06-30,final,additions,annual_reconstitution,SFBC,SOUND FINL BANCORP INC,Financials,https://www.lseg.com/content/dam/ftse-russell/en_us/documents/other/ru3000-additions-20250627.pdf
2025,2025-06-30,final,additions,annual_reconstitution,FLYY,SPIRIT AVIATION HOLDINGS,Consumer Discretionary,https://www.lseg.com/content/dam/ftse-russell/en_us/documents/other/ru3000-additions-20250627.pdf
2025,2025-06-30,final,additions,annual_reconstitution,SRBK,SR BANCORP INC,Financials,https://www.lseg.com/content/dam/ftse-russell/en_us/documents/other/ru3000-additions-20250627.pdf
2025,2025-06-30,final,additions,annual_reconstitution,STRT,STRATTEC SEC CORP,Consumer Discretionary,https://www.lseg.com/content/dam/ftse-russell/en_us/documents/other/ru3000-additions-20250627.pdf
2025,2025-06-30,final,additions,annual_reconstitution,SMC,SUMMIT MIDSTREAM CORP,Energy,https://www.lseg.com/content/dam/ftse-russell/en_us/documents/other/ru3000-additions-20250627.pdf
2025,2025-06-30,final,additions,annual_reconstitution,SNCR,SYNCHRONOSS TECHNOLOGY,Technology,https://www.lseg.com/content/dam/ftse-russell/en_us/documents/other/ru3000-additions-20250627.pdf
2025,2025-06-30,final,additions,annual_reconstitution,TLN,TALEN ENERGY CORP,Utilities,https://www.lseg.com/content/dam/ftse-russell/en_us/documents/other/ru3000-additions-20250627.pdf
2025,2025-06-30,final,additions,annual_reconstitution,TECX,TECTONIC THERAPEUTIC INC,Health Care,https://www.lseg.com/content/dam/ftse-russell/en_us/documents/other/ru3000-additions-20250627.pdf
2025,2025-06-30,final,additions,annual_reconstitution,TEM,TEMPUS AI,Health Care,https://www.lseg.com/content/dam/ftse-russell/en_us/documents/other/ru3000-additions-20250627.pdf
2025,2025-06-30,final,additions,annual_reconstitution,TOI,THE ONCOLOGY INC (A),Health Care,https://www.lseg.com/content/dam/ftse-russell/en_us/documents/other/ru3000-additions-20250627.pdf
2025,2025-06-30,final,additions,annual_reconstitution,TTAM,TITAN AMERICA SA,Industrials,https://www.lseg.com/content/dam/ftse-russell/en_us/documents/other/ru3000-additions-20250627.pdf
2025,2025-06-30,final,additions,annual_reconstitution,TNXP,TONIX PHARMACEUTICALS,Health Care,https://www.lseg.com/content/dam/ftse-russell/en_us/documents/other/ru3000-additions-20250627.pdf
2025,2025-06-30,final,additions,annual_reconstitution,TR,TOOTSIE ROLL INDUSTRIES,Consumer Staples,https://www.lseg.com/content/dam/ftse-russell/en_us/documents/other/ru3000-additions-20250627.pdf
2025,2025-06-30,final,additions,annual_reconstitution,TZOO,TRAVELZOO,Consumer Discretionary,https://www.lseg.com/content/dam/ftse-russell/en_us/documents/other/ru3000-additions-20250627.pdf
2025,2025-06-30,final,additions,annual_reconstitution,ILLR,TRILLER GROUP,Financials,https://www.lseg.com/content/dam/ftse-russell/en_us/documents/other/ru3000-additions-20250627.pdf
2025,2025-06-30,final,additions,annual_reconstitution,TSE,TRINSEO PLC,Industrials,https://www.lseg.com/content/dam/ftse-russell/en_us/documents/other/ru3000-additions-20250627.pdf
2025,2025-06-30,final,additions,annual_reconstitution,TLSI,TRISALUS LIFE SCIENCES,Health Care,https://www.lseg.com/content/dam/ftse-russell/en_us/documents/other/ru3000-additions-20250627.pdf
2025,2025-06-30,final,additions,annual_reconstitution,TBRG,TRUBRIDGE INC,Health Care,https://www.lseg.com/content/dam/ftse-russell/en_us/documents/other/ru3000-additions-20250627.pdf
2025,2025-06-30,final,additions,annual_reconstitution,TSSI,TSS,Industrials,https://www.lseg.com/content/dam/ftse-russell/en_us/documents/other/ru3000-additions-20250627.pdf
2025,2025-06-30,final,additions,annual_reconstitution,HURA,TUHURA BIOSCIENCES,Health Care,https://www.lseg.com/content/dam/ftse-russell/en_us/documents/other/ru3000-additions-20250627.pdf
2025,2025-06-30,final,additions,annual_reconstitution,TVRD,TVARDI THERAPEUTICS,Health Care,https://www.lseg.com/content/dam/ftse-russell/en_us/documents/other/ru3000-additions-20250627.pdf
2025,2025-06-30,final,additions,annual_reconstitution,UNB,UNION BANKSHARES INC,Financials,https://www.lseg.com/content/dam/ftse-russell/en_us/documents/other/ru3000-additions-20250627.pdf
2025,2025-06-30,final,additions,annual_reconstitution,UBFO,UNITED SECURITY BANC,Financials,https://www.lseg.com/content/dam/ftse-russell/en_us/documents/other/ru3000-additions-20250627.pdf
2025,2025-06-30,final,additions,annual_reconstitution,UAMY,UNITED STATES ANTIMONY,Basic Materials,https://www.lseg.com/content/dam/ftse-russell/en_us/documents/other/ru3000-additions-20250627.pdf
2025,2025-06-30,final,additions,annual_reconstitution,USAU,US GOLD CORP,Basic Materials,https://www.lseg.com/content/dam/ftse-russell/en_us/documents/other/ru3000-additions-20250627.pdf
2025,2025-06-30,final,additions,annual_reconstitution,USGO,US GOLDMINING INC,Basic Materials,https://www.lseg.com/content/dam/ftse-russell/en_us/documents/other/ru3000-additions-20250627.pdf
2025,2025-06-30,final,additions,annual_reconstitution,VIK,VIKING HOLDINGS LTD,Consumer Discretionary,https://www.lseg.com/content/dam/ftse-russell/en_us/documents/other/ru3000-additions-20250627.pdf
2025,2025-06-30,final,additions,annual_reconstitution,VOXR,VOX ROYALTY CORP,Basic Materials,https://www.lseg.com/content/dam/ftse-russell/en_us/documents/other/ru3000-additions-20250627.pdf
2025,2025-06-30,final,additions,annual_reconstitution,VRM,VROOM,Technology,https://www.lseg.com/content/dam/ftse-russell/en_us/documents/other/ru3000-additions-20250627.pdf
2025,2025-06-30,final,additions,annual_reconstitution,VTEX,VTEX,Technology,https://www.lseg.com/content/dam/ftse-russell/en_us/documents/other/ru3000-additions-20250627.pdf
2025,2025-06-30,final,additions,annual_reconstitution,VUZI,VUZIX CORP,Consumer Discretionary,https://www.lseg.com/content/dam/ftse-russell/en_us/documents/other/ru3000-additions-20250627.pdf
2025,2025-06-30,final,additions,annual_reconstitution,WNEB,WESTERN NEW ENGLAND,Financials,https://www.lseg.com/content/dam/ftse-russell/en_us/documents/other/ru3000-additions-20250627.pdf
2025,2025-06-30,final,additions,annual_reconstitution,WHG,WESTWOOD HOLDINGS GROUP,Financials,https://www.lseg.com/content/dam/ftse-russell/en_us/documents/other/ru3000-additions-20250627.pdf
2025,2025-06-30,final,additions,annual_reconstitution,XENE,XENON PHARMACEUTICALS,Health Care,https://www.lseg.com/content/dam/ftse-russell/en_us/documents/other/ru3000-additions-20250627.pdf
2025,2025-06-30,final,additions,annual_reconstitution,ZVIA,ZEVIA PBC,Consumer Staples,https://www.lseg.com/content/dam/ftse-russell/en_us/documents/other/ru3000-additions-20250627.pdf
2025,2025-06-30,final,deletions,annual_reconstitution,DIBS,1STDIBS.COM,Technology,https://www.lseg.com/content/dam/ftse-russell/en_us/documents/other/ru3000-deletions-20250627.pdf
2025,2025-06-30,final,deletions,annual_reconstitution,SCWO,374WATER INC,Industrials,https://www.lseg.com/content/dam/ftse-russell/en_us/documents/other/ru3000-deletions-20250627.pdf
2025,2025-06-30,final,deletions,annual_reconstitution,AKA,A K A BRANDS HOLDING,Consumer Discretionary,https://www.lseg.com/content/dam/ftse-russell/en_us/documents/other/ru3000-deletions-20250627.pdf
2025,2025-06-30,final,deletions,annual_reconstitution,ACHV,ACHIEVE LIFE SCIENCES,Health Care,https://www.lseg.com/content/dam/ftse-russell/en_us/documents/other/ru3000-deletions-20250627.pdf
2025,2025-06-30,final,deletions,annual_reconstitution,ACRV,ACRIVON THERAPEUTICS INC,Health Care,https://www.lseg.com/content/dam/ftse-russell/en_us/documents/other/ru3000-deletions-20250627.pdf
2025,2025-06-30,final,deletions,annual_reconstitution,ATNM,ACTINIUM PHARMACEUTICALS,Health Care,https://www.lseg.com/content/dam/ftse-russell/en_us/documents/other/ru3000-deletions-20250627.pdf
2025,2025-06-30,final,deletions,annual_reconstitution,ABOS,ACUMEN PHARMACEUTICALS,Health Care,https://www.lseg.com/content/dam/ftse-russell/en_us/documents/other/ru3000-deletions-20250627.pdf
2025,2025-06-30,final,deletions,annual_reconstitution,ADVM,ADVERUM BIOTECH INC,Health Care,https://www.lseg.com/content/dam/ftse-russell/en_us/documents/other/ru3000-deletions-20250627.pdf
2025,2025-06-30,final,deletions,annual_reconstitution,AMTX,AEMETIS,Energy,https://www.lseg.com/content/dam/ftse-russell/en_us/documents/other/ru3000-deletions-20250627.pdf
2025,2025-06-30,final,deletions,annual_reconstitution,AGEN,AGENUS INC,Health Care,https://www.lseg.com/content/dam/ftse-russell/en_us/documents/other/ru3000-deletions-20250627.pdf
2025,2025-06-30,final,deletions,annual_reconstitution,AKYA,AKOYA BIOSCIENCES,Health Care,https://www.lseg.com/content/dam/ftse-russell/en_us/documents/other/ru3000-deletions-20250627.pdf
2025,2025-06-30,final,deletions,annual_reconstitution,ANRO,ALTO NEUROSCIENCE,Health Care,https://www.lseg.com/content/dam/ftse-russell/en_us/documents/other/ru3000-deletions-20250627.pdf
2025,2025-06-30,final,deletions,annual_reconstitution,ALXO,ALX ONCOLOGY HOLDINGS,Health Care,https://www.lseg.com/content/dam/ftse-russell/en_us/documents/other/ru3000-deletions-20250627.pdf
2025,2025-06-30,final,deletions,annual_reconstitution,AMPY,AMPLIFY ENERGY CORP,Energy,https://www.lseg.com/content/dam/ftse-russell/en_us/documents/other/ru3000-deletions-20250627.pdf
2025,2025-06-30,final,deletions,annual_reconstitution,APLT,APPLIED THERAPEUTICS INC,Health Care,https://www.lseg.com/content/dam/ftse-russell/en_us/documents/other/ru3000-deletions-20250627.pdf
2025,2025-06-30,final,deletions,annual_reconstitution,ARTV,ARTIVA BIOTHERAPEUTICS,Health Care,https://www.lseg.com/content/dam/ftse-russell/en_us/documents/other/ru3000-deletions-20250627.pdf
2025,2025-06-30,final,deletions,annual_reconstitution,ATOS,ATOSSA THERAPEUTICS INC,Health Care,https://www.lseg.com/content/dam/ftse-russell/en_us/documents/other/ru3000-deletions-20250627.pdf
2025,2025-06-30,final,deletions,annual_reconstitution,RILY,B RILEY SECURIT,Financials,https://www.lseg.com/content/dam/ftse-russell/en_us/documents/other/ru3000-deletions-20250627.pdf
2025,2025-06-30,final,deletions,annual_reconstitution,BMEA,BIOMEA FUSION,Health Care,https://www.lseg.com/content/dam/ftse-russell/en_us/documents/other/ru3000-deletions-20250627.pdf
2025,2025-06-30,final,deletions,annual_reconstitution,BDTX,BLACK DIAMOND THERAPEUTI,Health Care,https://www.lseg.com/content/dam/ftse-russell/en_us/documents/other/ru3000-deletions-20250627.pdf
2025,2025-06-30,final,deletions,annual_reconstitution,BLNK,BLINK CHARGING CO,Consumer Discretionary,https://www.lseg.com/content/dam/ftse-russell/en_us/documents/other/ru3000-deletions-20250627.pdf
2025,2025-06-30,final,deletions,annual_reconstitution,BOLD,BOUNDLESS BIO,Health Care,https://www.lseg.com/content/dam/ftse-russell/en_us/documents/other/ru3000-deletions-20250627.pdf
2025,2025-06-30,final,deletions,annual_reconstitution,BAER,BRIDGER AEROSPACE GROUP,Industrials,https://www.lseg.com/content/dam/ftse-russell/en_us/documents/other/ru3000-deletions-20250627.pdf
2025,2025-06-30,final,deletions,annual_reconstitution,CCCC,C4 THERAPEUTICS,Health Care,https://www.lseg.com/content/dam/ftse-russell/en_us/documents/other/ru3000-deletions-20250627.pdf
2025,2025-06-30,final,deletions,annual_reconstitution,CABA,CABALETTA BIO,Health Care,https://www.lseg.com/content/dam/ftse-russell/en_us/documents/other/ru3000-deletions-20250627.pdf
2025,2025-06-30,final,deletions,annual_reconstitution,CSTE,CAESARSTONE LTD,Industrials,https://www.lseg.com/content/dam/ftse-russell/en_us/documents/other/ru3000-deletions-20250627.pdf
2025,2025-06-30,final,deletions,annual_reconstitution,CAMP,CAMP4 THERAPEUTICS CORP,Health Care,https://www.lseg.com/content/dam/ftse-russell/en_us/documents/other/ru3000-deletions-20250627.pdf
2025,2025-06-30,final,deletions,annual_reconstitution,CDLX,CARDLYTICS INC,Consumer Discretionary,https://www.lseg.com/content/dam/ftse-russell/en_us/documents/other/ru3000-deletions-20250627.pdf
2025,2025-06-30,final,deletions,annual_reconstitution,CRBU,CARIBOU BIOSCIENCES,Health Care,https://www.lseg.com/content/dam/ftse-russell/en_us/documents/other/ru3000-deletions-20250627.pdf
2025,2025-06-30,final,deletions,annual_reconstitution,SAVA,CASSAVA SCIENCES INC,Health Care,https://www.lseg.com/content/dam/ftse-russell/en_us/documents/other/ru3000-deletions-20250627.pdf
2025,2025-06-30,final,deletions,annual_reconstitution,IPSC,CENTURY THERAPEUTICS,Health Care,https://www.lseg.com/content/dam/ftse-russell/en_us/documents/other/ru3000-deletions-20250627.pdf
2025,2025-06-30,final,deletions,annual_reconstitution,CRVO,CERVOMED INC,Health Care,https://www.lseg.com/content/dam/ftse-russell/en_us/documents/other/ru3000-deletions-20250627.pdf
2025,2025-06-30,final,deletions,annual_reconstitution,CHPT,CHARGEPOINT HOLDINGS (A),Energy,https://www.lseg.com/content/dam/ftse-russell/en_us/documents/other/ru3000-deletions-20250627.pdf
2025,2025-06-30,final,deletions,annual_reconstitution,CHGG,CHEGG INC,Consumer Discretionary,https://www.lseg.com/content/dam/ftse-russell/en_us/documents/other/ru3000-deletions-20250627.pdf
2025,2025-06-30,final,deletions,annual_reconstitution,CBUS,CIBUS,Consumer Staples,https://www.lseg.com/content/dam/ftse-russell/en_us/documents/other/ru3000-deletions-20250627.pdf
2025,2025-06-30,final,deletions,annual_reconstitution,CCO,CLEAR CHANNEL OUTDOOR,Consumer Discretionary,https://www.lseg.com/content/dam/ftse-russell/en_us/documents/other/ru3000-deletions-20250627.pdf
2025,2025-06-30,final,deletions,annual_reconstitution,CLYM,CLIMB BIO INC,Health Care,https://www.lseg.com/content/dam/ftse-russell/en_us/documents/other/ru3000-deletions-20250627.pdf
2025,2025-06-30,final,deletions,annual_reconstitution,CVGI,COMMERCIAL VEH GROUP INC,Industrials,https://www.lseg.com/content/dam/ftse-russell/en_us/documents/other/ru3000-deletions-20250627.pdf
2025,2025-06-30,final,deletions,annual_reconstitution,CDT,CONDUIT PHARMACEUTICALS,Health Care,https://www.lseg.com/content/dam/ftse-russell/en_us/documents/other/ru3000-deletions-20250627.pdf
2025,2025-06-30,final,deletions,annual_reconstitution,CTNM,CONTINEUM THERAPEUTICS,Health Care,https://www.lseg.com/content/dam/ftse-russell/en_us/documents/other/ru3000-deletions-20250627.pdf
2025,2025-06-30,final,deletions,annual_reconstitution,CRBP,CORBUS PHARMACEUTICALS,Health Care,https://www.lseg.com/content/dam/ftse-russell/en_us/documents/other/ru3000-deletions-20250627.pdf
2025,2025-06-30,final,deletions,annual_reconstitution,DXLG,DESTINATION XL GRP INC,Consumer Discretionary,https://www.lseg.com/content/dam/ftse-russell/en_us/documents/other/ru3000-deletions-20250627.pdf
2025,2025-06-30,final,deletions,annual_reconstitution,DLHC,DLH HOLDINGS CORP,Technology,https://www.lseg.com/content/dam/ftse-russell/en_us/documents/other/ru3000-deletions-20250627.pdf
2025,2025-06-30,final,deletions,annual_reconstitution,DTI,DRILLING TOOLS INTERNATI,Energy,https://www.lseg.com/content/dam/ftse-russell/en_us/documents/other/ru3000-deletions-20250627.pdf
2025,2025-06-30,final,deletions,annual_reconstitution,ELEV,ELEVATION ONCOLOGY,Health Care,https://www.lseg.com/content/dam/ftse-russell/en_us/documents/other/ru3000-deletions-20250627.pdf
2025,2025-06-30,final,deletions,annual_reconstitution,NRGV,ENERGY VAULT HLDGS (A),Energy,https://www.lseg.com/content/dam/ftse-russell/en_us/documents/other/ru3000-deletions-20250627.pdf
2025,2025-06-30,final,deletions,annual_reconstitution,MRAM,EVERSPIN TECHNOLOGIES,Technology,https://www.lseg.com/content/dam/ftse-russell/en_us/documents/other/ru3000-deletions-20250627.pdf
2025,2025-06-30,final,deletions,annual_reconstitution,FBLG,FIBROBIOLOGICS,Health Care,https://www.lseg.com/content/dam/ftse-russell/en_us/documents/other/ru3000-deletions-20250627.pdf
2025,2025-06-30,final,deletions,annual_reconstitution,NOTE,FISCAL NOTE HOLDINGS (A),Technology,https://www.lseg.com/content/dam/ftse-russell/en_us/documents/other/ru3000-deletions-20250627.pdf
2025,2025-06-30,final,deletions,annual_reconstitution,GUTS,FRACTYL HEALTH,Health Care,https://www.lseg.com/content/dam/ftse-russell/en_us/documents/other/ru3000-deletions-20250627.pdf
2025,2025-06-30,final,deletions,annual_reconstitution,FCEL,FUELCELL ENERGY INC,Energy,https://www.lseg.com/content/dam/ftse-russell/en_us/documents/other/ru3000-deletions-20250627.pdf
2025,2025-06-30,final,deletions,annual_reconstitution,FLL,FULL HOUSE RESORTS INC,Consumer Discretionary,https://www.lseg.com/content/dam/ftse-russell/en_us/documents/other/ru3000-deletions-20250627.pdf
2025,2025-06-30,final,deletions,annual_reconstitution,GALT,GALECTIN THERAPEUTICS,Health Care,https://www.lseg.com/content/dam/ftse-russell/en_us/documents/other/ru3000-deletions-20250627.pdf
2025,2025-06-30,final,deletions,annual_reconstitution,GCTS,GCT SEMICONDUCTOR HOLDIN,Technology,https://www.lseg.com/content/dam/ftse-russell/en_us/documents/other/ru3000-deletions-20250627.pdf
2025,2025-06-30,final,deletions,annual_reconstitution,GBIO,GENERATION BIO,Health Care,https://www.lseg.com/content/dam/ftse-russell/en_us/documents/other/ru3000-deletions-20250627.pdf
2025,2025-06-30,final,deletions,annual_reconstitution,GEOS,GEOSPACE TECHNOLOGIES,Energy,https://www.lseg.com/content/dam/ftse-russell/en_us/documents/other/ru3000-deletions-20250627.pdf
2025,2025-06-30,final,deletions,annual_reconstitution,GPRO,GOPRO INC,Consumer Discretionary,https://www.lseg.com/content/dam/ftse-russell/en_us/documents/other/ru3000-deletions-20250627.pdf
2025,2025-06-30,final,deletions,annual_reconstitution,EAF,GRAFTECH INTERNATIONAL,Basic Materials,https://www.lseg.com/content/dam/ftse-russell/en_us/documents/other/ru3000-deletions-20250627.pdf
2025,2025-06-30,final,deletions,annual_reconstitution,GPMT,GRANITE POINT MORTGAGE,Financials,https://www.lseg.com/content/dam/ftse-russell/en_us/documents/other/ru3000-deletions-20250627.pdf
2025,2025-06-30,final,deletions,annual_reconstitution,GRWG,GROWGENERATION,Consumer Staples,https://www.lseg.com/content/dam/ftse-russell/en_us/documents/other/ru3000-deletions-20250627.pdf
2025,2025-06-30,final,deletions,annual_reconstitution,HBIO,HARVARD BIOSCIENCE INC,Health Care,https://www.lseg.com/content/dam/ftse-russell/en_us/documents/other/ru3000-deletions-20250627.pdf
2025,2025-06-30,final,deletions,annual_reconstitution,HLVX,HILLEVAX,Health Care,https://www.lseg.com/content/dam/ftse-russell/en_us/documents/other/ru3000-deletions-20250627.pdf
2025,2025-06-30,final,deletions,annual_reconstitution,HOFT,HOOKER FURNISHINGS CORP,Consumer Discretionary,https://www.lseg.com/content/dam/ftse-russell/en_us/documents/other/ru3000-deletions-20250627.pdf
2025,2025-06-30,final,deletions,annual_reconstitution,IAUX,I-80 GOLD CORP (NYSE AME,Basic Materials,https://www.lseg.com/content/dam/ftse-russell/en_us/documents/other/ru3000-deletions-20250627.pdf
2025,2025-06-30,final,deletions,annual_reconstitution,IGMS,IGM BIOSCIENCES,Health Care,https://www.lseg.com/content/dam/ftse-russell/en_us/documents/other/ru3000-deletions-20250627.pdf
2025,2025-06-30,final,deletions,annual_reconstitution,INFU,INFUSYSTEM HLDGS INC,Health Care,https://www.lseg.com/content/dam/ftse-russell/en_us/documents/other/ru3000-deletions-20250627.pdf
2025,2025-06-30,final,deletions,annual_reconstitution,INMD,INMODE,Health Care,https://www.lseg.com/content/dam/ftse-russell/en_us/documents/other/ru3000-deletions-20250627.pdf
2025,2025-06-30,final,deletions,annual_reconstitution,INO,INOVIO PHARMACEUTICALS,Health Care,https://www.lseg.com/content/dam/ftse-russell/en_us/documents/other/ru3000-deletions-20250627.pdf
2025,2025-06-30,final,deletions,annual_reconstitution,IVVD,INVIVYD INC,Health Care,https://www.lseg.com/content/dam/ftse-russell/en_us/documents/other/ru3000-deletions-20250627.pdf
2025,2025-06-30,final,deletions,annual_reconstitution,IRBT,IROBOT CORP,Consumer Discretionary,https://www.lseg.com/content/dam/ftse-russell/en_us/documents/other/ru3000-deletions-20250627.pdf
2025,2025-06-30,final,deletions,annual_reconstitution,JSPR,JASPER THERAPEUTICS (A),Health Care,https://www.lseg.com/content/dam/ftse-russell/en_us/documents/other/ru3000-deletions-20250627.pdf
2025,2025-06-30,final,deletions,annual_reconstitution,KNSA,KINIKSA PHARMACEUTIC (A),Health Care,https://www.lseg.com/content/dam/ftse-russell/en_us/documents/other/ru3000-deletions-20250627.pdf
2025,2025-06-30,final,deletions,annual_reconstitution,KYTX,KYVERNA THERAPEUTICS,Health Care,https://www.lseg.com/content/dam/ftse-russell/en_us/documents/other/ru3000-deletions-20250627.pdf
2025,2025-06-30,final,deletions,annual_reconstitution,LNZA,LANZATECH GLOBAL,Basic Materials,https://www.lseg.com/content/dam/ftse-russell/en_us/documents/other/ru3000-deletions-20250627.pdf
2025,2025-06-30,final,deletions,annual_reconstitution,LESL,LESLIES,Consumer Discretionary,https://www.lseg.com/content/dam/ftse-russell/en_us/documents/other/ru3000-deletions-20250627.pdf
2025,2025-06-30,final,deletions,annual_reconstitution,LXRX,LEXICON PHARMACEUTICALS,Health Care,https://www.lseg.com/content/dam/ftse-russell/en_us/documents/other/ru3000-deletions-20250627.pdf
2025,2025-06-30,final,deletions,annual_reconstitution,LCUT,LIFETIME BRANDS INC,Consumer Discretionary,https://www.lseg.com/content/dam/ftse-russell/en_us/documents/other/ru3000-deletions-20250627.pdf
2025,2025-06-30,final,deletions,annual_reconstitution,LWLG,LIGHTWAVE LOGIC INC,Telecommunications,https://www.lseg.com/content/dam/ftse-russell/en_us/documents/other/ru3000-deletions-20250627.pdf
2025,2025-06-30,final,deletions,annual_reconstitution,LCTX,LINEAGE CELL THERAPEUTIC,Health Care,https://www.lseg.com/content/dam/ftse-russell/en_us/documents/other/ru3000-deletions-20250627.pdf
2025,2025-06-30,final,deletions,annual_reconstitution,LVO,LIVEONE INC,Consumer Discretionary,https://www.lseg.com/content/dam/ftse-russell/en_us/documents/other/ru3000-deletions-20250627.pdf
2025,2025-06-30,final,deletions,annual_reconstitution,LYEL,LYELL IMMUNOPHARMA,Health Care,https://www.lseg.com/content/dam/ftse-russell/en_us/documents/other/ru3000-deletions-20250627.pdf
2025,2025-06-30,final,deletions,annual_reconstitution,LYRA,LYRA THERAPEUTICS,Health Care,https://www.lseg.com/content/dam/ftse-russell/en_us/documents/other/ru3000-deletions-20250627.pdf
2025,2025-06-30,final,deletions,annual_reconstitution,MGNX,MACROGENICS INC,Health Care,https://www.lseg.com/content/dam/ftse-russell/en_us/documents/other/ru3000-deletions-20250627.pdf
2025,2025-06-30,final,deletions,annual_reconstitution,MRSN,MERSANA THERAPEUTICS,Health Care,https://www.lseg.com/content/dam/ftse-russell/en_us/documents/other/ru3000-deletions-20250627.pdf
2025,2025-06-30,final,deletions,annual_reconstitution,MGX,METAGENOMI,Health Care,https://www.lseg.com/content/dam/ftse-russell/en_us/documents/other/ru3000-deletions-20250627.pdf
2025,2025-06-30,final,deletions,annual_reconstitution,MODV,MODIVCARE INC,Health Care,https://www.lseg.com/content/dam/ftse-russell/en_us/documents/other/ru3000-deletions-20250627.pdf
2025,2025-06-30,final,deletions,annual_reconstitution,NAUT,NAUTILUS BIOTECH INC,Health Care,https://www.lseg.com/content/dam/ftse-russell/en_us/documents/other/ru3000-deletions-20250627.pdf
2025,2025-06-30,final,deletions,annual_reconstitution,NKTR,NEKTAR THERAPEUTICS,Health Care,https://www.lseg.com/content/dam/ftse-russell/en_us/documents/other/ru3000-deletions-20250627.pdf
2025,2025-06-30,final,deletions,annual_reconstitution,NMRA,NEUMORA THERAPEUTICS INC,Health Care,https://www.lseg.com/content/dam/ftse-russell/en_us/documents/other/ru3000-deletions-20250627.pdf
2025,2025-06-30,final,deletions,annual_reconstitution,NNBR,NN INC,Basic Materials,https://www.lseg.com/content/dam/ftse-russell/en_us/documents/other/ru3000-deletions-20250627.pdf
2025,2025-06-30,final,deletions,annual_reconstitution,NTIC,NORTHERN TECH INTL CORP,Basic Materials,https://www.lseg.com/content/dam/ftse-russell/en_us/documents/other/ru3000-deletions-20250627.pdf
2025,2025-06-30,final,deletions,annual_reconstitution,OCGN,OCUGEN INC,Health Care,https://www.lseg.com/content/dam/ftse-russell/en_us/documents/other/ru3000-deletions-20250627.pdf
2025,2025-06-30,final,deletions,annual_reconstitution,OPAD,OFFERPAD SOLUTIONS (A),Real Estate,https://www.lseg.com/content/dam/ftse-russell/en_us/documents/other/ru3000-deletions-20250627.pdf
2025,2025-06-30,final,deletions,annual_reconstitution,STKS,ONE GROUP HOSPITALITY,Consumer Discretionary,https://www.lseg.com/content/dam/ftse-russell/en_us/documents/other/ru3000-deletions-20250627.pdf
2025,2025-06-30,final,deletions,annual_reconstitution,OPEN,OPENDOOR TECHNOLOGIE (A),Real Estate,https://www.lseg.com/content/dam/ftse-russell/en_us/documents/other/ru3000-deletions-20250627.pdf
2025,2025-06-30,final,deletions,annual_reconstitution,OBIO,ORCHESTRA BIOMED HOLDING,Health Care,https://www.lseg.com/content/dam/ftse-russell/en_us/documents/other/ru3000-deletions-20250627.pdf
2025,2025-06-30,final,deletions,annual_reconstitution,ONL,ORION PROPERTIES INC,Real Estate,https://www.lseg.com/content/dam/ftse-russell/en_us/documents/other/ru3000-deletions-20250627.pdf
2025,2025-06-30,final,deletions,annual_reconstitution,OTLK,OUTLOOK THERAPEUTICS INC,Health Care,https://www.lseg.com/content/dam/ftse-russell/en_us/documents/other/ru3000-deletions-20250627.pdf
2025,2025-06-30,final,deletions,annual_reconstitution,OVID,OVID THERAPEUTICS INC,Health Care,https://www.lseg.com/content/dam/ftse-russell/en_us/documents/other/ru3000-deletions-20250627.pdf
2025,2025-06-30,final,deletions,annual_reconstitution,PEPG,PEPGEN INC,Health Care,https://www.lseg.com/content/dam/ftse-russell/en_us/documents/other/ru3000-deletions-20250627.pdf
2025,2025-06-30,final,deletions,annual_reconstitution,PLRX,PLIANT THERAPEUTICS,Health Care,https://www.lseg.com/content/dam/ftse-russell/en_us/documents/other/ru3000-deletions-20250627.pdf
2025,2025-06-30,final,deletions,annual_reconstitution,PRLD,PRELUDE THERAPEUTICS,Health Care,https://www.lseg.com/content/dam/ftse-russell/en_us/documents/other/ru3000-deletions-20250627.pdf
2025,2025-06-30,final,deletions,annual_reconstitution,PROK,PROKIDNEY CORP (A),Health Care,https://www.lseg.com/content/dam/ftse-russell/en_us/documents/other/ru3000-deletions-20250627.pdf
2025,2025-06-30,final,deletions,annual_reconstitution,PRPL,PURPLE INNOVATION INC,Consumer Discretionary,https://www.lseg.com/content/dam/ftse-russell/en_us/documents/other/ru3000-deletions-20250627.pdf
2025,2025-06-30,final,deletions,annual_reconstitution,PYXS,PYXIS ONCOLOGY,Health Care,https://www.lseg.com/content/dam/ftse-russell/en_us/documents/other/ru3000-deletions-20250627.pdf
2025,2025-06-30,final,deletions,annual_reconstitution,QTTB,Q32 BIO,Health Care,https://www.lseg.com/content/dam/ftse-russell/en_us/documents/other/ru3000-deletions-20250627.pdf
2025,2025-06-30,final,deletions,annual_reconstitution,QRHC,QUEST RESOURCE HOLDING,Utilities,https://www.lseg.com/content/dam/ftse-russell/en_us/documents/other/ru3000-deletions-20250627.pdf
2025,2025-06-30,final,deletions,annual_reconstitution,QUIK,QUICKLOGIC CORP,Technology,https://www.lseg.com/content/dam/ftse-russell/en_us/documents/other/ru3000-deletions-20250627.pdf
2025,2025-06-30,final,deletions,annual_reconstitution,QIPT,QUIPT HOME MEDICAL CORP,Health Care,https://www.lseg.com/content/dam/ftse-russell/en_us/documents/other/ru3000-deletions-20250627.pdf
2025,2025-06-30,final,deletions,annual_reconstitution,METCB,RAMACO RESOURCES CLASS B,Energy,https://www.lseg.com/content/dam/ftse-russell/en_us/documents/other/ru3000-deletions-20250627.pdf
2025,2025-06-30,final,deletions,annual_reconstitution,RAPT,RAPT THERAPEUTICS,Health Care,https://www.lseg.com/content/dam/ftse-russell/en_us/documents/other/ru3000-deletions-20250627.pdf
2025,2025-06-30,final,deletions,annual_reconstitution,REKR,REKOR SYSTEMS INC,Technology,https://www.lseg.com/content/dam/ftse-russell/en_us/documents/other/ru3000-deletions-20250627.pdf
2025,2025-06-30,final,deletions,annual_reconstitution,RENB,RENOVARO INC,Health Care,https://www.lseg.com/content/dam/ftse-russell/en_us/documents/other/ru3000-deletions-20250627.pdf
2025,2025-06-30,final,deletions,annual_reconstitution,REI,RING ENERGY INC,Energy,https://www.lseg.com/content/dam/ftse-russell/en_us/documents/other/ru3000-deletions-20250627.pdf
2025,2025-06-30,final,deletions,annual_reconstitution,RDZN,ROADZEN,Financials,https://www.lseg.com/content/dam/ftse-russell/en_us/documents/other/ru3000-deletions-20250627.pdf
2025,2025-06-30,final,deletions,annual_reconstitution,RMBL,RUMBLEON INC,Consumer Discretionary,https://www.lseg.com/content/dam/ftse-russell/en_us/documents/other/ru3000-deletions-20250627.pdf
2025,2025-06-30,final,deletions,annual_reconstitution,SERA,SERA PROGNOSTICS,Health Care,https://www.lseg.com/content/dam/ftse-russell/en_us/documents/other/ru3000-deletions-20250627.pdf
2025,2025-06-30,final,deletions,annual_reconstitution,SES,SES AI CORPORATION,Consumer Discretionary,https://www.lseg.com/content/dam/ftse-russell/en_us/documents/other/ru3000-deletions-20250627.pdf
2025,2025-06-30,final,deletions,annual_reconstitution,STTK,SHATTUCK LABS,Health Care,https://www.lseg.com/content/dam/ftse-russell/en_us/documents/other/ru3000-deletions-20250627.pdf
2025,2025-06-30,final,deletions,annual_reconstitution,SKYE,SKYE BIOSCIENCE,Health Care,https://www.lseg.com/content/dam/ftse-russell/en_us/documents/other/ru3000-deletions-20250627.pdf
2025,2025-06-30,final,deletions,annual_reconstitution,SMRT,SMARTRENT INC,Technology,https://www.lseg.com/content/dam/ftse-russell/en_us/documents/other/ru3000-deletions-20250627.pdf
2025,2025-06-30,final,deletions,annual_reconstitution,SMXT,SOLARMAX TECHNOLOGY,Energy,https://www.lseg.com/content/dam/ftse-russell/en_us/documents/other/ru3000-deletions-20250627.pdf
2025,2025-06-30,final,deletions,annual_reconstitution,STI,SOLIDION TECHNOLOGY,Industrials,https://www.lseg.com/content/dam/ftse-russell/en_us/documents/other/ru3000-deletions-20250627.pdf
2025,2025-06-30,final,deletions,annual_reconstitution,STHO,STAR HOLDINGS,Real Estate,https://www.lseg.com/content/dam/ftse-russell/en_us/documents/other/ru3000-deletions-20250627.pdf
2025,2025-06-30,final,deletions,annual_reconstitution,STEM,STEM INC (A),Energy,https://www.lseg.com/content/dam/ftse-russell/en_us/documents/other/ru3000-deletions-20250627.pdf
2025,2025-06-30,final,deletions,annual_reconstitution,SRI,STONERIDGE INC,Consumer Discretionary,https://www.lseg.com/content/dam/ftse-russell/en_us/documents/other/ru3000-deletions-20250627.pdf
2025,2025-06-30,final,deletions,annual_reconstitution,STRO,SUTRO BIOPHARMA,Health Care,https://www.lseg.com/content/dam/ftse-russell/en_us/documents/other/ru3000-deletions-20250627.pdf
2025,2025-06-30,final,deletions,annual_reconstitution,SST,SYSTEM1 INC (A),Technology,https://www.lseg.com/content/dam/ftse-russell/en_us/documents/other/ru3000-deletions-20250627.pdf
2025,2025-06-30,final,deletions,annual_reconstitution,TAYD,TAYLOR DEVICES INC,Industrials,https://www.lseg.com/content/dam/ftse-russell/en_us/documents/other/ru3000-deletions-20250627.pdf
2025,2025-06-30,final,deletions,annual_reconstitution,TELO,TELOMIR PHARMACEUTICALS,Health Care,https://www.lseg.com/content/dam/ftse-russell/en_us/documents/other/ru3000-deletions-20250627.pdf
2025,2025-06-30,final,deletions,annual_reconstitution,TNYA,TENAYA THERAPEUTICS,Health Care,https://www.lseg.com/content/dam/ftse-russell/en_us/documents/other/ru3000-deletions-20250627.pdf
2025,2025-06-30,final,deletions,annual_reconstitution,TLYS,TILLYS INC,Consumer Discretionary,https://www.lseg.com/content/dam/ftse-russell/en_us/documents/other/ru3000-deletions-20250627.pdf
2025,2025-06-30,final,deletions,annual_reconstitution,TSQ,TOWNSQUARE MEDIA INC,Consumer Discretionary,https://www.lseg.com/content/dam/ftse-russell/en_us/documents/other/ru3000-deletions-20250627.pdf
2025,2025-06-30,final,deletions,annual_reconstitution,TPIC,TPI COMPOSITES INC,Energy,https://www.lseg.com/content/dam/ftse-russell/en_us/documents/other/ru3000-deletions-20250627.pdf
2025,2025-06-30,final,deletions,annual_reconstitution,TCRX,TSCAN THERAPEUTICS,Health Care,https://www.lseg.com/content/dam/ftse-russell/en_us/documents/other/ru3000-deletions-20250627.pdf
2025,2025-06-30,final,deletions,annual_reconstitution,TWIN,TWIN DISC INC,Industrials,https://www.lseg.com/content/dam/ftse-russell/en_us/documents/other/ru3000-deletions-20250627.pdf
2025,2025-06-30,final,deletions,annual_reconstitution,ULBI,ULTRALIFE CORPORATION,Industrials,https://www.lseg.com/content/dam/ftse-russell/en_us/documents/other/ru3000-deletions-20250627.pdf
2025,2025-06-30,final,deletions,annual_reconstitution,UHG,UNITED HOMES GROUP INC,Consumer Discretionary,https://www.lseg.com/content/dam/ftse-russell/en_us/documents/other/ru3000-deletions-20250627.pdf
2025,2025-06-30,final,deletions,annual_reconstitution,URG,UR ENERGY,Basic Materials,https://www.lseg.com/content/dam/ftse-russell/en_us/documents/other/ru3000-deletions-20250627.pdf
2025,2025-06-30,final,deletions,annual_reconstitution,VTYX,VENTYX BIOSCIENCES,Health Care,https://www.lseg.com/content/dam/ftse-russell/en_us/documents/other/ru3000-deletions-20250627.pdf
2025,2025-06-30,final,deletions,annual_reconstitution,VRA,VERA BRADLEY INC,Consumer Discretionary,https://www.lseg.com/content/dam/ftse-russell/en_us/documents/other/ru3000-deletions-20250627.pdf
2025,2025-06-30,final,deletions,annual_reconstitution,VRCA,VERRICA PHARMACEUTICALS,Health Care,https://www.lseg.com/content/dam/ftse-russell/en_us/documents/other/ru3000-deletions-20250627.pdf
2025,2025-06-30,final,deletions,annual_reconstitution,VERU,VERU INC,Consumer Staples,https://www.lseg.com/content/dam/ftse-russell/en_us/documents/other/ru3000-deletions-20250627.pdf
2025,2025-06-30,final,deletions,annual_reconstitution,SPCE,VIRGIN GALACTIC HLDG (A),Industrials,https://www.lseg.com/content/dam/ftse-russell/en_us/documents/other/ru3000-deletions-20250627.pdf
2025,2025-06-30,final,deletions,annual_reconstitution,VTSI,VIRTRA INC,Industrials,https://www.lseg.com/content/dam/ftse-russell/en_us/documents/other/ru3000-deletions-20250627.pdf
2025,2025-06-30,final,deletions,annual_reconstitution,HOWL,WEREWOLF THERAPEUTICS,Health Care,https://www.lseg.com/content/dam/ftse-russell/en_us/documents/other/ru3000-deletions-20250627.pdf
2025,2025-06-30,final,deletions,annual_reconstitution,UP,WHEELS UP EXP INC,Consumer Discretionary,https://www.lseg.com/content/dam/ftse-russell/en_us/documents/other/ru3000-deletions-20250627.pdf
2025,2025-06-30,final,deletions,annual_reconstitution,XFOR,X4 PHARMACEUTICALS INC,Health Care,https://www.lseg.com/content/dam/ftse-russell/en_us/documents/other/ru3000-deletions-20250627.pdf
2025,2025-06-30,final,deletions,annual_reconstitution,XBIT,XBIOTECH INC,Health Care,https://www.lseg.com/content/dam/ftse-russell/en_us/documents/other/ru3000-deletions-20250627.pdf
2025,2025-06-30,final,deletions,annual_reconstitution,ZNTL,ZURA BIO LTD,Health Care,https://www.lseg.com/content/dam/ftse-russell/en_us/documents/other/ru3000-deletions-20250627.pdf
2025,2025-06-30,final,deletions,annual_reconstitution,ZURA,ZYNEX,Health Care,https://www.lseg.com/content/dam/ftse-russell/en_us/documents/other/ru3000-deletions-20250627.pdf
2024,2024-07-01,final,additions,annual_reconstitution,DIBS,1STDIBS.COM,Technology,https://www.lseg.com/content/dam/ftse-russell/en_us/documents/other/ru3000-additions-final-20240628.pdf
2024,2024-07-01,final,additions,annual_reconstitution,AKA,A K A BRANDS HOLDING,Consumer Discretionary,https://www.lseg.com/content/dam/ftse-russell/en_us/documents/other/ru3000-additions-final-20240628.pdf
2024,2024-07-01,final,additions,annual_reconstitution,ABSI,ABSCI,Health Care,https://www.lseg.com/content/dam/ftse-russell/en_us/documents/other/ru3000-additions-final-20240628.pdf
2024,2024-07-01,final,additions,annual_reconstitution,ACHV,ACHIEVE LIFE SCIENCES,Health Care,https://www.lseg.com/content/dam/ftse-russell/en_us/documents/other/ru3000-additions-final-20240628.pdf
2024,2024-07-01,final,additions,annual_reconstitution,ABOS,ACUMEN PHARMACEUTICALS,Health Care,https://www.lseg.com/content/dam/ftse-russell/en_us/documents/other/ru3000-additions-final-20240628.pdf
2024,2024-07-01,final,additions,annual_reconstitution,ADCT,ADC THERAPEUTICS SA,Health Care,https://www.lseg.com/content/dam/ftse-russell/en_us/documents/other/ru3000-additions-final-20240628.pdf
2024,2024-07-01,final,additions,annual_reconstitution,ADVM,ADVERUM BIOTECH INC,Health Care,https://www.lseg.com/content/dam/ftse-russell/en_us/documents/other/ru3000-additions-final-20240628.pdf
2024,2024-07-01,final,additions,annual_reconstitution,AMTX,AEMETIS,Energy,https://www.lseg.com/content/dam/ftse-russell/en_us/documents/other/ru3000-additions-final-20240628.pdf
2024,2024-07-01,final,additions,annual_reconstitution,MITT,AG MORTGAGE INVT TR INC,Financials,https://www.lseg.com/content/dam/ftse-russell/en_us/documents/other/ru3000-additions-final-20240628.pdf
2024,2024-07-01,final,additions,annual_reconstitution,AISP,AIRSHIP AI HOLDINGS,Technology,https://www.lseg.com/content/dam/ftse-russell/en_us/documents/other/ru3000-additions-final-20240628.pdf
2024,2024-07-01,final,additions,annual_reconstitution,AKBA,AKEBIA THERAPEUTICS INC,Health Care,https://www.lseg.com/content/dam/ftse-russell/en_us/documents/other/ru3000-additions-final-20240628.pdf
2024,2024-07-01,final,additions,annual_reconstitution,ALIM,ALIMERA SCIENCES INC,Health Care,https://www.lseg.com/content/dam/ftse-russell/en_us/documents/other/ru3000-additions-final-20240628.pdf
2024,2024-07-01,final,additions,annual_reconstitution,ANRO,ALTO NEUROSCIENCE,Health Care,https://www.lseg.com/content/dam/ftse-russell/en_us/documents/other/ru3000-additions-final-20240628.pdf
2024,2024-07-01,final,additions,annual_reconstitution,APEI,AMER PUBLIC EDUCATION,Consumer Discretionary,https://www.lseg.com/content/dam/ftse-russell/en_us/documents/other/ru3000-additions-final-20240628.pdf
2024,2024-07-01,final,additions,annual_reconstitution,AS,AMER SPORTS INC,Consumer Discretionary,https://www.lseg.com/content/dam/ftse-russell/en_us/documents/other/ru3000-additions-final-20240628.pdf
2024,2024-07-01,final,additions,annual_reconstitution,AHR,AMERICAN HEALTHCARE REIT,Real Estate,https://www.lseg.com/content/dam/ftse-russell/en_us/documents/other/ru3000-additions-final-20240628.pdf
2024,2024-07-01,final,additions,annual_reconstitution,AMSC,AMERICAN SUPERCONDUCTOR,Energy,https://www.lseg.com/content/dam/ftse-russell/en_us/documents/other/ru3000-additions-final-20240628.pdf
2024,2024-07-01,final,additions,annual_reconstitution,AAOI,APPLIED OPTOELECTRONICS,Telecommunications,https://www.lseg.com/content/dam/ftse-russell/en_us/documents/other/ru3000-additions-final-20240628.pdf
2024,2024-07-01,final,additions,annual_reconstitution,APLT,APPLIED THERAPEUTICS INC,Health Care,https://www.lseg.com/content/dam/ftse-russell/en_us/documents/other/ru3000-additions-final-20240628.pdf
2024,2024-07-01,final,additions,annual_reconstitution,AQST,AQUESTIVE THERAPEUTICS,Health Care,https://www.lseg.com/content/dam/ftse-russell/en_us/documents/other/ru3000-additions-final-20240628.pdf
2024,2024-07-01,final,additions,annual_reconstitution,ARHS,ARHAUS,Consumer Discretionary,https://www.lseg.com/content/dam/ftse-russell/en_us/documents/other/ru3000-additions-final-20240628.pdf
2024,2024-07-01,final,additions,annual_reconstitution,ARQ,ARQ INC,Utilities,https://www.lseg.com/content/dam/ftse-russell/en_us/documents/other/ru3000-additions-final-20240628.pdf
2024,2024-07-01,final,additions,annual_reconstitution,AIP,ARTERIS,Technology,https://www.lseg.com/content/dam/ftse-russell/en_us/documents/other/ru3000-additions-final-20240628.pdf
2024,2024-07-01,final,additions,annual_reconstitution,ASPI,ASP ISOTOPES,Basic Materials,https://www.lseg.com/content/dam/ftse-russell/en_us/documents/other/ru3000-additions-final-20240628.pdf
2024,2024-07-01,final,additions,annual_reconstitution,ALAB,ASTERA LABS,Technology,https://www.lseg.com/content/dam/ftse-russell/en_us/documents/other/ru3000-additions-final-20240628.pdf
2024,2024-07-01,final,additions,annual_reconstitution,ATOS,ATOSSA THERAPEUTICS INC,Health Care,https://www.lseg.com/content/dam/ftse-russell/en_us/documents/other/ru3000-additions-final-20240628.pdf
2024,2024-07-01,final,additions,annual_reconstitution,AEYE,AUDIOEYE INC,Technology,https://www.lseg.com/content/dam/ftse-russell/en_us/documents/other/ru3000-additions-final-20240628.pdf
2024,2024-07-01,final,additions,annual_reconstitution,AVDL,AVADEL PHARMACEUTICALS A,Health Care,https://www.lseg.com/content/dam/ftse-russell/en_us/documents/other/ru3000-additions-final-20240628.pdf
2024,2024-07-01,final,additions,annual_reconstitution,BLZE,BACKBLAZE,Technology,https://www.lseg.com/content/dam/ftse-russell/en_us/documents/other/ru3000-additions-final-20240628.pdf
2024,2024-07-01,final,additions,annual_reconstitution,BELFA,BEL FUSE INC,Industrials,https://www.lseg.com/content/dam/ftse-russell/en_us/documents/other/ru3000-additions-final-20240628.pdf
2024,2024-07-01,final,additions,annual_reconstitution,BVS,BIOVENTUS,Health Care,https://www.lseg.com/content/dam/ftse-russell/en_us/documents/other/ru3000-additions-final-20240628.pdf
2024,2024-07-01,final,additions,annual_reconstitution,BDTX,BLACK DIAMOND THERAPEUTI,Health Care,https://www.lseg.com/content/dam/ftse-russell/en_us/documents/other/ru3000-additions-final-20240628.pdf
2024,2024-07-01,final,additions,annual_reconstitution,BLND,BLEND LABS,Technology,https://www.lseg.com/content/dam/ftse-russell/en_us/documents/other/ru3000-additions-final-20240628.pdf
2024,2024-07-01,final,additions,annual_reconstitution,BOLD,BOUNDLESS BIO,Health Care,https://www.lseg.com/content/dam/ftse-russell/en_us/documents/other/ru3000-additions-final-20240628.pdf
2024,2024-07-01,final,additions,annual_reconstitution,BAER,BRIDGER AEROSPACE GROUP,Industrials,https://www.lseg.com/content/dam/ftse-russell/en_us/documents/other/ru3000-additions-final-20240628.pdf
2024,2024-07-01,final,additions,annual_reconstitution,BUR,BURFORD CAPITAL,Financials,https://www.lseg.com/content/dam/ftse-russell/en_us/documents/other/ru3000-additions-final-20240628.pdf
2024,2024-07-01,final,additions,annual_reconstitution,BYRN,BYRNA TECHNOLOGIES,Industrials,https://www.lseg.com/content/dam/ftse-russell/en_us/documents/other/ru3000-additions-final-20240628.pdf
2024,2024-07-01,final,additions,annual_reconstitution,CCCC,C4 THERAPEUTICS,Health Care,https://www.lseg.com/content/dam/ftse-russell/en_us/documents/other/ru3000-additions-final-20240628.pdf
2024,2024-07-01,final,additions,annual_reconstitution,CSTE,CAESARSTONE LTD,Industrials,https://www.lseg.com/content/dam/ftse-russell/en_us/documents/other/ru3000-additions-final-20240628.pdf
2024,2024-07-01,final,additions,annual_reconstitution,CALB,CALIFORNIA BANCORP,Financials,https://www.lseg.com/content/dam/ftse-russell/en_us/documents/other/ru3000-additions-final-20240628.pdf
2024,2024-07-01,final,additions,annual_reconstitution,CADL,CANDEL THERAPEUTICS,Health Care,https://www.lseg.com/content/dam/ftse-russell/en_us/documents/other/ru3000-additions-final-20240628.pdf
2024,2024-07-01,final,additions,annual_reconstitution,GOEV,CANOO INC (A),Consumer Discretionary,https://www.lseg.com/content/dam/ftse-russell/en_us/documents/other/ru3000-additions-final-20240628.pdf
2024,2024-07-01,final,additions,annual_reconstitution,CAPR,CAPRICOR THERAPEUTICS,Health Care,https://www.lseg.com/content/dam/ftse-russell/en_us/documents/other/ru3000-additions-final-20240628.pdf
2024,2024-07-01,final,additions,annual_reconstitution,CRDF,CARDIFF ONCOLOGY INC,Health Care,https://www.lseg.com/content/dam/ftse-russell/en_us/documents/other/ru3000-additions-final-20240628.pdf
2024,2024-07-01,final,additions,annual_reconstitution,CTRI,CENTURI HOLDINGS,Industrials,https://www.lseg.com/content/dam/ftse-russell/en_us/documents/other/ru3000-additions-final-20240628.pdf
2024,2024-07-01,final,additions,annual_reconstitution,CRVO,CERVOMED INC,Health Care,https://www.lseg.com/content/dam/ftse-russell/en_us/documents/other/ru3000-additions-final-20240628.pdf
2024,2024-07-01,final,additions,annual_reconstitution,CDXC,CHROMADEX CORP,Health Care,https://www.lseg.com/content/dam/ftse-russell/en_us/documents/other/ru3000-additions-final-20240628.pdf
2024,2024-07-01,final,additions,annual_reconstitution,CBUS,CIBUS,Consumer Staples,https://www.lseg.com/content/dam/ftse-russell/en_us/documents/other/ru3000-additions-final-20240628.pdf
2024,2024-07-01,final,additions,annual_reconstitution,CTRN,CITI TRENDS INC,Consumer Discretionary,https://www.lseg.com/content/dam/ftse-russell/en_us/documents/other/ru3000-additions-final-20240628.pdf
2024,2024-07-01,final,additions,annual_reconstitution,CWAN,CLEARWATER ANALYTICS HOL,Financials,https://www.lseg.com/content/dam/ftse-russell/en_us/documents/other/ru3000-additions-final-20240628.pdf
2024,2024-07-01,final,additions,annual_reconstitution,CDT,CONDUIT PHARMACEUTICALS,Health Care,https://www.lseg.com/content/dam/ftse-russell/en_us/documents/other/ru3000-additions-final-20240628.pdf
2024,2024-07-01,final,additions,annual_reconstitution,CTNM,CONTINEUM THERAPEUTICS,Health Care,https://www.lseg.com/content/dam/ftse-russell/en_us/documents/other/ru3000-additions-final-20240628.pdf
2024,2024-07-01,final,additions,annual_reconstitution,CRBP,CORBUS PHARMACEUTICALS,Health Care,https://www.lseg.com/content/dam/ftse-russell/en_us/documents/other/ru3000-additions-final-20240628.pdf
2024,2024-07-01,final,additions,annual_reconstitution,CORZ,CORE SCIENTIFIC,Technology,https://www.lseg.com/content/dam/ftse-russell/en_us/documents/other/ru3000-additions-final-20240628.pdf
2024,2024-07-01,final,additions,annual_reconstitution,CRH,CRH PLC,Industrials,https://www.lseg.com/content/dam/ftse-russell/en_us/documents/other/ru3000-additions-final-20240628.pdf
2024,2024-07-01,final,additions,annual_reconstitution,CRML,CRITICAL METALS CORP,Basic Materials,https://www.lseg.com/content/dam/ftse-russell/en_us/documents/other/ru3000-additions-final-20240628.pdf
2024,2024-07-01,final,additions,annual_reconstitution,DAVE,DAVE INC,Financials,https://www.lseg.com/content/dam/ftse-russell/en_us/documents/other/ru3000-additions-final-20240628.pdf
2024,2024-07-01,final,additions,annual_reconstitution,DELL,DELL TECHNOLOGIES,Technology,https://www.lseg.com/content/dam/ftse-russell/en_us/documents/other/ru3000-additions-final-20240628.pdf
2024,2024-07-01,final,additions,annual_reconstitution,DESP,DESPEGAR.COM,Consumer Discretionary,https://www.lseg.com/content/dam/ftse-russell/en_us/documents/other/ru3000-additions-final-20240628.pdf
2024,2024-07-01,final,additions,annual_reconstitution,DNTH,DIANTHUS THERAPEUTCS,Health Care,https://www.lseg.com/content/dam/ftse-russell/en_us/documents/other/ru3000-additions-final-20240628.pdf
2024,2024-07-01,final,additions,annual_reconstitution,DBD,DIEBOLD NIXDORF INC,Technology,https://www.lseg.com/content/dam/ftse-russell/en_us/documents/other/ru3000-additions-final-20240628.pdf
2024,2024-07-01,final,additions,annual_reconstitution,DEC,DIVERSIFIED ENERGY COMPA,Energy,https://www.lseg.com/content/dam/ftse-russell/en_us/documents/other/ru3000-additions-final-20240628.pdf
2024,2024-07-01,final,additions,annual_reconstitution,DLHC,DLH HOLDINGS CORP,Technology,https://www.lseg.com/content/dam/ftse-russell/en_us/documents/other/ru3000-additions-final-20240628.pdf
2024,2024-07-01,final,additions,annual_reconstitution,DTI,DRILLING TOOLS INTERNATI,Energy,https://www.lseg.com/content/dam/ftse-russell/en_us/documents/other/ru3000-additions-final-20240628.pdf
2024,2024-07-01,final,additions,annual_reconstitution,BROS,DUTCH BROS,Consumer Discretionary,https://www.lseg.com/content/dam/ftse-russell/en_us/documents/other/ru3000-additions-final-20240628.pdf
2024,2024-07-01,final,additions,annual_reconstitution,QBTS,DWAVE QUANTUM INC (A),Technology,https://www.lseg.com/content/dam/ftse-russell/en_us/documents/other/ru3000-additions-final-20240628.pdf
2024,2024-07-01,final,additions,annual_reconstitution,EML,EASTERN CO,Basic Materials,https://www.lseg.com/content/dam/ftse-russell/en_us/documents/other/ru3000-additions-final-20240628.pdf
2024,2024-07-01,final,additions,annual_reconstitution,ELEV,ELEVATION ONCOLOGY,Health Care,https://www.lseg.com/content/dam/ftse-russell/en_us/documents/other/ru3000-additions-final-20240628.pdf
2024,2024-07-01,final,additions,annual_reconstitution,ELYM,ELIEM THERAPEUTICS,Health Care,https://www.lseg.com/content/dam/ftse-russell/en_us/documents/other/ru3000-additions-final-20240628.pdf
2024,2024-07-01,final,additions,annual_reconstitution,ESPR,ESPERION THERAPEUTICS,Health Care,https://www.lseg.com/content/dam/ftse-russell/en_us/documents/other/ru3000-additions-final-20240628.pdf
2024,2024-07-01,final,additions,annual_reconstitution,MRAM,EVERSPIN TECHNOLOGIES,Technology,https://www.lseg.com/content/dam/ftse-russell/en_us/documents/other/ru3000-additions-final-20240628.pdf
2024,2024-07-01,final,additions,annual_reconstitution,FBLG,FIBROBIOLOGICS,Health Care,https://www.lseg.com/content/dam/ftse-russell/en_us/documents/other/ru3000-additions-final-20240628.pdf
2024,2024-07-01,final,additions,annual_reconstitution,FFNW,FIRST FINL NORTHWEST,Financials,https://www.lseg.com/content/dam/ftse-russell/en_us/documents/other/ru3000-additions-final-20240628.pdf
2024,2024-07-01,final,additions,annual_reconstitution,INBK,FIRST INTERNET BANCORP,Financials,https://www.lseg.com/content/dam/ftse-russell/en_us/documents/other/ru3000-additions-final-20240628.pdf
2024,2024-07-01,final,additions,annual_reconstitution,FLXS,FLEXSTEEL INDUSTRIES INC,Consumer Discretionary,https://www.lseg.com/content/dam/ftse-russell/en_us/documents/other/ru3000-additions-final-20240628.pdf
2024,2024-07-01,final,additions,annual_reconstitution,FSTR,FOSTER L B CO,Industrials,https://www.lseg.com/content/dam/ftse-russell/en_us/documents/other/ru3000-additions-final-20240628.pdf
2024,2024-07-01,final,additions,annual_reconstitution,GUTS,FRACTYL HEALTH,Health Care,https://www.lseg.com/content/dam/ftse-russell/en_us/documents/other/ru3000-additions-final-20240628.pdf
2024,2024-07-01,final,additions,annual_reconstitution,FSP,FRANKLIN STREET PPTYS CO,Real Estate,https://www.lseg.com/content/dam/ftse-russell/en_us/documents/other/ru3000-additions-final-20240628.pdf
2024,2024-07-01,final,additions,annual_reconstitution,FREY,FREYR BATTERY INC (A),Energy,https://www.lseg.com/content/dam/ftse-russell/en_us/documents/other/ru3000-additions-final-20240628.pdf
2024,2024-07-01,final,additions,annual_reconstitution,FULC,FULCRUM THERAPEUTICS INC,Health Care,https://www.lseg.com/content/dam/ftse-russell/en_us/documents/other/ru3000-additions-final-20240628.pdf
2024,2024-07-01,final,additions,annual_reconstitution,GTHX,G1 THERAPEUTICS,Health Care,https://www.lseg.com/content/dam/ftse-russell/en_us/documents/other/ru3000-additions-final-20240628.pdf
2024,2024-07-01,final,additions,annual_reconstitution,GALT,GALECTIN THERAPEUTICS,Health Care,https://www.lseg.com/content/dam/ftse-russell/en_us/documents/other/ru3000-additions-final-20240628.pdf
2024,2024-07-01,final,additions,annual_reconstitution,GCTS,GCT SEMICONDUCTOR HOLDIN,Technology,https://www.lseg.com/content/dam/ftse-russell/en_us/documents/other/ru3000-additions-final-20240628.pdf
2024,2024-07-01,final,additions,annual_reconstitution,WGS,GENEDX HOLDINGS CORP (A),Health Care,https://www.lseg.com/content/dam/ftse-russell/en_us/documents/other/ru3000-additions-final-20240628.pdf
2024,2024-07-01,final,additions,annual_reconstitution,GEOS,GEOSPACE TECHNOLOGIES,Energy,https://www.lseg.com/content/dam/ftse-russell/en_us/documents/other/ru3000-additions-final-20240628.pdf
2024,2024-07-01,final,additions,annual_reconstitution,GETY,GETTY IMAGES HOLDING (A),Technology,https://www.lseg.com/content/dam/ftse-russell/en_us/documents/other/ru3000-additions-final-20240628.pdf
2024,2024-07-01,final,additions,annual_reconstitution,GCT,GIGACLOUD TECHNOLOGY,Consumer Discretionary,https://www.lseg.com/content/dam/ftse-russell/en_us/documents/other/ru3000-additions-final-20240628.pdf
2024,2024-07-01,final,additions,annual_reconstitution,GMGI,GOLDEN MATRIX GROUP,Consumer Discretionary,https://www.lseg.com/content/dam/ftse-russell/en_us/documents/other/ru3000-additions-final-20240628.pdf
2024,2024-07-01,final,additions,annual_reconstitution,GHM,GRAHAM CORP,Industrials,https://www.lseg.com/content/dam/ftse-russell/en_us/documents/other/ru3000-additions-final-20240628.pdf
2024,2024-07-01,final,additions,annual_reconstitution,GLSI,GREENWICH LIFESCIENCES,Health Care,https://www.lseg.com/content/dam/ftse-russell/en_us/documents/other/ru3000-additions-final-20240628.pdf
2024,2024-07-01,final,additions,annual_reconstitution,GRPN,GROUPON INC,Technology,https://www.lseg.com/content/dam/ftse-russell/en_us/documents/other/ru3000-additions-final-20240628.pdf
2024,2024-07-01,final,additions,annual_reconstitution,GYRE,GYRE THERAPEUTICS,Health Care,https://www.lseg.com/content/dam/ftse-russell/en_us/documents/other/ru3000-additions-final-20240628.pdf
2024,2024-07-01,final,additions,annual_reconstitution,HBB,HAMILTON BEACH BRANDS,Consumer Discretionary,https://www.lseg.com/content/dam/ftse-russell/en_us/documents/other/ru3000-additions-final-20240628.pdf
2024,2024-07-01,final,additions,annual_reconstitution,HRTG,HERITAGE INS HLDGS INC,Financials,https://www.lseg.com/content/dam/ftse-russell/en_us/documents/other/ru3000-additions-final-20240628.pdf
2024,2024-07-01,final,additions,annual_reconstitution,HNST,HONEST COMPANY,Consumer Staples,https://www.lseg.com/content/dam/ftse-russell/en_us/documents/other/ru3000-additions-final-20240628.pdf
2024,2024-07-01,final,additions,annual_reconstitution,HUT,HUT 8 CORP,Technology,https://www.lseg.com/content/dam/ftse-russell/en_us/documents/other/ru3000-additions-final-20240628.pdf
2024,2024-07-01,final,additions,annual_reconstitution,IBTA,IBOTTA,Technology,https://www.lseg.com/content/dam/ftse-russell/en_us/documents/other/ru3000-additions-final-20240628.pdf
2024,2024-07-01,final,additions,annual_reconstitution,AILE,ILEARNINGENGINES,Technology,https://www.lseg.com/content/dam/ftse-russell/en_us/documents/other/ru3000-additions-final-20240628.pdf
2024,2024-07-01,final,additions,annual_reconstitution,IMNM,IMMUNOME,Health Care,https://www.lseg.com/content/dam/ftse-russell/en_us/documents/other/ru3000-additions-final-20240628.pdf
2024,2024-07-01,final,additions,annual_reconstitution,ILPT,INDUSTRIAL LOGISTICS,Real Estate,https://www.lseg.com/content/dam/ftse-russell/en_us/documents/other/ru3000-additions-final-20240628.pdf
2024,2024-07-01,final,additions,annual_reconstitution,INMB,INMUNE BIO,Health Care,https://www.lseg.com/content/dam/ftse-russell/en_us/documents/other/ru3000-additions-final-20240628.pdf
2024,2024-07-01,final,additions,annual_reconstitution,CTV,INNOVID CORP (A),Technology,https://www.lseg.com/content/dam/ftse-russell/en_us/documents/other/ru3000-additions-final-20240628.pdf
2024,2024-07-01,final,additions,annual_reconstitution,INO,INOVIO PHARMACEUTICALS,Health Care,https://www.lseg.com/content/dam/ftse-russell/en_us/documents/other/ru3000-additions-final-20240628.pdf
2024,2024-07-01,final,additions,annual_reconstitution,LUNR,INTUITIVE MACHINES,Industrials,https://www.lseg.com/content/dam/ftse-russell/en_us/documents/other/ru3000-additions-final-20240628.pdf
2024,2024-07-01,final,additions,annual_reconstitution,ISTR,INVESTAR HOLDING CORP,Financials,https://www.lseg.com/content/dam/ftse-russell/en_us/documents/other/ru3000-additions-final-20240628.pdf
2024,2024-07-01,final,additions,annual_reconstitution,IVVD,INVIVYD INC,Health Care,https://www.lseg.com/content/dam/ftse-russell/en_us/documents/other/ru3000-additions-final-20240628.pdf
2024,2024-07-01,final,additions,annual_reconstitution,JSPR,JASPER THERAPEUTICS (A),Health Care,https://www.lseg.com/content/dam/ftse-russell/en_us/documents/other/ru3000-additions-final-20240628.pdf
2024,2024-07-01,final,additions,annual_reconstitution,KRRO,KORRO BIO INC,Health Care,https://www.lseg.com/content/dam/ftse-russell/en_us/documents/other/ru3000-additions-final-20240628.pdf
2024,2024-07-01,final,additions,annual_reconstitution,KYTX,KYVERNA THERAPEUTICS,Health Care,https://www.lseg.com/content/dam/ftse-russell/en_us/documents/other/ru3000-additions-final-20240628.pdf
2024,2024-07-01,final,additions,annual_reconstitution,LBTYA,LIBERTY GLOBAL LTD,Telecommunications,https://www.lseg.com/content/dam/ftse-russell/en_us/documents/other/ru3000-additions-final-20240628.pdf
2024,2024-07-01,final,additions,annual_reconstitution,LBTYK,LIBERTY GLOBAL LTD,Telecommunications,https://www.lseg.com/content/dam/ftse-russell/en_us/documents/other/ru3000-additions-final-20240628.pdf
2024,2024-07-01,final,additions,annual_reconstitution,LFCR,LIFECORE BIOMEDICAL INC,Health Care,https://www.lseg.com/content/dam/ftse-russell/en_us/documents/other/ru3000-additions-final-20240628.pdf
2024,2024-07-01,final,additions,annual_reconstitution,LFMD,LIFEMD INC,Consumer Staples,https://www.lseg.com/content/dam/ftse-russell/en_us/documents/other/ru3000-additions-final-20240628.pdf
2024,2024-07-01,final,additions,annual_reconstitution,LCUT,LIFETIME BRANDS INC,Consumer Discretionary,https://www.lseg.com/content/dam/ftse-russell/en_us/documents/other/ru3000-additions-final-20240628.pdf
2024,2024-07-01,final,additions,annual_reconstitution,LWAY,LIFEWAY FOODS INC,Consumer Staples,https://www.lseg.com/content/dam/ftse-russell/en_us/documents/other/ru3000-additions-final-20240628.pdf
2024,2024-07-01,final,additions,annual_reconstitution,LZM,LIFEZONE METALS LTD,Basic Materials,https://www.lseg.com/content/dam/ftse-russell/en_us/documents/other/ru3000-additions-final-20240628.pdf
2024,2024-07-01,final,additions,annual_reconstitution,LNKB,LINKBANCORP INC,Financials,https://www.lseg.com/content/dam/ftse-russell/en_us/documents/other/ru3000-additions-final-20240628.pdf
2024,2024-07-01,final,additions,annual_reconstitution,LVO,LIVEONE INC,Consumer Discretionary,https://www.lseg.com/content/dam/ftse-russell/en_us/documents/other/ru3000-additions-final-20240628.pdf
2024,2024-07-01,final,additions,annual_reconstitution,LOAR,LOAR HOLDINGS,Industrials,https://www.lseg.com/content/dam/ftse-russell/en_us/documents/other/ru3000-additions-final-20240628.pdf
2024,2024-07-01,final,additions,annual_reconstitution,LYRA,LYRA THERAPEUTICS,Health Care,https://www.lseg.com/content/dam/ftse-russell/en_us/documents/other/ru3000-additions-final-20240628.pdf
2024,2024-07-01,final,additions,annual_reconstitution,MAMA,MAMAS CREATIONS INC,Consumer Staples,https://www.lseg.com/content/dam/ftse-russell/en_us/documents/other/ru3000-additions-final-20240628.pdf
2024,2024-07-01,final,additions,annual_reconstitution,MTRX,MATRIX SERVICE CO,Energy,https://www.lseg.com/content/dam/ftse-russell/en_us/documents/other/ru3000-additions-final-20240628.pdf
2024,2024-07-01,final,additions,annual_reconstitution,MFIN,MEDALLION FINANCIAL,Financials,https://www.lseg.com/content/dam/ftse-russell/en_us/documents/other/ru3000-additions-final-20240628.pdf
2024,2024-07-01,final,additions,annual_reconstitution,MDWD,MEDIWOUND,Health Care,https://www.lseg.com/content/dam/ftse-russell/en_us/documents/other/ru3000-additions-final-20240628.pdf
2024,2024-07-01,final,additions,annual_reconstitution,MGX,METAGENOMI,Health Care,https://www.lseg.com/content/dam/ftse-russell/en_us/documents/other/ru3000-additions-final-20240628.pdf
2024,2024-07-01,final,additions,annual_reconstitution,MTAL,METALS ACQUISITION,Basic Materials,https://www.lseg.com/content/dam/ftse-russell/en_us/documents/other/ru3000-additions-final-20240628.pdf
2024,2024-07-01,final,additions,annual_reconstitution,MNMD,MIND MEDICINE MINDMED,Health Care,https://www.lseg.com/content/dam/ftse-russell/en_us/documents/other/ru3000-additions-final-20240628.pdf
2024,2024-07-01,final,additions,annual_reconstitution,ML,MONEYLION INC (A),Industrials,https://www.lseg.com/content/dam/ftse-russell/en_us/documents/other/ru3000-additions-final-20240628.pdf
2024,2024-07-01,final,additions,annual_reconstitution,NCMI,NATIONAL CINEMEDIA,Consumer Discretionary,https://www.lseg.com/content/dam/ftse-russell/en_us/documents/other/ru3000-additions-final-20240628.pdf
2024,2024-07-01,final,additions,annual_reconstitution,NGS,NATURAL GAS SERVICES GRP,Energy,https://www.lseg.com/content/dam/ftse-russell/en_us/documents/other/ru3000-additions-final-20240628.pdf
2024,2024-07-01,final,additions,annual_reconstitution,NBBK,NB BANCORP,Financials,https://www.lseg.com/content/dam/ftse-russell/en_us/documents/other/ru3000-additions-final-20240628.pdf
2024,2024-07-01,final,additions,annual_reconstitution,NKTR,NEKTAR THERAPEUTICS,Health Care,https://www.lseg.com/content/dam/ftse-russell/en_us/documents/other/ru3000-additions-final-20240628.pdf
2024,2024-07-01,final,additions,annual_reconstitution,NPWR,NET POWER INC,Utilities,https://www.lseg.com/content/dam/ftse-russell/en_us/documents/other/ru3000-additions-final-20240628.pdf
2024,2024-07-01,final,additions,annual_reconstitution,NGNE,NEUROGENE INC,Health Care,https://www.lseg.com/content/dam/ftse-russell/en_us/documents/other/ru3000-additions-final-20240628.pdf
2024,2024-07-01,final,additions,annual_reconstitution,NPCE,NEUROPACE,Health Care,https://www.lseg.com/content/dam/ftse-russell/en_us/documents/other/ru3000-additions-final-20240628.pdf
2024,2024-07-01,final,additions,annual_reconstitution,NNBR,NN INC,Basic Materials,https://www.lseg.com/content/dam/ftse-russell/en_us/documents/other/ru3000-additions-final-20240628.pdf
2024,2024-07-01,final,additions,annual_reconstitution,NTIC,NORTHERN TECH INTL CORP,Basic Materials,https://www.lseg.com/content/dam/ftse-russell/en_us/documents/other/ru3000-additions-final-20240628.pdf
2024,2024-07-01,final,additions,annual_reconstitution,OCGN,OCUGEN INC,Health Care,https://www.lseg.com/content/dam/ftse-russell/en_us/documents/other/ru3000-additions-final-20240628.pdf
2024,2024-07-01,final,additions,annual_reconstitution,OPAD,OFFERPAD SOLUTIONS (A),Real Estate,https://www.lseg.com/content/dam/ftse-russell/en_us/documents/other/ru3000-additions-final-20240628.pdf
2024,2024-07-01,final,additions,annual_reconstitution,ORN,ORION GROUP HOLDINGS,Industrials,https://www.lseg.com/content/dam/ftse-russell/en_us/documents/other/ru3000-additions-final-20240628.pdf
2024,2024-07-01,final,additions,annual_reconstitution,OUST,OUSTER INC (A),Technology,https://www.lseg.com/content/dam/ftse-russell/en_us/documents/other/ru3000-additions-final-20240628.pdf
2024,2024-07-01,final,additions,annual_reconstitution,PACS,PACS GROUP INC,Health Care,https://www.lseg.com/content/dam/ftse-russell/en_us/documents/other/ru3000-additions-final-20240628.pdf
2024,2024-07-01,final,additions,annual_reconstitution,PGY,PAGAYA TECHNOLOGIES LTD,Industrials,https://www.lseg.com/content/dam/ftse-russell/en_us/documents/other/ru3000-additions-final-20240628.pdf
2024,2024-07-01,final,additions,annual_reconstitution,PEBK,PEOPLES BANCORP N C INC,Financials,https://www.lseg.com/content/dam/ftse-russell/en_us/documents/other/ru3000-additions-final-20240628.pdf
2024,2024-07-01,final,additions,annual_reconstitution,PESI,PERMA-FIX ENVIRONMENTAL,Utilities,https://www.lseg.com/content/dam/ftse-russell/en_us/documents/other/ru3000-additions-final-20240628.pdf
2024,2024-07-01,final,additions,annual_reconstitution,CATX,PERSPECTIVE THERAPEUTICS,Health Care,https://www.lseg.com/content/dam/ftse-russell/en_us/documents/other/ru3000-additions-final-20240628.pdf
2024,2024-07-01,final,additions,annual_reconstitution,PRCH,PORCH GROUP INC (A),Technology,https://www.lseg.com/content/dam/ftse-russell/en_us/documents/other/ru3000-additions-final-20240628.pdf
2024,2024-07-01,final,additions,annual_reconstitution,PWFL,POWERFLEET INC,Telecommunications,https://www.lseg.com/content/dam/ftse-russell/en_us/documents/other/ru3000-additions-final-20240628.pdf
2024,2024-07-01,final,additions,annual_reconstitution,PROP,PRAIRIE OPERATING CO,Financials,https://www.lseg.com/content/dam/ftse-russell/en_us/documents/other/ru3000-additions-final-20240628.pdf
2024,2024-07-01,final,additions,annual_reconstitution,PRAX,PRAXIS PRECISION MEDICIN,Health Care,https://www.lseg.com/content/dam/ftse-russell/en_us/documents/other/ru3000-additions-final-20240628.pdf
2024,2024-07-01,final,additions,annual_reconstitution,PVBC,PROVIDENT BANCORP INC,Financials,https://www.lseg.com/content/dam/ftse-russell/en_us/documents/other/ru3000-additions-final-20240628.pdf
2024,2024-07-01,final,additions,annual_reconstitution,PBYI,PUMA BIOTECHNOLOGY INC,Health Care,https://www.lseg.com/content/dam/ftse-russell/en_us/documents/other/ru3000-additions-final-20240628.pdf
2024,2024-07-01,final,additions,annual_reconstitution,PYXS,PYXIS ONCOLOGY,Health Care,https://www.lseg.com/content/dam/ftse-russell/en_us/documents/other/ru3000-additions-final-20240628.pdf
2024,2024-07-01,final,additions,annual_reconstitution,QTTB,Q32 BIO,Health Care,https://www.lseg.com/content/dam/ftse-russell/en_us/documents/other/ru3000-additions-final-20240628.pdf
2024,2024-07-01,final,additions,annual_reconstitution,QRHC,QUEST RESOURCE HOLDING,Utilities,https://www.lseg.com/content/dam/ftse-russell/en_us/documents/other/ru3000-additions-final-20240628.pdf
2024,2024-07-01,final,additions,annual_reconstitution,QUIK,QUICKLOGIC CORP,Technology,https://www.lseg.com/content/dam/ftse-russell/en_us/documents/other/ru3000-additions-final-20240628.pdf
2024,2024-07-01,final,additions,annual_reconstitution,REAX,REAL BROKERAGE,Real Estate,https://www.lseg.com/content/dam/ftse-russell/en_us/documents/other/ru3000-additions-final-20240628.pdf
2024,2024-07-01,final,additions,annual_reconstitution,RGLS,REGULUS THERAPEUTICS,Health Care,https://www.lseg.com/content/dam/ftse-russell/en_us/documents/other/ru3000-additions-final-20240628.pdf
2024,2024-07-01,final,additions,annual_reconstitution,REKR,REKOR SYSTEMS INC,Industrials,https://www.lseg.com/content/dam/ftse-russell/en_us/documents/other/ru3000-additions-final-20240628.pdf
2024,2024-07-01,final,additions,annual_reconstitution,RENB,RENOVARO INC,Health Care,https://www.lseg.com/content/dam/ftse-russell/en_us/documents/other/ru3000-additions-final-20240628.pdf
2024,2024-07-01,final,additions,annual_reconstitution,TRAK,REPOSITRAK INC,Technology,https://www.lseg.com/content/dam/ftse-russell/en_us/documents/other/ru3000-additions-final-20240628.pdf
2024,2024-07-01,final,additions,annual_reconstitution,RGTI,RIGETTI COMPUTING (A),Technology,https://www.lseg.com/content/dam/ftse-russell/en_us/documents/other/ru3000-additions-final-20240628.pdf
2024,2024-07-01,final,additions,annual_reconstitution,RDZN,ROADZEN,Financials,https://www.lseg.com/content/dam/ftse-russell/en_us/documents/other/ru3000-additions-final-20240628.pdf
2024,2024-07-01,final,additions,annual_reconstitution,ROOT,ROOT,Financials,https://www.lseg.com/content/dam/ftse-russell/en_us/documents/other/ru3000-additions-final-20240628.pdf
2024,2024-07-01,final,additions,annual_reconstitution,RMBL,RUMBLEON INC,Consumer Discretionary,https://www.lseg.com/content/dam/ftse-russell/en_us/documents/other/ru3000-additions-final-20240628.pdf
2024,2024-07-01,final,additions,annual_reconstitution,SOC,SABLE OFFSHORE CORP,Energy,https://www.lseg.com/content/dam/ftse-russell/en_us/documents/other/ru3000-additions-final-20240628.pdf
2024,2024-07-01,final,additions,annual_reconstitution,SERA,SERA PROGNOSTICS,Health Care,https://www.lseg.com/content/dam/ftse-russell/en_us/documents/other/ru3000-additions-final-20240628.pdf
2024,2024-07-01,final,additions,annual_reconstitution,SEVN,SEVEN HILLS REALTY TRUST,Financials,https://www.lseg.com/content/dam/ftse-russell/en_us/documents/other/ru3000-additions-final-20240628.pdf
2024,2024-07-01,final,additions,annual_reconstitution,SEZL,SEZZLE,Industrials,https://www.lseg.com/content/dam/ftse-russell/en_us/documents/other/ru3000-additions-final-20240628.pdf
2024,2024-07-01,final,additions,annual_reconstitution,SN,SHARKNINJA,Consumer Discretionary,https://www.lseg.com/content/dam/ftse-russell/en_us/documents/other/ru3000-additions-final-20240628.pdf
2024,2024-07-01,final,additions,annual_reconstitution,STTK,SHATTUCK LABS,Health Care,https://www.lseg.com/content/dam/ftse-russell/en_us/documents/other/ru3000-additions-final-20240628.pdf
2024,2024-07-01,final,additions,annual_reconstitution,SKYH,SKY HARBOUR GROUP CO (A),Industrials,https://www.lseg.com/content/dam/ftse-russell/en_us/documents/other/ru3000-additions-final-20240628.pdf
2024,2024-07-01,final,additions,annual_reconstitution,SKYE,SKYE BIOSCIENCE,Industrials,https://www.lseg.com/content/dam/ftse-russell/en_us/documents/other/ru3000-additions-final-20240628.pdf
2024,2024-07-01,final,additions,annual_reconstitution,SMID,SMITH MIDLAND,Industrials,https://www.lseg.com/content/dam/ftse-russell/en_us/documents/other/ru3000-additions-final-20240628.pdf
2024,2024-07-01,final,additions,annual_reconstitution,SMXT,SOLARMAX TECHNOLOGY,Energy,https://www.lseg.com/content/dam/ftse-russell/en_us/documents/other/ru3000-additions-final-20240628.pdf
2024,2024-07-01,final,additions,annual_reconstitution,SLNO,SOLENO THERAPEUTICS INC,Health Care,https://www.lseg.com/content/dam/ftse-russell/en_us/documents/other/ru3000-additions-final-20240628.pdf
2024,2024-07-01,final,additions,annual_reconstitution,SLDB,SOLID BIOSCIENCES INC,Health Care,https://www.lseg.com/content/dam/ftse-russell/en_us/documents/other/ru3000-additions-final-20240628.pdf
2024,2024-07-01,final,additions,annual_reconstitution,STI,SOLIDION TECHNOLOGY,Industrials,https://www.lseg.com/content/dam/ftse-russell/en_us/documents/other/ru3000-additions-final-20240628.pdf
2024,2024-07-01,final,additions,annual_reconstitution,SNDA,SONIDA SENIOR LIVING,Health Care,https://www.lseg.com/content/dam/ftse-russell/en_us/documents/other/ru3000-additions-final-20240628.pdf
2024,2024-07-01,final,additions,annual_reconstitution,BCAL,SOUTHERN CALIFORNIA BANC,Financials,https://www.lseg.com/content/dam/ftse-russell/en_us/documents/other/ru3000-additions-final-20240628.pdf
2024,2024-07-01,final,additions,annual_reconstitution,SPIR,SPIRE GLOBAL INC (A),Industrials,https://www.lseg.com/content/dam/ftse-russell/en_us/documents/other/ru3000-additions-final-20240628.pdf
2024,2024-07-01,final,additions,annual_reconstitution,SYRE,SPYRE THERAPEUTICS INC,Health Care,https://www.lseg.com/content/dam/ftse-russell/en_us/documents/other/ru3000-additions-final-20240628.pdf
2024,2024-07-01,final,additions,annual_reconstitution,LAB,STANDARD BIOTOOLS INC,Health Care,https://www.lseg.com/content/dam/ftse-russell/en_us/documents/other/ru3000-additions-final-20240628.pdf
2024,2024-07-01,final,additions,annual_reconstitution,STXS,STEREOTAXIS,Health Care,https://www.lseg.com/content/dam/ftse-russell/en_us/documents/other/ru3000-additions-final-20240628.pdf
2024,2024-07-01,final,additions,annual_reconstitution,STRW,STRAWBERRY FIELDS RE,Real Estate,https://www.lseg.com/content/dam/ftse-russell/en_us/documents/other/ru3000-additions-final-20240628.pdf
2024,2024-07-01,final,additions,annual_reconstitution,SGC,SUPERIOR GROUP OF CO,Consumer Discretionary,https://www.lseg.com/content/dam/ftse-russell/en_us/documents/other/ru3000-additions-final-20240628.pdf
2024,2024-07-01,final,additions,annual_reconstitution,TALK,TALKSPACE INC (A),Health Care,https://www.lseg.com/content/dam/ftse-russell/en_us/documents/other/ru3000-additions-final-20240628.pdf
2024,2024-07-01,final,additions,annual_reconstitution,TAYD,TAYLOR DEVICES INC,Industrials,https://www.lseg.com/content/dam/ftse-russell/en_us/documents/other/ru3000-additions-final-20240628.pdf
2024,2024-07-01,final,additions,annual_reconstitution,TSHA,TAYSHA GENE THERAPIES,Health Care,https://www.lseg.com/content/dam/ftse-russell/en_us/documents/other/ru3000-additions-final-20240628.pdf
2024,2024-07-01,final,additions,annual_reconstitution,TGLS,TECNOGLASS,Industrials,https://www.lseg.com/content/dam/ftse-russell/en_us/documents/other/ru3000-additions-final-20240628.pdf
2024,2024-07-01,final,additions,annual_reconstitution,TELO,TELOMIR PHARMACEUTICALS,Health Care,https://www.lseg.com/content/dam/ftse-russell/en_us/documents/other/ru3000-additions-final-20240628.pdf
2024,2024-07-01,final,additions,annual_reconstitution,TLS,TELOS,Technology,https://www.lseg.com/content/dam/ftse-russell/en_us/documents/other/ru3000-additions-final-20240628.pdf
2024,2024-07-01,final,additions,annual_reconstitution,TVGN,TEVOGEN BIO HOLDINGS,Health Care,https://www.lseg.com/content/dam/ftse-russell/en_us/documents/other/ru3000-additions-final-20240628.pdf
2024,2024-07-01,final,additions,annual_reconstitution,REAL,THE REALREAL INC,Consumer Discretionary,https://www.lseg.com/content/dam/ftse-russell/en_us/documents/other/ru3000-additions-final-20240628.pdf
2024,2024-07-01,final,additions,annual_reconstitution,TRML,TOURMALINE BIO INC,Health Care,https://www.lseg.com/content/dam/ftse-russell/en_us/documents/other/ru3000-additions-final-20240628.pdf
2024,2024-07-01,final,additions,annual_reconstitution,RIG,TRANSOCEAN LTD,Energy,https://www.lseg.com/content/dam/ftse-russell/en_us/documents/other/ru3000-additions-final-20240628.pdf
2024,2024-07-01,final,additions,annual_reconstitution,DJT,TRUMP MEDIA & TECHNO,Technology,https://www.lseg.com/content/dam/ftse-russell/en_us/documents/other/ru3000-additions-final-20240628.pdf
2024,2024-07-01,final,additions,annual_reconstitution,TCRX,TSCAN THERAPEUTICS,Health Care,https://www.lseg.com/content/dam/ftse-russell/en_us/documents/other/ru3000-additions-final-20240628.pdf
2024,2024-07-01,final,additions,annual_reconstitution,TWIN,TWIN DISC INC,Industrials,https://www.lseg.com/content/dam/ftse-russell/en_us/documents/other/ru3000-additions-final-20240628.pdf
2024,2024-07-01,final,additions,annual_reconstitution,ULBI,ULTRALIFE CORPORATION,Industrials,https://www.lseg.com/content/dam/ftse-russell/en_us/documents/other/ru3000-additions-final-20240628.pdf
2024,2024-07-01,final,additions,annual_reconstitution,USAP,UNIV STAINLESS AND ALLOY,Basic Materials,https://www.lseg.com/content/dam/ftse-russell/en_us/documents/other/ru3000-additions-final-20240628.pdf
2024,2024-07-01,final,additions,annual_reconstitution,URG,UR ENERGY,Basic Materials,https://www.lseg.com/content/dam/ftse-russell/en_us/documents/other/ru3000-additions-final-20240628.pdf
2024,2024-07-01,final,additions,annual_reconstitution,VCSA,VACASA INC (A),Consumer Discretionary,https://www.lseg.com/content/dam/ftse-russell/en_us/documents/other/ru3000-additions-final-20240628.pdf
2024,2024-07-01,final,additions,annual_reconstitution,VSTM,VERASTEM INC,Health Care,https://www.lseg.com/content/dam/ftse-russell/en_us/documents/other/ru3000-additions-final-20240628.pdf
2024,2024-07-01,final,additions,annual_reconstitution,VERX,VERTEX,Technology,https://www.lseg.com/content/dam/ftse-russell/en_us/documents/other/ru3000-additions-final-20240628.pdf
2024,2024-07-01,final,additions,annual_reconstitution,VERU,VERU INC,Consumer Staples,https://www.lseg.com/content/dam/ftse-russell/en_us/documents/other/ru3000-additions-final-20240628.pdf
2024,2024-07-01,final,additions,annual_reconstitution,VNOM,VIPER ENERGY,Energy,https://www.lseg.com/content/dam/ftse-russell/en_us/documents/other/ru3000-additions-final-20240628.pdf
2024,2024-07-01,final,additions,annual_reconstitution,VIRC,VIRCO MFG CO,Consumer Discretionary,https://www.lseg.com/content/dam/ftse-russell/en_us/documents/other/ru3000-additions-final-20240628.pdf
2024,2024-07-01,final,additions,annual_reconstitution,VTSI,VIRTRA INC,Industrials,https://www.lseg.com/content/dam/ftse-russell/en_us/documents/other/ru3000-additions-final-20240628.pdf
2024,2024-07-01,final,additions,annual_reconstitution,HOWL,WEREWOLF THERAPEUTICS,Health Care,https://www.lseg.com/content/dam/ftse-russell/en_us/documents/other/ru3000-additions-final-20240628.pdf
2024,2024-07-01,final,additions,annual_reconstitution,UP,WHEELS UP EXP INC,Consumer Discretionary,https://www.lseg.com/content/dam/ftse-russell/en_us/documents/other/ru3000-additions-final-20240628.pdf
2024,2024-07-01,final,additions,annual_reconstitution,FREE,WHOLE EARTH BRANDS (A),Consumer Staples,https://www.lseg.com/content/dam/ftse-russell/en_us/documents/other/ru3000-additions-final-20240628.pdf
2024,2024-07-01,final,additions,annual_reconstitution,MAPS,WM TECHNOLOGY INC (A),Technology,https://www.lseg.com/content/dam/ftse-russell/en_us/documents/other/ru3000-additions-final-20240628.pdf
2024,2024-07-01,final,additions,annual_reconstitution,WNS,WNS HOLDINGS LTD ADS,Industrials,https://www.lseg.com/content/dam/ftse-russell/en_us/documents/other/ru3000-additions-final-20240628.pdf
2024,2024-07-01,final,additions,annual_reconstitution,XBIT,XBIOTECH INC,Health Care,https://www.lseg.com/content/dam/ftse-russell/en_us/documents/other/ru3000-additions-final-20240628.pdf
2024,2024-07-01,final,deletions,annual_reconstitution,ME,23ANDME HOLDING CO,Health Care,https://www.lseg.com/content/dam/ftse-russell/en_us/documents/other/ru3000-deletions-final-20240628.pdf
2024,2024-07-01,final,deletions,annual_reconstitution,TWOU,2U INC,Consumer Discretionary,https://www.lseg.com/content/dam/ftse-russell/en_us/documents/other/ru3000-deletions-final-20240628.pdf
2024,2024-07-01,final,deletions,annual_reconstitution,FEAM,5E ADVANCED MATERIALS IN,Basic Materials,https://www.lseg.com/content/dam/ftse-russell/en_us/documents/other/ru3000-deletions-final-20240628.pdf
2024,2024-07-01,final,deletions,annual_reconstitution,AADI,AADI BIOSCIENCE INC,Health Care,https://www.lseg.com/content/dam/ftse-russell/en_us/documents/other/ru3000-deletions-final-20240628.pdf
2024,2024-07-01,final,deletions,annual_reconstitution,ACRS,ACLARIS THERAPEUTICS,Health Care,https://www.lseg.com/content/dam/ftse-russell/en_us/documents/other/ru3000-deletions-final-20240628.pdf
2024,2024-07-01,final,deletions,annual_reconstitution,ACET,ADICET BIO INC,Health Care,https://www.lseg.com/content/dam/ftse-russell/en_us/documents/other/ru3000-deletions-final-20240628.pdf
2024,2024-07-01,final,deletions,annual_reconstitution,AKTS,AKOUSTIS TECHNOLOGIES,Telecommunications,https://www.lseg.com/content/dam/ftse-russell/en_us/documents/other/ru3000-deletions-final-20240628.pdf
2024,2024-07-01,final,deletions,annual_reconstitution,ALLK,ALLAKOS INC,Health Care,https://www.lseg.com/content/dam/ftse-russell/en_us/documents/other/ru3000-deletions-final-20240628.pdf
2024,2024-07-01,final,deletions,annual_reconstitution,BIRD,ALLBIRDS,Consumer Discretionary,https://www.lseg.com/content/dam/ftse-russell/en_us/documents/other/ru3000-deletions-final-20240628.pdf
2024,2024-07-01,final,deletions,annual_reconstitution,ALVR,ALLOVIR,Health Care,https://www.lseg.com/content/dam/ftse-russell/en_us/documents/other/ru3000-deletions-final-20240628.pdf
2024,2024-07-01,final,deletions,annual_reconstitution,AMWL,AMERICAN WELL,Health Care,https://www.lseg.com/content/dam/ftse-russell/en_us/documents/other/ru3000-deletions-final-20240628.pdf
2024,2024-07-01,final,deletions,annual_reconstitution,AMLX,AMYLYX PHARMACEUTICALS,Health Care,https://www.lseg.com/content/dam/ftse-russell/en_us/documents/other/ru3000-deletions-final-20240628.pdf
2024,2024-07-01,final,deletions,annual_reconstitution,ARTNA,ARTESIAN RESOURCES CORP,Utilities,https://www.lseg.com/content/dam/ftse-russell/en_us/documents/other/ru3000-deletions-final-20240628.pdf
2024,2024-07-01,final,deletions,annual_reconstitution,ASRT,ASSERTIO HOLDINGS INC,Health Care,https://www.lseg.com/content/dam/ftse-russell/en_us/documents/other/ru3000-deletions-final-20240628.pdf
2024,2024-07-01,final,deletions,annual_reconstitution,ATRA,ATARA BIOTHERAPEUTICS,Health Care,https://www.lseg.com/content/dam/ftse-russell/en_us/documents/other/ru3000-deletions-final-20240628.pdf
2024,2024-07-01,final,deletions,annual_reconstitution,ATOM,ATOMERA LIMITED,Technology,https://www.lseg.com/content/dam/ftse-russell/en_us/documents/other/ru3000-deletions-final-20240628.pdf
2024,2024-07-01,final,deletions,annual_reconstitution,BW,BABCOCK & WILCOX ENT,Industrials,https://www.lseg.com/content/dam/ftse-russell/en_us/documents/other/ru3000-deletions-final-20240628.pdf
2024,2024-07-01,final,deletions,annual_reconstitution,BKKT,BAKKT HOLDINGS INC (A),Financials,https://www.lseg.com/content/dam/ftse-russell/en_us/documents/other/ru3000-deletions-final-20240628.pdf
2024,2024-07-01,final,deletions,annual_reconstitution,BHIL,BENSON HILL INC,Consumer Staples,https://www.lseg.com/content/dam/ftse-russell/en_us/documents/other/ru3000-deletions-final-20240628.pdf
2024,2024-07-01,final,deletions,annual_reconstitution,XAIR,BEYOND AIR INC,Health Care,https://www.lseg.com/content/dam/ftse-russell/en_us/documents/other/ru3000-deletions-final-20240628.pdf
2024,2024-07-01,final,deletions,annual_reconstitution,BGFV,BIG 5 SPORTING GOODS,Consumer Discretionary,https://www.lseg.com/content/dam/ftse-russell/en_us/documents/other/ru3000-deletions-final-20240628.pdf
2024,2024-07-01,final,deletions,annual_reconstitution,BIG,BIG LOTS INC,Consumer Discretionary,https://www.lseg.com/content/dam/ftse-russell/en_us/documents/other/ru3000-deletions-final-20240628.pdf
2024,2024-07-01,final,deletions,annual_reconstitution,BCAB,BIOATLA,Health Care,https://www.lseg.com/content/dam/ftse-russell/en_us/documents/other/ru3000-deletions-final-20240628.pdf
2024,2024-07-01,final,deletions,annual_reconstitution,BIVI,BIOVIE,Health Care,https://www.lseg.com/content/dam/ftse-russell/en_us/documents/other/ru3000-deletions-final-20240628.pdf
2024,2024-07-01,final,deletions,annual_reconstitution,BTAI,BIOXCEL THERAPEUTICS,Health Care,https://www.lseg.com/content/dam/ftse-russell/en_us/documents/other/ru3000-deletions-final-20240628.pdf
2024,2024-07-01,final,deletions,annual_reconstitution,BRBS,BLUE RIDGE BANKSHARES,Financials,https://www.lseg.com/content/dam/ftse-russell/en_us/documents/other/ru3000-deletions-final-20240628.pdf
2024,2024-07-01,final,deletions,annual_reconstitution,BOWL,BOWLERO CORP (A),Consumer Discretionary,https://www.lseg.com/content/dam/ftse-russell/en_us/documents/other/ru3000-deletions-final-20240628.pdf
2024,2024-07-01,final,deletions,annual_reconstitution,BGXX,BRIGHT GREEN,Health Care,https://www.lseg.com/content/dam/ftse-russell/en_us/documents/other/ru3000-deletions-final-20240628.pdf
2024,2024-07-01,final,deletions,annual_reconstitution,BCOV,BRIGHTCOVE INC,Technology,https://www.lseg.com/content/dam/ftse-russell/en_us/documents/other/ru3000-deletions-final-20240628.pdf
2024,2024-07-01,final,deletions,annual_reconstitution,BFLY,BUTTERFLY NETWORK IN (A),Health Care,https://www.lseg.com/content/dam/ftse-russell/en_us/documents/other/ru3000-deletions-final-20240628.pdf
2024,2024-07-01,final,deletions,annual_reconstitution,CFFI,C & F FINANCIAL CORP,Financials,https://www.lseg.com/content/dam/ftse-russell/en_us/documents/other/ru3000-deletions-final-20240628.pdf
2024,2024-07-01,final,deletions,annual_reconstitution,CMBM,CAMBIUM NETWORKS CORP,Telecommunications,https://www.lseg.com/content/dam/ftse-russell/en_us/documents/other/ru3000-deletions-final-20240628.pdf
2024,2024-07-01,final,deletions,annual_reconstitution,CARA,CARA THERAPEUTICS INC,Health Care,https://www.lseg.com/content/dam/ftse-russell/en_us/documents/other/ru3000-deletions-final-20240628.pdf
2024,2024-07-01,final,deletions,annual_reconstitution,CMAX,CAREMAX INC (A),Health Care,https://www.lseg.com/content/dam/ftse-russell/en_us/documents/other/ru3000-deletions-final-20240628.pdf
2024,2024-07-01,final,deletions,annual_reconstitution,CARM,CARISMA THERAPEUTICS INC,Health Care,https://www.lseg.com/content/dam/ftse-russell/en_us/documents/other/ru3000-deletions-final-20240628.pdf
2024,2024-07-01,final,deletions,annual_reconstitution,PRTS,CARPARTS COM,Consumer Discretionary,https://www.lseg.com/content/dam/ftse-russell/en_us/documents/other/ru3000-deletions-final-20240628.pdf
2024,2024-07-01,final,deletions,annual_reconstitution,CATO,CATO CORP,Consumer Discretionary,https://www.lseg.com/content/dam/ftse-russell/en_us/documents/other/ru3000-deletions-final-20240628.pdf
2024,2024-07-01,final,deletions,annual_reconstitution,CNTY,CENTURY CASINOS INC,Consumer Discretionary,https://www.lseg.com/content/dam/ftse-russell/en_us/documents/other/ru3000-deletions-final-20240628.pdf
2024,2024-07-01,final,deletions,annual_reconstitution,PLCE,CHILDRENS PLACE INC,Consumer Discretionary,https://www.lseg.com/content/dam/ftse-russell/en_us/documents/other/ru3000-deletions-final-20240628.pdf
2024,2024-07-01,final,deletions,annual_reconstitution,CTXR,CITIUS PHARMACEUTICALS,Health Care,https://www.lseg.com/content/dam/ftse-russell/en_us/documents/other/ru3000-deletions-final-20240628.pdf
2024,2024-07-01,final,deletions,annual_reconstitution,CLPT,CLEARPOINT NEURO INC,Health Care,https://www.lseg.com/content/dam/ftse-russell/en_us/documents/other/ru3000-deletions-final-20240628.pdf
2024,2024-07-01,final,deletions,annual_reconstitution,CMTL,COMTECH TELECOMM,Telecommunications,https://www.lseg.com/content/dam/ftse-russell/en_us/documents/other/ru3000-deletions-final-20240628.pdf
2024,2024-07-01,final,deletions,annual_reconstitution,LOGC,CONTEXTLOGIC INC,Consumer Discretionary,https://www.lseg.com/content/dam/ftse-russell/en_us/documents/other/ru3000-deletions-final-20240628.pdf
2024,2024-07-01,final,deletions,annual_reconstitution,CCRD,CORECARD CORP,Technology,https://www.lseg.com/content/dam/ftse-russell/en_us/documents/other/ru3000-deletions-final-20240628.pdf
2024,2024-07-01,final,deletions,annual_reconstitution,CUE,CUE BIOPHARMA INC,Health Care,https://www.lseg.com/content/dam/ftse-russell/en_us/documents/other/ru3000-deletions-final-20240628.pdf
2024,2024-07-01,final,deletions,annual_reconstitution,CUTR,CUTERA INC,Health Care,https://www.lseg.com/content/dam/ftse-russell/en_us/documents/other/ru3000-deletions-final-20240628.pdf
2024,2024-07-01,final,deletions,annual_reconstitution,CXAI,CXAPP INC,Technology,https://www.lseg.com/content/dam/ftse-russell/en_us/documents/other/ru3000-deletions-final-20240628.pdf
2024,2024-07-01,final,deletions,annual_reconstitution,DNMR,DANIMER SCI INC (A),Industrials,https://www.lseg.com/content/dam/ftse-russell/en_us/documents/other/ru3000-deletions-final-20240628.pdf
2024,2024-07-01,final,deletions,annual_reconstitution,DM,DESKTOP METAL INC (A),Industrials,https://www.lseg.com/content/dam/ftse-russell/en_us/documents/other/ru3000-deletions-final-20240628.pdf
2024,2024-07-01,final,deletions,annual_reconstitution,DHX,DHI GROUP INC,Industrials,https://www.lseg.com/content/dam/ftse-russell/en_us/documents/other/ru3000-deletions-final-20240628.pdf
2024,2024-07-01,final,deletions,annual_reconstitution,DOUG,DOUGLAS ELLIMAN INC,Real Estate,https://www.lseg.com/content/dam/ftse-russell/en_us/documents/other/ru3000-deletions-final-20240628.pdf
2024,2024-07-01,final,deletions,annual_reconstitution,DFLI,DRAGONFLY ENERGY (A),Industrials,https://www.lseg.com/content/dam/ftse-russell/en_us/documents/other/ru3000-deletions-final-20240628.pdf
2024,2024-07-01,final,deletions,annual_reconstitution,DLTH,DULUTH HOLDINGS INC,Consumer Discretionary,https://www.lseg.com/content/dam/ftse-russell/en_us/documents/other/ru3000-deletions-final-20240628.pdf
2024,2024-07-01,final,deletions,annual_reconstitution,DZSI,DZS INC,Telecommunications,https://www.lseg.com/content/dam/ftse-russell/en_us/documents/other/ru3000-deletions-final-20240628.pdf
2024,2024-07-01,final,deletions,annual_reconstitution,EGRX,EAGLE PHARMACEUTICALS,Health Care,https://www.lseg.com/content/dam/ftse-russell/en_us/documents/other/ru3000-deletions-final-20240628.pdf
2024,2024-07-01,final,deletions,annual_reconstitution,EHTH,EHEALTH INC,Financials,https://www.lseg.com/content/dam/ftse-russell/en_us/documents/other/ru3000-deletions-final-20240628.pdf
2024,2024-07-01,final,deletions,annual_reconstitution,EBS,EMERGENT BIOSOLUTIONS,Health Care,https://www.lseg.com/content/dam/ftse-russell/en_us/documents/other/ru3000-deletions-final-20240628.pdf
2024,2024-07-01,final,deletions,annual_reconstitution,ELA,ENVELA,Consumer Discretionary,https://www.lseg.com/content/dam/ftse-russell/en_us/documents/other/ru3000-deletions-final-20240628.pdf
2024,2024-07-01,final,deletions,annual_reconstitution,EOSE,EOS ENERGY (A),Industrials,https://www.lseg.com/content/dam/ftse-russell/en_us/documents/other/ru3000-deletions-final-20240628.pdf
2024,2024-07-01,final,deletions,annual_reconstitution,GWH,ESS TECH INC (A),Energy,https://www.lseg.com/content/dam/ftse-russell/en_us/documents/other/ru3000-deletions-final-20240628.pdf
2024,2024-07-01,final,deletions,annual_reconstitution,EVBN,EVANS BANCORP INC,Financials,https://www.lseg.com/content/dam/ftse-russell/en_us/documents/other/ru3000-deletions-final-20240628.pdf
2024,2024-07-01,final,deletions,annual_reconstitution,EXFY,EXPENSIFY,Technology,https://www.lseg.com/content/dam/ftse-russell/en_us/documents/other/ru3000-deletions-final-20240628.pdf
2024,2024-07-01,final,deletions,annual_reconstitution,EYEN,EYENOVIA INC,Health Care,https://www.lseg.com/content/dam/ftse-russell/en_us/documents/other/ru3000-deletions-final-20240628.pdf
2024,2024-07-01,final,deletions,annual_reconstitution,FGEN,FIBROGEN INC,Health Care,https://www.lseg.com/content/dam/ftse-russell/en_us/documents/other/ru3000-deletions-final-20240628.pdf
2024,2024-07-01,final,deletions,annual_reconstitution,FOA,FINANCE OF AMERICAS COMP,Financials,https://www.lseg.com/content/dam/ftse-russell/en_us/documents/other/ru3000-deletions-final-20240628.pdf
2024,2024-07-01,final,deletions,annual_reconstitution,FCCO,FIRST CMNTY CORP SC,Financials,https://www.lseg.com/content/dam/ftse-russell/en_us/documents/other/ru3000-deletions-final-20240628.pdf
2024,2024-07-01,final,deletions,annual_reconstitution,FOSL,FOSSIL GROUP INC,Consumer Discretionary,https://www.lseg.com/content/dam/ftse-russell/en_us/documents/other/ru3000-deletions-final-20240628.pdf
2024,2024-07-01,final,deletions,annual_reconstitution,FTCI,FTC SOLAR,Energy,https://www.lseg.com/content/dam/ftse-russell/en_us/documents/other/ru3000-deletions-final-20240628.pdf
2024,2024-07-01,final,deletions,annual_reconstitution,GNLX,GENELUX CORP,Health Care,https://www.lseg.com/content/dam/ftse-russell/en_us/documents/other/ru3000-deletions-final-20240628.pdf
2024,2024-07-01,final,deletions,annual_reconstitution,GEVO,GEVO INC,Energy,https://www.lseg.com/content/dam/ftse-russell/en_us/documents/other/ru3000-deletions-final-20240628.pdf
2024,2024-07-01,final,deletions,annual_reconstitution,DNA,GINKGO BIOWORKS INC (A),Health Care,https://www.lseg.com/content/dam/ftse-russell/en_us/documents/other/ru3000-deletions-final-20240628.pdf
2024,2024-07-01,final,deletions,annual_reconstitution,GLT,GLATFELTER CORPORATION,Basic Materials,https://www.lseg.com/content/dam/ftse-russell/en_us/documents/other/ru3000-deletions-final-20240628.pdf
2024,2024-07-01,final,deletions,annual_reconstitution,GRTS,GRITSTONE BIO INC,Health Care,https://www.lseg.com/content/dam/ftse-russell/en_us/documents/other/ru3000-deletions-final-20240628.pdf
2024,2024-07-01,final,deletions,annual_reconstitution,GES,GUESS INC,Consumer Discretionary,https://www.lseg.com/content/dam/ftse-russell/en_us/documents/other/ru3000-deletions-final-20240628.pdf
2024,2024-07-01,final,deletions,annual_reconstitution,ICLR,ICON PLC,Health Care,https://www.lseg.com/content/dam/ftse-russell/en_us/documents/other/ru3000-deletions-final-20240628.pdf
2024,2024-07-01,final,deletions,annual_reconstitution,IKNA,IKENA ONCOLOGY,Health Care,https://www.lseg.com/content/dam/ftse-russell/en_us/documents/other/ru3000-deletions-final-20240628.pdf
2024,2024-07-01,final,deletions,annual_reconstitution,IMRX,IMMUNEERING,Health Care,https://www.lseg.com/content/dam/ftse-russell/en_us/documents/other/ru3000-deletions-final-20240628.pdf
2024,2024-07-01,final,deletions,annual_reconstitution,VATE,INNOVATE CORP,Industrials,https://www.lseg.com/content/dam/ftse-russell/en_us/documents/other/ru3000-deletions-final-20240628.pdf
2024,2024-07-01,final,deletions,annual_reconstitution,INTT,INTEST CORP,Technology,https://www.lseg.com/content/dam/ftse-russell/en_us/documents/other/ru3000-deletions-final-20240628.pdf
2024,2024-07-01,final,deletions,annual_reconstitution,IVAC,INTEVAC INC,Technology,https://www.lseg.com/content/dam/ftse-russell/en_us/documents/other/ru3000-deletions-final-20240628.pdf
2024,2024-07-01,final,deletions,annual_reconstitution,KPTI,KARYOPHARM THERAPEUTICS,Health Care,https://www.lseg.com/content/dam/ftse-russell/en_us/documents/other/ru3000-deletions-final-20240628.pdf
2024,2024-07-01,final,deletions,annual_reconstitution,KZR,KEZAR LIFE SCIENCES,Health Care,https://www.lseg.com/content/dam/ftse-russell/en_us/documents/other/ru3000-deletions-final-20240628.pdf
2024,2024-07-01,final,deletions,annual_reconstitution,KLXE,KLX ENERGY SERVICES,Energy,https://www.lseg.com/content/dam/ftse-russell/en_us/documents/other/ru3000-deletions-final-20240628.pdf
2024,2024-07-01,final,deletions,annual_reconstitution,KRMD,KORU MEDICAL SYSTEMS INC,Health Care,https://www.lseg.com/content/dam/ftse-russell/en_us/documents/other/ru3000-deletions-final-20240628.pdf
2024,2024-07-01,final,deletions,annual_reconstitution,KVHI,KVH INDUSTRIES INC,Telecommunications,https://www.lseg.com/content/dam/ftse-russell/en_us/documents/other/ru3000-deletions-final-20240628.pdf
2024,2024-07-01,final,deletions,annual_reconstitution,GORV,LAZYDAYS HOLDINGS INC,Consumer Discretionary,https://www.lseg.com/content/dam/ftse-russell/en_us/documents/other/ru3000-deletions-final-20240628.pdf
2024,2024-07-01,final,deletions,annual_reconstitution,LICY,LI CYCLE HOLDINGS (A),Utilities,https://www.lseg.com/content/dam/ftse-russell/en_us/documents/other/ru3000-deletions-final-20240628.pdf
2024,2024-07-01,final,deletions,annual_reconstitution,LPSN,LIVEPERSON INC,Technology,https://www.lseg.com/content/dam/ftse-russell/en_us/documents/other/ru3000-deletions-final-20240628.pdf
2024,2024-07-01,final,deletions,annual_reconstitution,LPTV,LOOP MEDIA INC,Consumer Discretionary,https://www.lseg.com/content/dam/ftse-russell/en_us/documents/other/ru3000-deletions-final-20240628.pdf
2024,2024-07-01,final,deletions,annual_reconstitution,LUNA,LUNA INNOVATIONS INC,Industrials,https://www.lseg.com/content/dam/ftse-russell/en_us/documents/other/ru3000-deletions-final-20240628.pdf
2024,2024-07-01,final,deletions,annual_reconstitution,MNSB,MAINSTREET BANCSHARES,Financials,https://www.lseg.com/content/dam/ftse-russell/en_us/documents/other/ru3000-deletions-final-20240628.pdf
2024,2024-07-01,final,deletions,annual_reconstitution,MRNS,MARINUS PHARMACEUTICALS,Health Care,https://www.lseg.com/content/dam/ftse-russell/en_us/documents/other/ru3000-deletions-final-20240628.pdf
2024,2024-07-01,final,deletions,annual_reconstitution,MAXN,MAXEON SOLAR TECHNOLOGIE,Energy,https://www.lseg.com/content/dam/ftse-russell/en_us/documents/other/ru3000-deletions-final-20240628.pdf
2024,2024-07-01,final,deletions,annual_reconstitution,MVST,MICROVAST HOLDINGS INC,Industrials,https://www.lseg.com/content/dam/ftse-russell/en_us/documents/other/ru3000-deletions-final-20240628.pdf
2024,2024-07-01,final,deletions,annual_reconstitution,MPLN,MULTIPLAN CORP (A),Health Care,https://www.lseg.com/content/dam/ftse-russell/en_us/documents/other/ru3000-deletions-final-20240628.pdf
2024,2024-07-01,final,deletions,annual_reconstitution,MURA,MURAL ONCOLOGY,Health Care,https://www.lseg.com/content/dam/ftse-russell/en_us/documents/other/ru3000-deletions-final-20240628.pdf
2024,2024-07-01,final,deletions,annual_reconstitution,NKLA,NIKOLA CORPORATION,Industrials,https://www.lseg.com/content/dam/ftse-russell/en_us/documents/other/ru3000-deletions-final-20240628.pdf
2024,2024-07-01,final,deletions,annual_reconstitution,NB,NIOCORP DEVELOPMENTS LTD,Basic Materials,https://www.lseg.com/content/dam/ftse-russell/en_us/documents/other/ru3000-deletions-final-20240628.pdf
2024,2024-07-01,final,deletions,annual_reconstitution,NDLS,NOODLES & COMPANY,Consumer Discretionary,https://www.lseg.com/content/dam/ftse-russell/en_us/documents/other/ru3000-deletions-final-20240628.pdf
2024,2024-07-01,final,deletions,annual_reconstitution,NVCT,NUVECTIS PHARMA,Health Care,https://www.lseg.com/content/dam/ftse-russell/en_us/documents/other/ru3000-deletions-final-20240628.pdf
2024,2024-07-01,final,deletions,annual_reconstitution,OCEA,OCEAN BIOMEDICAL INC,Health Care,https://www.lseg.com/content/dam/ftse-russell/en_us/documents/other/ru3000-deletions-final-20240628.pdf
2024,2024-07-01,final,deletions,annual_reconstitution,OPI,OFFICE PPTY INCOME TRUST,Real Estate,https://www.lseg.com/content/dam/ftse-russell/en_us/documents/other/ru3000-deletions-final-20240628.pdf
2024,2024-07-01,final,deletions,annual_reconstitution,OMGA,OMEGA THERAPEUTICS,Health Care,https://www.lseg.com/content/dam/ftse-russell/en_us/documents/other/ru3000-deletions-final-20240628.pdf
2024,2024-07-01,final,deletions,annual_reconstitution,OPTN,OPTINOSE INC,Health Care,https://www.lseg.com/content/dam/ftse-russell/en_us/documents/other/ru3000-deletions-final-20240628.pdf
2024,2024-07-01,final,deletions,annual_reconstitution,ORGN,ORIGIN MATERIALS INC (A),Basic Materials,https://www.lseg.com/content/dam/ftse-russell/en_us/documents/other/ru3000-deletions-final-20240628.pdf
2024,2024-07-01,final,deletions,annual_reconstitution,OM,OUTSET MEDICAL,Health Care,https://www.lseg.com/content/dam/ftse-russell/en_us/documents/other/ru3000-deletions-final-20240628.pdf
2024,2024-07-01,final,deletions,annual_reconstitution,PIII,P3 HEALTH PARTNERS (A),Health Care,https://www.lseg.com/content/dam/ftse-russell/en_us/documents/other/ru3000-deletions-final-20240628.pdf
2024,2024-07-01,final,deletions,annual_reconstitution,PDSB,PDS BIOTECHNOLOGY CORP,Health Care,https://www.lseg.com/content/dam/ftse-russell/en_us/documents/other/ru3000-deletions-final-20240628.pdf
2024,2024-07-01,final,deletions,annual_reconstitution,PWOD,PENNS WOODS BANCORP INC,Financials,https://www.lseg.com/content/dam/ftse-russell/en_us/documents/other/ru3000-deletions-final-20240628.pdf
2024,2024-07-01,final,deletions,annual_reconstitution,PETS,PETMED EXPRESS INC,Consumer Staples,https://www.lseg.com/content/dam/ftse-russell/en_us/documents/other/ru3000-deletions-final-20240628.pdf
2024,2024-07-01,final,deletions,annual_reconstitution,PMVP,PMV PHARMACEUTICALS,Health Care,https://www.lseg.com/content/dam/ftse-russell/en_us/documents/other/ru3000-deletions-final-20240628.pdf
2024,2024-07-01,final,deletions,annual_reconstitution,PRST,PRESTO AUTOMATIONS INC,Technology,https://www.lseg.com/content/dam/ftse-russell/en_us/documents/other/ru3000-deletions-final-20240628.pdf
2024,2024-07-01,final,deletions,annual_reconstitution,PLX,PROTALIX BIO THERA,Health Care,https://www.lseg.com/content/dam/ftse-russell/en_us/documents/other/ru3000-deletions-final-20240628.pdf
2024,2024-07-01,final,deletions,annual_reconstitution,RLYB,RALLYBIO,Health Care,https://www.lseg.com/content/dam/ftse-russell/en_us/documents/other/ru3000-deletions-final-20240628.pdf
2024,2024-07-01,final,deletions,annual_reconstitution,RRGB,RED ROBIN GOURMET BURGER,Consumer Discretionary,https://www.lseg.com/content/dam/ftse-russell/en_us/documents/other/ru3000-deletions-final-20240628.pdf
2024,2024-07-01,final,deletions,annual_reconstitution,RPHM,RENEO PHARMACEUTICALS,Health Care,https://www.lseg.com/content/dam/ftse-russell/en_us/documents/other/ru3000-deletions-final-20240628.pdf
2024,2024-07-01,final,deletions,annual_reconstitution,RENT,RENT THE RUNWAY,Consumer Discretionary,https://www.lseg.com/content/dam/ftse-russell/en_us/documents/other/ru3000-deletions-final-20240628.pdf
2024,2024-07-01,final,deletions,annual_reconstitution,SGMT,SAGIMET BIOSCIENCES INC,Health Care,https://www.lseg.com/content/dam/ftse-russell/en_us/documents/other/ru3000-deletions-final-20240628.pdf
2024,2024-07-01,final,deletions,annual_reconstitution,SGMO,SANGAMO THERAPEUTICS INC,Health Care,https://www.lseg.com/content/dam/ftse-russell/en_us/documents/other/ru3000-deletions-final-20240628.pdf
2024,2024-07-01,final,deletions,annual_reconstitution,SNFCA,SECURITY NATL FINL CORP,Financials,https://www.lseg.com/content/dam/ftse-russell/en_us/documents/other/ru3000-deletions-final-20240628.pdf
2024,2024-07-01,final,deletions,annual_reconstitution,SEER,SEER,Health Care,https://www.lseg.com/content/dam/ftse-russell/en_us/documents/other/ru3000-deletions-final-20240628.pdf
2024,2024-07-01,final,deletions,annual_reconstitution,MCRB,SERES THERAPEUTICS INC,Health Care,https://www.lseg.com/content/dam/ftse-russell/en_us/documents/other/ru3000-deletions-final-20240628.pdf
2024,2024-07-01,final,deletions,annual_reconstitution,SHCR,SHARECARE INC,Health Care,https://www.lseg.com/content/dam/ftse-russell/en_us/documents/other/ru3000-deletions-final-20240628.pdf
2024,2024-07-01,final,deletions,annual_reconstitution,SKIL,SKILLSOFT CORP (A),Industrials,https://www.lseg.com/content/dam/ftse-russell/en_us/documents/other/ru3000-deletions-final-20240628.pdf
2024,2024-07-01,final,deletions,annual_reconstitution,SKYX,SKYX PLATFORMS CORP,Industrials,https://www.lseg.com/content/dam/ftse-russell/en_us/documents/other/ru3000-deletions-final-20240628.pdf
2024,2024-07-01,final,deletions,annual_reconstitution,SPWH,SPORTSMANS WHSE HLDGS,Consumer Discretionary,https://www.lseg.com/content/dam/ftse-russell/en_us/documents/other/ru3000-deletions-final-20240628.pdf
2024,2024-07-01,final,deletions,annual_reconstitution,TELA,TELA BIO,Health Care,https://www.lseg.com/content/dam/ftse-russell/en_us/documents/other/ru3000-deletions-final-20240628.pdf
2024,2024-07-01,final,deletions,annual_reconstitution,TELL,TELLURIAN INC,Energy,https://www.lseg.com/content/dam/ftse-russell/en_us/documents/other/ru3000-deletions-final-20240628.pdf
2024,2024-07-01,final,deletions,annual_reconstitution,TSE,TRINSEO PLC,Industrials,https://www.lseg.com/content/dam/ftse-russell/en_us/documents/other/ru3000-deletions-final-20240628.pdf
2024,2024-07-01,final,deletions,annual_reconstitution,TBRG,TRUBRIDGE INC,Health Care,https://www.lseg.com/content/dam/ftse-russell/en_us/documents/other/ru3000-deletions-final-20240628.pdf
2024,2024-07-01,final,deletions,annual_reconstitution,TSBX,TURNSTONE BIOLOGICS CORP,Health Care,https://www.lseg.com/content/dam/ftse-russell/en_us/documents/other/ru3000-deletions-final-20240628.pdf
2024,2024-07-01,final,deletions,annual_reconstitution,UONE,URBAN ONE,Consumer Discretionary,https://www.lseg.com/content/dam/ftse-russell/en_us/documents/other/ru3000-deletions-final-20240628.pdf
2024,2024-07-01,final,deletions,annual_reconstitution,UONEK,URBAN ONE INC,Consumer Discretionary,https://www.lseg.com/content/dam/ftse-russell/en_us/documents/other/ru3000-deletions-final-20240628.pdf
2024,2024-07-01,final,deletions,annual_reconstitution,VLD,VELO3D INC (A),Industrials,https://www.lseg.com/content/dam/ftse-russell/en_us/documents/other/ru3000-deletions-final-20240628.pdf
2024,2024-07-01,final,deletions,annual_reconstitution,VERI,VERITONE INC,Technology,https://www.lseg.com/content/dam/ftse-russell/en_us/documents/other/ru3000-deletions-final-20240628.pdf
2024,2024-07-01,final,deletions,annual_reconstitution,VTNR,VERTEX ENERGY INC,Utilities,https://www.lseg.com/content/dam/ftse-russell/en_us/documents/other/ru3000-deletions-final-20240628.pdf
2024,2024-07-01,final,deletions,annual_reconstitution,RBOT,VICARIOUS SURGICAL (A),Health Care,https://www.lseg.com/content/dam/ftse-russell/en_us/documents/other/ru3000-deletions-final-20240628.pdf
2024,2024-07-01,final,deletions,annual_reconstitution,VIGL,VIGIL NEUROSCIENCE,Health Care,https://www.lseg.com/content/dam/ftse-russell/en_us/documents/other/ru3000-deletions-final-20240628.pdf
2024,2024-07-01,final,deletions,annual_reconstitution,VOR,VOR BIOPHARMA,Health Care,https://www.lseg.com/content/dam/ftse-russell/en_us/documents/other/ru3000-deletions-final-20240628.pdf
2024,2024-07-01,final,deletions,annual_reconstitution,VOXX,VOXX INTERNATIONAL CORP,Consumer Discretionary,https://www.lseg.com/content/dam/ftse-russell/en_us/documents/other/ru3000-deletions-final-20240628.pdf
2024,2024-07-01,final,deletions,annual_reconstitution,VUZI,VUZIX CORP,Consumer Discretionary,https://www.lseg.com/content/dam/ftse-russell/en_us/documents/other/ru3000-deletions-final-20240628.pdf
2024,2024-07-01,final,deletions,annual_reconstitution,WKHS,WORKHORSE GROUP INC,Industrials,https://www.lseg.com/content/dam/ftse-russell/en_us/documents/other/ru3000-deletions-final-20240628.pdf
2024,2024-07-01,final,deletions,annual_reconstitution,WW,WW INTERNATIONAL INC,Consumer Discretionary,https://www.lseg.com/content/dam/ftse-russell/en_us/documents/other/ru3000-deletions-final-20240628.pdf
2024,2024-07-01,final,deletions,annual_reconstitution,ZVIA,ZEVIA PBC,Consumer Staples,https://www.lseg.com/content/dam/ftse-russell/en_us/documents/other/ru3000-deletions-final-20240628.pdf
2023,2023-06-26,final,additions,annual_reconstitution,SCWO,374WATER INC,Industrials,https://www.lseg.com/content/dam/ftse-russell/en_us/documents/other/ru3000-additions-final-20230623.pdf
2023,2023-06-26,final,additions,annual_reconstitution,ETNB,89BIO,Health Care,https://www.lseg.com/content/dam/ftse-russell/en_us/documents/other/ru3000-additions-final-20230623.pdf
2023,2023-06-26,final,additions,annual_reconstitution,ACTG,ACACIA RESEARCH CORP,Industrials,https://www.lseg.com/content/dam/ftse-russell/en_us/documents/other/ru3000-additions-final-20230623.pdf
2023,2023-06-26,final,additions,annual_reconstitution,ARAY,ACCURAY INC,Health Care,https://www.lseg.com/content/dam/ftse-russell/en_us/documents/other/ru3000-additions-final-20230623.pdf
2023,2023-06-26,final,additions,annual_reconstitution,ATNM,ACTINIUM PHARMACEUTICALS,Health Care,https://www.lseg.com/content/dam/ftse-russell/en_us/documents/other/ru3000-additions-final-20230623.pdf
2023,2023-06-26,final,additions,annual_reconstitution,AEHR,AEHR TEST SYSTEMS,Technology,https://www.lseg.com/content/dam/ftse-russell/en_us/documents/other/ru3000-additions-final-20230623.pdf
2023,2023-06-26,final,additions,annual_reconstitution,ALDX,ALDEYRA THERAPEUTICS INC,Health Care,https://www.lseg.com/content/dam/ftse-russell/en_us/documents/other/ru3000-additions-final-20230623.pdf
2023,2023-06-26,final,additions,annual_reconstitution,ALLK,ALLAKOS INC,Health Care,https://www.lseg.com/content/dam/ftse-russell/en_us/documents/other/ru3000-additions-final-20230623.pdf
2023,2023-06-26,final,additions,annual_reconstitution,PINE,ALPINE INCOME PROPERTY T,Real Estate,https://www.lseg.com/content/dam/ftse-russell/en_us/documents/other/ru3000-additions-final-20230623.pdf
2023,2023-06-26,final,additions,annual_reconstitution,ALTI,ALTI GLOBAL INC,Financials,https://www.lseg.com/content/dam/ftse-russell/en_us/documents/other/ru3000-additions-final-20230623.pdf
2023,2023-06-26,final,additions,annual_reconstitution,ALT,ALTIMMUNE INC,Health Care,https://www.lseg.com/content/dam/ftse-russell/en_us/documents/other/ru3000-additions-final-20230623.pdf
2023,2023-06-26,final,additions,annual_reconstitution,ATLO,AMES NATL CORP,Financials,https://www.lseg.com/content/dam/ftse-russell/en_us/documents/other/ru3000-additions-final-20230623.pdf
2023,2023-06-26,final,additions,annual_reconstitution,AMPX,AMPRIUS TECHNOLOGIES,Industrials,https://www.lseg.com/content/dam/ftse-russell/en_us/documents/other/ru3000-additions-final-20230623.pdf
2023,2023-06-26,final,additions,annual_reconstitution,ANNX,ANNEXON,Health Care,https://www.lseg.com/content/dam/ftse-russell/en_us/documents/other/ru3000-additions-final-20230623.pdf
2023,2023-06-26,final,additions,annual_reconstitution,ARDX,ARDELYX INC,Health Care,https://www.lseg.com/content/dam/ftse-russell/en_us/documents/other/ru3000-additions-final-20230623.pdf
2023,2023-06-26,final,additions,annual_reconstitution,SPRY,ARS PHARMACEUTICALS INC,Health Care,https://www.lseg.com/content/dam/ftse-russell/en_us/documents/other/ru3000-additions-final-20230623.pdf
2023,2023-06-26,final,additions,annual_reconstitution,ASRT,ASSERTIO HOLDINGS INC,Health Care,https://www.lseg.com/content/dam/ftse-russell/en_us/documents/other/ru3000-additions-final-20230623.pdf
2023,2023-06-26,final,additions,annual_reconstitution,ASTS,AST SPACEMOBILE INC (A),Telecommunications,https://www.lseg.com/content/dam/ftse-russell/en_us/documents/other/ru3000-additions-final-20230623.pdf
2023,2023-06-26,final,additions,annual_reconstitution,ATXS,ASTRIA THERAPEUTICS INC,Health Care,https://www.lseg.com/content/dam/ftse-russell/en_us/documents/other/ru3000-additions-final-20230623.pdf
2023,2023-06-26,final,additions,annual_reconstitution,ASUR,ASURE SOFTWARE INC,Technology,https://www.lseg.com/content/dam/ftse-russell/en_us/documents/other/ru3000-additions-final-20230623.pdf
2023,2023-06-26,final,additions,annual_reconstitution,AESI,ATLAS ENERGY SOLUTIONS I,Energy,https://www.lseg.com/content/dam/ftse-russell/en_us/documents/other/ru3000-additions-final-20230623.pdf
2023,2023-06-26,final,additions,annual_reconstitution,AUR,AURORA INNOVATION (A),Industrials,https://www.lseg.com/content/dam/ftse-russell/en_us/documents/other/ru3000-additions-final-20230623.pdf
2023,2023-06-26,final,additions,annual_reconstitution,RCEL,AVITA MEDICAL INC,Health Care,https://www.lseg.com/content/dam/ftse-russell/en_us/documents/other/ru3000-additions-final-20230623.pdf
2023,2023-06-26,final,additions,annual_reconstitution,BSVN,BANK7 CORP,Financials,https://www.lseg.com/content/dam/ftse-russell/en_us/documents/other/ru3000-additions-final-20230623.pdf
2023,2023-06-26,final,additions,annual_reconstitution,BELFB,BEL FUSE INC,Telecommunications,https://www.lseg.com/content/dam/ftse-russell/en_us/documents/other/ru3000-additions-final-20230623.pdf
2023,2023-06-26,final,additions,annual_reconstitution,BHRB,BERKE & HERBERT BANK & T,Financials,https://www.lseg.com/content/dam/ftse-russell/en_us/documents/other/ru3000-additions-final-20230623.pdf
2023,2023-06-26,final,additions,annual_reconstitution,XAIR,BEYOND AIR INC,Health Care,https://www.lseg.com/content/dam/ftse-russell/en_us/documents/other/ru3000-additions-final-20230623.pdf
2023,2023-06-26,final,additions,annual_reconstitution,BBAI,BIGBEAR AI HOLDINGS CORP,Technology,https://www.lseg.com/content/dam/ftse-russell/en_us/documents/other/ru3000-additions-final-20230623.pdf
2023,2023-06-26,final,additions,annual_reconstitution,BCAB,BIOATLA,Health Care,https://www.lseg.com/content/dam/ftse-russell/en_us/documents/other/ru3000-additions-final-20230623.pdf
2023,2023-06-26,final,additions,annual_reconstitution,BMEA,BIOMEA FUSION,Health Care,https://www.lseg.com/content/dam/ftse-russell/en_us/documents/other/ru3000-additions-final-20230623.pdf
2023,2023-06-26,final,additions,annual_reconstitution,BTMD,BIOTE CORP,Health Care,https://www.lseg.com/content/dam/ftse-russell/en_us/documents/other/ru3000-additions-final-20230623.pdf
2023,2023-06-26,final,additions,annual_reconstitution,BIVI,BIOVIE,Health Care,https://www.lseg.com/content/dam/ftse-russell/en_us/documents/other/ru3000-additions-final-20230623.pdf
2023,2023-06-26,final,additions,annual_reconstitution,BTBT,BIT DIGITAL INC,Technology,https://www.lseg.com/content/dam/ftse-russell/en_us/documents/other/ru3000-additions-final-20230623.pdf
2023,2023-06-26,final,additions,annual_reconstitution,BKSY,BLACKSKY TECHNOLOGY (A),Industrials,https://www.lseg.com/content/dam/ftse-russell/en_us/documents/other/ru3000-additions-final-20230623.pdf
2023,2023-06-26,final,additions,annual_reconstitution,BWMN,BOWMAN CONSULTING GROUP,Industrials,https://www.lseg.com/content/dam/ftse-russell/en_us/documents/other/ru3000-additions-final-20230623.pdf
2023,2023-06-26,final,additions,annual_reconstitution,BRZE,BRAZE,Technology,https://www.lseg.com/content/dam/ftse-russell/en_us/documents/other/ru3000-additions-final-20230623.pdf
2023,2023-06-26,final,additions,annual_reconstitution,BGXX,BRIGHT GREEN,Health Care,https://www.lseg.com/content/dam/ftse-russell/en_us/documents/other/ru3000-additions-final-20230623.pdf
2023,2023-06-26,final,additions,annual_reconstitution,CFFI,C & F FINANCIAL CORP,Financials,https://www.lseg.com/content/dam/ftse-russell/en_us/documents/other/ru3000-additions-final-20230623.pdf
2023,2023-06-26,final,additions,annual_reconstitution,CABA,CABALETTA BIO,Health Care,https://www.lseg.com/content/dam/ftse-russell/en_us/documents/other/ru3000-additions-final-20230623.pdf
2023,2023-06-26,final,additions,annual_reconstitution,CDZI,CADIZ INC,Utilities,https://www.lseg.com/content/dam/ftse-russell/en_us/documents/other/ru3000-additions-final-20230623.pdf
2023,2023-06-26,final,additions,annual_reconstitution,CMCL,CALEDONIA MINING CORP,Basic Materials,https://www.lseg.com/content/dam/ftse-russell/en_us/documents/other/ru3000-additions-final-20230623.pdf
2023,2023-06-26,final,additions,annual_reconstitution,CARM,CARISMA THERAPEUTICS INC,Health Care,https://www.lseg.com/content/dam/ftse-russell/en_us/documents/other/ru3000-additions-final-20230623.pdf
2023,2023-06-26,final,additions,annual_reconstitution,TAST,CARROLS RESTAURANT GRP,Consumer Discretionary,https://www.lseg.com/content/dam/ftse-russell/en_us/documents/other/ru3000-additions-final-20230623.pdf
2023,2023-06-26,final,additions,annual_reconstitution,CECO,CECO ENVIRONMENTAL CORP,Industrials,https://www.lseg.com/content/dam/ftse-russell/en_us/documents/other/ru3000-additions-final-20230623.pdf
2023,2023-06-26,final,additions,annual_reconstitution,CELC,CELCUITY,Health Care,https://www.lseg.com/content/dam/ftse-russell/en_us/documents/other/ru3000-additions-final-20230623.pdf
2023,2023-06-26,final,additions,annual_reconstitution,CVCY,CENTRAL VALLEY CMNTY,Financials,https://www.lseg.com/content/dam/ftse-russell/en_us/documents/other/ru3000-additions-final-20230623.pdf
2023,2023-06-26,final,additions,annual_reconstitution,CHMG,CHEMUNG FINL CORP,Financials,https://www.lseg.com/content/dam/ftse-russell/en_us/documents/other/ru3000-additions-final-20230623.pdf
2023,2023-06-26,final,additions,annual_reconstitution,COFS,CHOICEONE FINANCIAL SERV,Financials,https://www.lseg.com/content/dam/ftse-russell/en_us/documents/other/ru3000-additions-final-20230623.pdf
2023,2023-06-26,final,additions,annual_reconstitution,CTXR,CITIUS PHARMACEUTICALS,Health Care,https://www.lseg.com/content/dam/ftse-russell/en_us/documents/other/ru3000-additions-final-20230623.pdf
2023,2023-06-26,final,additions,annual_reconstitution,CZFS,CITIZENS FINANCIAL S,Financials,https://www.lseg.com/content/dam/ftse-russell/en_us/documents/other/ru3000-additions-final-20230623.pdf
2023,2023-06-26,final,additions,annual_reconstitution,CLPT,CLEARPOINT NEURO INC,Health Care,https://www.lseg.com/content/dam/ftse-russell/en_us/documents/other/ru3000-additions-final-20230623.pdf
2023,2023-06-26,final,additions,annual_reconstitution,CLMB,CLIMB GLOBAL SOLUTIONS,Consumer Discretionary,https://www.lseg.com/content/dam/ftse-russell/en_us/documents/other/ru3000-additions-final-20230623.pdf
2023,2023-06-26,final,additions,annual_reconstitution,CNHI,CNH INDUSTRIAL N.V.,Industrials,https://www.lseg.com/content/dam/ftse-russell/en_us/documents/other/ru3000-additions-final-20230623.pdf
2023,2023-06-26,final,additions,annual_reconstitution,CVLY,CODORUS VY BANCORP INC,Financials,https://www.lseg.com/content/dam/ftse-russell/en_us/documents/other/ru3000-additions-final-20230623.pdf
2023,2023-06-26,final,additions,annual_reconstitution,CVGI,COMMERCIAL VEH GROUP INC,Industrials,https://www.lseg.com/content/dam/ftse-russell/en_us/documents/other/ru3000-additions-final-20230623.pdf
2023,2023-06-26,final,additions,annual_reconstitution,TCFC,COMMUNITY FINL CORP MD,Financials,https://www.lseg.com/content/dam/ftse-russell/en_us/documents/other/ru3000-additions-final-20230623.pdf
2023,2023-06-26,final,additions,annual_reconstitution,CMPX,COMPASS THERAPEUTICS,Health Care,https://www.lseg.com/content/dam/ftse-russell/en_us/documents/other/ru3000-additions-final-20230623.pdf
2023,2023-06-26,final,additions,annual_reconstitution,CWCO,CONSOLIDATED WATER CO,Utilities,https://www.lseg.com/content/dam/ftse-russell/en_us/documents/other/ru3000-additions-final-20230623.pdf
2023,2023-06-26,final,additions,annual_reconstitution,CTGO,CONTANGO ORE INC,Basic Materials,https://www.lseg.com/content/dam/ftse-russell/en_us/documents/other/ru3000-additions-final-20230623.pdf
2023,2023-06-26,final,additions,annual_reconstitution,CPS,COOPER STD HLDGS INC,Consumer Discretionary,https://www.lseg.com/content/dam/ftse-russell/en_us/documents/other/ru3000-additions-final-20230623.pdf
2023,2023-06-26,final,additions,annual_reconstitution,CLB,CORE LABORATORIES,Energy,https://www.lseg.com/content/dam/ftse-russell/en_us/documents/other/ru3000-additions-final-20230623.pdf
2023,2023-06-26,final,additions,annual_reconstitution,CMT,CORE MOLDING TECHN,Industrials,https://www.lseg.com/content/dam/ftse-russell/en_us/documents/other/ru3000-additions-final-20230623.pdf
2023,2023-06-26,final,additions,annual_reconstitution,CCRD,CORECARD CORP,Technology,https://www.lseg.com/content/dam/ftse-russell/en_us/documents/other/ru3000-additions-final-20230623.pdf
2023,2023-06-26,final,additions,annual_reconstitution,CRMD,CORMEDIX INC,Health Care,https://www.lseg.com/content/dam/ftse-russell/en_us/documents/other/ru3000-additions-final-20230623.pdf
2023,2023-06-26,final,additions,annual_reconstitution,CPNG,COUPANG,Consumer Discretionary,https://www.lseg.com/content/dam/ftse-russell/en_us/documents/other/ru3000-additions-final-20230623.pdf
2023,2023-06-26,final,additions,annual_reconstitution,PMTS,CPI CARD GROUP INC,Industrials,https://www.lseg.com/content/dam/ftse-russell/en_us/documents/other/ru3000-additions-final-20230623.pdf
2023,2023-06-26,final,additions,annual_reconstitution,CRCT,CRICUT,Consumer Discretionary,https://www.lseg.com/content/dam/ftse-russell/en_us/documents/other/ru3000-additions-final-20230623.pdf
2023,2023-06-26,final,additions,annual_reconstitution,CUE,CUE BIOPHARMA INC,Health Care,https://www.lseg.com/content/dam/ftse-russell/en_us/documents/other/ru3000-additions-final-20230623.pdf
2023,2023-06-26,final,additions,annual_reconstitution,CVRX,CVRX,Health Care,https://www.lseg.com/content/dam/ftse-russell/en_us/documents/other/ru3000-additions-final-20230623.pdf
2023,2023-06-26,final,additions,annual_reconstitution,CXAI,CXAPP INC,Technology,https://www.lseg.com/content/dam/ftse-russell/en_us/documents/other/ru3000-additions-final-20230623.pdf
2023,2023-06-26,final,additions,annual_reconstitution,CBAY,CYMABAY THERAPEUTICS INC,Health Care,https://www.lseg.com/content/dam/ftse-russell/en_us/documents/other/ru3000-additions-final-20230623.pdf
2023,2023-06-26,final,additions,annual_reconstitution,DAKT,DAKTRONICS INC,Technology,https://www.lseg.com/content/dam/ftse-russell/en_us/documents/other/ru3000-additions-final-20230623.pdf
2023,2023-06-26,final,additions,annual_reconstitution,IRON,DISC MEDICINE INC,Health Care,https://www.lseg.com/content/dam/ftse-russell/en_us/documents/other/ru3000-additions-final-20230623.pdf
2023,2023-06-26,final,additions,annual_reconstitution,DOLE,DOLE PLC,Consumer Staples,https://www.lseg.com/content/dam/ftse-russell/en_us/documents/other/ru3000-additions-final-20230623.pdf
2023,2023-06-26,final,additions,annual_reconstitution,DFLI,DRAGONFLY ENERGY (A),Industrials,https://www.lseg.com/content/dam/ftse-russell/en_us/documents/other/ru3000-additions-final-20230623.pdf
2023,2023-06-26,final,additions,annual_reconstitution,EEX,EMERALD HOLDING INC,Consumer Discretionary,https://www.lseg.com/content/dam/ftse-russell/en_us/documents/other/ru3000-additions-final-20230623.pdf
2023,2023-06-26,final,additions,annual_reconstitution,EU,ENCORE ENERGY SYSTEM,Basic Materials,https://www.lseg.com/content/dam/ftse-russell/en_us/documents/other/ru3000-additions-final-20230623.pdf
2023,2023-06-26,final,additions,annual_reconstitution,ELVN,ENLIVEN THERAPEUTICS INC,Health Care,https://www.lseg.com/content/dam/ftse-russell/en_us/documents/other/ru3000-additions-final-20230623.pdf
2023,2023-06-26,final,additions,annual_reconstitution,TRDA,ENTRADA THERAPEUTICS,Health Care,https://www.lseg.com/content/dam/ftse-russell/en_us/documents/other/ru3000-additions-final-20230623.pdf
2023,2023-06-26,final,additions,annual_reconstitution,ELA,ENVELA,Consumer Discretionary,https://www.lseg.com/content/dam/ftse-russell/en_us/documents/other/ru3000-additions-final-20230623.pdf
2023,2023-06-26,final,additions,annual_reconstitution,EOSE,EOS ENERGY (A),Industrials,https://www.lseg.com/content/dam/ftse-russell/en_us/documents/other/ru3000-additions-final-20230623.pdf
2023,2023-06-26,final,additions,annual_reconstitution,ESCA,ESCALADE INC,Consumer Discretionary,https://www.lseg.com/content/dam/ftse-russell/en_us/documents/other/ru3000-additions-final-20230623.pdf
2023,2023-06-26,final,additions,annual_reconstitution,ESSA,ESSA BANCORP INC,Financials,https://www.lseg.com/content/dam/ftse-russell/en_us/documents/other/ru3000-additions-final-20230623.pdf
2023,2023-06-26,final,additions,annual_reconstitution,EVBN,EVANS BANCORP INC,Financials,https://www.lseg.com/content/dam/ftse-russell/en_us/documents/other/ru3000-additions-final-20230623.pdf
2023,2023-06-26,final,additions,annual_reconstitution,EVEX,EVE HOLDING INC (A),Industrials,https://www.lseg.com/content/dam/ftse-russell/en_us/documents/other/ru3000-additions-final-20230623.pdf
2023,2023-06-26,final,additions,annual_reconstitution,EVI,EVI INDUSTRIES,Industrials,https://www.lseg.com/content/dam/ftse-russell/en_us/documents/other/ru3000-additions-final-20230623.pdf
2023,2023-06-26,final,additions,annual_reconstitution,EPM,EVOLUTION PETROLEUM CORP,Energy,https://www.lseg.com/content/dam/ftse-russell/en_us/documents/other/ru3000-additions-final-20230623.pdf
2023,2023-06-26,final,additions,annual_reconstitution,EXFY,EXPENSIFY,Technology,https://www.lseg.com/content/dam/ftse-russell/en_us/documents/other/ru3000-additions-final-20230623.pdf
2023,2023-06-26,final,additions,annual_reconstitution,EYEN,EYENOVIA INC,Health Care,https://www.lseg.com/content/dam/ftse-russell/en_us/documents/other/ru3000-additions-final-20230623.pdf
2023,2023-06-26,final,additions,annual_reconstitution,FENC,FENNEC PHARMACEUTICALS,Health Care,https://www.lseg.com/content/dam/ftse-russell/en_us/documents/other/ru3000-additions-final-20230623.pdf
2023,2023-06-26,final,additions,annual_reconstitution,FERG,FERGUSON PLC,Industrials,https://www.lseg.com/content/dam/ftse-russell/en_us/documents/other/ru3000-additions-final-20230623.pdf
2023,2023-06-26,final,additions,annual_reconstitution,FDBC,FIDELITY D&D BANCORP INC,Financials,https://www.lseg.com/content/dam/ftse-russell/en_us/documents/other/ru3000-additions-final-20230623.pdf
2023,2023-06-26,final,additions,annual_reconstitution,FRGI,FIESTA RESTAURANT GROUP,Consumer Discretionary,https://www.lseg.com/content/dam/ftse-russell/en_us/documents/other/ru3000-additions-final-20230623.pdf
2023,2023-06-26,final,additions,annual_reconstitution,FCCO,FIRST CMNTY CORP SC,Financials,https://www.lseg.com/content/dam/ftse-russell/en_us/documents/other/ru3000-additions-final-20230623.pdf
2023,2023-06-26,final,additions,annual_reconstitution,NOTE,FISCAL NOTE HOLDINGS (A),Technology,https://www.lseg.com/content/dam/ftse-russell/en_us/documents/other/ru3000-additions-final-20230623.pdf
2023,2023-06-26,final,additions,annual_reconstitution,AFRI,FORAFRIC GLOBAL PLC,Consumer Staples,https://www.lseg.com/content/dam/ftse-russell/en_us/documents/other/ru3000-additions-final-20230623.pdf
2023,2023-06-26,final,additions,annual_reconstitution,FRGE,FORGE GLOBAL HOLDING (A),Financials,https://www.lseg.com/content/dam/ftse-russell/en_us/documents/other/ru3000-additions-final-20230623.pdf
2023,2023-06-26,final,additions,annual_reconstitution,FET,FORUM ENERGY TECH,Energy,https://www.lseg.com/content/dam/ftse-russell/en_us/documents/other/ru3000-additions-final-20230623.pdf
2023,2023-06-26,final,additions,annual_reconstitution,FRSH,FRESHWORKS,Technology,https://www.lseg.com/content/dam/ftse-russell/en_us/documents/other/ru3000-additions-final-20230623.pdf
2023,2023-06-26,final,additions,annual_reconstitution,FSBW,FS BANCORP INC,Financials,https://www.lseg.com/content/dam/ftse-russell/en_us/documents/other/ru3000-additions-final-20230623.pdf
2023,2023-06-26,final,additions,annual_reconstitution,FTAI,FTAI AVIATION,Industrials,https://www.lseg.com/content/dam/ftse-russell/en_us/documents/other/ru3000-additions-final-20230623.pdf
2023,2023-06-26,final,additions,annual_reconstitution,FIP,FTAI INFRASTRUCTURE INC,Industrials,https://www.lseg.com/content/dam/ftse-russell/en_us/documents/other/ru3000-additions-final-20230623.pdf
2023,2023-06-26,final,additions,annual_reconstitution,GENC,GENCOR INDUSTRIES INC,Industrials,https://www.lseg.com/content/dam/ftse-russell/en_us/documents/other/ru3000-additions-final-20230623.pdf
2023,2023-06-26,final,additions,annual_reconstitution,GNLX,GENELUX CORP,Health Care,https://www.lseg.com/content/dam/ftse-russell/en_us/documents/other/ru3000-additions-final-20230623.pdf
2023,2023-06-26,final,additions,annual_reconstitution,GNE,GENIE ENERGY LTD,Utilities,https://www.lseg.com/content/dam/ftse-russell/en_us/documents/other/ru3000-additions-final-20230623.pdf
2023,2023-06-26,final,additions,annual_reconstitution,GTLB,GITLAB,Technology,https://www.lseg.com/content/dam/ftse-russell/en_us/documents/other/ru3000-additions-final-20230623.pdf
2023,2023-06-26,final,additions,annual_reconstitution,GBTG,GLOBAL BUSINESS TRAVEL,Industrials,https://www.lseg.com/content/dam/ftse-russell/en_us/documents/other/ru3000-additions-final-20230623.pdf
2023,2023-06-26,final,additions,annual_reconstitution,GOCO,GOHEALTH,Financials,https://www.lseg.com/content/dam/ftse-russell/en_us/documents/other/ru3000-additions-final-20230623.pdf
2023,2023-06-26,final,additions,annual_reconstitution,GRNT,GRANITE RIDGE RESOUR (A),Energy,https://www.lseg.com/content/dam/ftse-russell/en_us/documents/other/ru3000-additions-final-20230623.pdf
2023,2023-06-26,final,additions,annual_reconstitution,GRPH,GRAPHITE BIO,Health Care,https://www.lseg.com/content/dam/ftse-russell/en_us/documents/other/ru3000-additions-final-20230623.pdf
2023,2023-06-26,final,additions,annual_reconstitution,GRND,GRINDR INC,Technology,https://www.lseg.com/content/dam/ftse-russell/en_us/documents/other/ru3000-additions-final-20230623.pdf
2023,2023-06-26,final,additions,annual_reconstitution,GRTS,GRITSTONE BIO INC,Health Care,https://www.lseg.com/content/dam/ftse-russell/en_us/documents/other/ru3000-additions-final-20230623.pdf
2023,2023-06-26,final,additions,annual_reconstitution,HNRG,HALLADOR ENERGY CO,Energy,https://www.lseg.com/content/dam/ftse-russell/en_us/documents/other/ru3000-additions-final-20230623.pdf
2023,2023-06-26,final,additions,annual_reconstitution,HROW,HARROW HEALTH INC.,Health Care,https://www.lseg.com/content/dam/ftse-russell/en_us/documents/other/ru3000-additions-final-20230623.pdf
2023,2023-06-26,final,additions,annual_reconstitution,HBIO,HARVARD BIOSCIENCE INC,Health Care,https://www.lseg.com/content/dam/ftse-russell/en_us/documents/other/ru3000-additions-final-20230623.pdf
2023,2023-06-26,final,additions,annual_reconstitution,HCP,HASHICORP,Technology,https://www.lseg.com/content/dam/ftse-russell/en_us/documents/other/ru3000-additions-final-20230623.pdf
2023,2023-06-26,final,additions,annual_reconstitution,HSHP,HIMALAYA SHIPPING LTD,Industrials,https://www.lseg.com/content/dam/ftse-russell/en_us/documents/other/ru3000-additions-final-20230623.pdf
2023,2023-06-26,final,additions,annual_reconstitution,HQI,HIREQUEST INC.,Industrials,https://www.lseg.com/content/dam/ftse-russell/en_us/documents/other/ru3000-additions-final-20230623.pdf
2023,2023-06-26,final,additions,annual_reconstitution,HOFT,HOOKER FURNISHINGS CORP,Consumer Discretionary,https://www.lseg.com/content/dam/ftse-russell/en_us/documents/other/ru3000-additions-final-20230623.pdf
2023,2023-06-26,final,additions,annual_reconstitution,IAUX,I-80 GOLD CORP (NYSE AME,Basic Materials,https://www.lseg.com/content/dam/ftse-russell/en_us/documents/other/ru3000-additions-final-20230623.pdf
2023,2023-06-26,final,additions,annual_reconstitution,ICLR,ICON PLC,Health Care,https://www.lseg.com/content/dam/ftse-russell/en_us/documents/other/ru3000-additions-final-20230623.pdf
2023,2023-06-26,final,additions,annual_reconstitution,IKNA,IKENA ONCOLOGY,Health Care,https://www.lseg.com/content/dam/ftse-russell/en_us/documents/other/ru3000-additions-final-20230623.pdf
2023,2023-06-26,final,additions,annual_reconstitution,IMMR,IMMERSION CORP,Technology,https://www.lseg.com/content/dam/ftse-russell/en_us/documents/other/ru3000-additions-final-20230623.pdf
2023,2023-06-26,final,additions,annual_reconstitution,IMRX,IMMUNEERING,Health Care,https://www.lseg.com/content/dam/ftse-russell/en_us/documents/other/ru3000-additions-final-20230623.pdf
2023,2023-06-26,final,additions,annual_reconstitution,INFU,INFUSYSTEM HLDGS INC,Health Care,https://www.lseg.com/content/dam/ftse-russell/en_us/documents/other/ru3000-additions-final-20230623.pdf
2023,2023-06-26,final,additions,annual_reconstitution,INMD,INMODE,Health Care,https://www.lseg.com/content/dam/ftse-russell/en_us/documents/other/ru3000-additions-final-20230623.pdf
2023,2023-06-26,final,additions,annual_reconstitution,INOD,INNODATA INC,Technology,https://www.lseg.com/content/dam/ftse-russell/en_us/documents/other/ru3000-additions-final-20230623.pdf
2023,2023-06-26,final,additions,annual_reconstitution,VATE,INNOVATE CORP,Industrials,https://www.lseg.com/content/dam/ftse-russell/en_us/documents/other/ru3000-additions-final-20230623.pdf
2023,2023-06-26,final,additions,annual_reconstitution,INZY,INOZYME PHARMA,Health Care,https://www.lseg.com/content/dam/ftse-russell/en_us/documents/other/ru3000-additions-final-20230623.pdf
2023,2023-06-26,final,additions,annual_reconstitution,INTT,INTEST CORP,Technology,https://www.lseg.com/content/dam/ftse-russell/en_us/documents/other/ru3000-additions-final-20230623.pdf
2023,2023-06-26,final,additions,annual_reconstitution,IVAC,INTEVAC INC,Technology,https://www.lseg.com/content/dam/ftse-russell/en_us/documents/other/ru3000-additions-final-20230623.pdf
2023,2023-06-26,final,additions,annual_reconstitution,ISPR,ISPIRE TECHNOLOGY INC,Industrials,https://www.lseg.com/content/dam/ftse-russell/en_us/documents/other/ru3000-additions-final-20230623.pdf
2023,2023-06-26,final,additions,annual_reconstitution,ITI,ITERIS INC,Industrials,https://www.lseg.com/content/dam/ftse-russell/en_us/documents/other/ru3000-additions-final-20230623.pdf
2023,2023-06-26,final,additions,annual_reconstitution,JAKK,JAKKS PACIFIC INC,Consumer Discretionary,https://www.lseg.com/content/dam/ftse-russell/en_us/documents/other/ru3000-additions-final-20230623.pdf
2023,2023-06-26,final,additions,annual_reconstitution,JILL,JJILL INC,Consumer Discretionary,https://www.lseg.com/content/dam/ftse-russell/en_us/documents/other/ru3000-additions-final-20230623.pdf
2023,2023-06-26,final,additions,annual_reconstitution,KLTR,KALTURA,Telecommunications,https://www.lseg.com/content/dam/ftse-russell/en_us/documents/other/ru3000-additions-final-20230623.pdf
2023,2023-06-26,final,additions,annual_reconstitution,KFS,KINGSWAY FINANCIAL SERV,Financials,https://www.lseg.com/content/dam/ftse-russell/en_us/documents/other/ru3000-additions-final-20230623.pdf
2023,2023-06-26,final,additions,annual_reconstitution,KLXE,KLX ENERGY SERVICES,Energy,https://www.lseg.com/content/dam/ftse-russell/en_us/documents/other/ru3000-additions-final-20230623.pdf
2023,2023-06-26,final,additions,annual_reconstitution,KRMD,KORU MEDICAL SYSTEMS INC,Health Care,https://www.lseg.com/content/dam/ftse-russell/en_us/documents/other/ru3000-additions-final-20230623.pdf
2023,2023-06-26,final,additions,annual_reconstitution,KVHI,KVH INDUSTRIES INC,Telecommunications,https://www.lseg.com/content/dam/ftse-russell/en_us/documents/other/ru3000-additions-final-20230623.pdf
2023,2023-06-26,final,additions,annual_reconstitution,LNZA,LANZATECH GLOBAL,Basic Materials,https://www.lseg.com/content/dam/ftse-russell/en_us/documents/other/ru3000-additions-final-20230623.pdf
2023,2023-06-26,final,additions,annual_reconstitution,LRMR,LARIMAR THERAPEUTICS INC,Health Care,https://www.lseg.com/content/dam/ftse-russell/en_us/documents/other/ru3000-additions-final-20230623.pdf
2023,2023-06-26,final,additions,annual_reconstitution,LAZY,LAZYDAYS HOLDINGS INC,Consumer Discretionary,https://www.lseg.com/content/dam/ftse-russell/en_us/documents/other/ru3000-additions-final-20230623.pdf
2023,2023-06-26,final,additions,annual_reconstitution,LCNB,LCNB CORP,Financials,https://www.lseg.com/content/dam/ftse-russell/en_us/documents/other/ru3000-additions-final-20230623.pdf
2023,2023-06-26,final,additions,annual_reconstitution,DRS,LEONARDO DRS INC,Industrials,https://www.lseg.com/content/dam/ftse-russell/en_us/documents/other/ru3000-additions-final-20230623.pdf
2023,2023-06-26,final,additions,annual_reconstitution,LTRPB,LIBERTY TRIPADVISOR HOLD,Consumer Discretionary,https://www.lseg.com/content/dam/ftse-russell/en_us/documents/other/ru3000-additions-final-20230623.pdf
2023,2023-06-26,final,additions,annual_reconstitution,LMB,LIMBACH HOLDINGS INC,Industrials,https://www.lseg.com/content/dam/ftse-russell/en_us/documents/other/ru3000-additions-final-20230623.pdf
2023,2023-06-26,final,additions,annual_reconstitution,LMNR,LIMONEIRA CO,Consumer Staples,https://www.lseg.com/content/dam/ftse-russell/en_us/documents/other/ru3000-additions-final-20230623.pdf
2023,2023-06-26,final,additions,annual_reconstitution,LINC,LINCOLN EDUCATIONAL SVS,Consumer Discretionary,https://www.lseg.com/content/dam/ftse-russell/en_us/documents/other/ru3000-additions-final-20230623.pdf
2023,2023-06-26,final,additions,annual_reconstitution,LCTX,LINEAGE CELL THERAPEUTIC,Health Care,https://www.lseg.com/content/dam/ftse-russell/en_us/documents/other/ru3000-additions-final-20230623.pdf
2023,2023-06-26,final,additions,annual_reconstitution,LVWR,LIVEWIRE GROUP INC,Consumer Discretionary,https://www.lseg.com/content/dam/ftse-russell/en_us/documents/other/ru3000-additions-final-20230623.pdf
2023,2023-06-26,final,additions,annual_reconstitution,LBPH,LONGBOARD PHARMACEUTICAL,Health Care,https://www.lseg.com/content/dam/ftse-russell/en_us/documents/other/ru3000-additions-final-20230623.pdf
2023,2023-06-26,final,additions,annual_reconstitution,LPTV,LOOP MEDIA INC,Consumer Discretionary,https://www.lseg.com/content/dam/ftse-russell/en_us/documents/other/ru3000-additions-final-20230623.pdf
2023,2023-06-26,final,additions,annual_reconstitution,LYTS,LSI INDUSTRIES INC,Industrials,https://www.lseg.com/content/dam/ftse-russell/en_us/documents/other/ru3000-additions-final-20230623.pdf
2023,2023-06-26,final,additions,annual_reconstitution,LUNA,LUNA INNOVATIONS INC,Industrials,https://www.lseg.com/content/dam/ftse-russell/en_us/documents/other/ru3000-additions-final-20230623.pdf
2023,2023-06-26,final,additions,annual_reconstitution,MHLD,MAIDEN HOLDINGS LTD,Financials,https://www.lseg.com/content/dam/ftse-russell/en_us/documents/other/ru3000-additions-final-20230623.pdf
2023,2023-06-26,final,additions,annual_reconstitution,MNSB,MAINSTREET BANCSHARES,Financials,https://www.lseg.com/content/dam/ftse-russell/en_us/documents/other/ru3000-additions-final-20230623.pdf
2023,2023-06-26,final,additions,annual_reconstitution,TUSK,MAMMOTH ENERGY SERVICES,Energy,https://www.lseg.com/content/dam/ftse-russell/en_us/documents/other/ru3000-additions-final-20230623.pdf
2023,2023-06-26,final,additions,annual_reconstitution,MRNS,MARINUS PHARMACEUTICALS,Health Care,https://www.lseg.com/content/dam/ftse-russell/en_us/documents/other/ru3000-additions-final-20230623.pdf
2023,2023-06-26,final,additions,annual_reconstitution,MLP,MAUI LAND & PINEAPPLE CO,Real Estate,https://www.lseg.com/content/dam/ftse-russell/en_us/documents/other/ru3000-additions-final-20230623.pdf
2023,2023-06-26,final,additions,annual_reconstitution,MAXN,MAXEON SOLAR TECHNOLOGIE,Energy,https://www.lseg.com/content/dam/ftse-russell/en_us/documents/other/ru3000-additions-final-20230623.pdf
2023,2023-06-26,final,additions,annual_reconstitution,MEC,MAYVILLE ENGINEERING,Industrials,https://www.lseg.com/content/dam/ftse-russell/en_us/documents/other/ru3000-additions-final-20230623.pdf
2023,2023-06-26,final,additions,annual_reconstitution,MACK,MERRIMACK PHARMACEUTICAL,Health Care,https://www.lseg.com/content/dam/ftse-russell/en_us/documents/other/ru3000-additions-final-20230623.pdf
2023,2023-06-26,final,additions,annual_reconstitution,MBCN,MIDDLEFIELD BANC CORP,Financials,https://www.lseg.com/content/dam/ftse-russell/en_us/documents/other/ru3000-additions-final-20230623.pdf
2023,2023-06-26,final,additions,annual_reconstitution,MG,MISTRAS GROUP INC,Industrials,https://www.lseg.com/content/dam/ftse-russell/en_us/documents/other/ru3000-additions-final-20230623.pdf
2023,2023-06-26,final,additions,annual_reconstitution,MOND,MONDEE HOLDINGS INC (A),Consumer Discretionary,https://www.lseg.com/content/dam/ftse-russell/en_us/documents/other/ru3000-additions-final-20230623.pdf
2023,2023-06-26,final,additions,annual_reconstitution,NATH,NATHANS FAMOUS INC,Consumer Discretionary,https://www.lseg.com/content/dam/ftse-russell/en_us/documents/other/ru3000-additions-final-20230623.pdf
2023,2023-06-26,final,additions,annual_reconstitution,NKSH,NATIONAL BANKSHARES INC,Financials,https://www.lseg.com/content/dam/ftse-russell/en_us/documents/other/ru3000-additions-final-20230623.pdf
2023,2023-06-26,final,additions,annual_reconstitution,NVTS,NAVITAS SEMI CORP (A),Technology,https://www.lseg.com/content/dam/ftse-russell/en_us/documents/other/ru3000-additions-final-20230623.pdf
2023,2023-06-26,final,additions,annual_reconstitution,NEWT,NEWTEKONE INC,Financials,https://www.lseg.com/content/dam/ftse-russell/en_us/documents/other/ru3000-additions-final-20230623.pdf
2023,2023-06-26,final,additions,annual_reconstitution,NXDT,NEXPOINT DIVERSIFIED REA,Financials,https://www.lseg.com/content/dam/ftse-russell/en_us/documents/other/ru3000-additions-final-20230623.pdf
2023,2023-06-26,final,additions,annual_reconstitution,KIND,NEXTDOOR HOLDINGS INC,Technology,https://www.lseg.com/content/dam/ftse-russell/en_us/documents/other/ru3000-additions-final-20230623.pdf
2023,2023-06-26,final,additions,annual_reconstitution,NB,NIOCORP DEVELOPMENTS LTD,Basic Materials,https://www.lseg.com/content/dam/ftse-russell/en_us/documents/other/ru3000-additions-final-20230623.pdf
2023,2023-06-26,final,additions,annual_reconstitution,NECB,NORTHEAST COMMUNITY BANC,Financials,https://www.lseg.com/content/dam/ftse-russell/en_us/documents/other/ru3000-additions-final-20230623.pdf
2023,2023-06-26,final,additions,annual_reconstitution,NRIM,NORTHRIM BANCORP INC,Financials,https://www.lseg.com/content/dam/ftse-russell/en_us/documents/other/ru3000-additions-final-20230623.pdf
2023,2023-06-26,final,additions,annual_reconstitution,NWFL,NORWOOD FINANCIAL CORP,Financials,https://www.lseg.com/content/dam/ftse-russell/en_us/documents/other/ru3000-additions-final-20230623.pdf
2023,2023-06-26,final,additions,annual_reconstitution,NU,NU HOLDINGS,Industrials,https://www.lseg.com/content/dam/ftse-russell/en_us/documents/other/ru3000-additions-final-20230623.pdf
2023,2023-06-26,final,additions,annual_reconstitution,NVCT,NUVECTIS PHARMA,Health Care,https://www.lseg.com/content/dam/ftse-russell/en_us/documents/other/ru3000-additions-final-20230623.pdf
2023,2023-06-26,final,additions,annual_reconstitution,NVEC,NVE CORP,Technology,https://www.lseg.com/content/dam/ftse-russell/en_us/documents/other/ru3000-additions-final-20230623.pdf
2023,2023-06-26,final,additions,annual_reconstitution,OVLY,OAK VALLEY BANCORP,Financials,https://www.lseg.com/content/dam/ftse-russell/en_us/documents/other/ru3000-additions-final-20230623.pdf
2023,2023-06-26,final,additions,annual_reconstitution,OCEA,OCEAN BIOMEDICAL INC,Health Care,https://www.lseg.com/content/dam/ftse-russell/en_us/documents/other/ru3000-additions-final-20230623.pdf
2023,2023-06-26,final,additions,annual_reconstitution,OCN,OCWEN FINANCIAL CORP,Financials,https://www.lseg.com/content/dam/ftse-russell/en_us/documents/other/ru3000-additions-final-20230623.pdf
2023,2023-06-26,final,additions,annual_reconstitution,ODC,OIL DRI CORP OF AMERICA,Consumer Staples,https://www.lseg.com/content/dam/ftse-russell/en_us/documents/other/ru3000-additions-final-20230623.pdf
2023,2023-06-26,final,additions,annual_reconstitution,OLMA,OLEMA PHARMACEUTICALS,Health Care,https://www.lseg.com/content/dam/ftse-russell/en_us/documents/other/ru3000-additions-final-20230623.pdf
2023,2023-06-26,final,additions,annual_reconstitution,OMGA,OMEGA THERAPEUTICS,Health Care,https://www.lseg.com/content/dam/ftse-russell/en_us/documents/other/ru3000-additions-final-20230623.pdf
2023,2023-06-26,final,additions,annual_reconstitution,OMER,OMEROS CORP,Health Care,https://www.lseg.com/content/dam/ftse-russell/en_us/documents/other/ru3000-additions-final-20230623.pdf
2023,2023-06-26,final,additions,annual_reconstitution,OPTN,OPTINOSE INC,Health Care,https://www.lseg.com/content/dam/ftse-russell/en_us/documents/other/ru3000-additions-final-20230623.pdf
2023,2023-06-26,final,additions,annual_reconstitution,OBT,ORANGE COUNTY BANCORP,Financials,https://www.lseg.com/content/dam/ftse-russell/en_us/documents/other/ru3000-additions-final-20230623.pdf
2023,2023-06-26,final,additions,annual_reconstitution,OBIO,ORCHESTRA BIOMED HOLDING,Health Care,https://www.lseg.com/content/dam/ftse-russell/en_us/documents/other/ru3000-additions-final-20230623.pdf
2023,2023-06-26,final,additions,annual_reconstitution,ORIC,ORIC PHARMACEUTICALS,Health Care,https://www.lseg.com/content/dam/ftse-russell/en_us/documents/other/ru3000-additions-final-20230623.pdf
2023,2023-06-26,final,additions,annual_reconstitution,OSG,OVERSEAS SHIPHOLDING INC,Industrials,https://www.lseg.com/content/dam/ftse-russell/en_us/documents/other/ru3000-additions-final-20230623.pdf
2023,2023-06-26,final,additions,annual_reconstitution,OVID,OVID THERAPEUTICS INC,Health Care,https://www.lseg.com/content/dam/ftse-russell/en_us/documents/other/ru3000-additions-final-20230623.pdf
2023,2023-06-26,final,additions,annual_reconstitution,PX,P10,Financials,https://www.lseg.com/content/dam/ftse-russell/en_us/documents/other/ru3000-additions-final-20230623.pdf
2023,2023-06-26,final,additions,annual_reconstitution,PAGS,PAGSEGURO DIGITAL LTD,Industrials,https://www.lseg.com/content/dam/ftse-russell/en_us/documents/other/ru3000-additions-final-20230623.pdf
2023,2023-06-26,final,additions,annual_reconstitution,PANL,PANGAEA LOGS SOLUTIONS,Industrials,https://www.lseg.com/content/dam/ftse-russell/en_us/documents/other/ru3000-additions-final-20230623.pdf
2023,2023-06-26,final,additions,annual_reconstitution,PKOH,PARK OHIO HOLDINGS CORP,Industrials,https://www.lseg.com/content/dam/ftse-russell/en_us/documents/other/ru3000-additions-final-20230623.pdf
2023,2023-06-26,final,additions,annual_reconstitution,PAX,PATRIA INVESTMENTS,Financials,https://www.lseg.com/content/dam/ftse-russell/en_us/documents/other/ru3000-additions-final-20230623.pdf
2023,2023-06-26,final,additions,annual_reconstitution,PAYS,PAYSIGN INC,Industrials,https://www.lseg.com/content/dam/ftse-russell/en_us/documents/other/ru3000-additions-final-20230623.pdf
2023,2023-06-26,final,additions,annual_reconstitution,PDSB,PDS BIOTECHNOLOGY CORP,Health Care,https://www.lseg.com/content/dam/ftse-russell/en_us/documents/other/ru3000-additions-final-20230623.pdf
2023,2023-06-26,final,additions,annual_reconstitution,PKST,PEAKSTONE REALTY TRUST,Real Estate,https://www.lseg.com/content/dam/ftse-russell/en_us/documents/other/ru3000-additions-final-20230623.pdf
2023,2023-06-26,final,additions,annual_reconstitution,PWOD,PENNS WOODS BANCORP INC,Financials,https://www.lseg.com/content/dam/ftse-russell/en_us/documents/other/ru3000-additions-final-20230623.pdf
2023,2023-06-26,final,additions,annual_reconstitution,PFMT,PERFORMANT FINANCIAL COR,Industrials,https://www.lseg.com/content/dam/ftse-russell/en_us/documents/other/ru3000-additions-final-20230623.pdf
2023,2023-06-26,final,additions,annual_reconstitution,PPTA,PERPETUA RESOURCES,Basic Materials,https://www.lseg.com/content/dam/ftse-russell/en_us/documents/other/ru3000-additions-final-20230623.pdf
2023,2023-06-26,final,additions,annual_reconstitution,AGS,PLAYAGS INC,Consumer Discretionary,https://www.lseg.com/content/dam/ftse-russell/en_us/documents/other/ru3000-additions-final-20230623.pdf
2023,2023-06-26,final,additions,annual_reconstitution,PLRX,PLIANT THERAPEUTICS,Health Care,https://www.lseg.com/content/dam/ftse-russell/en_us/documents/other/ru3000-additions-final-20230623.pdf
2023,2023-06-26,final,additions,annual_reconstitution,PLBC,PLUMAS BANCORP,Financials,https://www.lseg.com/content/dam/ftse-russell/en_us/documents/other/ru3000-additions-final-20230623.pdf
2023,2023-06-26,final,additions,annual_reconstitution,PDLB,PONCE FINANCIAL GROUP,Financials,https://www.lseg.com/content/dam/ftse-russell/en_us/documents/other/ru3000-additions-final-20230623.pdf
2023,2023-06-26,final,additions,annual_reconstitution,PSTX,POSEIDA THERAPEUTICS,Health Care,https://www.lseg.com/content/dam/ftse-russell/en_us/documents/other/ru3000-additions-final-20230623.pdf
2023,2023-06-26,final,additions,annual_reconstitution,PBPB,POTBELLY CORPORATION,Consumer Discretionary,https://www.lseg.com/content/dam/ftse-russell/en_us/documents/other/ru3000-additions-final-20230623.pdf
2023,2023-06-26,final,additions,annual_reconstitution,PRLD,PRELUDE THERAPEUTICS,Health Care,https://www.lseg.com/content/dam/ftse-russell/en_us/documents/other/ru3000-additions-final-20230623.pdf
2023,2023-06-26,final,additions,annual_reconstitution,PRST,PRESTO AUTOMATIONS INC,Technology,https://www.lseg.com/content/dam/ftse-russell/en_us/documents/other/ru3000-additions-final-20230623.pdf
2023,2023-06-26,final,additions,annual_reconstitution,PNRG,PRIMEENERGY RESOURCES,Energy,https://www.lseg.com/content/dam/ftse-russell/en_us/documents/other/ru3000-additions-final-20230623.pdf
2023,2023-06-26,final,additions,annual_reconstitution,BPRN,PRINCETON BANCORP INC,Financials,https://www.lseg.com/content/dam/ftse-russell/en_us/documents/other/ru3000-additions-final-20230623.pdf
2023,2023-06-26,final,additions,annual_reconstitution,PROK,PROKIDNEY CORP (A),Health Care,https://www.lseg.com/content/dam/ftse-russell/en_us/documents/other/ru3000-additions-final-20230623.pdf
2023,2023-06-26,final,additions,annual_reconstitution,PLX,PROTALIX BIO THERA,Health Care,https://www.lseg.com/content/dam/ftse-russell/en_us/documents/other/ru3000-additions-final-20230623.pdf
2023,2023-06-26,final,additions,annual_reconstitution,PLSE,PULSE BIOSCIENCES INC,Health Care,https://www.lseg.com/content/dam/ftse-russell/en_us/documents/other/ru3000-additions-final-20230623.pdf
2023,2023-06-26,final,additions,annual_reconstitution,QIPT,QUIPT HOME MEDICAL CORP,Health Care,https://www.lseg.com/content/dam/ftse-russell/en_us/documents/other/ru3000-additions-final-20230623.pdf
2023,2023-06-26,final,additions,annual_reconstitution,QRTEB,QURATE RETAIL INC,Consumer Discretionary,https://www.lseg.com/content/dam/ftse-russell/en_us/documents/other/ru3000-additions-final-20230623.pdf
2023,2023-06-26,final,additions,annual_reconstitution,RAIN,RAIN ONCOLOGY INC,Health Care,https://www.lseg.com/content/dam/ftse-russell/en_us/documents/other/ru3000-additions-final-20230623.pdf
2023,2023-06-26,final,additions,annual_reconstitution,RNGR,RANGER ENERGY SERVICES,Energy,https://www.lseg.com/content/dam/ftse-russell/en_us/documents/other/ru3000-additions-final-20230623.pdf
2023,2023-06-26,final,additions,annual_reconstitution,RRGB,RED ROBIN GOURMET BURGER,Consumer Discretionary,https://www.lseg.com/content/dam/ftse-russell/en_us/documents/other/ru3000-additions-final-20230623.pdf
2023,2023-06-26,final,additions,annual_reconstitution,RPHM,RENEO PHARMACEUTICALS,Health Care,https://www.lseg.com/content/dam/ftse-russell/en_us/documents/other/ru3000-additions-final-20230623.pdf
2023,2023-06-26,final,additions,annual_reconstitution,RGCO,RGC RES INC,Utilities,https://www.lseg.com/content/dam/ftse-russell/en_us/documents/other/ru3000-additions-final-20230623.pdf
2023,2023-06-26,final,additions,annual_reconstitution,RYTM,RHYTHM PHARMACEUTICALS,Health Care,https://www.lseg.com/content/dam/ftse-russell/en_us/documents/other/ru3000-additions-final-20230623.pdf
2023,2023-06-26,final,additions,annual_reconstitution,RELL,RICHARDSON ELECTRONICS,Technology,https://www.lseg.com/content/dam/ftse-russell/en_us/documents/other/ru3000-additions-final-20230623.pdf
2023,2023-06-26,final,additions,annual_reconstitution,ROIV,ROIVANT SCIENCES LTD (A),Health Care,https://www.lseg.com/content/dam/ftse-russell/en_us/documents/other/ru3000-additions-final-20230623.pdf
2023,2023-06-26,final,additions,annual_reconstitution,SMTI,SANARA MEDTECH,Health Care,https://www.lseg.com/content/dam/ftse-russell/en_us/documents/other/ru3000-additions-final-20230623.pdf
2023,2023-06-26,final,additions,annual_reconstitution,SVRA,SAVARA INC,Health Care,https://www.lseg.com/content/dam/ftse-russell/en_us/documents/other/ru3000-additions-final-20230623.pdf
2023,2023-06-26,final,additions,annual_reconstitution,SRRK,SCHOLAR ROCK HOLDING,Health Care,https://www.lseg.com/content/dam/ftse-russell/en_us/documents/other/ru3000-additions-final-20230623.pdf
2023,2023-06-26,final,additions,annual_reconstitution,SCPH,SCPHARMACEUTICALS INC,Health Care,https://www.lseg.com/content/dam/ftse-russell/en_us/documents/other/ru3000-additions-final-20230623.pdf
2023,2023-06-26,final,additions,annual_reconstitution,SMHI,SEACOR MARINE HOLDINGS,Energy,https://www.lseg.com/content/dam/ftse-russell/en_us/documents/other/ru3000-additions-final-20230623.pdf
2023,2023-06-26,final,additions,annual_reconstitution,SDRL,SEADRILL LTD NYSE,Energy,https://www.lseg.com/content/dam/ftse-russell/en_us/documents/other/ru3000-additions-final-20230623.pdf
2023,2023-06-26,final,additions,annual_reconstitution,SNFCA,SECURITY NATL FINL CORP,Financials,https://www.lseg.com/content/dam/ftse-russell/en_us/documents/other/ru3000-additions-final-20230623.pdf
2023,2023-06-26,final,additions,annual_reconstitution,SELB,SELECTA BIOSCIENCES INC,Health Care,https://www.lseg.com/content/dam/ftse-russell/en_us/documents/other/ru3000-additions-final-20230623.pdf
2023,2023-06-26,final,additions,annual_reconstitution,SMLR,SEMLER SCIENTIFIC INC,Health Care,https://www.lseg.com/content/dam/ftse-russell/en_us/documents/other/ru3000-additions-final-20230623.pdf
2023,2023-06-26,final,additions,annual_reconstitution,SEMR,SEMRUSH HOLDINGS,Technology,https://www.lseg.com/content/dam/ftse-russell/en_us/documents/other/ru3000-additions-final-20230623.pdf
2023,2023-06-26,final,additions,annual_reconstitution,SES,SES AI CORPORATION,Consumer Discretionary,https://www.lseg.com/content/dam/ftse-russell/en_us/documents/other/ru3000-additions-final-20230623.pdf
2023,2023-06-26,final,additions,annual_reconstitution,SKYX,SKYX PLATFORMS CORP,Industrials,https://www.lseg.com/content/dam/ftse-russell/en_us/documents/other/ru3000-additions-final-20230623.pdf
2023,2023-06-26,final,additions,annual_reconstitution,SOUN,SOUNDHOUND AI INC,Technology,https://www.lseg.com/content/dam/ftse-russell/en_us/documents/other/ru3000-additions-final-20230623.pdf
2023,2023-06-26,final,additions,annual_reconstitution,SSBK,SOUTHERN STATES BANCSHAR,Financials,https://www.lseg.com/content/dam/ftse-russell/en_us/documents/other/ru3000-additions-final-20230623.pdf
2023,2023-06-26,final,additions,annual_reconstitution,SLND,SOUTHLAND HOLDINGS INC,Industrials,https://www.lseg.com/content/dam/ftse-russell/en_us/documents/other/ru3000-additions-final-20230623.pdf
2023,2023-06-26,final,additions,annual_reconstitution,SPOK,SPOK HOLDINGS INC,Telecommunications,https://www.lseg.com/content/dam/ftse-russell/en_us/documents/other/ru3000-additions-final-20230623.pdf
2023,2023-06-26,final,additions,annual_reconstitution,CXM,SPRINKLR,Technology,https://www.lseg.com/content/dam/ftse-russell/en_us/documents/other/ru3000-additions-final-20230623.pdf
2023,2023-06-26,final,additions,annual_reconstitution,SMMT,SUMMIT THERAPEUTICS INC,Health Care,https://www.lseg.com/content/dam/ftse-russell/en_us/documents/other/ru3000-additions-final-20230623.pdf
2023,2023-06-26,final,additions,annual_reconstitution,SGHC,SUPER GROUP SGHC LTD,Consumer Discretionary,https://www.lseg.com/content/dam/ftse-russell/en_us/documents/other/ru3000-additions-final-20230623.pdf
2023,2023-06-26,final,additions,annual_reconstitution,SST,SYSTEM1 INC (A),Technology,https://www.lseg.com/content/dam/ftse-russell/en_us/documents/other/ru3000-additions-final-20230623.pdf
2023,2023-06-26,final,additions,annual_reconstitution,TARO,TARO PHARM INDS,Health Care,https://www.lseg.com/content/dam/ftse-russell/en_us/documents/other/ru3000-additions-final-20230623.pdf
2023,2023-06-26,final,additions,annual_reconstitution,FTI,TECHNIPFMC,Energy,https://www.lseg.com/content/dam/ftse-russell/en_us/documents/other/ru3000-additions-final-20230623.pdf
2023,2023-06-26,final,additions,annual_reconstitution,TELA,TELA BIO,Health Care,https://www.lseg.com/content/dam/ftse-russell/en_us/documents/other/ru3000-additions-final-20230623.pdf
2023,2023-06-26,final,additions,annual_reconstitution,TERN,TERNS PHARMACEUTICALS,Health Care,https://www.lseg.com/content/dam/ftse-russell/en_us/documents/other/ru3000-additions-final-20230623.pdf
2023,2023-06-26,final,additions,annual_reconstitution,TSBK,TIMBERLAND BANCORP INC,Financials,https://www.lseg.com/content/dam/ftse-russell/en_us/documents/other/ru3000-additions-final-20230623.pdf
2023,2023-06-26,final,additions,annual_reconstitution,TIO,TINGO GROUP INC,Industrials,https://www.lseg.com/content/dam/ftse-russell/en_us/documents/other/ru3000-additions-final-20230623.pdf
2023,2023-06-26,final,additions,annual_reconstitution,TSQ,TOWNSQUARE MEDIA INC,Consumer Discretionary,https://www.lseg.com/content/dam/ftse-russell/en_us/documents/other/ru3000-additions-final-20230623.pdf
2023,2023-06-26,final,additions,annual_reconstitution,TPG,TPG PARTNERS LLC,Financials,https://www.lseg.com/content/dam/ftse-russell/en_us/documents/other/ru3000-additions-final-20230623.pdf
2023,2023-06-26,final,additions,annual_reconstitution,TRVI,TREVI THERAPEUTICS,Health Care,https://www.lseg.com/content/dam/ftse-russell/en_us/documents/other/ru3000-additions-final-20230623.pdf
2023,2023-06-26,final,additions,annual_reconstitution,UHG,UNITED HOMES GROUP INC,Consumer Discretionary,https://www.lseg.com/content/dam/ftse-russell/en_us/documents/other/ru3000-additions-final-20230623.pdf
2023,2023-06-26,final,additions,annual_reconstitution,UIHC,UNITED INS HLDGS CORP,Financials,https://www.lseg.com/content/dam/ftse-russell/en_us/documents/other/ru3000-additions-final-20230623.pdf
2023,2023-06-26,final,additions,annual_reconstitution,URGN,UROGEN PHARMA,Health Care,https://www.lseg.com/content/dam/ftse-russell/en_us/documents/other/ru3000-additions-final-20230623.pdf
2023,2023-06-26,final,additions,annual_reconstitution,USX,US XPRESS ENTERPRISES,Industrials,https://www.lseg.com/content/dam/ftse-russell/en_us/documents/other/ru3000-additions-final-20230623.pdf
2023,2023-06-26,final,additions,annual_reconstitution,VAXX,VAXXINITY,Health Care,https://www.lseg.com/content/dam/ftse-russell/en_us/documents/other/ru3000-additions-final-20230623.pdf
2023,2023-06-26,final,additions,annual_reconstitution,VRA,VERA BRADLEY INC,Consumer Discretionary,https://www.lseg.com/content/dam/ftse-russell/en_us/documents/other/ru3000-additions-final-20230623.pdf
2023,2023-06-26,final,additions,annual_reconstitution,VGAS,VERDE CLEAN FUELS INC,Energy,https://www.lseg.com/content/dam/ftse-russell/en_us/documents/other/ru3000-additions-final-20230623.pdf
2023,2023-06-26,final,additions,annual_reconstitution,VRCA,VERRICA PHARMACEUTICALS,Health Care,https://www.lseg.com/content/dam/ftse-russell/en_us/documents/other/ru3000-additions-final-20230623.pdf
2023,2023-06-26,final,additions,annual_reconstitution,VMD,VIEMED HEALTHCARE,Health Care,https://www.lseg.com/content/dam/ftse-russell/en_us/documents/other/ru3000-additions-final-20230623.pdf
2023,2023-06-26,final,additions,annual_reconstitution,VIGL,VIGIL NEUROSCIENCE,Health Care,https://www.lseg.com/content/dam/ftse-russell/en_us/documents/other/ru3000-additions-final-20230623.pdf
2023,2023-06-26,final,additions,annual_reconstitution,VKTX,VIKING THERAPEUTICS INC,Health Care,https://www.lseg.com/content/dam/ftse-russell/en_us/documents/other/ru3000-additions-final-20230623.pdf
2023,2023-06-26,final,additions,annual_reconstitution,VABK,VIRGINIA NATIONAL BANKSH,Financials,https://www.lseg.com/content/dam/ftse-russell/en_us/documents/other/ru3000-additions-final-20230623.pdf
2023,2023-06-26,final,additions,annual_reconstitution,VOR,VOR BIOPHARMA,Health Care,https://www.lseg.com/content/dam/ftse-russell/en_us/documents/other/ru3000-additions-final-20230623.pdf
2023,2023-06-26,final,additions,annual_reconstitution,VOXX,VOXX INTERNATIONAL CORP,Consumer Discretionary,https://www.lseg.com/content/dam/ftse-russell/en_us/documents/other/ru3000-additions-final-20230623.pdf
2023,2023-06-26,final,additions,annual_reconstitution,VYGR,VOYAGER THERAPEUTICS INC,Health Care,https://www.lseg.com/content/dam/ftse-russell/en_us/documents/other/ru3000-additions-final-20230623.pdf
2023,2023-06-26,final,additions,annual_reconstitution,WALD,WALDENCAST PLC (A),Consumer Staples,https://www.lseg.com/content/dam/ftse-russell/en_us/documents/other/ru3000-additions-final-20230623.pdf
2023,2023-06-26,final,additions,annual_reconstitution,WVE,WAVE LIFE SCIENCES LTD,Health Care,https://www.lseg.com/content/dam/ftse-russell/en_us/documents/other/ru3000-additions-final-20230623.pdf
2023,2023-06-26,final,additions,annual_reconstitution,WEST,WESTROCK COFFEE CO (A),Consumer Staples,https://www.lseg.com/content/dam/ftse-russell/en_us/documents/other/ru3000-additions-final-20230623.pdf
2023,2023-06-26,final,additions,annual_reconstitution,WLFC,WILLIS LEASE FINANCE,Industrials,https://www.lseg.com/content/dam/ftse-russell/en_us/documents/other/ru3000-additions-final-20230623.pdf
2023,2023-06-26,final,additions,annual_reconstitution,XFOR,X4 PHARMACEUTICALS INC,Health Care,https://www.lseg.com/content/dam/ftse-russell/en_us/documents/other/ru3000-additions-final-20230623.pdf
2023,2023-06-26,final,additions,annual_reconstitution,XOMA,XOMA CORP,Health Care,https://www.lseg.com/content/dam/ftse-russell/en_us/documents/other/ru3000-additions-final-20230623.pdf
2023,2023-06-26,final,additions,annual_reconstitution,XP,XP,Financials,https://www.lseg.com/content/dam/ftse-russell/en_us/documents/other/ru3000-additions-final-20230623.pdf
2023,2023-06-26,final,additions,annual_reconstitution,ZVIA,ZEVIA PBC,Consumer Staples,https://www.lseg.com/content/dam/ftse-russell/en_us/documents/other/ru3000-additions-final-20230623.pdf
2023,2023-06-26,final,additions,annual_reconstitution,ZVRA,ZEVRA THERAPEUTICS INC,Health Care,https://www.lseg.com/content/dam/ftse-russell/en_us/documents/other/ru3000-additions-final-20230623.pdf
2023,2023-06-26,final,additions,annual_reconstitution,ZURA,ZURA BIO LTD,Health Care,https://www.lseg.com/content/dam/ftse-russell/en_us/documents/other/ru3000-additions-final-20230623.pdf
2023,2023-06-26,final,additions,annual_reconstitution,ZYME,ZYMEWORKS,Health Care,https://www.lseg.com/content/dam/ftse-russell/en_us/documents/other/ru3000-additions-final-20230623.pdf
2023,2023-06-26,final,deletions,annual_reconstitution,DIBS,1STDIBS.COM,Technology,https://www.lseg.com/content/dam/ftse-russell/en_us/documents/other/ru3000-deletions-final-20230623.pdf
2023,2023-06-26,final,deletions,annual_reconstitution,XXII,22ND CENTURY GROUP INC,Consumer Staples,https://www.lseg.com/content/dam/ftse-russell/en_us/documents/other/ru3000-deletions-final-20230623.pdf
2023,2023-06-26,final,deletions,annual_reconstitution,AKA,A K A BRANDS HOLDING,Consumer Discretionary,https://www.lseg.com/content/dam/ftse-russell/en_us/documents/other/ru3000-deletions-final-20230623.pdf
2023,2023-06-26,final,deletions,annual_reconstitution,ABCL,ABCELLERA BIOLOGICS,Health Care,https://www.lseg.com/content/dam/ftse-russell/en_us/documents/other/ru3000-deletions-final-20230623.pdf
2023,2023-06-26,final,deletions,annual_reconstitution,ABSI,ABSCI,Health Care,https://www.lseg.com/content/dam/ftse-russell/en_us/documents/other/ru3000-deletions-final-20230623.pdf
2023,2023-06-26,final,deletions,annual_reconstitution,ADTH,ADTHEORENT HOLDING COMP,Technology,https://www.lseg.com/content/dam/ftse-russell/en_us/documents/other/ru3000-deletions-final-20230623.pdf
2023,2023-06-26,final,deletions,annual_reconstitution,AMTX,AEMETIS,Energy,https://www.lseg.com/content/dam/ftse-russell/en_us/documents/other/ru3000-deletions-final-20230623.pdf
2023,2023-06-26,final,deletions,annual_reconstitution,LIDR,AEYE INC,Industrials,https://www.lseg.com/content/dam/ftse-russell/en_us/documents/other/ru3000-deletions-final-20230623.pdf
2023,2023-06-26,final,deletions,annual_reconstitution,AFMD,AFFIMED NV,Health Care,https://www.lseg.com/content/dam/ftse-russell/en_us/documents/other/ru3000-deletions-final-20230623.pdf
2023,2023-06-26,final,deletions,annual_reconstitution,TKNO,ALPHA TEKNOVA,Health Care,https://www.lseg.com/content/dam/ftse-russell/en_us/documents/other/ru3000-deletions-final-20230623.pdf
2023,2023-06-26,final,deletions,annual_reconstitution,ATUS,ALTICE USA,Telecommunications,https://www.lseg.com/content/dam/ftse-russell/en_us/documents/other/ru3000-deletions-final-20230623.pdf
2023,2023-06-26,final,deletions,annual_reconstitution,ALTO,ALTO INGREDIENTS INC,Basic Materials,https://www.lseg.com/content/dam/ftse-russell/en_us/documents/other/ru3000-deletions-final-20230623.pdf
2023,2023-06-26,final,deletions,annual_reconstitution,APEI,AMER PUBLIC EDUCATION,Consumer Discretionary,https://www.lseg.com/content/dam/ftse-russell/en_us/documents/other/ru3000-deletions-final-20230623.pdf
2023,2023-06-26,final,deletions,annual_reconstitution,ANTX,AN2 THERAPEUTICS,Health Care,https://www.lseg.com/content/dam/ftse-russell/en_us/documents/other/ru3000-deletions-final-20230623.pdf
2023,2023-06-26,final,deletions,annual_reconstitution,APPH,APPHARVEST INC,Consumer Staples,https://www.lseg.com/content/dam/ftse-russell/en_us/documents/other/ru3000-deletions-final-20230623.pdf
2023,2023-06-26,final,deletions,annual_reconstitution,AREN,ARENA GROUP HOLDINGS INC,Technology,https://www.lseg.com/content/dam/ftse-russell/en_us/documents/other/ru3000-deletions-final-20230623.pdf
2023,2023-06-26,final,deletions,annual_reconstitution,AIP,ARTERIS,Technology,https://www.lseg.com/content/dam/ftse-russell/en_us/documents/other/ru3000-deletions-final-20230623.pdf
2023,2023-06-26,final,deletions,annual_reconstitution,AHT,ASHFORD HOSPITALITY,Real Estate,https://www.lseg.com/content/dam/ftse-russell/en_us/documents/other/ru3000-deletions-final-20230623.pdf
2023,2023-06-26,final,deletions,annual_reconstitution,AC,ASSOCIATED CAPITAL GROUP,Financials,https://www.lseg.com/content/dam/ftse-russell/en_us/documents/other/ru3000-deletions-final-20230623.pdf
2023,2023-06-26,final,deletions,annual_reconstitution,ASTR,ASTRA SPACE INC,Industrials,https://www.lseg.com/content/dam/ftse-russell/en_us/documents/other/ru3000-deletions-final-20230623.pdf
2023,2023-06-26,final,deletions,annual_reconstitution,ATER,ATERIAN INC,Consumer Discretionary,https://www.lseg.com/content/dam/ftse-russell/en_us/documents/other/ru3000-deletions-final-20230623.pdf
2023,2023-06-26,final,deletions,annual_reconstitution,ATHA,ATHIRA PHARMA,Health Care,https://www.lseg.com/content/dam/ftse-russell/en_us/documents/other/ru3000-deletions-final-20230623.pdf
2023,2023-06-26,final,deletions,annual_reconstitution,ATIP,ATI PHYSICAL THERAPY (A),Health Care,https://www.lseg.com/content/dam/ftse-russell/en_us/documents/other/ru3000-deletions-final-20230623.pdf
2023,2023-06-26,final,deletions,annual_reconstitution,AXTI,AXT INC,Technology,https://www.lseg.com/content/dam/ftse-russell/en_us/documents/other/ru3000-deletions-final-20230623.pdf
2023,2023-06-26,final,deletions,annual_reconstitution,BATL,BATTALION OIL CORP,Energy,https://www.lseg.com/content/dam/ftse-russell/en_us/documents/other/ru3000-deletions-final-20230623.pdf
2023,2023-06-26,final,deletions,annual_reconstitution,BNGO,BIONANO GENOMICS INC,Health Care,https://www.lseg.com/content/dam/ftse-russell/en_us/documents/other/ru3000-deletions-final-20230623.pdf
2023,2023-06-26,final,deletions,annual_reconstitution,BVS,BIOVENTUS,Health Care,https://www.lseg.com/content/dam/ftse-russell/en_us/documents/other/ru3000-deletions-final-20230623.pdf
2023,2023-06-26,final,deletions,annual_reconstitution,BRDS,BIRD GLOBAL INC (A),Consumer Discretionary,https://www.lseg.com/content/dam/ftse-russell/en_us/documents/other/ru3000-deletions-final-20230623.pdf
2023,2023-06-26,final,deletions,annual_reconstitution,BLND,BLEND LABS,Technology,https://www.lseg.com/content/dam/ftse-russell/en_us/documents/other/ru3000-deletions-final-20230623.pdf
2023,2023-06-26,final,deletions,annual_reconstitution,BHM,BLUEROCK HOMES TRUST INC,Real Estate,https://www.lseg.com/content/dam/ftse-russell/en_us/documents/other/ru3000-deletions-final-20230623.pdf
2023,2023-06-26,final,deletions,annual_reconstitution,BRC,BRADY CORP,Industrials,https://www.lseg.com/content/dam/ftse-russell/en_us/documents/other/ru3000-deletions-final-20230623.pdf
2023,2023-06-26,final,deletions,annual_reconstitution,BHG,BRIGHT HEALTH GROUP,Health Care,https://www.lseg.com/content/dam/ftse-russell/en_us/documents/other/ru3000-deletions-final-20230623.pdf
2023,2023-06-26,final,deletions,annual_reconstitution,CCCC,C4 THERAPEUTICS,Health Care,https://www.lseg.com/content/dam/ftse-russell/en_us/documents/other/ru3000-deletions-final-20230623.pdf
2023,2023-06-26,final,deletions,annual_reconstitution,CSTE,CAESARSTONE LTD,Industrials,https://www.lseg.com/content/dam/ftse-russell/en_us/documents/other/ru3000-deletions-final-20230623.pdf
2023,2023-06-26,final,deletions,annual_reconstitution,GOEV,CANOO INC (A),Consumer Discretionary,https://www.lseg.com/content/dam/ftse-russell/en_us/documents/other/ru3000-deletions-final-20230623.pdf
2023,2023-06-26,final,deletions,annual_reconstitution,CASA,CASA SYSTEMS INC,Telecommunications,https://www.lseg.com/content/dam/ftse-russell/en_us/documents/other/ru3000-deletions-final-20230623.pdf
2023,2023-06-26,final,deletions,annual_reconstitution,CELU,CELULARITY INC (A),Health Care,https://www.lseg.com/content/dam/ftse-russell/en_us/documents/other/ru3000-deletions-final-20230623.pdf
2023,2023-06-26,final,deletions,annual_reconstitution,CENN,CENNTRO ELECTRIC GROUP,Consumer Discretionary,https://www.lseg.com/content/dam/ftse-russell/en_us/documents/other/ru3000-deletions-final-20230623.pdf
2023,2023-06-26,final,deletions,annual_reconstitution,CPTN,CEPTON INC (A),Industrials,https://www.lseg.com/content/dam/ftse-russell/en_us/documents/other/ru3000-deletions-final-20230623.pdf
2023,2023-06-26,final,deletions,annual_reconstitution,CMRX,CHIMERIX INC,Health Care,https://www.lseg.com/content/dam/ftse-russell/en_us/documents/other/ru3000-deletions-final-20230623.pdf
2023,2023-06-26,final,deletions,annual_reconstitution,CISO,CISO GLOBAL INC,Industrials,https://www.lseg.com/content/dam/ftse-russell/en_us/documents/other/ru3000-deletions-final-20230623.pdf
2023,2023-06-26,final,deletions,annual_reconstitution,CTRN,CITI TRENDS INC,Consumer Discretionary,https://www.lseg.com/content/dam/ftse-russell/en_us/documents/other/ru3000-deletions-final-20230623.pdf
2023,2023-06-26,final,deletions,annual_reconstitution,CLOV,CLOVER HEALTH INVEST (A),Health Care,https://www.lseg.com/content/dam/ftse-russell/en_us/documents/other/ru3000-deletions-final-20230623.pdf
2023,2023-06-26,final,deletions,annual_reconstitution,CONN,CONNS INC,Consumer Discretionary,https://www.lseg.com/content/dam/ftse-russell/en_us/documents/other/ru3000-deletions-final-20230623.pdf
2023,2023-06-26,final,deletions,annual_reconstitution,CPA,COPA HOLDINGS SA,Consumer Discretionary,https://www.lseg.com/content/dam/ftse-russell/en_us/documents/other/ru3000-deletions-final-20230623.pdf
2023,2023-06-26,final,deletions,annual_reconstitution,CTIC,CTI BIOPHARMA CORP,Health Care,https://www.lseg.com/content/dam/ftse-russell/en_us/documents/other/ru3000-deletions-final-20230623.pdf
2023,2023-06-26,final,deletions,annual_reconstitution,HLTH,CUE HEALTH,Health Care,https://www.lseg.com/content/dam/ftse-russell/en_us/documents/other/ru3000-deletions-final-20230623.pdf
2023,2023-06-26,final,deletions,annual_reconstitution,CMLS,CUMULUS MEDIA INC,Consumer Discretionary,https://www.lseg.com/content/dam/ftse-russell/en_us/documents/other/ru3000-deletions-final-20230623.pdf
2023,2023-06-26,final,deletions,annual_reconstitution,CURO,CURO GROUP HOLDINGS CORP,Financials,https://www.lseg.com/content/dam/ftse-russell/en_us/documents/other/ru3000-deletions-final-20230623.pdf
2023,2023-06-26,final,deletions,annual_reconstitution,DELL,DELL TECHNOLOGIES,Technology,https://www.lseg.com/content/dam/ftse-russell/en_us/documents/other/ru3000-deletions-final-20230623.pdf
2023,2023-06-26,final,deletions,annual_reconstitution,DOMA,DOMA HOLDINGS (A),Financials,https://www.lseg.com/content/dam/ftse-russell/en_us/documents/other/ru3000-deletions-final-20230623.pdf
2023,2023-06-26,final,deletions,annual_reconstitution,EGIO,EDGIO INC,Technology,https://www.lseg.com/content/dam/ftse-russell/en_us/documents/other/ru3000-deletions-final-20230623.pdf
2023,2023-06-26,final,deletions,annual_reconstitution,EIGR,EIGER BIOPHARMACEUTICALS,Health Care,https://www.lseg.com/content/dam/ftse-russell/en_us/documents/other/ru3000-deletions-final-20230623.pdf
2023,2023-06-26,final,deletions,annual_reconstitution,OCTO,EIGHTCO HOLDINGS INC,Technology,https://www.lseg.com/content/dam/ftse-russell/en_us/documents/other/ru3000-deletions-final-20230623.pdf
2023,2023-06-26,final,deletions,annual_reconstitution,ENOB,ENOCHIAN BIOSCIENCES,Health Care,https://www.lseg.com/content/dam/ftse-russell/en_us/documents/other/ru3000-deletions-final-20230623.pdf
2023,2023-06-26,final,deletions,annual_reconstitution,ERIE,ERIE INDEMNITY CO,Financials,https://www.lseg.com/content/dam/ftse-russell/en_us/documents/other/ru3000-deletions-final-20230623.pdf
2023,2023-06-26,final,deletions,annual_reconstitution,ZGN,ERMENEGILDO ZENGA NV (A),Consumer Discretionary,https://www.lseg.com/content/dam/ftse-russell/en_us/documents/other/ru3000-deletions-final-20230623.pdf
2023,2023-06-26,final,deletions,annual_reconstitution,ESPR,ESPERION THERAPEUTICS,Health Care,https://www.lseg.com/content/dam/ftse-russell/en_us/documents/other/ru3000-deletions-final-20230623.pdf
2023,2023-06-26,final,deletions,annual_reconstitution,EXPR,EXPRESS INC,Consumer Discretionary,https://www.lseg.com/content/dam/ftse-russell/en_us/documents/other/ru3000-deletions-final-20230623.pdf
2023,2023-06-26,final,deletions,annual_reconstitution,EZPW,EZCORP INC,Financials,https://www.lseg.com/content/dam/ftse-russell/en_us/documents/other/ru3000-deletions-final-20230623.pdf
2023,2023-06-26,final,deletions,annual_reconstitution,FXLV,F45 TRAINING HOLDINGS,Consumer Discretionary,https://www.lseg.com/content/dam/ftse-russell/en_us/documents/other/ru3000-deletions-final-20230623.pdf
2023,2023-06-26,final,deletions,annual_reconstitution,FFIE,FARADAY FUTURE INTEL,Consumer Discretionary,https://www.lseg.com/content/dam/ftse-russell/en_us/documents/other/ru3000-deletions-final-20230623.pdf
2023,2023-06-26,final,deletions,annual_reconstitution,FATH,FATHOM DIGITAL CORP (A),Industrials,https://www.lseg.com/content/dam/ftse-russell/en_us/documents/other/ru3000-deletions-final-20230623.pdf
2023,2023-06-26,final,deletions,annual_reconstitution,FHI,FEDERATED HERMES INC,Financials,https://www.lseg.com/content/dam/ftse-russell/en_us/documents/other/ru3000-deletions-final-20230623.pdf
2023,2023-06-26,final,deletions,annual_reconstitution,FGBI,FIRST GUARANTY BANCSHARE,Financials,https://www.lseg.com/content/dam/ftse-russell/en_us/documents/other/ru3000-deletions-final-20230623.pdf
2023,2023-06-26,final,deletions,annual_reconstitution,INBK,FIRST INTERNET BANCORP,Financials,https://www.lseg.com/content/dam/ftse-russell/en_us/documents/other/ru3000-deletions-final-20230623.pdf
2023,2023-06-26,final,deletions,annual_reconstitution,FCUV,FOCUS UNIVERSAL INC,Consumer Discretionary,https://www.lseg.com/content/dam/ftse-russell/en_us/documents/other/ru3000-deletions-final-20230623.pdf
2023,2023-06-26,final,deletions,annual_reconstitution,FSP,FRANKLIN STREET PPTYS CO,Real Estate,https://www.lseg.com/content/dam/ftse-russell/en_us/documents/other/ru3000-deletions-final-20230623.pdf
2023,2023-06-26,final,deletions,annual_reconstitution,FRO,FRONTLINE LTD,Industrials,https://www.lseg.com/content/dam/ftse-russell/en_us/documents/other/ru3000-deletions-final-20230623.pdf
2023,2023-06-26,final,deletions,annual_reconstitution,FULC,FULCRUM THERAPEUTICS INC,Health Care,https://www.lseg.com/content/dam/ftse-russell/en_us/documents/other/ru3000-deletions-final-20230623.pdf
2023,2023-06-26,final,deletions,annual_reconstitution,WGS,GENEDX HOLDINGS CORP (A),Health Care,https://www.lseg.com/content/dam/ftse-russell/en_us/documents/other/ru3000-deletions-final-20230623.pdf
2023,2023-06-26,final,deletions,annual_reconstitution,GOSS,GOSSAMER BIO,Health Care,https://www.lseg.com/content/dam/ftse-russell/en_us/documents/other/ru3000-deletions-final-20230623.pdf
2023,2023-06-26,final,deletions,annual_reconstitution,GREE,GREENIDGE GENERATION INC,Technology,https://www.lseg.com/content/dam/ftse-russell/en_us/documents/other/ru3000-deletions-final-20230623.pdf
2023,2023-06-26,final,deletions,annual_reconstitution,GRNA,GREENLIGHT BIOSCIENC (A),Health Care,https://www.lseg.com/content/dam/ftse-russell/en_us/documents/other/ru3000-deletions-final-20230623.pdf
2023,2023-06-26,final,deletions,annual_reconstitution,GRPN,GROUPON INC,Technology,https://www.lseg.com/content/dam/ftse-russell/en_us/documents/other/ru3000-deletions-final-20230623.pdf
2023,2023-06-26,final,deletions,annual_reconstitution,HLGN,HELIOGEN INC (A),Energy,https://www.lseg.com/content/dam/ftse-russell/en_us/documents/other/ru3000-deletions-final-20230623.pdf
2023,2023-06-26,final,deletions,annual_reconstitution,HNST,HONEST COMPANY,Consumer Staples,https://www.lseg.com/content/dam/ftse-russell/en_us/documents/other/ru3000-deletions-final-20230623.pdf
2023,2023-06-26,final,deletions,annual_reconstitution,HYMC,HYCROFT MINING (A),Basic Materials,https://www.lseg.com/content/dam/ftse-russell/en_us/documents/other/ru3000-deletions-final-20230623.pdf
2023,2023-06-26,final,deletions,annual_reconstitution,HYFM,HYDROFARM HOLDINGS,Industrials,https://www.lseg.com/content/dam/ftse-russell/en_us/documents/other/ru3000-deletions-final-20230623.pdf
2023,2023-06-26,final,deletions,annual_reconstitution,HYZN,HYZON MOTORS INC (A),Industrials,https://www.lseg.com/content/dam/ftse-russell/en_us/documents/other/ru3000-deletions-final-20230623.pdf
2023,2023-06-26,final,deletions,annual_reconstitution,INVE,IDENTIV INC,Technology,https://www.lseg.com/content/dam/ftse-russell/en_us/documents/other/ru3000-deletions-final-20230623.pdf
2023,2023-06-26,final,deletions,annual_reconstitution,ILPT,INDUSTRIAL LOGISTICS,Real Estate,https://www.lseg.com/content/dam/ftse-russell/en_us/documents/other/ru3000-deletions-final-20230623.pdf
2023,2023-06-26,final,deletions,annual_reconstitution,CTV,INNOVID CORP (A),Technology,https://www.lseg.com/content/dam/ftse-russell/en_us/documents/other/ru3000-deletions-final-20230623.pdf
2023,2023-06-26,final,deletions,annual_reconstitution,NOTV,INOTIV INC,Health Care,https://www.lseg.com/content/dam/ftse-russell/en_us/documents/other/ru3000-deletions-final-20230623.pdf
2023,2023-06-26,final,deletions,annual_reconstitution,INO,INOVIO PHARMACEUTICALS,Health Care,https://www.lseg.com/content/dam/ftse-russell/en_us/documents/other/ru3000-deletions-final-20230623.pdf
2023,2023-06-26,final,deletions,annual_reconstitution,INSG,INSEEGO CORP,Telecommunications,https://www.lseg.com/content/dam/ftse-russell/en_us/documents/other/ru3000-deletions-final-20230623.pdf
2023,2023-06-26,final,deletions,annual_reconstitution,ISPO,INSPIRATO INC (A),Consumer Discretionary,https://www.lseg.com/content/dam/ftse-russell/en_us/documents/other/ru3000-deletions-final-20230623.pdf
2023,2023-06-26,final,deletions,annual_reconstitution,TIL,INSTIL BIO,Health Care,https://www.lseg.com/content/dam/ftse-russell/en_us/documents/other/ru3000-deletions-final-20230623.pdf
2023,2023-06-26,final,deletions,annual_reconstitution,IVVD,INVIVYD INC,Health Care,https://www.lseg.com/content/dam/ftse-russell/en_us/documents/other/ru3000-deletions-final-20230623.pdf
2023,2023-06-26,final,deletions,annual_reconstitution,IRNT,IRONNET INC (A),Technology,https://www.lseg.com/content/dam/ftse-russell/en_us/documents/other/ru3000-deletions-final-20230623.pdf
2023,2023-06-26,final,deletions,annual_reconstitution,JOAN,JOANN,Consumer Discretionary,https://www.lseg.com/content/dam/ftse-russell/en_us/documents/other/ru3000-deletions-final-20230623.pdf
2023,2023-06-26,final,deletions,annual_reconstitution,KLR,KALEYRA INC,Telecommunications,https://www.lseg.com/content/dam/ftse-russell/en_us/documents/other/ru3000-deletions-final-20230623.pdf
2023,2023-06-26,final,deletions,annual_reconstitution,KNTE,KINNATE BIOPHARMA,Health Care,https://www.lseg.com/content/dam/ftse-russell/en_us/documents/other/ru3000-deletions-final-20230623.pdf
2023,2023-06-26,final,deletions,annual_reconstitution,KORE,KORE GROUP HOLDINGS (A),Technology,https://www.lseg.com/content/dam/ftse-russell/en_us/documents/other/ru3000-deletions-final-20230623.pdf
2023,2023-06-26,final,deletions,annual_reconstitution,KRON,KRONOS BIO,Health Care,https://www.lseg.com/content/dam/ftse-russell/en_us/documents/other/ru3000-deletions-final-20230623.pdf
2023,2023-06-26,final,deletions,annual_reconstitution,LTCH,LATCH INC (A),Industrials,https://www.lseg.com/content/dam/ftse-russell/en_us/documents/other/ru3000-deletions-final-20230623.pdf
2023,2023-06-26,final,deletions,annual_reconstitution,LFLY,LEAFLY HOLDINGS INC,Technology,https://www.lseg.com/content/dam/ftse-russell/en_us/documents/other/ru3000-deletions-final-20230623.pdf
2023,2023-06-26,final,deletions,annual_reconstitution,LFCR,LIFECORE BIOMEDICAL INC,Consumer Staples,https://www.lseg.com/content/dam/ftse-russell/en_us/documents/other/ru3000-deletions-final-20230623.pdf
2023,2023-06-26,final,deletions,annual_reconstitution,LCUT,LIFETIME BRANDS INC,Consumer Discretionary,https://www.lseg.com/content/dam/ftse-russell/en_us/documents/other/ru3000-deletions-final-20230623.pdf
2023,2023-06-26,final,deletions,annual_reconstitution,ZEV,LIGHTNING EMOTORS INC,Industrials,https://www.lseg.com/content/dam/ftse-russell/en_us/documents/other/ru3000-deletions-final-20230623.pdf
2023,2023-06-26,final,deletions,annual_reconstitution,LL,LL FLOORING HOLDINGS INC,Consumer Discretionary,https://www.lseg.com/content/dam/ftse-russell/en_us/documents/other/ru3000-deletions-final-20230623.pdf
2023,2023-06-26,final,deletions,annual_reconstitution,LOCL,LOCAL BOUNTI CORP (A),Consumer Staples,https://www.lseg.com/content/dam/ftse-russell/en_us/documents/other/ru3000-deletions-final-20230623.pdf
2023,2023-06-26,final,deletions,annual_reconstitution,RIDE,LORDSTOWN MOTORS CRP (A),Consumer Discretionary,https://www.lseg.com/content/dam/ftse-russell/en_us/documents/other/ru3000-deletions-final-20230623.pdf
2023,2023-06-26,final,deletions,annual_reconstitution,LVLU,LULUS FASHION LOUNGE HOL,Consumer Discretionary,https://www.lseg.com/content/dam/ftse-russell/en_us/documents/other/ru3000-deletions-final-20230623.pdf
2023,2023-06-26,final,deletions,annual_reconstitution,MKFG,MARKFORGED HC (A),Industrials,https://www.lseg.com/content/dam/ftse-russell/en_us/documents/other/ru3000-deletions-final-20230623.pdf
2023,2023-06-26,final,deletions,annual_reconstitution,MNTS,MOMENTUS INC (A),Industrials,https://www.lseg.com/content/dam/ftse-russell/en_us/documents/other/ru3000-deletions-final-20230623.pdf
2023,2023-06-26,final,deletions,annual_reconstitution,ML,MONEYLION INC (A),Industrials,https://www.lseg.com/content/dam/ftse-russell/en_us/documents/other/ru3000-deletions-final-20230623.pdf
2023,2023-06-26,final,deletions,annual_reconstitution,MPAA,MOTORCAR PTS AMERICA INC,Consumer Discretionary,https://www.lseg.com/content/dam/ftse-russell/en_us/documents/other/ru3000-deletions-final-20230623.pdf
2023,2023-06-26,final,deletions,annual_reconstitution,MULN,MULLEN AUTOMOTIVE INC,Consumer Discretionary,https://www.lseg.com/content/dam/ftse-russell/en_us/documents/other/ru3000-deletions-final-20230623.pdf
2023,2023-06-26,final,deletions,annual_reconstitution,NKTR,NEKTAR THERAPEUTICS,Health Care,https://www.lseg.com/content/dam/ftse-russell/en_us/documents/other/ru3000-deletions-final-20230623.pdf
2023,2023-06-26,final,deletions,annual_reconstitution,NGMS,NEOGAMES,Consumer Discretionary,https://www.lseg.com/content/dam/ftse-russell/en_us/documents/other/ru3000-deletions-final-20230623.pdf
2023,2023-06-26,final,deletions,annual_reconstitution,NUTX,NUTEX HEALTH,Technology,https://www.lseg.com/content/dam/ftse-russell/en_us/documents/other/ru3000-deletions-final-20230623.pdf
2023,2023-06-26,final,deletions,annual_reconstitution,OCGN,OCUGEN INC,Health Care,https://www.lseg.com/content/dam/ftse-russell/en_us/documents/other/ru3000-deletions-final-20230623.pdf
2023,2023-06-26,final,deletions,annual_reconstitution,OPAD,OFFERPAD SOLUTIONS (A),Real Estate,https://www.lseg.com/content/dam/ftse-russell/en_us/documents/other/ru3000-deletions-final-20230623.pdf
2023,2023-06-26,final,deletions,annual_reconstitution,ONDS,ONDAS HOLDINGS,Consumer Discretionary,https://www.lseg.com/content/dam/ftse-russell/en_us/documents/other/ru3000-deletions-final-20230623.pdf
2023,2023-06-26,final,deletions,annual_reconstitution,OPRT,OPORTUN FINANCIAL,Financials,https://www.lseg.com/content/dam/ftse-russell/en_us/documents/other/ru3000-deletions-final-20230623.pdf
2023,2023-06-26,final,deletions,annual_reconstitution,OPY,OPPENHEIMER HOLDINGS INC,Financials,https://www.lseg.com/content/dam/ftse-russell/en_us/documents/other/ru3000-deletions-final-20230623.pdf
2023,2023-06-26,final,deletions,annual_reconstitution,OUST,OUSTER INC (A),Technology,https://www.lseg.com/content/dam/ftse-russell/en_us/documents/other/ru3000-deletions-final-20230623.pdf
2023,2023-06-26,final,deletions,annual_reconstitution,OWLT,OWLET INC (A),Consumer Discretionary,https://www.lseg.com/content/dam/ftse-russell/en_us/documents/other/ru3000-deletions-final-20230623.pdf
2023,2023-06-26,final,deletions,annual_reconstitution,PRDS,PARDES BIOSCIENCES (A),Health Care,https://www.lseg.com/content/dam/ftse-russell/en_us/documents/other/ru3000-deletions-final-20230623.pdf
2023,2023-06-26,final,deletions,annual_reconstitution,PFSW,PFSWEB INC,Industrials,https://www.lseg.com/content/dam/ftse-russell/en_us/documents/other/ru3000-deletions-final-20230623.pdf
2023,2023-06-26,final,deletions,annual_reconstitution,CELL,PHENOMEX INC,Health Care,https://www.lseg.com/content/dam/ftse-russell/en_us/documents/other/ru3000-deletions-final-20230623.pdf
2023,2023-06-26,final,deletions,annual_reconstitution,PLBY,PLBY GROUP INC,Consumer Staples,https://www.lseg.com/content/dam/ftse-russell/en_us/documents/other/ru3000-deletions-final-20230623.pdf
2023,2023-06-26,final,deletions,annual_reconstitution,PRCH,PORCH GROUP INC (A),Technology,https://www.lseg.com/content/dam/ftse-russell/en_us/documents/other/ru3000-deletions-final-20230623.pdf
2023,2023-06-26,final,deletions,annual_reconstitution,PRAX,PRAXIS PRECISION MEDICIN,Health Care,https://www.lseg.com/content/dam/ftse-russell/en_us/documents/other/ru3000-deletions-final-20230623.pdf
2023,2023-06-26,final,deletions,annual_reconstitution,PVBC,PROVIDENT BANCORP INC,Financials,https://www.lseg.com/content/dam/ftse-russell/en_us/documents/other/ru3000-deletions-final-20230623.pdf
2023,2023-06-26,final,deletions,annual_reconstitution,QRTEA,QURATE RETAIL INC,Consumer Discretionary,https://www.lseg.com/content/dam/ftse-russell/en_us/documents/other/ru3000-deletions-final-20230623.pdf
2023,2023-06-26,final,deletions,annual_reconstitution,RLMD,RELMADA THERAPEUTICS,Health Care,https://www.lseg.com/content/dam/ftse-russell/en_us/documents/other/ru3000-deletions-final-20230623.pdf
2023,2023-06-26,final,deletions,annual_reconstitution,FRBK,REPUBLIC FIRST BANCORP,Financials,https://www.lseg.com/content/dam/ftse-russell/en_us/documents/other/ru3000-deletions-final-20230623.pdf
2023,2023-06-26,final,deletions,annual_reconstitution,RGTI,RIGETTI COMPUTING (A),Technology,https://www.lseg.com/content/dam/ftse-russell/en_us/documents/other/ru3000-deletions-final-20230623.pdf
2023,2023-06-26,final,deletions,annual_reconstitution,RAD,RITE AID CORP,Consumer Staples,https://www.lseg.com/content/dam/ftse-russell/en_us/documents/other/ru3000-deletions-final-20230623.pdf
2023,2023-06-26,final,deletions,annual_reconstitution,ROOT,ROOT,Financials,https://www.lseg.com/content/dam/ftse-russell/en_us/documents/other/ru3000-deletions-final-20230623.pdf
2023,2023-06-26,final,deletions,annual_reconstitution,RMBL,RUMBLEON INC,Consumer Discretionary,https://www.lseg.com/content/dam/ftse-russell/en_us/documents/other/ru3000-deletions-final-20230623.pdf
2023,2023-06-26,final,deletions,annual_reconstitution,STRC,SARCOS TECH AND ROBO (A),Industrials,https://www.lseg.com/content/dam/ftse-russell/en_us/documents/other/ru3000-deletions-final-20230623.pdf
2023,2023-06-26,final,deletions,annual_reconstitution,SNCE,SCIENCE 37 HOLDINGS INC,Health Care,https://www.lseg.com/content/dam/ftse-russell/en_us/documents/other/ru3000-deletions-final-20230623.pdf
2023,2023-06-26,final,deletions,annual_reconstitution,SCWX,SECUREWORKS CORP,Technology,https://www.lseg.com/content/dam/ftse-russell/en_us/documents/other/ru3000-deletions-final-20230623.pdf
2023,2023-06-26,final,deletions,annual_reconstitution,SENS,SENSEONICS HOLDINGS INC,Health Care,https://www.lseg.com/content/dam/ftse-russell/en_us/documents/other/ru3000-deletions-final-20230623.pdf
2023,2023-06-26,final,deletions,annual_reconstitution,OMIC,SINGULAR GENOMICS SYSTEM,Health Care,https://www.lseg.com/content/dam/ftse-russell/en_us/documents/other/ru3000-deletions-final-20230623.pdf
2023,2023-06-26,final,deletions,annual_reconstitution,SKLZ,SKILLZ INC (A),Technology,https://www.lseg.com/content/dam/ftse-russell/en_us/documents/other/ru3000-deletions-final-20230623.pdf
2023,2023-06-26,final,deletions,annual_reconstitution,SOND,SONDER HOLDINGS INC,Consumer Discretionary,https://www.lseg.com/content/dam/ftse-russell/en_us/documents/other/ru3000-deletions-final-20230623.pdf
2023,2023-06-26,final,deletions,annual_reconstitution,SPIR,SPIRE GLOBAL INC (A),Industrials,https://www.lseg.com/content/dam/ftse-russell/en_us/documents/other/ru3000-deletions-final-20230623.pdf
2023,2023-06-26,final,deletions,annual_reconstitution,SUNL,SUNLIGHT FINL HLDGS (A),Financials,https://www.lseg.com/content/dam/ftse-russell/en_us/documents/other/ru3000-deletions-final-20230623.pdf
2023,2023-06-26,final,deletions,annual_reconstitution,SGC,SUPERIOR GROUP OF CO,Consumer Discretionary,https://www.lseg.com/content/dam/ftse-russell/en_us/documents/other/ru3000-deletions-final-20230623.pdf
2023,2023-06-26,final,deletions,annual_reconstitution,TALS,TALARIS THERAPEUTICS,Health Care,https://www.lseg.com/content/dam/ftse-russell/en_us/documents/other/ru3000-deletions-final-20230623.pdf
2023,2023-06-26,final,deletions,annual_reconstitution,TTCF,TATTOOED CHEF INC (A),Consumer Staples,https://www.lseg.com/content/dam/ftse-russell/en_us/documents/other/ru3000-deletions-final-20230623.pdf
2023,2023-06-26,final,deletions,annual_reconstitution,TLS,TELOS,Technology,https://www.lseg.com/content/dam/ftse-russell/en_us/documents/other/ru3000-deletions-final-20230623.pdf
2023,2023-06-26,final,deletions,annual_reconstitution,TNON,TENON MEDICAL INC,Health Care,https://www.lseg.com/content/dam/ftse-russell/en_us/documents/other/ru3000-deletions-final-20230623.pdf
2023,2023-06-26,final,deletions,annual_reconstitution,BODY,THE BEACHBODY COMP (A),Technology,https://www.lseg.com/content/dam/ftse-russell/en_us/documents/other/ru3000-deletions-final-20230623.pdf
2023,2023-06-26,final,deletions,annual_reconstitution,TCS,THE CONTAINER STORE GRP,Consumer Discretionary,https://www.lseg.com/content/dam/ftse-russell/en_us/documents/other/ru3000-deletions-final-20230623.pdf
2023,2023-06-26,final,deletions,annual_reconstitution,TOI,THE ONCOLOGY INC (A),Health Care,https://www.lseg.com/content/dam/ftse-russell/en_us/documents/other/ru3000-deletions-final-20230623.pdf
2023,2023-06-26,final,deletions,annual_reconstitution,REAL,THE REALREAL INC,Consumer Discretionary,https://www.lseg.com/content/dam/ftse-russell/en_us/documents/other/ru3000-deletions-final-20230623.pdf
2023,2023-06-26,final,deletions,annual_reconstitution,TR,TOOTSIE ROLL INDUSTRIES,Consumer Staples,https://www.lseg.com/content/dam/ftse-russell/en_us/documents/other/ru3000-deletions-final-20230623.pdf
2023,2023-06-26,final,deletions,annual_reconstitution,TUP,TUPPERWARE BRANDS CORP,Consumer Discretionary,https://www.lseg.com/content/dam/ftse-russell/en_us/documents/other/ru3000-deletions-final-20230623.pdf
2023,2023-06-26,final,deletions,annual_reconstitution,UFI,UNIFI INC,Basic Materials,https://www.lseg.com/content/dam/ftse-russell/en_us/documents/other/ru3000-deletions-final-20230623.pdf
2023,2023-06-26,final,deletions,annual_reconstitution,USM,UNITED STATES CELLULAR,Telecommunications,https://www.lseg.com/content/dam/ftse-russell/en_us/documents/other/ru3000-deletions-final-20230623.pdf
2023,2023-06-26,final,deletions,annual_reconstitution,UEIC,UNIVERSAL ELECTRONICS,Consumer Discretionary,https://www.lseg.com/content/dam/ftse-russell/en_us/documents/other/ru3000-deletions-final-20230623.pdf
2023,2023-06-26,final,deletions,annual_reconstitution,UPLD,UPLAND SOFTWARE INC,Technology,https://www.lseg.com/content/dam/ftse-russell/en_us/documents/other/ru3000-deletions-final-20230623.pdf
2023,2023-06-26,final,deletions,annual_reconstitution,URG,UR ENERGY,Basic Materials,https://www.lseg.com/content/dam/ftse-russell/en_us/documents/other/ru3000-deletions-final-20230623.pdf
2023,2023-06-26,final,deletions,annual_reconstitution,VCSA,VACASA INC (A),Consumer Discretionary,https://www.lseg.com/content/dam/ftse-russell/en_us/documents/other/ru3000-deletions-final-20230623.pdf
2023,2023-06-26,final,deletions,annual_reconstitution,VXRT,VAXART INC,Health Care,https://www.lseg.com/content/dam/ftse-russell/en_us/documents/other/ru3000-deletions-final-20230623.pdf
2023,2023-06-26,final,deletions,annual_reconstitution,VBIV,VBI VACCINES INC,Health Care,https://www.lseg.com/content/dam/ftse-russell/en_us/documents/other/ru3000-deletions-final-20230623.pdf
2023,2023-06-26,final,deletions,annual_reconstitution,VERU,VERU INC,Consumer Staples,https://www.lseg.com/content/dam/ftse-russell/en_us/documents/other/ru3000-deletions-final-20230623.pdf
2023,2023-06-26,final,deletions,annual_reconstitution,VIA,VIA RENEWABLES INC,Utilities,https://www.lseg.com/content/dam/ftse-russell/en_us/documents/other/ru3000-deletions-final-20230623.pdf
2023,2023-06-26,final,deletions,annual_reconstitution,VIEW,VIEW INC (A),Industrials,https://www.lseg.com/content/dam/ftse-russell/en_us/documents/other/ru3000-deletions-final-20230623.pdf
2023,2023-06-26,final,deletions,annual_reconstitution,BBIG,VINCO VENTURES INC,Technology,https://www.lseg.com/content/dam/ftse-russell/en_us/documents/other/ru3000-deletions-final-20230623.pdf
2023,2023-06-26,final,deletions,annual_reconstitution,VWE,VINTAGE WINE ESTATES INC,Consumer Staples,https://www.lseg.com/content/dam/ftse-russell/en_us/documents/other/ru3000-deletions-final-20230623.pdf
2023,2023-06-26,final,deletions,annual_reconstitution,VTGN,VISTAGEN THERAPEUTICS,Health Care,https://www.lseg.com/content/dam/ftse-russell/en_us/documents/other/ru3000-deletions-final-20230623.pdf
2023,2023-06-26,final,deletions,annual_reconstitution,WE,WEWORK INC (A),Real Estate,https://www.lseg.com/content/dam/ftse-russell/en_us/documents/other/ru3000-deletions-final-20230623.pdf
2023,2023-06-26,final,deletions,annual_reconstitution,UP,WHEELS UP EXP INC,Consumer Discretionary,https://www.lseg.com/content/dam/ftse-russell/en_us/documents/other/ru3000-deletions-final-20230623.pdf
2023,2023-06-26,final,deletions,annual_reconstitution,FREE,WHOLE EARTH BRANDS (A),Consumer Staples,https://www.lseg.com/content/dam/ftse-russell/en_us/documents/other/ru3000-deletions-final-20230623.pdf
2023,2023-06-26,final,deletions,annual_reconstitution,WIX,WIX LTD,Technology,https://www.lseg.com/content/dam/ftse-russell/en_us/documents/other/ru3000-deletions-final-20230623.pdf
2023,2023-06-26,final,deletions,annual_reconstitution,MAPS,WM TECHNOLOGY INC (A),Technology,https://www.lseg.com/content/dam/ftse-russell/en_us/documents/other/ru3000-deletions-final-20230623.pdf
2023,2023-06-26,final,deletions,annual_reconstitution,XOS,XOS INC (A),Industrials,https://www.lseg.com/content/dam/ftse-russell/en_us/documents/other/ru3000-deletions-final-20230623.pdf
2026,2026-03-23,final_1q,ipo_additions,quarterly_ipo,MDLN,Medline,,https://www.lseg.com/content/dam/ftse-russell/en_us/documents/other/final-ipo-additions-1-qtr-r3000.pdf
2026,2026-03-23,final_1q,ipo_additions,quarterly_ipo,CBC,Central Bancompany,,https://www.lseg.com/content/dam/ftse-russell/en_us/documents/other/final-ipo-additions-1-qtr-r3000.pdf
2026,2026-03-23,final_1q,ipo_additions,quarterly_ipo,BETA,Beta Technologies Inc,,https://www.lseg.com/content/dam/ftse-russell/en_us/documents/other/final-ipo-additions-1-qtr-r3000.pdf
2026,2026-03-23,final_1q,ipo_additions,quarterly_ipo,YSS,York Space Systems Inc,,https://www.lseg.com/content/dam/ftse-russell/en_us/documents/other/final-ipo-additions-1-qtr-r3000.pdf
2026,2026-03-23,final_1q,ipo_additions,quarterly_ipo,XZO,Exzeo Group,,https://www.lseg.com/content/dam/ftse-russell/en_us/documents/other/final-ipo-additions-1-qtr-r3000.pdf
2026,2026-03-23,final_1q,ipo_additions,quarterly_ipo,WLTH,Wealthfront Corp,,https://www.lseg.com/content/dam/ftse-russell/en_us/documents/other/final-ipo-additions-1-qtr-r3000.pdf
2026,2026-03-23,final_1q,ipo_additions,quarterly_ipo,LMRI,Lumexa Imaging Holdings,,https://www.lseg.com/content/dam/ftse-russell/en_us/documents/other/final-ipo-additions-1-qtr-r3000.pdf
2026,2026-03-23,final_1q,ipo_additions,quarterly_ipo,AKTS,Aktis Oncology,,https://www.lseg.com/content/dam/ftse-russell/en_us/documents/other/final-ipo-additions-1-qtr-r3000.pdf
2026,2026-03-23,final_1q,ipo_additions,quarterly_ipo,CDNL,Cardinal Infrastructure,,https://www.lseg.com/content/dam/ftse-russell/en_us/documents/other/final-ipo-additions-1-qtr-r3000.pdf
2026,2026-03-23,final_1q,ipo_additions,quarterly_ipo,EVMN,Evommune Inc,,https://www.lseg.com/content/dam/ftse-russell/en_us/documents/other/final-ipo-additions-1-qtr-r3000.pdf
2026,2026-03-23,final_1q,ipo_additions,quarterly_ipo,PPHC,Public Policy Holding Co Please see disclaimer for important legal information. 1 of 2,,https://www.lseg.com/content/dam/ftse-russell/en_us/documents/other/final-ipo-additions-1-qtr-r3000.pdf
2025,2025-09-22,final_3q,ipo_additions,quarterly_ipo,CRCL,Circle Internet Group In,,https://www.lseg.com/content/dam/ftse-russell/en_us/documents/other/final-ipo-additions-3-qtr-r3000.pdf
2025,2025-09-22,final_3q,ipo_additions,quarterly_ipo,CAI,Caris Life Sciences,,https://www.lseg.com/content/dam/ftse-russell/en_us/documents/other/final-ipo-additions-3-qtr-r3000.pdf
2025,2025-09-22,final_3q,ipo_additions,quarterly_ipo,NIQ,Global Intelligence,,https://www.lseg.com/content/dam/ftse-russell/en_us/documents/other/final-ipo-additions-3-qtr-r3000.pdf
2025,2025-09-22,final_3q,ipo_additions,quarterly_ipo,MH,McGraw Hill Inc,,https://www.lseg.com/content/dam/ftse-russell/en_us/documents/other/final-ipo-additions-3-qtr-r3000.pdf
2025,2025-09-22,final_3q,ipo_additions,quarterly_ipo,SLDE,Slide Insurance Holdings,,https://www.lseg.com/content/dam/ftse-russell/en_us/documents/other/final-ipo-additions-3-qtr-r3000.pdf
2025,2025-09-22,final_3q,ipo_additions,quarterly_ipo,VOYG,Voyager Technologies,,https://www.lseg.com/content/dam/ftse-russell/en_us/documents/other/final-ipo-additions-3-qtr-r3000.pdf
2025,2025-09-22,final_3q,ipo_additions,quarterly_ipo,JCAP,Jefferson Capital,,https://www.lseg.com/content/dam/ftse-russell/en_us/documents/other/final-ipo-additions-3-qtr-r3000.pdf
2025,2025-09-22,final_3q,ipo_additions,quarterly_ipo,OMDA,Omada Health,,https://www.lseg.com/content/dam/ftse-russell/en_us/documents/other/final-ipo-additions-3-qtr-r3000.pdf
2025,2025-09-22,final_3q,ipo_additions,quarterly_ipo,ASIC,Ategrity Specialty Insur,,https://www.lseg.com/content/dam/ftse-russell/en_us/documents/other/final-ipo-additions-3-qtr-r3000.pdf
2025,2025-09-22,final_3q,ipo_additions,quarterly_ipo,AMBQ,Ambiq Micro,,https://www.lseg.com/content/dam/ftse-russell/en_us/documents/other/final-ipo-additions-3-qtr-r3000.pdf
2025,2025-09-22,final_3q,ipo_additions,quarterly_ipo,AIRO,Group Holdings,,https://www.lseg.com/content/dam/ftse-russell/en_us/documents/other/final-ipo-additions-3-qtr-r3000.pdf
2025,2025-09-22,final_3q,ipo_additions,quarterly_ipo,ABL,Abacus Global (A),,https://www.lseg.com/content/dam/ftse-russell/en_us/documents/other/final-ipo-additions-3-qtr-r3000.pdf
2025,2025-09-22,final_3q,ipo_additions,quarterly_ipo,BZAI,Blaize Holdings,,https://www.lseg.com/content/dam/ftse-russell/en_us/documents/other/final-ipo-additions-3-qtr-r3000.pdf
2025,2025-09-22,final_3q,ipo_additions,quarterly_ipo,CARL,Carlsmed,,https://www.lseg.com/content/dam/ftse-russell/en_us/documents/other/final-ipo-additions-3-qtr-r3000.pdf
2025,2025-09-22,final_3q,ipo_additions,quarterly_ipo,AII,American Integrity Insur,,https://www.lseg.com/content/dam/ftse-russell/en_us/documents/other/final-ipo-additions-3-qtr-r3000.pdf
2025,2025-09-22,final_3q,ipo_additions,quarterly_ipo,SI,Shoulder Innovations,,https://www.lseg.com/content/dam/ftse-russell/en_us/documents/other/final-ipo-additions-3-qtr-r3000.pdf
2025,2025-09-22,final_3q,ipo_additions,quarterly_ipo,FLYX,Flyexclusive,,https://www.lseg.com/content/dam/ftse-russell/en_us/documents/other/final-ipo-additions-3-qtr-r3000.pdf
2025,2025-09-22,final_3q,ipo_additions,quarterly_ipo,CV,CapsoVision,,https://www.lseg.com/content/dam/ftse-russell/en_us/documents/other/final-ipo-additions-3-qtr-r3000.pdf
2025,2025-09-22,final_3q,ipo_additions,quarterly_ipo,AHL,Aspen Insurance Holdings,,https://www.lseg.com/content/dam/ftse-russell/en_us/documents/other/final-ipo-additions-3-qtr-r3000.pdf
2025,2025-09-22,final_3q,ipo_additions,quarterly_ipo,COSO,CoastalSouth Bancshares,,https://www.lseg.com/content/dam/ftse-russell/en_us/documents/other/final-ipo-additions-3-qtr-r3000.pdf
2025,2025-09-22,final_3q,ipo_additions,quarterly_ipo,ARAI,Arrive,,https://www.lseg.com/content/dam/ftse-russell/en_us/documents/other/final-ipo-additions-3-qtr-r3000.pdf
2025,2025-09-22,final_3q,ipo_additions,quarterly_ipo,XCF,Global Please see disclaimer for important legal information. 1 of 2,,https://www.lseg.com/content/dam/ftse-russell/en_us/documents/other/final-ipo-additions-3-qtr-r3000.pdf
2025,2025-12-22,final_4q,ipo_additions,quarterly_ipo,FRMI,Fermi Inc,,https://www.lseg.com/content/dam/ftse-russell/en_us/documents/other/final-ipo-additions-4-qtr-r3000.pdf
2025,2025-12-22,final_4q,ipo_additions,quarterly_ipo,FIGR,Figure Technology So,,https://www.lseg.com/content/dam/ftse-russell/en_us/documents/other/final-ipo-additions-4-qtr-r3000.pdf
2025,2025-12-22,final_4q,ipo_additions,quarterly_ipo,BLSH,Bullish,,https://www.lseg.com/content/dam/ftse-russell/en_us/documents/other/final-ipo-additions-4-qtr-r3000.pdf
2025,2025-12-22,final_4q,ipo_additions,quarterly_ipo,ALH,Alliance Laundry Holding,,https://www.lseg.com/content/dam/ftse-russell/en_us/documents/other/final-ipo-additions-4-qtr-r3000.pdf
2025,2025-12-22,final_4q,ipo_additions,quarterly_ipo,NAVN,Navan,,https://www.lseg.com/content/dam/ftse-russell/en_us/documents/other/final-ipo-additions-4-qtr-r3000.pdf
2025,2025-12-22,final_4q,ipo_additions,quarterly_ipo,LGN,Legence Corp,,https://www.lseg.com/content/dam/ftse-russell/en_us/documents/other/final-ipo-additions-4-qtr-r3000.pdf
2025,2025-12-22,final_4q,ipo_additions,quarterly_ipo,VIA,Via Transportation,,https://www.lseg.com/content/dam/ftse-russell/en_us/documents/other/final-ipo-additions-4-qtr-r3000.pdf
2025,2025-12-22,final_4q,ipo_additions,quarterly_ipo,MIAX,Miami International Hold,,https://www.lseg.com/content/dam/ftse-russell/en_us/documents/other/final-ipo-additions-4-qtr-r3000.pdf
2025,2025-12-22,final_4q,ipo_additions,quarterly_ipo,FLY,Firefly Aerospace,,https://www.lseg.com/content/dam/ftse-russell/en_us/documents/other/final-ipo-additions-4-qtr-r3000.pdf
2025,2025-12-22,final_4q,ipo_additions,quarterly_ipo,HTFL,Heartflow,,https://www.lseg.com/content/dam/ftse-russell/en_us/documents/other/final-ipo-additions-4-qtr-r3000.pdf
2025,2025-12-22,final_4q,ipo_additions,quarterly_ipo,USA,Rare Earth,,https://www.lseg.com/content/dam/ftse-russell/en_us/documents/other/final-ipo-additions-4-qtr-r3000.pdf
2025,2025-12-22,final_4q,ipo_additions,quarterly_ipo,FBYD,Falcons Beyond Global,,https://www.lseg.com/content/dam/ftse-russell/en_us/documents/other/final-ipo-additions-4-qtr-r3000.pdf
2025,2025-12-22,final_4q,ipo_additions,quarterly_ipo,PXED,Phoenix Education Partne,,https://www.lseg.com/content/dam/ftse-russell/en_us/documents/other/final-ipo-additions-4-qtr-r3000.pdf
2025,2025-12-22,final_4q,ipo_additions,quarterly_ipo,BRCB,Black Rock Coffee Bar,,https://www.lseg.com/content/dam/ftse-russell/en_us/documents/other/final-ipo-additions-4-qtr-r3000.pdf
2025,2025-12-22,final_4q,ipo_additions,quarterly_ipo,WYFI,WhiteFiber,,https://www.lseg.com/content/dam/ftse-russell/en_us/documents/other/final-ipo-additions-4-qtr-r3000.pdf
2025,2025-12-22,final_4q,ipo_additions,quarterly_ipo,MPLT,Maplight Therapeutics In,,https://www.lseg.com/content/dam/ftse-russell/en_us/documents/other/final-ipo-additions-4-qtr-r3000.pdf
2025,2025-12-22,final_4q,ipo_additions,quarterly_ipo,LB,Pharmaceuticals,,https://www.lseg.com/content/dam/ftse-russell/en_us/documents/other/final-ipo-additions-4-qtr-r3000.pdf
2025,2025-12-22,final_4q,ipo_additions,quarterly_ipo,CBK,Commercial Bancgroup,,https://www.lseg.com/content/dam/ftse-russell/en_us/documents/other/final-ipo-additions-4-qtr-r3000.pdf
2025,2025-12-22,final_4q,ipo_additions,quarterly_ipo,AVBH,Avidbank Holdings Inc,,https://www.lseg.com/content/dam/ftse-russell/en_us/documents/other/final-ipo-additions-4-qtr-r3000.pdf
2025,2025-12-22,final_4q,ipo_additions,quarterly_ipo,PMI,Picard Medical Inc,,https://www.lseg.com/content/dam/ftse-russell/en_us/documents/other/final-ipo-additions-4-qtr-r3000.pdf
2025,2025-12-22,final_4q,ipo_additions,quarterly_ipo,FLD,Fold Holdings,,https://www.lseg.com/content/dam/ftse-russell/en_us/documents/other/final-ipo-additions-4-qtr-r3000.pdf
2025,2025-12-22,final_4q,ipo_additions,quarterly_ipo,BULL,Webull Corporation,,https://www.lseg.com/content/dam/ftse-russell/en_us/documents/other/final-ipo-additions-4-qtr-r3000.pdf
2025,2025-12-22,final_4q,ipo_additions,quarterly_ipo,INV,Innventure Please see disclaimer for important legal information. 1 of 2,,https://www.lseg.com/content/dam/ftse-russell/en_us/documents/other/final-ipo-additions-4-qtr-r3000.pdf
